
===========================================================================
report_checks -path_delay min (Hold)
============================================================================
======================= max_tt_025C_1v80 Corner ===================================

Startpoint: _174_ (rising edge-triggered flip-flop clocked by clk)
Endpoint: _182_ (rising edge-triggered flip-flop clocked by clk)
Path Group: clk
Path Type: min

Fanout         Cap        Slew       Delay        Time   Description
---------------------------------------------------------------------------------------------
                                  0.000000    0.000000   clock clk (rise edge)
                                  0.000000    0.000000   clock source latency
     1    0.014807    0.072589    0.049637    0.049637 ^ clk (in)
                                                         clk (net)
                      0.072599    0.000000    0.049637 ^ clkbuf_0_clk/A (sky130_fd_sc_hd__clkbuf_16)
     4    0.043480    0.062955    0.153571    0.203207 ^ clkbuf_0_clk/X (sky130_fd_sc_hd__clkbuf_16)
                                                         clknet_0_clk (net)
                      0.063181    0.002586    0.205794 ^ clkbuf_2_2__f_clk/A (sky130_fd_sc_hd__clkbuf_16)
     8    0.025924    0.047220    0.137152    0.342946 ^ clkbuf_2_2__f_clk/X (sky130_fd_sc_hd__clkbuf_16)
                                                         clknet_2_2__leaf_clk (net)
                      0.047254    0.001137    0.344083 ^ _174_/CLK (sky130_fd_sc_hd__dfrtp_1)
     2    0.004032    0.054440    0.324136    0.668219 ^ _174_/Q (sky130_fd_sc_hd__dfrtp_1)
                                                         done_ff[1] (net)
                      0.054440    0.000141    0.668359 ^ _057_/A1_N (sky130_fd_sc_hd__o2bb2a_1)
     1    0.002646    0.038543    0.205670    0.874030 v _057_/X (sky130_fd_sc_hd__o2bb2a_1)
                                                         _036_ (net)
                      0.038543    0.000190    0.874220 v _182_/D (sky130_fd_sc_hd__dfrtp_1)
                                              0.874220   data arrival time

                                  0.000000    0.000000   clock clk (rise edge)
                                  0.000000    0.000000   clock source latency
     1    0.014807    0.072589    0.049637    0.049637 ^ clk (in)
                                                         clk (net)
                      0.072599    0.000000    0.049637 ^ clkbuf_0_clk/A (sky130_fd_sc_hd__clkbuf_16)
     4    0.043480    0.062955    0.153571    0.203207 ^ clkbuf_0_clk/X (sky130_fd_sc_hd__clkbuf_16)
                                                         clknet_0_clk (net)
                      0.063179    0.002571    0.205778 ^ clkbuf_2_3__f_clk/A (sky130_fd_sc_hd__clkbuf_16)
    11    0.032427    0.053044    0.142284    0.348062 ^ clkbuf_2_3__f_clk/X (sky130_fd_sc_hd__clkbuf_16)
                                                         clknet_2_3__leaf_clk (net)
                      0.053133    0.002091    0.350153 ^ _182_/CLK (sky130_fd_sc_hd__dfrtp_1)
                                  0.250000    0.600153   clock uncertainty
                                  0.000000    0.600153   clock reconvergence pessimism
                                 -0.041292    0.558861   library hold time
                                              0.558861   data required time
---------------------------------------------------------------------------------------------
                                              0.558861   data required time
                                             -0.874220   data arrival time
---------------------------------------------------------------------------------------------
                                              0.315359   slack (MET)


Startpoint: _179_ (rising edge-triggered flip-flop clocked by clk)
Endpoint: _170_ (rising edge-triggered flip-flop clocked by clk)
Path Group: clk
Path Type: min

Fanout         Cap        Slew       Delay        Time   Description
---------------------------------------------------------------------------------------------
                                  0.000000    0.000000   clock clk (rise edge)
                                  0.000000    0.000000   clock source latency
     1    0.014807    0.072589    0.049637    0.049637 ^ clk (in)
                                                         clk (net)
                      0.072599    0.000000    0.049637 ^ clkbuf_0_clk/A (sky130_fd_sc_hd__clkbuf_16)
     4    0.043480    0.062955    0.153571    0.203207 ^ clkbuf_0_clk/X (sky130_fd_sc_hd__clkbuf_16)
                                                         clknet_0_clk (net)
                      0.063200    0.002729    0.205937 ^ clkbuf_2_1__f_clk/A (sky130_fd_sc_hd__clkbuf_16)
    10    0.030077    0.051017    0.140527    0.346463 ^ clkbuf_2_1__f_clk/X (sky130_fd_sc_hd__clkbuf_16)
                                                         clknet_2_1__leaf_clk (net)
                      0.051091    0.002532    0.348996 ^ _179_/CLK (sky130_fd_sc_hd__dfrtp_4)
     9    0.041958    0.144713    0.485293    0.834289 ^ _179_/Q (sky130_fd_sc_hd__dfrtp_4)
                                                         cursor[3] (net)
                      0.144731    0.001668    0.835957 ^ _109_/A1 (sky130_fd_sc_hd__a21o_1)
     1    0.002571    0.033265    0.125917    0.961875 ^ _109_/X (sky130_fd_sc_hd__a21o_1)
                                                         nxt3[3] (net)
                      0.033265    0.000176    0.962050 ^ _170_/D (sky130_fd_sc_hd__dfrtp_1)
                                              0.962050   data arrival time

                                  0.000000    0.000000   clock clk (rise edge)
                                  0.000000    0.000000   clock source latency
     1    0.014807    0.072589    0.049637    0.049637 ^ clk (in)
                                                         clk (net)
                      0.072599    0.000000    0.049637 ^ clkbuf_0_clk/A (sky130_fd_sc_hd__clkbuf_16)
     4    0.043480    0.062955    0.153571    0.203207 ^ clkbuf_0_clk/X (sky130_fd_sc_hd__clkbuf_16)
                                                         clknet_0_clk (net)
                      0.063179    0.002571    0.205778 ^ clkbuf_2_3__f_clk/A (sky130_fd_sc_hd__clkbuf_16)
    11    0.032427    0.053044    0.142284    0.348062 ^ clkbuf_2_3__f_clk/X (sky130_fd_sc_hd__clkbuf_16)
                                                         clknet_2_3__leaf_clk (net)
                      0.053128    0.002043    0.350105 ^ _170_/CLK (sky130_fd_sc_hd__dfrtp_1)
                                  0.250000    0.600105   clock uncertainty
                                  0.000000    0.600105   clock reconvergence pessimism
                                 -0.031196    0.568909   library hold time
                                              0.568909   data required time
---------------------------------------------------------------------------------------------
                                              0.568909   data required time
                                             -0.962050   data arrival time
---------------------------------------------------------------------------------------------
                                              0.393142   slack (MET)


Startpoint: _176_ (rising edge-triggered flip-flop clocked by clk)
Endpoint: _167_ (rising edge-triggered flip-flop clocked by clk)
Path Group: clk
Path Type: min

Fanout         Cap        Slew       Delay        Time   Description
---------------------------------------------------------------------------------------------
                                  0.000000    0.000000   clock clk (rise edge)
                                  0.000000    0.000000   clock source latency
     1    0.014807    0.072589    0.049637    0.049637 ^ clk (in)
                                                         clk (net)
                      0.072599    0.000000    0.049637 ^ clkbuf_0_clk/A (sky130_fd_sc_hd__clkbuf_16)
     4    0.043480    0.062955    0.153571    0.203207 ^ clkbuf_0_clk/X (sky130_fd_sc_hd__clkbuf_16)
                                                         clknet_0_clk (net)
                      0.063183    0.002598    0.205806 ^ clkbuf_2_0__f_clk/A (sky130_fd_sc_hd__clkbuf_16)
    10    0.030547    0.051451    0.140963    0.346769 ^ clkbuf_2_0__f_clk/X (sky130_fd_sc_hd__clkbuf_16)
                                                         clknet_2_0__leaf_clk (net)
                      0.051479    0.002080    0.348849 ^ _176_/CLK (sky130_fd_sc_hd__dfstp_2)
     9    0.044583    0.105908    0.433679    0.782528 v _176_/Q (sky130_fd_sc_hd__dfstp_2)
                                                         cursor[0] (net)
                      0.105987    0.002637    0.785165 v _103_/A1 (sky130_fd_sc_hd__a21o_1)
     1    0.002470    0.029670    0.172616    0.957781 v _103_/X (sky130_fd_sc_hd__a21o_1)
                                                         nxt3[0] (net)
                      0.029670    0.000169    0.957950 v _167_/D (sky130_fd_sc_hd__dfrtp_1)
                                              0.957950   data arrival time

                                  0.000000    0.000000   clock clk (rise edge)
                                  0.000000    0.000000   clock source latency
     1    0.014807    0.072589    0.049637    0.049637 ^ clk (in)
                                                         clk (net)
                      0.072599    0.000000    0.049637 ^ clkbuf_0_clk/A (sky130_fd_sc_hd__clkbuf_16)
     4    0.043480    0.062955    0.153571    0.203207 ^ clkbuf_0_clk/X (sky130_fd_sc_hd__clkbuf_16)
                                                         clknet_0_clk (net)
                      0.063179    0.002571    0.205778 ^ clkbuf_2_3__f_clk/A (sky130_fd_sc_hd__clkbuf_16)
    11    0.032427    0.053044    0.142284    0.348062 ^ clkbuf_2_3__f_clk/X (sky130_fd_sc_hd__clkbuf_16)
                                                         clknet_2_3__leaf_clk (net)
                      0.053122    0.001982    0.350044 ^ _167_/CLK (sky130_fd_sc_hd__dfrtp_1)
                                  0.250000    0.600044   clock uncertainty
                                  0.000000    0.600044   clock reconvergence pessimism
                                 -0.037683    0.562362   library hold time
                                              0.562362   data required time
---------------------------------------------------------------------------------------------
                                              0.562362   data required time
                                             -0.957950   data arrival time
---------------------------------------------------------------------------------------------
                                              0.395588   slack (MET)


Startpoint: _181_ (rising edge-triggered flip-flop clocked by clk)
Endpoint: _172_ (rising edge-triggered flip-flop clocked by clk)
Path Group: clk
Path Type: min

Fanout         Cap        Slew       Delay        Time   Description
---------------------------------------------------------------------------------------------
                                  0.000000    0.000000   clock clk (rise edge)
                                  0.000000    0.000000   clock source latency
     1    0.014807    0.072589    0.049637    0.049637 ^ clk (in)
                                                         clk (net)
                      0.072599    0.000000    0.049637 ^ clkbuf_0_clk/A (sky130_fd_sc_hd__clkbuf_16)
     4    0.043480    0.062955    0.153571    0.203207 ^ clkbuf_0_clk/X (sky130_fd_sc_hd__clkbuf_16)
                                                         clknet_0_clk (net)
                      0.063183    0.002598    0.205806 ^ clkbuf_2_0__f_clk/A (sky130_fd_sc_hd__clkbuf_16)
    10    0.030547    0.051451    0.140963    0.346769 ^ clkbuf_2_0__f_clk/X (sky130_fd_sc_hd__clkbuf_16)
                                                         clknet_2_0__leaf_clk (net)
                      0.051458    0.001033    0.347803 ^ _181_/CLK (sky130_fd_sc_hd__dfrtp_4)
     9    0.042798    0.147033    0.486966    0.834769 ^ _181_/Q (sky130_fd_sc_hd__dfrtp_4)
                                                         cursor[5] (net)
                      0.147116    0.003196    0.837965 ^ _113_/A1 (sky130_fd_sc_hd__a21o_1)
     1    0.002659    0.033795    0.126986    0.964950 ^ _113_/X (sky130_fd_sc_hd__a21o_1)
                                                         nxt3[5] (net)
                      0.033796    0.000195    0.965145 ^ _172_/D (sky130_fd_sc_hd__dfrtp_1)
                                              0.965145   data arrival time

                                  0.000000    0.000000   clock clk (rise edge)
                                  0.000000    0.000000   clock source latency
     1    0.014807    0.072589    0.049637    0.049637 ^ clk (in)
                                                         clk (net)
                      0.072599    0.000000    0.049637 ^ clkbuf_0_clk/A (sky130_fd_sc_hd__clkbuf_16)
     4    0.043480    0.062955    0.153571    0.203207 ^ clkbuf_0_clk/X (sky130_fd_sc_hd__clkbuf_16)
                                                         clknet_0_clk (net)
                      0.063179    0.002571    0.205778 ^ clkbuf_2_3__f_clk/A (sky130_fd_sc_hd__clkbuf_16)
    11    0.032427    0.053044    0.142284    0.348062 ^ clkbuf_2_3__f_clk/X (sky130_fd_sc_hd__clkbuf_16)
                                                         clknet_2_3__leaf_clk (net)
                      0.053152    0.002264    0.350326 ^ _172_/CLK (sky130_fd_sc_hd__dfrtp_1)
                                  0.250000    0.600326   clock uncertainty
                                  0.000000    0.600326   clock reconvergence pessimism
                                 -0.031304    0.569021   library hold time
                                              0.569021   data required time
---------------------------------------------------------------------------------------------
                                              0.569021   data required time
                                             -0.965145   data arrival time
---------------------------------------------------------------------------------------------
                                              0.396123   slack (MET)


Startpoint: _180_ (rising edge-triggered flip-flop clocked by clk)
Endpoint: _171_ (rising edge-triggered flip-flop clocked by clk)
Path Group: clk
Path Type: min

Fanout         Cap        Slew       Delay        Time   Description
---------------------------------------------------------------------------------------------
                                  0.000000    0.000000   clock clk (rise edge)
                                  0.000000    0.000000   clock source latency
     1    0.014807    0.072589    0.049637    0.049637 ^ clk (in)
                                                         clk (net)
                      0.072599    0.000000    0.049637 ^ clkbuf_0_clk/A (sky130_fd_sc_hd__clkbuf_16)
     4    0.043480    0.062955    0.153571    0.203207 ^ clkbuf_0_clk/X (sky130_fd_sc_hd__clkbuf_16)
                                                         clknet_0_clk (net)
                      0.063183    0.002598    0.205806 ^ clkbuf_2_0__f_clk/A (sky130_fd_sc_hd__clkbuf_16)
    10    0.030547    0.051451    0.140963    0.346769 ^ clkbuf_2_0__f_clk/X (sky130_fd_sc_hd__clkbuf_16)
                                                         clknet_2_0__leaf_clk (net)
                      0.051457    0.000987    0.347756 ^ _180_/CLK (sky130_fd_sc_hd__dfrtp_4)
     9    0.042544    0.145978    0.486258    0.834014 ^ _180_/Q (sky130_fd_sc_hd__dfrtp_4)
                                                         cursor[4] (net)
                      0.146055    0.003089    0.837103 ^ _111_/A1 (sky130_fd_sc_hd__a21o_1)
     1    0.003533    0.040491    0.132752    0.969855 ^ _111_/X (sky130_fd_sc_hd__a21o_1)
                                                         nxt3[4] (net)
                      0.040492    0.000217    0.970073 ^ _171_/D (sky130_fd_sc_hd__dfrtp_1)
                                              0.970073   data arrival time

                                  0.000000    0.000000   clock clk (rise edge)
                                  0.000000    0.000000   clock source latency
     1    0.014807    0.072589    0.049637    0.049637 ^ clk (in)
                                                         clk (net)
                      0.072599    0.000000    0.049637 ^ clkbuf_0_clk/A (sky130_fd_sc_hd__clkbuf_16)
     4    0.043480    0.062955    0.153571    0.203207 ^ clkbuf_0_clk/X (sky130_fd_sc_hd__clkbuf_16)
                                                         clknet_0_clk (net)
                      0.063179    0.002571    0.205778 ^ clkbuf_2_3__f_clk/A (sky130_fd_sc_hd__clkbuf_16)
    11    0.032427    0.053044    0.142284    0.348062 ^ clkbuf_2_3__f_clk/X (sky130_fd_sc_hd__clkbuf_16)
                                                         clknet_2_3__leaf_clk (net)
                      0.053155    0.002292    0.350354 ^ _171_/CLK (sky130_fd_sc_hd__dfrtp_1)
                                  0.250000    0.600354   clock uncertainty
                                  0.000000    0.600354   clock reconvergence pessimism
                                 -0.032706    0.567648   library hold time
                                              0.567648   data required time
---------------------------------------------------------------------------------------------
                                              0.567648   data required time
                                             -0.970073   data arrival time
---------------------------------------------------------------------------------------------
                                              0.402424   slack (MET)


Startpoint: _178_ (rising edge-triggered flip-flop clocked by clk)
Endpoint: _169_ (rising edge-triggered flip-flop clocked by clk)
Path Group: clk
Path Type: min

Fanout         Cap        Slew       Delay        Time   Description
---------------------------------------------------------------------------------------------
                                  0.000000    0.000000   clock clk (rise edge)
                                  0.000000    0.000000   clock source latency
     1    0.014807    0.072589    0.049637    0.049637 ^ clk (in)
                                                         clk (net)
                      0.072599    0.000000    0.049637 ^ clkbuf_0_clk/A (sky130_fd_sc_hd__clkbuf_16)
     4    0.043480    0.062955    0.153571    0.203207 ^ clkbuf_0_clk/X (sky130_fd_sc_hd__clkbuf_16)
                                                         clknet_0_clk (net)
                      0.063179    0.002571    0.205778 ^ clkbuf_2_3__f_clk/A (sky130_fd_sc_hd__clkbuf_16)
    11    0.032427    0.053044    0.142284    0.348062 ^ clkbuf_2_3__f_clk/X (sky130_fd_sc_hd__clkbuf_16)
                                                         clknet_2_3__leaf_clk (net)
                      0.053089    0.001665    0.349727 ^ _178_/CLK (sky130_fd_sc_hd__dfrtp_4)
     9    0.042035    0.144987    0.486050    0.835777 ^ _178_/Q (sky130_fd_sc_hd__dfrtp_4)
                                                         cursor[2] (net)
                      0.145003    0.001588    0.837365 ^ _107_/A1 (sky130_fd_sc_hd__a21o_1)
     1    0.003981    0.044159    0.135295    0.972660 ^ _107_/X (sky130_fd_sc_hd__a21o_1)
                                                         nxt3[2] (net)
                      0.044159    0.000241    0.972901 ^ _169_/D (sky130_fd_sc_hd__dfrtp_1)
                                              0.972901   data arrival time

                                  0.000000    0.000000   clock clk (rise edge)
                                  0.000000    0.000000   clock source latency
     1    0.014807    0.072589    0.049637    0.049637 ^ clk (in)
                                                         clk (net)
                      0.072599    0.000000    0.049637 ^ clkbuf_0_clk/A (sky130_fd_sc_hd__clkbuf_16)
     4    0.043480    0.062955    0.153571    0.203207 ^ clkbuf_0_clk/X (sky130_fd_sc_hd__clkbuf_16)
                                                         clknet_0_clk (net)
                      0.063179    0.002571    0.205778 ^ clkbuf_2_3__f_clk/A (sky130_fd_sc_hd__clkbuf_16)
    11    0.032427    0.053044    0.142284    0.348062 ^ clkbuf_2_3__f_clk/X (sky130_fd_sc_hd__clkbuf_16)
                                                         clknet_2_3__leaf_clk (net)
                      0.053129    0.002051    0.350113 ^ _169_/CLK (sky130_fd_sc_hd__dfrtp_1)
                                  0.250000    0.600113   clock uncertainty
                                  0.000000    0.600113   clock reconvergence pessimism
                                 -0.033478    0.566635   library hold time
                                              0.566635   data required time
---------------------------------------------------------------------------------------------
                                              0.566635   data required time
                                             -0.972901   data arrival time
---------------------------------------------------------------------------------------------
                                              0.406266   slack (MET)


Startpoint: _177_ (rising edge-triggered flip-flop clocked by clk)
Endpoint: _168_ (rising edge-triggered flip-flop clocked by clk)
Path Group: clk
Path Type: min

Fanout         Cap        Slew       Delay        Time   Description
---------------------------------------------------------------------------------------------
                                  0.000000    0.000000   clock clk (rise edge)
                                  0.000000    0.000000   clock source latency
     1    0.014807    0.072589    0.049637    0.049637 ^ clk (in)
                                                         clk (net)
                      0.072599    0.000000    0.049637 ^ clkbuf_0_clk/A (sky130_fd_sc_hd__clkbuf_16)
     4    0.043480    0.062955    0.153571    0.203207 ^ clkbuf_0_clk/X (sky130_fd_sc_hd__clkbuf_16)
                                                         clknet_0_clk (net)
                      0.063179    0.002571    0.205778 ^ clkbuf_2_3__f_clk/A (sky130_fd_sc_hd__clkbuf_16)
    11    0.032427    0.053044    0.142284    0.348062 ^ clkbuf_2_3__f_clk/X (sky130_fd_sc_hd__clkbuf_16)
                                                         clknet_2_3__leaf_clk (net)
                      0.053121    0.001978    0.350039 ^ _177_/CLK (sky130_fd_sc_hd__dfrtp_4)
     9    0.041698    0.143966    0.484229    0.834268 ^ _177_/Q (sky130_fd_sc_hd__dfrtp_4)
                                                         cursor[1] (net)
                      0.143989    0.001917    0.836185 ^ _105_/A1 (sky130_fd_sc_hd__a21o_1)
     1    0.004689    0.049709    0.139399    0.975584 ^ _105_/X (sky130_fd_sc_hd__a21o_1)
                                                         nxt3[1] (net)
                      0.049710    0.000311    0.975895 ^ _168_/D (sky130_fd_sc_hd__dfrtp_1)
                                              0.975895   data arrival time

                                  0.000000    0.000000   clock clk (rise edge)
                                  0.000000    0.000000   clock source latency
     1    0.014807    0.072589    0.049637    0.049637 ^ clk (in)
                                                         clk (net)
                      0.072599    0.000000    0.049637 ^ clkbuf_0_clk/A (sky130_fd_sc_hd__clkbuf_16)
     4    0.043480    0.062955    0.153571    0.203207 ^ clkbuf_0_clk/X (sky130_fd_sc_hd__clkbuf_16)
                                                         clknet_0_clk (net)
                      0.063179    0.002571    0.205778 ^ clkbuf_2_3__f_clk/A (sky130_fd_sc_hd__clkbuf_16)
    11    0.032427    0.053044    0.142284    0.348062 ^ clkbuf_2_3__f_clk/X (sky130_fd_sc_hd__clkbuf_16)
                                                         clknet_2_3__leaf_clk (net)
                      0.053080    0.001578    0.349640 ^ _168_/CLK (sky130_fd_sc_hd__dfrtp_1)
                                  0.250000    0.599640   clock uncertainty
                                  0.000000    0.599640   clock reconvergence pessimism
                                 -0.034647    0.564994   library hold time
                                              0.564994   data required time
---------------------------------------------------------------------------------------------
                                              0.564994   data required time
                                             -0.975895   data arrival time
---------------------------------------------------------------------------------------------
                                              0.410901   slack (MET)


Startpoint: _176_ (rising edge-triggered flip-flop clocked by clk)
Endpoint: _161_ (rising edge-triggered flip-flop clocked by clk)
Path Group: clk
Path Type: min

Fanout         Cap        Slew       Delay        Time   Description
---------------------------------------------------------------------------------------------
                                  0.000000    0.000000   clock clk (rise edge)
                                  0.000000    0.000000   clock source latency
     1    0.014807    0.072589    0.049637    0.049637 ^ clk (in)
                                                         clk (net)
                      0.072599    0.000000    0.049637 ^ clkbuf_0_clk/A (sky130_fd_sc_hd__clkbuf_16)
     4    0.043480    0.062955    0.153571    0.203207 ^ clkbuf_0_clk/X (sky130_fd_sc_hd__clkbuf_16)
                                                         clknet_0_clk (net)
                      0.063183    0.002598    0.205806 ^ clkbuf_2_0__f_clk/A (sky130_fd_sc_hd__clkbuf_16)
    10    0.030547    0.051451    0.140963    0.346769 ^ clkbuf_2_0__f_clk/X (sky130_fd_sc_hd__clkbuf_16)
                                                         clknet_2_0__leaf_clk (net)
                      0.051479    0.002080    0.348849 ^ _176_/CLK (sky130_fd_sc_hd__dfstp_2)
     9    0.044583    0.105908    0.433679    0.782528 v _176_/Q (sky130_fd_sc_hd__dfstp_2)
                                                         cursor[0] (net)
                      0.106067    0.003619    0.786147 v _088_/A1 (sky130_fd_sc_hd__a21o_1)
     2    0.005053    0.040754    0.185957    0.972104 v _088_/X (sky130_fd_sc_hd__a21o_1)
                                                         nxt2[0] (net)
                      0.040755    0.000256    0.972361 v _161_/D (sky130_fd_sc_hd__dfrtp_1)
                                              0.972361   data arrival time

                                  0.000000    0.000000   clock clk (rise edge)
                                  0.000000    0.000000   clock source latency
     1    0.014807    0.072589    0.049637    0.049637 ^ clk (in)
                                                         clk (net)
                      0.072599    0.000000    0.049637 ^ clkbuf_0_clk/A (sky130_fd_sc_hd__clkbuf_16)
     4    0.043480    0.062955    0.153571    0.203207 ^ clkbuf_0_clk/X (sky130_fd_sc_hd__clkbuf_16)
                                                         clknet_0_clk (net)
                      0.063183    0.002598    0.205806 ^ clkbuf_2_0__f_clk/A (sky130_fd_sc_hd__clkbuf_16)
    10    0.030547    0.051451    0.140963    0.346769 ^ clkbuf_2_0__f_clk/X (sky130_fd_sc_hd__clkbuf_16)
                                                         clknet_2_0__leaf_clk (net)
                      0.051492    0.002252    0.349021 ^ _161_/CLK (sky130_fd_sc_hd__dfrtp_1)
                                  0.250000    0.599021   clock uncertainty
                                  0.000000    0.599021   clock reconvergence pessimism
                                 -0.042567    0.556455   library hold time
                                              0.556455   data required time
---------------------------------------------------------------------------------------------
                                              0.556455   data required time
                                             -0.972361   data arrival time
---------------------------------------------------------------------------------------------
                                              0.415906   slack (MET)


Startpoint: _177_ (rising edge-triggered flip-flop clocked by clk)
Endpoint: _150_ (rising edge-triggered flip-flop clocked by clk)
Path Group: clk
Path Type: min

Fanout         Cap        Slew       Delay        Time   Description
---------------------------------------------------------------------------------------------
                                  0.000000    0.000000   clock clk (rise edge)
                                  0.000000    0.000000   clock source latency
     1    0.014807    0.072589    0.049637    0.049637 ^ clk (in)
                                                         clk (net)
                      0.072599    0.000000    0.049637 ^ clkbuf_0_clk/A (sky130_fd_sc_hd__clkbuf_16)
     4    0.043480    0.062955    0.153571    0.203207 ^ clkbuf_0_clk/X (sky130_fd_sc_hd__clkbuf_16)
                                                         clknet_0_clk (net)
                      0.063179    0.002571    0.205778 ^ clkbuf_2_3__f_clk/A (sky130_fd_sc_hd__clkbuf_16)
    11    0.032427    0.053044    0.142284    0.348062 ^ clkbuf_2_3__f_clk/X (sky130_fd_sc_hd__clkbuf_16)
                                                         clknet_2_3__leaf_clk (net)
                      0.053121    0.001978    0.350039 ^ _177_/CLK (sky130_fd_sc_hd__dfrtp_4)
     9    0.041698    0.143966    0.484229    0.834268 ^ _177_/Q (sky130_fd_sc_hd__dfrtp_4)
                                                         cursor[1] (net)
                      0.144167    0.004779    0.839047 ^ _061_/A1 (sky130_fd_sc_hd__a21o_1)
     2    0.004825    0.050839    0.140258    0.979306 ^ _061_/X (sky130_fd_sc_hd__a21o_1)
                                                         nxt0[1] (net)
                      0.050840    0.000269    0.979575 ^ _150_/D (sky130_fd_sc_hd__dfrtp_1)
                                              0.979575   data arrival time

                                  0.000000    0.000000   clock clk (rise edge)
                                  0.000000    0.000000   clock source latency
     1    0.014807    0.072589    0.049637    0.049637 ^ clk (in)
                                                         clk (net)
                      0.072599    0.000000    0.049637 ^ clkbuf_0_clk/A (sky130_fd_sc_hd__clkbuf_16)
     4    0.043480    0.062955    0.153571    0.203207 ^ clkbuf_0_clk/X (sky130_fd_sc_hd__clkbuf_16)
                                                         clknet_0_clk (net)
                      0.063200    0.002729    0.205937 ^ clkbuf_2_1__f_clk/A (sky130_fd_sc_hd__clkbuf_16)
    10    0.030077    0.051017    0.140527    0.346463 ^ clkbuf_2_1__f_clk/X (sky130_fd_sc_hd__clkbuf_16)
                                                         clknet_2_1__leaf_clk (net)
                      0.051035    0.001375    0.347839 ^ _150_/CLK (sky130_fd_sc_hd__dfrtp_1)
                                  0.250000    0.597839   clock uncertainty
                                  0.000000    0.597839   clock reconvergence pessimism
                                 -0.035163    0.562676   library hold time
                                              0.562676   data required time
---------------------------------------------------------------------------------------------
                                              0.562676   data required time
                                             -0.979575   data arrival time
---------------------------------------------------------------------------------------------
                                              0.416899   slack (MET)


Startpoint: _176_ (rising edge-triggered flip-flop clocked by clk)
Endpoint: _149_ (rising edge-triggered flip-flop clocked by clk)
Path Group: clk
Path Type: min

Fanout         Cap        Slew       Delay        Time   Description
---------------------------------------------------------------------------------------------
                                  0.000000    0.000000   clock clk (rise edge)
                                  0.000000    0.000000   clock source latency
     1    0.014807    0.072589    0.049637    0.049637 ^ clk (in)
                                                         clk (net)
                      0.072599    0.000000    0.049637 ^ clkbuf_0_clk/A (sky130_fd_sc_hd__clkbuf_16)
     4    0.043480    0.062955    0.153571    0.203207 ^ clkbuf_0_clk/X (sky130_fd_sc_hd__clkbuf_16)
                                                         clknet_0_clk (net)
                      0.063183    0.002598    0.205806 ^ clkbuf_2_0__f_clk/A (sky130_fd_sc_hd__clkbuf_16)
    10    0.030547    0.051451    0.140963    0.346769 ^ clkbuf_2_0__f_clk/X (sky130_fd_sc_hd__clkbuf_16)
                                                         clknet_2_0__leaf_clk (net)
                      0.051479    0.002080    0.348849 ^ _176_/CLK (sky130_fd_sc_hd__dfstp_2)
     9    0.044583    0.105908    0.433679    0.782528 v _176_/Q (sky130_fd_sc_hd__dfstp_2)
                                                         cursor[0] (net)
                      0.105929    0.001493    0.784021 v _059_/A1 (sky130_fd_sc_hd__a21o_1)
     2    0.005367    0.042098    0.187322    0.971343 v _059_/X (sky130_fd_sc_hd__a21o_1)
                                                         nxt0[0] (net)
                      0.042098    0.000205    0.971548 v _149_/D (sky130_fd_sc_hd__dfrtp_1)
                                              0.971548   data arrival time

                                  0.000000    0.000000   clock clk (rise edge)
                                  0.000000    0.000000   clock source latency
     1    0.014807    0.072589    0.049637    0.049637 ^ clk (in)
                                                         clk (net)
                      0.072599    0.000000    0.049637 ^ clkbuf_0_clk/A (sky130_fd_sc_hd__clkbuf_16)
     4    0.043480    0.062955    0.153571    0.203207 ^ clkbuf_0_clk/X (sky130_fd_sc_hd__clkbuf_16)
                                                         clknet_0_clk (net)
                      0.063200    0.002729    0.205937 ^ clkbuf_2_1__f_clk/A (sky130_fd_sc_hd__clkbuf_16)
    10    0.030077    0.051017    0.140527    0.346463 ^ clkbuf_2_1__f_clk/X (sky130_fd_sc_hd__clkbuf_16)
                                                         clknet_2_1__leaf_clk (net)
                      0.051035    0.001349    0.347812 ^ _149_/CLK (sky130_fd_sc_hd__dfrtp_1)
                                  0.250000    0.597812   clock uncertainty
                                  0.000000    0.597812   clock reconvergence pessimism
                                 -0.043218    0.554595   library hold time
                                              0.554595   data required time
---------------------------------------------------------------------------------------------
                                              0.554595   data required time
                                             -0.971548   data arrival time
---------------------------------------------------------------------------------------------
                                              0.416954   slack (MET)


Startpoint: _178_ (rising edge-triggered flip-flop clocked by clk)
Endpoint: _157_ (rising edge-triggered flip-flop clocked by clk)
Path Group: clk
Path Type: min

Fanout         Cap        Slew       Delay        Time   Description
---------------------------------------------------------------------------------------------
                                  0.000000    0.000000   clock clk (rise edge)
                                  0.000000    0.000000   clock source latency
     1    0.014807    0.072589    0.049637    0.049637 ^ clk (in)
                                                         clk (net)
                      0.072599    0.000000    0.049637 ^ clkbuf_0_clk/A (sky130_fd_sc_hd__clkbuf_16)
     4    0.043480    0.062955    0.153571    0.203207 ^ clkbuf_0_clk/X (sky130_fd_sc_hd__clkbuf_16)
                                                         clknet_0_clk (net)
                      0.063179    0.002571    0.205778 ^ clkbuf_2_3__f_clk/A (sky130_fd_sc_hd__clkbuf_16)
    11    0.032427    0.053044    0.142284    0.348062 ^ clkbuf_2_3__f_clk/X (sky130_fd_sc_hd__clkbuf_16)
                                                         clknet_2_3__leaf_clk (net)
                      0.053089    0.001665    0.349727 ^ _178_/CLK (sky130_fd_sc_hd__dfrtp_4)
     9    0.042035    0.144987    0.486050    0.835777 ^ _178_/Q (sky130_fd_sc_hd__dfrtp_4)
                                                         cursor[2] (net)
                      0.145017    0.002053    0.837830 ^ _077_/A1 (sky130_fd_sc_hd__a21o_1)
     2    0.004831    0.050916    0.140460    0.978290 ^ _077_/X (sky130_fd_sc_hd__a21o_1)
                                                         nxt1[2] (net)
                      0.050917    0.000290    0.978580 ^ _157_/D (sky130_fd_sc_hd__dfrtp_1)
                                              0.978580   data arrival time

                                  0.000000    0.000000   clock clk (rise edge)
                                  0.000000    0.000000   clock source latency
     1    0.014807    0.072589    0.049637    0.049637 ^ clk (in)
                                                         clk (net)
                      0.072599    0.000000    0.049637 ^ clkbuf_0_clk/A (sky130_fd_sc_hd__clkbuf_16)
     4    0.043480    0.062955    0.153571    0.203207 ^ clkbuf_0_clk/X (sky130_fd_sc_hd__clkbuf_16)
                                                         clknet_0_clk (net)
                      0.063181    0.002586    0.205794 ^ clkbuf_2_2__f_clk/A (sky130_fd_sc_hd__clkbuf_16)
     8    0.025924    0.047220    0.137152    0.342946 ^ clkbuf_2_2__f_clk/X (sky130_fd_sc_hd__clkbuf_16)
                                                         clknet_2_2__leaf_clk (net)
                      0.047298    0.001630    0.344575 ^ _157_/CLK (sky130_fd_sc_hd__dfrtp_1)
                                  0.250000    0.594575   clock uncertainty
                                  0.000000    0.594575   clock reconvergence pessimism
                                 -0.035690    0.558885   library hold time
                                              0.558885   data required time
---------------------------------------------------------------------------------------------
                                              0.558885   data required time
                                             -0.978580   data arrival time
---------------------------------------------------------------------------------------------
                                              0.419695   slack (MET)


Startpoint: _179_ (rising edge-triggered flip-flop clocked by clk)
Endpoint: _158_ (rising edge-triggered flip-flop clocked by clk)
Path Group: clk
Path Type: min

Fanout         Cap        Slew       Delay        Time   Description
---------------------------------------------------------------------------------------------
                                  0.000000    0.000000   clock clk (rise edge)
                                  0.000000    0.000000   clock source latency
     1    0.014807    0.072589    0.049637    0.049637 ^ clk (in)
                                                         clk (net)
                      0.072599    0.000000    0.049637 ^ clkbuf_0_clk/A (sky130_fd_sc_hd__clkbuf_16)
     4    0.043480    0.062955    0.153571    0.203207 ^ clkbuf_0_clk/X (sky130_fd_sc_hd__clkbuf_16)
                                                         clknet_0_clk (net)
                      0.063200    0.002729    0.205937 ^ clkbuf_2_1__f_clk/A (sky130_fd_sc_hd__clkbuf_16)
    10    0.030077    0.051017    0.140527    0.346463 ^ clkbuf_2_1__f_clk/X (sky130_fd_sc_hd__clkbuf_16)
                                                         clknet_2_1__leaf_clk (net)
                      0.051091    0.002532    0.348996 ^ _179_/CLK (sky130_fd_sc_hd__dfrtp_4)
     9    0.041958    0.144713    0.485293    0.834289 ^ _179_/Q (sky130_fd_sc_hd__dfrtp_4)
                                                         cursor[3] (net)
                      0.144755    0.002360    0.836649 ^ _079_/A1 (sky130_fd_sc_hd__a21o_1)
     2    0.005190    0.053780    0.142642    0.979291 ^ _079_/X (sky130_fd_sc_hd__a21o_1)
                                                         nxt1[3] (net)
                      0.053781    0.000259    0.979550 ^ _158_/D (sky130_fd_sc_hd__dfrtp_1)
                                              0.979550   data arrival time

                                  0.000000    0.000000   clock clk (rise edge)
                                  0.000000    0.000000   clock source latency
     1    0.014807    0.072589    0.049637    0.049637 ^ clk (in)
                                                         clk (net)
                      0.072599    0.000000    0.049637 ^ clkbuf_0_clk/A (sky130_fd_sc_hd__clkbuf_16)
     4    0.043480    0.062955    0.153571    0.203207 ^ clkbuf_0_clk/X (sky130_fd_sc_hd__clkbuf_16)
                                                         clknet_0_clk (net)
                      0.063181    0.002586    0.205794 ^ clkbuf_2_2__f_clk/A (sky130_fd_sc_hd__clkbuf_16)
     8    0.025924    0.047220    0.137152    0.342946 ^ clkbuf_2_2__f_clk/X (sky130_fd_sc_hd__clkbuf_16)
                                                         clknet_2_2__leaf_clk (net)
                      0.047303    0.001682    0.344627 ^ _158_/CLK (sky130_fd_sc_hd__dfrtp_1)
                                  0.250000    0.594627   clock uncertainty
                                  0.000000    0.594627   clock reconvergence pessimism
                                 -0.036290    0.558338   library hold time
                                              0.558338   data required time
---------------------------------------------------------------------------------------------
                                              0.558338   data required time
                                             -0.979550   data arrival time
---------------------------------------------------------------------------------------------
                                              0.421212   slack (MET)


Startpoint: _180_ (rising edge-triggered flip-flop clocked by clk)
Endpoint: _153_ (rising edge-triggered flip-flop clocked by clk)
Path Group: clk
Path Type: min

Fanout         Cap        Slew       Delay        Time   Description
---------------------------------------------------------------------------------------------
                                  0.000000    0.000000   clock clk (rise edge)
                                  0.000000    0.000000   clock source latency
     1    0.014807    0.072589    0.049637    0.049637 ^ clk (in)
                                                         clk (net)
                      0.072599    0.000000    0.049637 ^ clkbuf_0_clk/A (sky130_fd_sc_hd__clkbuf_16)
     4    0.043480    0.062955    0.153571    0.203207 ^ clkbuf_0_clk/X (sky130_fd_sc_hd__clkbuf_16)
                                                         clknet_0_clk (net)
                      0.063183    0.002598    0.205806 ^ clkbuf_2_0__f_clk/A (sky130_fd_sc_hd__clkbuf_16)
    10    0.030547    0.051451    0.140963    0.346769 ^ clkbuf_2_0__f_clk/X (sky130_fd_sc_hd__clkbuf_16)
                                                         clknet_2_0__leaf_clk (net)
                      0.051457    0.000987    0.347756 ^ _180_/CLK (sky130_fd_sc_hd__dfrtp_4)
     9    0.042544    0.145978    0.486258    0.834014 ^ _180_/Q (sky130_fd_sc_hd__dfrtp_4)
                                                         cursor[4] (net)
                      0.146041    0.002826    0.836841 ^ _067_/A1 (sky130_fd_sc_hd__a21o_1)
     2    0.006018    0.060473    0.147860    0.984700 ^ _067_/X (sky130_fd_sc_hd__a21o_1)
                                                         nxt0[4] (net)
                      0.060476    0.000499    0.985199 ^ _153_/D (sky130_fd_sc_hd__dfrtp_1)
                                              0.985199   data arrival time

                                  0.000000    0.000000   clock clk (rise edge)
                                  0.000000    0.000000   clock source latency
     1    0.014807    0.072589    0.049637    0.049637 ^ clk (in)
                                                         clk (net)
                      0.072599    0.000000    0.049637 ^ clkbuf_0_clk/A (sky130_fd_sc_hd__clkbuf_16)
     4    0.043480    0.062955    0.153571    0.203207 ^ clkbuf_0_clk/X (sky130_fd_sc_hd__clkbuf_16)
                                                         clknet_0_clk (net)
                      0.063200    0.002729    0.205937 ^ clkbuf_2_1__f_clk/A (sky130_fd_sc_hd__clkbuf_16)
    10    0.030077    0.051017    0.140527    0.346463 ^ clkbuf_2_1__f_clk/X (sky130_fd_sc_hd__clkbuf_16)
                                                         clknet_2_1__leaf_clk (net)
                      0.051059    0.002224    0.348687 ^ _153_/CLK (sky130_fd_sc_hd__dfrtp_1)
                                  0.250000    0.598687   clock uncertainty
                                  0.000000    0.598687   clock reconvergence pessimism
                                 -0.037178    0.561509   library hold time
                                              0.561509   data required time
---------------------------------------------------------------------------------------------
                                              0.561509   data required time
                                             -0.985199   data arrival time
---------------------------------------------------------------------------------------------
                                              0.423690   slack (MET)


Startpoint: _179_ (rising edge-triggered flip-flop clocked by clk)
Endpoint: _164_ (rising edge-triggered flip-flop clocked by clk)
Path Group: clk
Path Type: min

Fanout         Cap        Slew       Delay        Time   Description
---------------------------------------------------------------------------------------------
                                  0.000000    0.000000   clock clk (rise edge)
                                  0.000000    0.000000   clock source latency
     1    0.014807    0.072589    0.049637    0.049637 ^ clk (in)
                                                         clk (net)
                      0.072599    0.000000    0.049637 ^ clkbuf_0_clk/A (sky130_fd_sc_hd__clkbuf_16)
     4    0.043480    0.062955    0.153571    0.203207 ^ clkbuf_0_clk/X (sky130_fd_sc_hd__clkbuf_16)
                                                         clknet_0_clk (net)
                      0.063200    0.002729    0.205937 ^ clkbuf_2_1__f_clk/A (sky130_fd_sc_hd__clkbuf_16)
    10    0.030077    0.051017    0.140527    0.346463 ^ clkbuf_2_1__f_clk/X (sky130_fd_sc_hd__clkbuf_16)
                                                         clknet_2_1__leaf_clk (net)
                      0.051091    0.002532    0.348996 ^ _179_/CLK (sky130_fd_sc_hd__dfrtp_4)
     9    0.041958    0.144713    0.485293    0.834289 ^ _179_/Q (sky130_fd_sc_hd__dfrtp_4)
                                                         cursor[3] (net)
                      0.144724    0.001393    0.835682 ^ _094_/A1 (sky130_fd_sc_hd__a21o_1)
     2    0.006445    0.063932    0.150296    0.985979 ^ _094_/X (sky130_fd_sc_hd__a21o_1)
                                                         nxt2[3] (net)
                      0.063933    0.000360    0.986339 ^ _164_/D (sky130_fd_sc_hd__dfrtp_1)
                                              0.986339   data arrival time

                                  0.000000    0.000000   clock clk (rise edge)
                                  0.000000    0.000000   clock source latency
     1    0.014807    0.072589    0.049637    0.049637 ^ clk (in)
                                                         clk (net)
                      0.072599    0.000000    0.049637 ^ clkbuf_0_clk/A (sky130_fd_sc_hd__clkbuf_16)
     4    0.043480    0.062955    0.153571    0.203207 ^ clkbuf_0_clk/X (sky130_fd_sc_hd__clkbuf_16)
                                                         clknet_0_clk (net)
                      0.063183    0.002598    0.205806 ^ clkbuf_2_0__f_clk/A (sky130_fd_sc_hd__clkbuf_16)
    10    0.030547    0.051451    0.140963    0.346769 ^ clkbuf_2_0__f_clk/X (sky130_fd_sc_hd__clkbuf_16)
                                                         clknet_2_0__leaf_clk (net)
                      0.051513    0.002474    0.349244 ^ _164_/CLK (sky130_fd_sc_hd__dfrtp_1)
                                  0.250000    0.599244   clock uncertainty
                                  0.000000    0.599244   clock reconvergence pessimism
                                 -0.037840    0.561404   library hold time
                                              0.561404   data required time
---------------------------------------------------------------------------------------------
                                              0.561404   data required time
                                             -0.986339   data arrival time
---------------------------------------------------------------------------------------------
                                              0.424935   slack (MET)


Startpoint: _181_ (rising edge-triggered flip-flop clocked by clk)
Endpoint: _154_ (rising edge-triggered flip-flop clocked by clk)
Path Group: clk
Path Type: min

Fanout         Cap        Slew       Delay        Time   Description
---------------------------------------------------------------------------------------------
                                  0.000000    0.000000   clock clk (rise edge)
                                  0.000000    0.000000   clock source latency
     1    0.014807    0.072589    0.049637    0.049637 ^ clk (in)
                                                         clk (net)
                      0.072599    0.000000    0.049637 ^ clkbuf_0_clk/A (sky130_fd_sc_hd__clkbuf_16)
     4    0.043480    0.062955    0.153571    0.203207 ^ clkbuf_0_clk/X (sky130_fd_sc_hd__clkbuf_16)
                                                         clknet_0_clk (net)
                      0.063183    0.002598    0.205806 ^ clkbuf_2_0__f_clk/A (sky130_fd_sc_hd__clkbuf_16)
    10    0.030547    0.051451    0.140963    0.346769 ^ clkbuf_2_0__f_clk/X (sky130_fd_sc_hd__clkbuf_16)
                                                         clknet_2_0__leaf_clk (net)
                      0.051458    0.001033    0.347803 ^ _181_/CLK (sky130_fd_sc_hd__dfrtp_4)
     9    0.042798    0.147033    0.486966    0.834769 ^ _181_/Q (sky130_fd_sc_hd__dfrtp_4)
                                                         cursor[5] (net)
                      0.147048    0.001587    0.836356 ^ _069_/A1 (sky130_fd_sc_hd__a21o_1)
     2    0.006298    0.062726    0.149869    0.986224 ^ _069_/X (sky130_fd_sc_hd__a21o_1)
                                                         nxt0[5] (net)
                      0.062726    0.000248    0.986472 ^ _154_/D (sky130_fd_sc_hd__dfrtp_1)
                                              0.986472   data arrival time

                                  0.000000    0.000000   clock clk (rise edge)
                                  0.000000    0.000000   clock source latency
     1    0.014807    0.072589    0.049637    0.049637 ^ clk (in)
                                                         clk (net)
                      0.072599    0.000000    0.049637 ^ clkbuf_0_clk/A (sky130_fd_sc_hd__clkbuf_16)
     4    0.043480    0.062955    0.153571    0.203207 ^ clkbuf_0_clk/X (sky130_fd_sc_hd__clkbuf_16)
                                                         clknet_0_clk (net)
                      0.063200    0.002729    0.205937 ^ clkbuf_2_1__f_clk/A (sky130_fd_sc_hd__clkbuf_16)
    10    0.030077    0.051017    0.140527    0.346463 ^ clkbuf_2_1__f_clk/X (sky130_fd_sc_hd__clkbuf_16)
                                                         clknet_2_1__leaf_clk (net)
                      0.051078    0.002412    0.348875 ^ _154_/CLK (sky130_fd_sc_hd__dfrtp_1)
                                  0.250000    0.598875   clock uncertainty
                                  0.000000    0.598875   clock reconvergence pessimism
                                 -0.037647    0.561229   library hold time
                                              0.561229   data required time
---------------------------------------------------------------------------------------------
                                              0.561229   data required time
                                             -0.986472   data arrival time
---------------------------------------------------------------------------------------------
                                              0.425244   slack (MET)


Startpoint: _178_ (rising edge-triggered flip-flop clocked by clk)
Endpoint: _163_ (rising edge-triggered flip-flop clocked by clk)
Path Group: clk
Path Type: min

Fanout         Cap        Slew       Delay        Time   Description
---------------------------------------------------------------------------------------------
                                  0.000000    0.000000   clock clk (rise edge)
                                  0.000000    0.000000   clock source latency
     1    0.014807    0.072589    0.049637    0.049637 ^ clk (in)
                                                         clk (net)
                      0.072599    0.000000    0.049637 ^ clkbuf_0_clk/A (sky130_fd_sc_hd__clkbuf_16)
     4    0.043480    0.062955    0.153571    0.203207 ^ clkbuf_0_clk/X (sky130_fd_sc_hd__clkbuf_16)
                                                         clknet_0_clk (net)
                      0.063179    0.002571    0.205778 ^ clkbuf_2_3__f_clk/A (sky130_fd_sc_hd__clkbuf_16)
    11    0.032427    0.053044    0.142284    0.348062 ^ clkbuf_2_3__f_clk/X (sky130_fd_sc_hd__clkbuf_16)
                                                         clknet_2_3__leaf_clk (net)
                      0.053089    0.001665    0.349727 ^ _178_/CLK (sky130_fd_sc_hd__dfrtp_4)
     9    0.042035    0.144987    0.486050    0.835777 ^ _178_/Q (sky130_fd_sc_hd__dfrtp_4)
                                                         cursor[2] (net)
                      0.145041    0.002626    0.838402 ^ _092_/A1 (sky130_fd_sc_hd__a21o_1)
     2    0.006246    0.062341    0.149101    0.987503 ^ _092_/X (sky130_fd_sc_hd__a21o_1)
                                                         nxt2[2] (net)
                      0.062341    0.000343    0.987846 ^ _163_/D (sky130_fd_sc_hd__dfrtp_1)
                                              0.987846   data arrival time

                                  0.000000    0.000000   clock clk (rise edge)
                                  0.000000    0.000000   clock source latency
     1    0.014807    0.072589    0.049637    0.049637 ^ clk (in)
                                                         clk (net)
                      0.072599    0.000000    0.049637 ^ clkbuf_0_clk/A (sky130_fd_sc_hd__clkbuf_16)
     4    0.043480    0.062955    0.153571    0.203207 ^ clkbuf_0_clk/X (sky130_fd_sc_hd__clkbuf_16)
                                                         clknet_0_clk (net)
                      0.063183    0.002598    0.205806 ^ clkbuf_2_0__f_clk/A (sky130_fd_sc_hd__clkbuf_16)
    10    0.030547    0.051451    0.140963    0.346769 ^ clkbuf_2_0__f_clk/X (sky130_fd_sc_hd__clkbuf_16)
                                                         clknet_2_0__leaf_clk (net)
                      0.051512    0.002464    0.349233 ^ _163_/CLK (sky130_fd_sc_hd__dfrtp_1)
                                  0.250000    0.599233   clock uncertainty
                                  0.000000    0.599233   clock reconvergence pessimism
                                 -0.037506    0.561727   library hold time
                                              0.561727   data required time
---------------------------------------------------------------------------------------------
                                              0.561727   data required time
                                             -0.987846   data arrival time
---------------------------------------------------------------------------------------------
                                              0.426119   slack (MET)


Startpoint: _179_ (rising edge-triggered flip-flop clocked by clk)
Endpoint: _152_ (rising edge-triggered flip-flop clocked by clk)
Path Group: clk
Path Type: min

Fanout         Cap        Slew       Delay        Time   Description
---------------------------------------------------------------------------------------------
                                  0.000000    0.000000   clock clk (rise edge)
                                  0.000000    0.000000   clock source latency
     1    0.014807    0.072589    0.049637    0.049637 ^ clk (in)
                                                         clk (net)
                      0.072599    0.000000    0.049637 ^ clkbuf_0_clk/A (sky130_fd_sc_hd__clkbuf_16)
     4    0.043480    0.062955    0.153571    0.203207 ^ clkbuf_0_clk/X (sky130_fd_sc_hd__clkbuf_16)
                                                         clknet_0_clk (net)
                      0.063200    0.002729    0.205937 ^ clkbuf_2_1__f_clk/A (sky130_fd_sc_hd__clkbuf_16)
    10    0.030077    0.051017    0.140527    0.346463 ^ clkbuf_2_1__f_clk/X (sky130_fd_sc_hd__clkbuf_16)
                                                         clknet_2_1__leaf_clk (net)
                      0.051091    0.002532    0.348996 ^ _179_/CLK (sky130_fd_sc_hd__dfrtp_4)
     9    0.041958    0.144713    0.485293    0.834289 ^ _179_/Q (sky130_fd_sc_hd__dfrtp_4)
                                                         cursor[3] (net)
                      0.144726    0.001482    0.835771 ^ _065_/A1 (sky130_fd_sc_hd__a21o_1)
     2    0.006565    0.064896    0.150966    0.986737 ^ _065_/X (sky130_fd_sc_hd__a21o_1)
                                                         nxt0[3] (net)
                      0.064898    0.000445    0.987182 ^ _152_/D (sky130_fd_sc_hd__dfrtp_1)
                                              0.987182   data arrival time

                                  0.000000    0.000000   clock clk (rise edge)
                                  0.000000    0.000000   clock source latency
     1    0.014807    0.072589    0.049637    0.049637 ^ clk (in)
                                                         clk (net)
                      0.072599    0.000000    0.049637 ^ clkbuf_0_clk/A (sky130_fd_sc_hd__clkbuf_16)
     4    0.043480    0.062955    0.153571    0.203207 ^ clkbuf_0_clk/X (sky130_fd_sc_hd__clkbuf_16)
                                                         clknet_0_clk (net)
                      0.063200    0.002729    0.205937 ^ clkbuf_2_1__f_clk/A (sky130_fd_sc_hd__clkbuf_16)
    10    0.030077    0.051017    0.140527    0.346463 ^ clkbuf_2_1__f_clk/X (sky130_fd_sc_hd__clkbuf_16)
                                                         clknet_2_1__leaf_clk (net)
                      0.051067    0.002313    0.348776 ^ _152_/CLK (sky130_fd_sc_hd__dfrtp_1)
                                  0.250000    0.598776   clock uncertainty
                                  0.000000    0.598776   clock reconvergence pessimism
                                 -0.038103    0.560673   library hold time
                                              0.560673   data required time
---------------------------------------------------------------------------------------------
                                              0.560673   data required time
                                             -0.987182   data arrival time
---------------------------------------------------------------------------------------------
                                              0.426508   slack (MET)


Startpoint: _181_ (rising edge-triggered flip-flop clocked by clk)
Endpoint: _166_ (rising edge-triggered flip-flop clocked by clk)
Path Group: clk
Path Type: min

Fanout         Cap        Slew       Delay        Time   Description
---------------------------------------------------------------------------------------------
                                  0.000000    0.000000   clock clk (rise edge)
                                  0.000000    0.000000   clock source latency
     1    0.014807    0.072589    0.049637    0.049637 ^ clk (in)
                                                         clk (net)
                      0.072599    0.000000    0.049637 ^ clkbuf_0_clk/A (sky130_fd_sc_hd__clkbuf_16)
     4    0.043480    0.062955    0.153571    0.203207 ^ clkbuf_0_clk/X (sky130_fd_sc_hd__clkbuf_16)
                                                         clknet_0_clk (net)
                      0.063183    0.002598    0.205806 ^ clkbuf_2_0__f_clk/A (sky130_fd_sc_hd__clkbuf_16)
    10    0.030547    0.051451    0.140963    0.346769 ^ clkbuf_2_0__f_clk/X (sky130_fd_sc_hd__clkbuf_16)
                                                         clknet_2_0__leaf_clk (net)
                      0.051458    0.001033    0.347803 ^ _181_/CLK (sky130_fd_sc_hd__dfrtp_4)
     9    0.042798    0.147033    0.486966    0.834769 ^ _181_/Q (sky130_fd_sc_hd__dfrtp_4)
                                                         cursor[5] (net)
                      0.147043    0.001379    0.836148 ^ _098_/A1 (sky130_fd_sc_hd__a21o_1)
     2    0.006458    0.064078    0.150788    0.986935 ^ _098_/X (sky130_fd_sc_hd__a21o_1)
                                                         nxt2[5] (net)
                      0.064079    0.000364    0.987299 ^ _166_/D (sky130_fd_sc_hd__dfrtp_1)
                                              0.987299   data arrival time

                                  0.000000    0.000000   clock clk (rise edge)
                                  0.000000    0.000000   clock source latency
     1    0.014807    0.072589    0.049637    0.049637 ^ clk (in)
                                                         clk (net)
                      0.072599    0.000000    0.049637 ^ clkbuf_0_clk/A (sky130_fd_sc_hd__clkbuf_16)
     4    0.043480    0.062955    0.153571    0.203207 ^ clkbuf_0_clk/X (sky130_fd_sc_hd__clkbuf_16)
                                                         clknet_0_clk (net)
                      0.063183    0.002598    0.205806 ^ clkbuf_2_0__f_clk/A (sky130_fd_sc_hd__clkbuf_16)
    10    0.030547    0.051451    0.140963    0.346769 ^ clkbuf_2_0__f_clk/X (sky130_fd_sc_hd__clkbuf_16)
                                                         clknet_2_0__leaf_clk (net)
                      0.051458    0.001090    0.347860 ^ _166_/CLK (sky130_fd_sc_hd__dfrtp_1)
                                  0.250000    0.597860   clock uncertainty
                                  0.000000    0.597860   clock reconvergence pessimism
                                 -0.037878    0.559982   library hold time
                                              0.559982   data required time
---------------------------------------------------------------------------------------------
                                              0.559982   data required time
                                             -0.987299   data arrival time
---------------------------------------------------------------------------------------------
                                              0.427317   slack (MET)


Startpoint: _180_ (rising edge-triggered flip-flop clocked by clk)
Endpoint: _165_ (rising edge-triggered flip-flop clocked by clk)
Path Group: clk
Path Type: min

Fanout         Cap        Slew       Delay        Time   Description
---------------------------------------------------------------------------------------------
                                  0.000000    0.000000   clock clk (rise edge)
                                  0.000000    0.000000   clock source latency
     1    0.014807    0.072589    0.049637    0.049637 ^ clk (in)
                                                         clk (net)
                      0.072599    0.000000    0.049637 ^ clkbuf_0_clk/A (sky130_fd_sc_hd__clkbuf_16)
     4    0.043480    0.062955    0.153571    0.203207 ^ clkbuf_0_clk/X (sky130_fd_sc_hd__clkbuf_16)
                                                         clknet_0_clk (net)
                      0.063183    0.002598    0.205806 ^ clkbuf_2_0__f_clk/A (sky130_fd_sc_hd__clkbuf_16)
    10    0.030547    0.051451    0.140963    0.346769 ^ clkbuf_2_0__f_clk/X (sky130_fd_sc_hd__clkbuf_16)
                                                         clknet_2_0__leaf_clk (net)
                      0.051457    0.000987    0.347756 ^ _180_/CLK (sky130_fd_sc_hd__dfrtp_4)
     9    0.042544    0.145978    0.486258    0.834014 ^ _180_/Q (sky130_fd_sc_hd__dfrtp_4)
                                                         cursor[4] (net)
                      0.146014    0.002227    0.836241 ^ _096_/A1 (sky130_fd_sc_hd__a21o_1)
     2    0.006702    0.066090    0.152075    0.988317 ^ _096_/X (sky130_fd_sc_hd__a21o_1)
                                                         nxt2[4] (net)
                      0.066091    0.000392    0.988709 ^ _165_/D (sky130_fd_sc_hd__dfrtp_1)
                                              0.988709   data arrival time

                                  0.000000    0.000000   clock clk (rise edge)
                                  0.000000    0.000000   clock source latency
     1    0.014807    0.072589    0.049637    0.049637 ^ clk (in)
                                                         clk (net)
                      0.072599    0.000000    0.049637 ^ clkbuf_0_clk/A (sky130_fd_sc_hd__clkbuf_16)
     4    0.043480    0.062955    0.153571    0.203207 ^ clkbuf_0_clk/X (sky130_fd_sc_hd__clkbuf_16)
                                                         clknet_0_clk (net)
                      0.063183    0.002598    0.205806 ^ clkbuf_2_0__f_clk/A (sky130_fd_sc_hd__clkbuf_16)
    10    0.030547    0.051451    0.140963    0.346769 ^ clkbuf_2_0__f_clk/X (sky130_fd_sc_hd__clkbuf_16)
                                                         clknet_2_0__leaf_clk (net)
                      0.051518    0.002519    0.349288 ^ _165_/CLK (sky130_fd_sc_hd__dfrtp_1)
                                  0.250000    0.599288   clock uncertainty
                                  0.000000    0.599288   clock reconvergence pessimism
                                 -0.038291    0.560997   library hold time
                                              0.560997   data required time
---------------------------------------------------------------------------------------------
                                              0.560997   data required time
                                             -0.988709   data arrival time
---------------------------------------------------------------------------------------------
                                              0.427711   slack (MET)


Startpoint: _178_ (rising edge-triggered flip-flop clocked by clk)
Endpoint: _151_ (rising edge-triggered flip-flop clocked by clk)
Path Group: clk
Path Type: min

Fanout         Cap        Slew       Delay        Time   Description
---------------------------------------------------------------------------------------------
                                  0.000000    0.000000   clock clk (rise edge)
                                  0.000000    0.000000   clock source latency
     1    0.014807    0.072589    0.049637    0.049637 ^ clk (in)
                                                         clk (net)
                      0.072599    0.000000    0.049637 ^ clkbuf_0_clk/A (sky130_fd_sc_hd__clkbuf_16)
     4    0.043480    0.062955    0.153571    0.203207 ^ clkbuf_0_clk/X (sky130_fd_sc_hd__clkbuf_16)
                                                         clknet_0_clk (net)
                      0.063179    0.002571    0.205778 ^ clkbuf_2_3__f_clk/A (sky130_fd_sc_hd__clkbuf_16)
    11    0.032427    0.053044    0.142284    0.348062 ^ clkbuf_2_3__f_clk/X (sky130_fd_sc_hd__clkbuf_16)
                                                         clknet_2_3__leaf_clk (net)
                      0.053089    0.001665    0.349727 ^ _178_/CLK (sky130_fd_sc_hd__dfrtp_4)
     9    0.042035    0.144987    0.486050    0.835777 ^ _178_/Q (sky130_fd_sc_hd__dfrtp_4)
                                                         cursor[2] (net)
                      0.145012    0.001905    0.837682 ^ _063_/A1 (sky130_fd_sc_hd__a21o_1)
     2    0.007033    0.068745    0.153893    0.991575 ^ _063_/X (sky130_fd_sc_hd__a21o_1)
                                                         nxt0[2] (net)
                      0.068747    0.000460    0.992035 ^ _151_/D (sky130_fd_sc_hd__dfrtp_1)
                                              0.992035   data arrival time

                                  0.000000    0.000000   clock clk (rise edge)
                                  0.000000    0.000000   clock source latency
     1    0.014807    0.072589    0.049637    0.049637 ^ clk (in)
                                                         clk (net)
                      0.072599    0.000000    0.049637 ^ clkbuf_0_clk/A (sky130_fd_sc_hd__clkbuf_16)
     4    0.043480    0.062955    0.153571    0.203207 ^ clkbuf_0_clk/X (sky130_fd_sc_hd__clkbuf_16)
                                                         clknet_0_clk (net)
                      0.063200    0.002729    0.205937 ^ clkbuf_2_1__f_clk/A (sky130_fd_sc_hd__clkbuf_16)
    10    0.030077    0.051017    0.140527    0.346463 ^ clkbuf_2_1__f_clk/X (sky130_fd_sc_hd__clkbuf_16)
                                                         clknet_2_1__leaf_clk (net)
                      0.051080    0.002434    0.348897 ^ _151_/CLK (sky130_fd_sc_hd__dfrtp_1)
                                  0.250000    0.598897   clock uncertainty
                                  0.000000    0.598897   clock reconvergence pessimism
                                 -0.038907    0.559990   library hold time
                                              0.559990   data required time
---------------------------------------------------------------------------------------------
                                              0.559990   data required time
                                             -0.992035   data arrival time
---------------------------------------------------------------------------------------------
                                              0.432045   slack (MET)


Startpoint: _180_ (rising edge-triggered flip-flop clocked by clk)
Endpoint: _159_ (rising edge-triggered flip-flop clocked by clk)
Path Group: clk
Path Type: min

Fanout         Cap        Slew       Delay        Time   Description
---------------------------------------------------------------------------------------------
                                  0.000000    0.000000   clock clk (rise edge)
                                  0.000000    0.000000   clock source latency
     1    0.014807    0.072589    0.049637    0.049637 ^ clk (in)
                                                         clk (net)
                      0.072599    0.000000    0.049637 ^ clkbuf_0_clk/A (sky130_fd_sc_hd__clkbuf_16)
     4    0.043480    0.062955    0.153571    0.203207 ^ clkbuf_0_clk/X (sky130_fd_sc_hd__clkbuf_16)
                                                         clknet_0_clk (net)
                      0.063183    0.002598    0.205806 ^ clkbuf_2_0__f_clk/A (sky130_fd_sc_hd__clkbuf_16)
    10    0.030547    0.051451    0.140963    0.346769 ^ clkbuf_2_0__f_clk/X (sky130_fd_sc_hd__clkbuf_16)
                                                         clknet_2_0__leaf_clk (net)
                      0.051457    0.000987    0.347756 ^ _180_/CLK (sky130_fd_sc_hd__dfrtp_4)
     9    0.042544    0.145978    0.486258    0.834014 ^ _180_/Q (sky130_fd_sc_hd__dfrtp_4)
                                                         cursor[4] (net)
                      0.146019    0.002354    0.836368 ^ _081_/A1 (sky130_fd_sc_hd__a21o_1)
     2    0.006588    0.065088    0.151336    0.987704 ^ _081_/X (sky130_fd_sc_hd__a21o_1)
                                                         nxt1[4] (net)
                      0.065090    0.000454    0.988158 ^ _159_/D (sky130_fd_sc_hd__dfrtp_1)
                                              0.988158   data arrival time

                                  0.000000    0.000000   clock clk (rise edge)
                                  0.000000    0.000000   clock source latency
     1    0.014807    0.072589    0.049637    0.049637 ^ clk (in)
                                                         clk (net)
                      0.072599    0.000000    0.049637 ^ clkbuf_0_clk/A (sky130_fd_sc_hd__clkbuf_16)
     4    0.043480    0.062955    0.153571    0.203207 ^ clkbuf_0_clk/X (sky130_fd_sc_hd__clkbuf_16)
                                                         clknet_0_clk (net)
                      0.063181    0.002586    0.205794 ^ clkbuf_2_2__f_clk/A (sky130_fd_sc_hd__clkbuf_16)
     8    0.025924    0.047220    0.137152    0.342946 ^ clkbuf_2_2__f_clk/X (sky130_fd_sc_hd__clkbuf_16)
                                                         clknet_2_2__leaf_clk (net)
                      0.047303    0.001677    0.344623 ^ _159_/CLK (sky130_fd_sc_hd__dfrtp_1)
                                  0.250000    0.594623   clock uncertainty
                                  0.000000    0.594623   clock reconvergence pessimism
                                 -0.038659    0.555963   library hold time
                                              0.555963   data required time
---------------------------------------------------------------------------------------------
                                              0.555963   data required time
                                             -0.988158   data arrival time
---------------------------------------------------------------------------------------------
                                              0.432195   slack (MET)


Startpoint: _181_ (rising edge-triggered flip-flop clocked by clk)
Endpoint: _160_ (rising edge-triggered flip-flop clocked by clk)
Path Group: clk
Path Type: min

Fanout         Cap        Slew       Delay        Time   Description
---------------------------------------------------------------------------------------------
                                  0.000000    0.000000   clock clk (rise edge)
                                  0.000000    0.000000   clock source latency
     1    0.014807    0.072589    0.049637    0.049637 ^ clk (in)
                                                         clk (net)
                      0.072599    0.000000    0.049637 ^ clkbuf_0_clk/A (sky130_fd_sc_hd__clkbuf_16)
     4    0.043480    0.062955    0.153571    0.203207 ^ clkbuf_0_clk/X (sky130_fd_sc_hd__clkbuf_16)
                                                         clknet_0_clk (net)
                      0.063183    0.002598    0.205806 ^ clkbuf_2_0__f_clk/A (sky130_fd_sc_hd__clkbuf_16)
    10    0.030547    0.051451    0.140963    0.346769 ^ clkbuf_2_0__f_clk/X (sky130_fd_sc_hd__clkbuf_16)
                                                         clknet_2_0__leaf_clk (net)
                      0.051458    0.001033    0.347803 ^ _181_/CLK (sky130_fd_sc_hd__dfrtp_4)
     9    0.042798    0.147033    0.486966    0.834769 ^ _181_/Q (sky130_fd_sc_hd__dfrtp_4)
                                                         cursor[5] (net)
                      0.147078    0.002456    0.837225 ^ _083_/A1 (sky130_fd_sc_hd__a21o_1)
     2    0.006395    0.063566    0.150387    0.987612 ^ _083_/X (sky130_fd_sc_hd__a21o_1)
                                                         nxt1[5] (net)
                      0.063567    0.000405    0.988017 ^ _160_/D (sky130_fd_sc_hd__dfrtp_1)
                                              0.988017   data arrival time

                                  0.000000    0.000000   clock clk (rise edge)
                                  0.000000    0.000000   clock source latency
     1    0.014807    0.072589    0.049637    0.049637 ^ clk (in)
                                                         clk (net)
                      0.072599    0.000000    0.049637 ^ clkbuf_0_clk/A (sky130_fd_sc_hd__clkbuf_16)
     4    0.043480    0.062955    0.153571    0.203207 ^ clkbuf_0_clk/X (sky130_fd_sc_hd__clkbuf_16)
                                                         clknet_0_clk (net)
                      0.063181    0.002586    0.205794 ^ clkbuf_2_2__f_clk/A (sky130_fd_sc_hd__clkbuf_16)
     8    0.025924    0.047220    0.137152    0.342946 ^ clkbuf_2_2__f_clk/X (sky130_fd_sc_hd__clkbuf_16)
                                                         clknet_2_2__leaf_clk (net)
                      0.047260    0.001218    0.344164 ^ _160_/CLK (sky130_fd_sc_hd__dfrtp_1)
                                  0.250000    0.594164   clock uncertainty
                                  0.000000    0.594164   clock reconvergence pessimism
                                 -0.038346    0.555818   library hold time
                                              0.555818   data required time
---------------------------------------------------------------------------------------------
                                              0.555818   data required time
                                             -0.988017   data arrival time
---------------------------------------------------------------------------------------------
                                              0.432199   slack (MET)


Startpoint: _177_ (rising edge-triggered flip-flop clocked by clk)
Endpoint: _162_ (rising edge-triggered flip-flop clocked by clk)
Path Group: clk
Path Type: min

Fanout         Cap        Slew       Delay        Time   Description
---------------------------------------------------------------------------------------------
                                  0.000000    0.000000   clock clk (rise edge)
                                  0.000000    0.000000   clock source latency
     1    0.014807    0.072589    0.049637    0.049637 ^ clk (in)
                                                         clk (net)
                      0.072599    0.000000    0.049637 ^ clkbuf_0_clk/A (sky130_fd_sc_hd__clkbuf_16)
     4    0.043480    0.062955    0.153571    0.203207 ^ clkbuf_0_clk/X (sky130_fd_sc_hd__clkbuf_16)
                                                         clknet_0_clk (net)
                      0.063179    0.002571    0.205778 ^ clkbuf_2_3__f_clk/A (sky130_fd_sc_hd__clkbuf_16)
    11    0.032427    0.053044    0.142284    0.348062 ^ clkbuf_2_3__f_clk/X (sky130_fd_sc_hd__clkbuf_16)
                                                         clknet_2_3__leaf_clk (net)
                      0.053121    0.001978    0.350039 ^ _177_/CLK (sky130_fd_sc_hd__dfrtp_4)
     9    0.041698    0.143966    0.484229    0.834268 ^ _177_/Q (sky130_fd_sc_hd__dfrtp_4)
                                                         cursor[1] (net)
                      0.144156    0.004665    0.838934 ^ _090_/A1 (sky130_fd_sc_hd__a21o_1)
     2    0.007617    0.073548    0.157160    0.996094 ^ _090_/X (sky130_fd_sc_hd__a21o_1)
                                                         nxt2[1] (net)
                      0.073552    0.000626    0.996720 ^ _162_/D (sky130_fd_sc_hd__dfrtp_1)
                                              0.996720   data arrival time

                                  0.000000    0.000000   clock clk (rise edge)
                                  0.000000    0.000000   clock source latency
     1    0.014807    0.072589    0.049637    0.049637 ^ clk (in)
                                                         clk (net)
                      0.072599    0.000000    0.049637 ^ clkbuf_0_clk/A (sky130_fd_sc_hd__clkbuf_16)
     4    0.043480    0.062955    0.153571    0.203207 ^ clkbuf_0_clk/X (sky130_fd_sc_hd__clkbuf_16)
                                                         clknet_0_clk (net)
                      0.063183    0.002598    0.205806 ^ clkbuf_2_0__f_clk/A (sky130_fd_sc_hd__clkbuf_16)
    10    0.030547    0.051451    0.140963    0.346769 ^ clkbuf_2_0__f_clk/X (sky130_fd_sc_hd__clkbuf_16)
                                                         clknet_2_0__leaf_clk (net)
                      0.051490    0.002231    0.349001 ^ _162_/CLK (sky130_fd_sc_hd__dfrtp_1)
                                  0.250000    0.599001   clock uncertainty
                                  0.000000    0.599001   clock reconvergence pessimism
                                 -0.039857    0.559143   library hold time
                                              0.559143   data required time
---------------------------------------------------------------------------------------------
                                              0.559143   data required time
                                             -0.996720   data arrival time
---------------------------------------------------------------------------------------------
                                              0.437577   slack (MET)


Startpoint: _177_ (rising edge-triggered flip-flop clocked by clk)
Endpoint: _156_ (rising edge-triggered flip-flop clocked by clk)
Path Group: clk
Path Type: min

Fanout         Cap        Slew       Delay        Time   Description
---------------------------------------------------------------------------------------------
                                  0.000000    0.000000   clock clk (rise edge)
                                  0.000000    0.000000   clock source latency
     1    0.014807    0.072589    0.049637    0.049637 ^ clk (in)
                                                         clk (net)
                      0.072599    0.000000    0.049637 ^ clkbuf_0_clk/A (sky130_fd_sc_hd__clkbuf_16)
     4    0.043480    0.062955    0.153571    0.203207 ^ clkbuf_0_clk/X (sky130_fd_sc_hd__clkbuf_16)
                                                         clknet_0_clk (net)
                      0.063179    0.002571    0.205778 ^ clkbuf_2_3__f_clk/A (sky130_fd_sc_hd__clkbuf_16)
    11    0.032427    0.053044    0.142284    0.348062 ^ clkbuf_2_3__f_clk/X (sky130_fd_sc_hd__clkbuf_16)
                                                         clknet_2_3__leaf_clk (net)
                      0.053121    0.001978    0.350039 ^ _177_/CLK (sky130_fd_sc_hd__dfrtp_4)
     9    0.041698    0.143966    0.484229    0.834268 ^ _177_/Q (sky130_fd_sc_hd__dfrtp_4)
                                                         cursor[1] (net)
                      0.144052    0.003289    0.837557 ^ _075_/A1 (sky130_fd_sc_hd__a21o_1)
     2    0.007518    0.072687    0.156647    0.994204 ^ _075_/X (sky130_fd_sc_hd__a21o_1)
                                                         nxt1[1] (net)
                      0.072688    0.000443    0.994647 ^ _156_/D (sky130_fd_sc_hd__dfrtp_1)
                                              0.994647   data arrival time

                                  0.000000    0.000000   clock clk (rise edge)
                                  0.000000    0.000000   clock source latency
     1    0.014807    0.072589    0.049637    0.049637 ^ clk (in)
                                                         clk (net)
                      0.072599    0.000000    0.049637 ^ clkbuf_0_clk/A (sky130_fd_sc_hd__clkbuf_16)
     4    0.043480    0.062955    0.153571    0.203207 ^ clkbuf_0_clk/X (sky130_fd_sc_hd__clkbuf_16)
                                                         clknet_0_clk (net)
                      0.063181    0.002586    0.205794 ^ clkbuf_2_2__f_clk/A (sky130_fd_sc_hd__clkbuf_16)
     8    0.025924    0.047220    0.137152    0.342946 ^ clkbuf_2_2__f_clk/X (sky130_fd_sc_hd__clkbuf_16)
                                                         clknet_2_2__leaf_clk (net)
                      0.047267    0.001307    0.344252 ^ _156_/CLK (sky130_fd_sc_hd__dfrtp_1)
                                  0.250000    0.594252   clock uncertainty
                                  0.000000    0.594252   clock reconvergence pessimism
                                 -0.040256    0.553996   library hold time
                                              0.553996   data required time
---------------------------------------------------------------------------------------------
                                              0.553996   data required time
                                             -0.994647   data arrival time
---------------------------------------------------------------------------------------------
                                              0.440651   slack (MET)


Startpoint: _176_ (rising edge-triggered flip-flop clocked by clk)
Endpoint: _155_ (rising edge-triggered flip-flop clocked by clk)
Path Group: clk
Path Type: min

Fanout         Cap        Slew       Delay        Time   Description
---------------------------------------------------------------------------------------------
                                  0.000000    0.000000   clock clk (rise edge)
                                  0.000000    0.000000   clock source latency
     1    0.014807    0.072589    0.049637    0.049637 ^ clk (in)
                                                         clk (net)
                      0.072599    0.000000    0.049637 ^ clkbuf_0_clk/A (sky130_fd_sc_hd__clkbuf_16)
     4    0.043480    0.062955    0.153571    0.203207 ^ clkbuf_0_clk/X (sky130_fd_sc_hd__clkbuf_16)
                                                         clknet_0_clk (net)
                      0.063183    0.002598    0.205806 ^ clkbuf_2_0__f_clk/A (sky130_fd_sc_hd__clkbuf_16)
    10    0.030547    0.051451    0.140963    0.346769 ^ clkbuf_2_0__f_clk/X (sky130_fd_sc_hd__clkbuf_16)
                                                         clknet_2_0__leaf_clk (net)
                      0.051479    0.002080    0.348849 ^ _176_/CLK (sky130_fd_sc_hd__dfstp_2)
     9    0.044583    0.105908    0.433679    0.782528 v _176_/Q (sky130_fd_sc_hd__dfstp_2)
                                                         cursor[0] (net)
                      0.106025    0.003156    0.785684 v _073_/A1 (sky130_fd_sc_hd__a21o_1)
     2    0.009239    0.057995    0.204855    0.990538 v _073_/X (sky130_fd_sc_hd__a21o_1)
                                                         nxt1[0] (net)
                      0.057996    0.000368    0.990906 v _155_/D (sky130_fd_sc_hd__dfrtp_1)
                                              0.990906   data arrival time

                                  0.000000    0.000000   clock clk (rise edge)
                                  0.000000    0.000000   clock source latency
     1    0.014807    0.072589    0.049637    0.049637 ^ clk (in)
                                                         clk (net)
                      0.072599    0.000000    0.049637 ^ clkbuf_0_clk/A (sky130_fd_sc_hd__clkbuf_16)
     4    0.043480    0.062955    0.153571    0.203207 ^ clkbuf_0_clk/X (sky130_fd_sc_hd__clkbuf_16)
                                                         clknet_0_clk (net)
                      0.063181    0.002586    0.205794 ^ clkbuf_2_2__f_clk/A (sky130_fd_sc_hd__clkbuf_16)
     8    0.025924    0.047220    0.137152    0.342946 ^ clkbuf_2_2__f_clk/X (sky130_fd_sc_hd__clkbuf_16)
                                                         clknet_2_2__leaf_clk (net)
                      0.047276    0.001405    0.344350 ^ _155_/CLK (sky130_fd_sc_hd__dfrtp_1)
                                  0.250000    0.594350   clock uncertainty
                                  0.000000    0.594350   clock reconvergence pessimism
                                 -0.050547    0.543803   library hold time
                                              0.543803   data required time
---------------------------------------------------------------------------------------------
                                              0.543803   data required time
                                             -0.990906   data arrival time
---------------------------------------------------------------------------------------------
                                              0.447103   slack (MET)


Startpoint: _183_ (rising edge-triggered flip-flop clocked by clk)
Endpoint: _183_ (rising edge-triggered flip-flop clocked by clk)
Path Group: clk
Path Type: min

Fanout         Cap        Slew       Delay        Time   Description
---------------------------------------------------------------------------------------------
                                  0.000000    0.000000   clock clk (rise edge)
                                  0.000000    0.000000   clock source latency
     1    0.014807    0.072589    0.049637    0.049637 ^ clk (in)
                                                         clk (net)
                      0.072599    0.000000    0.049637 ^ clkbuf_0_clk/A (sky130_fd_sc_hd__clkbuf_16)
     4    0.043480    0.062955    0.153571    0.203207 ^ clkbuf_0_clk/X (sky130_fd_sc_hd__clkbuf_16)
                                                         clknet_0_clk (net)
                      0.063179    0.002571    0.205778 ^ clkbuf_2_3__f_clk/A (sky130_fd_sc_hd__clkbuf_16)
    11    0.032427    0.053044    0.142284    0.348062 ^ clkbuf_2_3__f_clk/X (sky130_fd_sc_hd__clkbuf_16)
                                                         clknet_2_3__leaf_clk (net)
                      0.053138    0.002134    0.350196 ^ _183_/CLK (sky130_fd_sc_hd__dfrtp_1)
     2    0.009485    0.096156    0.362844    0.713039 ^ _183_/Q (sky130_fd_sc_hd__dfrtp_1)
                                                         cnt[1] (net)
                      0.096158    0.000582    0.713622 ^ fanout31/A (sky130_fd_sc_hd__clkbuf_2)
     9    0.032461    0.179289    0.217738    0.931359 ^ fanout31/X (sky130_fd_sc_hd__clkbuf_2)
                                                         net31 (net)
                      0.179319    0.001938    0.933297 ^ _053_/B1 (sky130_fd_sc_hd__a21o_1)
     1    0.002676    0.036623    0.104401    1.037698 ^ _053_/X (sky130_fd_sc_hd__a21o_1)
                                                         _037_ (net)
                      0.036624    0.000181    1.037879 ^ _183_/D (sky130_fd_sc_hd__dfrtp_1)
                                              1.037879   data arrival time

                                  0.000000    0.000000   clock clk (rise edge)
                                  0.000000    0.000000   clock source latency
     1    0.014807    0.072589    0.049637    0.049637 ^ clk (in)
                                                         clk (net)
                      0.072599    0.000000    0.049637 ^ clkbuf_0_clk/A (sky130_fd_sc_hd__clkbuf_16)
     4    0.043480    0.062955    0.153571    0.203207 ^ clkbuf_0_clk/X (sky130_fd_sc_hd__clkbuf_16)
                                                         clknet_0_clk (net)
                      0.063179    0.002571    0.205778 ^ clkbuf_2_3__f_clk/A (sky130_fd_sc_hd__clkbuf_16)
    11    0.032427    0.053044    0.142284    0.348062 ^ clkbuf_2_3__f_clk/X (sky130_fd_sc_hd__clkbuf_16)
                                                         clknet_2_3__leaf_clk (net)
                      0.053138    0.002134    0.350196 ^ _183_/CLK (sky130_fd_sc_hd__dfrtp_1)
                                  0.250000    0.600196   clock uncertainty
                                  0.000000    0.600196   clock reconvergence pessimism
                                 -0.031898    0.568297   library hold time
                                              0.568297   data required time
---------------------------------------------------------------------------------------------
                                              0.568297   data required time
                                             -1.037879   data arrival time
---------------------------------------------------------------------------------------------
                                              0.469581   slack (MET)


Startpoint: _176_ (rising edge-triggered flip-flop clocked by clk)
Endpoint: _173_ (rising edge-triggered flip-flop clocked by clk)
Path Group: clk
Path Type: min

Fanout         Cap        Slew       Delay        Time   Description
---------------------------------------------------------------------------------------------
                                  0.000000    0.000000   clock clk (rise edge)
                                  0.000000    0.000000   clock source latency
     1    0.014807    0.072589    0.049637    0.049637 ^ clk (in)
                                                         clk (net)
                      0.072599    0.000000    0.049637 ^ clkbuf_0_clk/A (sky130_fd_sc_hd__clkbuf_16)
     4    0.043480    0.062955    0.153571    0.203207 ^ clkbuf_0_clk/X (sky130_fd_sc_hd__clkbuf_16)
                                                         clknet_0_clk (net)
                      0.063183    0.002598    0.205806 ^ clkbuf_2_0__f_clk/A (sky130_fd_sc_hd__clkbuf_16)
    10    0.030547    0.051451    0.140963    0.346769 ^ clkbuf_2_0__f_clk/X (sky130_fd_sc_hd__clkbuf_16)
                                                         clknet_2_0__leaf_clk (net)
                      0.051479    0.002080    0.348849 ^ _176_/CLK (sky130_fd_sc_hd__dfstp_2)
     9    0.044583    0.105908    0.433679    0.782528 v _176_/Q (sky130_fd_sc_hd__dfstp_2)
                                                         cursor[0] (net)
                      0.105929    0.001493    0.784021 v _059_/A1 (sky130_fd_sc_hd__a21o_1)
     2    0.005367    0.042098    0.187322    0.971343 v _059_/X (sky130_fd_sc_hd__a21o_1)
                                                         nxt0[0] (net)
                      0.042099    0.000256    0.971599 v _071_/A (sky130_fd_sc_hd__and3_1)
     1    0.002539    0.031999    0.135631    1.107230 v _071_/X (sky130_fd_sc_hd__and3_1)
                                                         done_comb[0] (net)
                      0.032000    0.000173    1.107402 v _173_/D (sky130_fd_sc_hd__dfrtp_1)
                                              1.107402   data arrival time

                                  0.000000    0.000000   clock clk (rise edge)
                                  0.000000    0.000000   clock source latency
     1    0.014807    0.072589    0.049637    0.049637 ^ clk (in)
                                                         clk (net)
                      0.072599    0.000000    0.049637 ^ clkbuf_0_clk/A (sky130_fd_sc_hd__clkbuf_16)
     4    0.043480    0.062955    0.153571    0.203207 ^ clkbuf_0_clk/X (sky130_fd_sc_hd__clkbuf_16)
                                                         clknet_0_clk (net)
                      0.063200    0.002729    0.205937 ^ clkbuf_2_1__f_clk/A (sky130_fd_sc_hd__clkbuf_16)
    10    0.030077    0.051017    0.140527    0.346463 ^ clkbuf_2_1__f_clk/X (sky130_fd_sc_hd__clkbuf_16)
                                                         clknet_2_1__leaf_clk (net)
                      0.051035    0.001371    0.347835 ^ _173_/CLK (sky130_fd_sc_hd__dfrtp_1)
                                  0.250000    0.597835   clock uncertainty
                                  0.000000    0.597835   clock reconvergence pessimism
                                 -0.039107    0.558728   library hold time
                                              0.558728   data required time
---------------------------------------------------------------------------------------------
                                              0.558728   data required time
                                             -1.107402   data arrival time
---------------------------------------------------------------------------------------------
                                              0.548674   slack (MET)


Startpoint: _176_ (rising edge-triggered flip-flop clocked by clk)
Endpoint: _175_ (rising edge-triggered flip-flop clocked by clk)
Path Group: clk
Path Type: min

Fanout         Cap        Slew       Delay        Time   Description
---------------------------------------------------------------------------------------------
                                  0.000000    0.000000   clock clk (rise edge)
                                  0.000000    0.000000   clock source latency
     1    0.014807    0.072589    0.049637    0.049637 ^ clk (in)
                                                         clk (net)
                      0.072599    0.000000    0.049637 ^ clkbuf_0_clk/A (sky130_fd_sc_hd__clkbuf_16)
     4    0.043480    0.062955    0.153571    0.203207 ^ clkbuf_0_clk/X (sky130_fd_sc_hd__clkbuf_16)
                                                         clknet_0_clk (net)
                      0.063183    0.002598    0.205806 ^ clkbuf_2_0__f_clk/A (sky130_fd_sc_hd__clkbuf_16)
    10    0.030547    0.051451    0.140963    0.346769 ^ clkbuf_2_0__f_clk/X (sky130_fd_sc_hd__clkbuf_16)
                                                         clknet_2_0__leaf_clk (net)
                      0.051479    0.002080    0.348849 ^ _176_/CLK (sky130_fd_sc_hd__dfstp_2)
     9    0.044583    0.105908    0.433679    0.782528 v _176_/Q (sky130_fd_sc_hd__dfstp_2)
                                                         cursor[0] (net)
                      0.106067    0.003619    0.786147 v _088_/A1 (sky130_fd_sc_hd__a21o_1)
     2    0.005053    0.040754    0.185957    0.972104 v _088_/X (sky130_fd_sc_hd__a21o_1)
                                                         nxt2[0] (net)
                      0.040754    0.000167    0.972271 v _100_/A (sky130_fd_sc_hd__and3_1)
     1    0.004593    0.040867    0.146186    1.118457 v _100_/X (sky130_fd_sc_hd__and3_1)
                                                         done_comb[2] (net)
                      0.040868    0.000266    1.118722 v _175_/D (sky130_fd_sc_hd__dfrtp_1)
                                              1.118722   data arrival time

                                  0.000000    0.000000   clock clk (rise edge)
                                  0.000000    0.000000   clock source latency
     1    0.014807    0.072589    0.049637    0.049637 ^ clk (in)
                                                         clk (net)
                      0.072599    0.000000    0.049637 ^ clkbuf_0_clk/A (sky130_fd_sc_hd__clkbuf_16)
     4    0.043480    0.062955    0.153571    0.203207 ^ clkbuf_0_clk/X (sky130_fd_sc_hd__clkbuf_16)
                                                         clknet_0_clk (net)
                      0.063183    0.002598    0.205806 ^ clkbuf_2_0__f_clk/A (sky130_fd_sc_hd__clkbuf_16)
    10    0.030547    0.051451    0.140963    0.346769 ^ clkbuf_2_0__f_clk/X (sky130_fd_sc_hd__clkbuf_16)
                                                         clknet_2_0__leaf_clk (net)
                      0.051464    0.001474    0.348243 ^ _175_/CLK (sky130_fd_sc_hd__dfrtp_1)
                                  0.250000    0.598243   clock uncertainty
                                  0.000000    0.598243   clock reconvergence pessimism
                                 -0.042619    0.555624   library hold time
                                              0.555624   data required time
---------------------------------------------------------------------------------------------
                                              0.555624   data required time
                                             -1.118722   data arrival time
---------------------------------------------------------------------------------------------
                                              0.563098   slack (MET)


Startpoint: _176_ (rising edge-triggered flip-flop clocked by clk)
Endpoint: _174_ (rising edge-triggered flip-flop clocked by clk)
Path Group: clk
Path Type: min

Fanout         Cap        Slew       Delay        Time   Description
---------------------------------------------------------------------------------------------
                                  0.000000    0.000000   clock clk (rise edge)
                                  0.000000    0.000000   clock source latency
     1    0.014807    0.072589    0.049637    0.049637 ^ clk (in)
                                                         clk (net)
                      0.072599    0.000000    0.049637 ^ clkbuf_0_clk/A (sky130_fd_sc_hd__clkbuf_16)
     4    0.043480    0.062955    0.153571    0.203207 ^ clkbuf_0_clk/X (sky130_fd_sc_hd__clkbuf_16)
                                                         clknet_0_clk (net)
                      0.063183    0.002598    0.205806 ^ clkbuf_2_0__f_clk/A (sky130_fd_sc_hd__clkbuf_16)
    10    0.030547    0.051451    0.140963    0.346769 ^ clkbuf_2_0__f_clk/X (sky130_fd_sc_hd__clkbuf_16)
                                                         clknet_2_0__leaf_clk (net)
                      0.051479    0.002080    0.348849 ^ _176_/CLK (sky130_fd_sc_hd__dfstp_2)
     9    0.044583    0.105908    0.433679    0.782528 v _176_/Q (sky130_fd_sc_hd__dfstp_2)
                                                         cursor[0] (net)
                      0.106025    0.003156    0.785684 v _073_/A1 (sky130_fd_sc_hd__a21o_1)
     2    0.009239    0.057995    0.204855    0.990538 v _073_/X (sky130_fd_sc_hd__a21o_1)
                                                         nxt1[0] (net)
                      0.057997    0.000463    0.991001 v _085_/A (sky130_fd_sc_hd__and3_1)
     1    0.002798    0.033241    0.143984    1.134985 v _085_/X (sky130_fd_sc_hd__and3_1)
                                                         done_comb[1] (net)
                      0.033256    0.000187    1.135172 v _174_/D (sky130_fd_sc_hd__dfrtp_1)
                                              1.135172   data arrival time

                                  0.000000    0.000000   clock clk (rise edge)
                                  0.000000    0.000000   clock source latency
     1    0.014807    0.072589    0.049637    0.049637 ^ clk (in)
                                                         clk (net)
                      0.072599    0.000000    0.049637 ^ clkbuf_0_clk/A (sky130_fd_sc_hd__clkbuf_16)
     4    0.043480    0.062955    0.153571    0.203207 ^ clkbuf_0_clk/X (sky130_fd_sc_hd__clkbuf_16)
                                                         clknet_0_clk (net)
                      0.063181    0.002586    0.205794 ^ clkbuf_2_2__f_clk/A (sky130_fd_sc_hd__clkbuf_16)
     8    0.025924    0.047220    0.137152    0.342946 ^ clkbuf_2_2__f_clk/X (sky130_fd_sc_hd__clkbuf_16)
                                                         clknet_2_2__leaf_clk (net)
                      0.047254    0.001137    0.344083 ^ _174_/CLK (sky130_fd_sc_hd__dfrtp_1)
                                  0.250000    0.594083   clock uncertainty
                                  0.000000    0.594083   clock reconvergence pessimism
                                 -0.040481    0.553602   library hold time
                                              0.553602   data required time
---------------------------------------------------------------------------------------------
                                              0.553602   data required time
                                             -1.135172   data arrival time
---------------------------------------------------------------------------------------------
                                              0.581571   slack (MET)


Startpoint: _176_ (rising edge-triggered flip-flop clocked by clk)
Endpoint: _177_ (rising edge-triggered flip-flop clocked by clk)
Path Group: clk
Path Type: min

Fanout         Cap        Slew       Delay        Time   Description
---------------------------------------------------------------------------------------------
                                  0.000000    0.000000   clock clk (rise edge)
                                  0.000000    0.000000   clock source latency
     1    0.014807    0.072589    0.049637    0.049637 ^ clk (in)
                                                         clk (net)
                      0.072599    0.000000    0.049637 ^ clkbuf_0_clk/A (sky130_fd_sc_hd__clkbuf_16)
     4    0.043480    0.062955    0.153571    0.203207 ^ clkbuf_0_clk/X (sky130_fd_sc_hd__clkbuf_16)
                                                         clknet_0_clk (net)
                      0.063183    0.002598    0.205806 ^ clkbuf_2_0__f_clk/A (sky130_fd_sc_hd__clkbuf_16)
    10    0.030547    0.051451    0.140963    0.346769 ^ clkbuf_2_0__f_clk/X (sky130_fd_sc_hd__clkbuf_16)
                                                         clknet_2_0__leaf_clk (net)
                      0.051479    0.002080    0.348849 ^ _176_/CLK (sky130_fd_sc_hd__dfstp_2)
     9    0.044583    0.105908    0.433679    0.782528 v _176_/Q (sky130_fd_sc_hd__dfstp_2)
                                                         cursor[0] (net)
                      0.105975    0.002461    0.784989 v hold25/A (sky130_fd_sc_hd__dlygate4sd3_1)
     1    0.004712    0.062696    0.589160    1.374149 v hold25/X (sky130_fd_sc_hd__dlygate4sd3_1)
                                                         net66 (net)
                      0.062696    0.000334    1.374483 v _177_/D (sky130_fd_sc_hd__dfrtp_4)
                                              1.374483   data arrival time

                                  0.000000    0.000000   clock clk (rise edge)
                                  0.000000    0.000000   clock source latency
     1    0.014807    0.072589    0.049637    0.049637 ^ clk (in)
                                                         clk (net)
                      0.072599    0.000000    0.049637 ^ clkbuf_0_clk/A (sky130_fd_sc_hd__clkbuf_16)
     4    0.043480    0.062955    0.153571    0.203207 ^ clkbuf_0_clk/X (sky130_fd_sc_hd__clkbuf_16)
                                                         clknet_0_clk (net)
                      0.063179    0.002571    0.205778 ^ clkbuf_2_3__f_clk/A (sky130_fd_sc_hd__clkbuf_16)
    11    0.032427    0.053044    0.142284    0.348062 ^ clkbuf_2_3__f_clk/X (sky130_fd_sc_hd__clkbuf_16)
                                                         clknet_2_3__leaf_clk (net)
                      0.053121    0.001978    0.350039 ^ _177_/CLK (sky130_fd_sc_hd__dfrtp_4)
                                  0.250000    0.600039   clock uncertainty
                                  0.000000    0.600039   clock reconvergence pessimism
                                 -0.047345    0.552694   library hold time
                                              0.552694   data required time
---------------------------------------------------------------------------------------------
                                              0.552694   data required time
                                             -1.374483   data arrival time
---------------------------------------------------------------------------------------------
                                              0.821788   slack (MET)


Startpoint: _179_ (rising edge-triggered flip-flop clocked by clk)
Endpoint: _180_ (rising edge-triggered flip-flop clocked by clk)
Path Group: clk
Path Type: min

Fanout         Cap        Slew       Delay        Time   Description
---------------------------------------------------------------------------------------------
                                  0.000000    0.000000   clock clk (rise edge)
                                  0.000000    0.000000   clock source latency
     1    0.014807    0.072589    0.049637    0.049637 ^ clk (in)
                                                         clk (net)
                      0.072599    0.000000    0.049637 ^ clkbuf_0_clk/A (sky130_fd_sc_hd__clkbuf_16)
     4    0.043480    0.062955    0.153571    0.203207 ^ clkbuf_0_clk/X (sky130_fd_sc_hd__clkbuf_16)
                                                         clknet_0_clk (net)
                      0.063200    0.002729    0.205937 ^ clkbuf_2_1__f_clk/A (sky130_fd_sc_hd__clkbuf_16)
    10    0.030077    0.051017    0.140527    0.346463 ^ clkbuf_2_1__f_clk/X (sky130_fd_sc_hd__clkbuf_16)
                                                         clknet_2_1__leaf_clk (net)
                      0.051091    0.002532    0.348996 ^ _179_/CLK (sky130_fd_sc_hd__dfrtp_4)
     9    0.041958    0.144713    0.485293    0.834289 ^ _179_/Q (sky130_fd_sc_hd__dfrtp_4)
                                                         cursor[3] (net)
                      0.144722    0.001290    0.835579 ^ hold27/A (sky130_fd_sc_hd__dlygate4sd3_1)
     1    0.002505    0.050370    0.559376    1.394955 ^ hold27/X (sky130_fd_sc_hd__dlygate4sd3_1)
                                                         net68 (net)
                      0.050370    0.000174    1.395129 ^ _180_/D (sky130_fd_sc_hd__dfrtp_4)
                                              1.395129   data arrival time

                                  0.000000    0.000000   clock clk (rise edge)
                                  0.000000    0.000000   clock source latency
     1    0.014807    0.072589    0.049637    0.049637 ^ clk (in)
                                                         clk (net)
                      0.072599    0.000000    0.049637 ^ clkbuf_0_clk/A (sky130_fd_sc_hd__clkbuf_16)
     4    0.043480    0.062955    0.153571    0.203207 ^ clkbuf_0_clk/X (sky130_fd_sc_hd__clkbuf_16)
                                                         clknet_0_clk (net)
                      0.063183    0.002598    0.205806 ^ clkbuf_2_0__f_clk/A (sky130_fd_sc_hd__clkbuf_16)
    10    0.030547    0.051451    0.140963    0.346769 ^ clkbuf_2_0__f_clk/X (sky130_fd_sc_hd__clkbuf_16)
                                                         clknet_2_0__leaf_clk (net)
                      0.051457    0.000987    0.347756 ^ _180_/CLK (sky130_fd_sc_hd__dfrtp_4)
                                  0.250000    0.597756   clock uncertainty
                                  0.000000    0.597756   clock reconvergence pessimism
                                 -0.035007    0.562750   library hold time
                                              0.562750   data required time
---------------------------------------------------------------------------------------------
                                              0.562750   data required time
                                             -1.395129   data arrival time
---------------------------------------------------------------------------------------------
                                              0.832379   slack (MET)


Startpoint: _180_ (rising edge-triggered flip-flop clocked by clk)
Endpoint: _181_ (rising edge-triggered flip-flop clocked by clk)
Path Group: clk
Path Type: min

Fanout         Cap        Slew       Delay        Time   Description
---------------------------------------------------------------------------------------------
                                  0.000000    0.000000   clock clk (rise edge)
                                  0.000000    0.000000   clock source latency
     1    0.014807    0.072589    0.049637    0.049637 ^ clk (in)
                                                         clk (net)
                      0.072599    0.000000    0.049637 ^ clkbuf_0_clk/A (sky130_fd_sc_hd__clkbuf_16)
     4    0.043480    0.062955    0.153571    0.203207 ^ clkbuf_0_clk/X (sky130_fd_sc_hd__clkbuf_16)
                                                         clknet_0_clk (net)
                      0.063183    0.002598    0.205806 ^ clkbuf_2_0__f_clk/A (sky130_fd_sc_hd__clkbuf_16)
    10    0.030547    0.051451    0.140963    0.346769 ^ clkbuf_2_0__f_clk/X (sky130_fd_sc_hd__clkbuf_16)
                                                         clknet_2_0__leaf_clk (net)
                      0.051457    0.000987    0.347756 ^ _180_/CLK (sky130_fd_sc_hd__dfrtp_4)
     9    0.042544    0.145978    0.486258    0.834014 ^ _180_/Q (sky130_fd_sc_hd__dfrtp_4)
                                                         cursor[4] (net)
                      0.146000    0.001816    0.835830 ^ hold29/A (sky130_fd_sc_hd__dlygate4sd3_1)
     1    0.002954    0.054212    0.563842    1.399672 ^ hold29/X (sky130_fd_sc_hd__dlygate4sd3_1)
                                                         net70 (net)
                      0.054212    0.000188    1.399860 ^ _181_/D (sky130_fd_sc_hd__dfrtp_4)
                                              1.399860   data arrival time

                                  0.000000    0.000000   clock clk (rise edge)
                                  0.000000    0.000000   clock source latency
     1    0.014807    0.072589    0.049637    0.049637 ^ clk (in)
                                                         clk (net)
                      0.072599    0.000000    0.049637 ^ clkbuf_0_clk/A (sky130_fd_sc_hd__clkbuf_16)
     4    0.043480    0.062955    0.153571    0.203207 ^ clkbuf_0_clk/X (sky130_fd_sc_hd__clkbuf_16)
                                                         clknet_0_clk (net)
                      0.063183    0.002598    0.205806 ^ clkbuf_2_0__f_clk/A (sky130_fd_sc_hd__clkbuf_16)
    10    0.030547    0.051451    0.140963    0.346769 ^ clkbuf_2_0__f_clk/X (sky130_fd_sc_hd__clkbuf_16)
                                                         clknet_2_0__leaf_clk (net)
                      0.051458    0.001033    0.347803 ^ _181_/CLK (sky130_fd_sc_hd__dfrtp_4)
                                  0.250000    0.597803   clock uncertainty
                                  0.000000    0.597803   clock reconvergence pessimism
                                 -0.035811    0.561991   library hold time
                                              0.561991   data required time
---------------------------------------------------------------------------------------------
                                              0.561991   data required time
                                             -1.399860   data arrival time
---------------------------------------------------------------------------------------------
                                              0.837869   slack (MET)


Startpoint: _177_ (rising edge-triggered flip-flop clocked by clk)
Endpoint: _178_ (rising edge-triggered flip-flop clocked by clk)
Path Group: clk
Path Type: min

Fanout         Cap        Slew       Delay        Time   Description
---------------------------------------------------------------------------------------------
                                  0.000000    0.000000   clock clk (rise edge)
                                  0.000000    0.000000   clock source latency
     1    0.014807    0.072589    0.049637    0.049637 ^ clk (in)
                                                         clk (net)
                      0.072599    0.000000    0.049637 ^ clkbuf_0_clk/A (sky130_fd_sc_hd__clkbuf_16)
     4    0.043480    0.062955    0.153571    0.203207 ^ clkbuf_0_clk/X (sky130_fd_sc_hd__clkbuf_16)
                                                         clknet_0_clk (net)
                      0.063179    0.002571    0.205778 ^ clkbuf_2_3__f_clk/A (sky130_fd_sc_hd__clkbuf_16)
    11    0.032427    0.053044    0.142284    0.348062 ^ clkbuf_2_3__f_clk/X (sky130_fd_sc_hd__clkbuf_16)
                                                         clknet_2_3__leaf_clk (net)
                      0.053121    0.001978    0.350039 ^ _177_/CLK (sky130_fd_sc_hd__dfrtp_4)
     9    0.041698    0.143966    0.484229    0.834268 ^ _177_/Q (sky130_fd_sc_hd__dfrtp_4)
                                                         cursor[1] (net)
                      0.143983    0.001716    0.835984 ^ hold28/A (sky130_fd_sc_hd__dlygate4sd3_1)
     1    0.003462    0.058618    0.568036    1.404021 ^ hold28/X (sky130_fd_sc_hd__dlygate4sd3_1)
                                                         net69 (net)
                      0.058618    0.000218    1.404239 ^ _178_/D (sky130_fd_sc_hd__dfrtp_4)
                                              1.404239   data arrival time

                                  0.000000    0.000000   clock clk (rise edge)
                                  0.000000    0.000000   clock source latency
     1    0.014807    0.072589    0.049637    0.049637 ^ clk (in)
                                                         clk (net)
                      0.072599    0.000000    0.049637 ^ clkbuf_0_clk/A (sky130_fd_sc_hd__clkbuf_16)
     4    0.043480    0.062955    0.153571    0.203207 ^ clkbuf_0_clk/X (sky130_fd_sc_hd__clkbuf_16)
                                                         clknet_0_clk (net)
                      0.063179    0.002571    0.205778 ^ clkbuf_2_3__f_clk/A (sky130_fd_sc_hd__clkbuf_16)
    11    0.032427    0.053044    0.142284    0.348062 ^ clkbuf_2_3__f_clk/X (sky130_fd_sc_hd__clkbuf_16)
                                                         clknet_2_3__leaf_clk (net)
                      0.053089    0.001665    0.349727 ^ _178_/CLK (sky130_fd_sc_hd__dfrtp_4)
                                  0.250000    0.599727   clock uncertainty
                                  0.000000    0.599727   clock reconvergence pessimism
                                 -0.036511    0.563217   library hold time
                                              0.563217   data required time
---------------------------------------------------------------------------------------------
                                              0.563217   data required time
                                             -1.404239   data arrival time
---------------------------------------------------------------------------------------------
                                              0.841022   slack (MET)


Startpoint: _181_ (rising edge-triggered flip-flop clocked by clk)
Endpoint: _176_ (rising edge-triggered flip-flop clocked by clk)
Path Group: clk
Path Type: min

Fanout         Cap        Slew       Delay        Time   Description
---------------------------------------------------------------------------------------------
                                  0.000000    0.000000   clock clk (rise edge)
                                  0.000000    0.000000   clock source latency
     1    0.014807    0.072589    0.049637    0.049637 ^ clk (in)
                                                         clk (net)
                      0.072599    0.000000    0.049637 ^ clkbuf_0_clk/A (sky130_fd_sc_hd__clkbuf_16)
     4    0.043480    0.062955    0.153571    0.203207 ^ clkbuf_0_clk/X (sky130_fd_sc_hd__clkbuf_16)
                                                         clknet_0_clk (net)
                      0.063183    0.002598    0.205806 ^ clkbuf_2_0__f_clk/A (sky130_fd_sc_hd__clkbuf_16)
    10    0.030547    0.051451    0.140963    0.346769 ^ clkbuf_2_0__f_clk/X (sky130_fd_sc_hd__clkbuf_16)
                                                         clknet_2_0__leaf_clk (net)
                      0.051458    0.001033    0.347803 ^ _181_/CLK (sky130_fd_sc_hd__dfrtp_4)
     9    0.042798    0.147033    0.486966    0.834769 ^ _181_/Q (sky130_fd_sc_hd__dfrtp_4)
                                                         cursor[5] (net)
                      0.147076    0.002415    0.837184 ^ hold30/A (sky130_fd_sc_hd__dlygate4sd3_1)
     1    0.004356    0.066579    0.575553    1.412737 ^ hold30/X (sky130_fd_sc_hd__dlygate4sd3_1)
                                                         net71 (net)
                      0.066579    0.000280    1.413017 ^ _176_/D (sky130_fd_sc_hd__dfstp_2)
                                              1.413017   data arrival time

                                  0.000000    0.000000   clock clk (rise edge)
                                  0.000000    0.000000   clock source latency
     1    0.014807    0.072589    0.049637    0.049637 ^ clk (in)
                                                         clk (net)
                      0.072599    0.000000    0.049637 ^ clkbuf_0_clk/A (sky130_fd_sc_hd__clkbuf_16)
     4    0.043480    0.062955    0.153571    0.203207 ^ clkbuf_0_clk/X (sky130_fd_sc_hd__clkbuf_16)
                                                         clknet_0_clk (net)
                      0.063183    0.002598    0.205806 ^ clkbuf_2_0__f_clk/A (sky130_fd_sc_hd__clkbuf_16)
    10    0.030547    0.051451    0.140963    0.346769 ^ clkbuf_2_0__f_clk/X (sky130_fd_sc_hd__clkbuf_16)
                                                         clknet_2_0__leaf_clk (net)
                      0.051479    0.002080    0.348849 ^ _176_/CLK (sky130_fd_sc_hd__dfstp_2)
                                  0.250000    0.598849   clock uncertainty
                                  0.000000    0.598849   clock reconvergence pessimism
                                 -0.035689    0.563159   library hold time
                                              0.563159   data required time
---------------------------------------------------------------------------------------------
                                              0.563159   data required time
                                             -1.413017   data arrival time
---------------------------------------------------------------------------------------------
                                              0.849858   slack (MET)


Startpoint: _178_ (rising edge-triggered flip-flop clocked by clk)
Endpoint: _179_ (rising edge-triggered flip-flop clocked by clk)
Path Group: clk
Path Type: min

Fanout         Cap        Slew       Delay        Time   Description
---------------------------------------------------------------------------------------------
                                  0.000000    0.000000   clock clk (rise edge)
                                  0.000000    0.000000   clock source latency
     1    0.014807    0.072589    0.049637    0.049637 ^ clk (in)
                                                         clk (net)
                      0.072599    0.000000    0.049637 ^ clkbuf_0_clk/A (sky130_fd_sc_hd__clkbuf_16)
     4    0.043480    0.062955    0.153571    0.203207 ^ clkbuf_0_clk/X (sky130_fd_sc_hd__clkbuf_16)
                                                         clknet_0_clk (net)
                      0.063179    0.002571    0.205778 ^ clkbuf_2_3__f_clk/A (sky130_fd_sc_hd__clkbuf_16)
    11    0.032427    0.053044    0.142284    0.348062 ^ clkbuf_2_3__f_clk/X (sky130_fd_sc_hd__clkbuf_16)
                                                         clknet_2_3__leaf_clk (net)
                      0.053089    0.001665    0.349727 ^ _178_/CLK (sky130_fd_sc_hd__dfrtp_4)
     9    0.042035    0.144987    0.486050    0.835777 ^ _178_/Q (sky130_fd_sc_hd__dfrtp_4)
                                                         cursor[2] (net)
                      0.145003    0.001581    0.837358 ^ hold31/A (sky130_fd_sc_hd__dlygate4sd3_1)
     1    0.004623    0.068835    0.577143    1.414501 ^ hold31/X (sky130_fd_sc_hd__dlygate4sd3_1)
                                                         net72 (net)
                      0.068835    0.000339    1.414841 ^ _179_/D (sky130_fd_sc_hd__dfrtp_4)
                                              1.414841   data arrival time

                                  0.000000    0.000000   clock clk (rise edge)
                                  0.000000    0.000000   clock source latency
     1    0.014807    0.072589    0.049637    0.049637 ^ clk (in)
                                                         clk (net)
                      0.072599    0.000000    0.049637 ^ clkbuf_0_clk/A (sky130_fd_sc_hd__clkbuf_16)
     4    0.043480    0.062955    0.153571    0.203207 ^ clkbuf_0_clk/X (sky130_fd_sc_hd__clkbuf_16)
                                                         clknet_0_clk (net)
                      0.063200    0.002729    0.205937 ^ clkbuf_2_1__f_clk/A (sky130_fd_sc_hd__clkbuf_16)
    10    0.030077    0.051017    0.140527    0.346463 ^ clkbuf_2_1__f_clk/X (sky130_fd_sc_hd__clkbuf_16)
                                                         clknet_2_1__leaf_clk (net)
                      0.051091    0.002532    0.348996 ^ _179_/CLK (sky130_fd_sc_hd__dfrtp_4)
                                  0.250000    0.598996   clock uncertainty
                                  0.000000    0.598996   clock reconvergence pessimism
                                 -0.038924    0.560072   library hold time
                                              0.560072   data required time
---------------------------------------------------------------------------------------------
                                              0.560072   data required time
                                             -1.414841   data arrival time
---------------------------------------------------------------------------------------------
                                              0.854769   slack (MET)


Startpoint: reset (input port clocked by clk)
Endpoint: _154_ (removal check against rising-edge clock clk)
Path Group: asynchronous
Path Type: min

Fanout         Cap        Slew       Delay        Time   Description
---------------------------------------------------------------------------------------------
                                  0.000000    0.000000   clock clk (rise edge)
                                  0.000000    0.000000   clock network delay (propagated)
                                  5.000000    5.000000 v input external delay
     1    0.002769    0.008543    0.004421    5.004421 v reset (in)
                                                         reset (net)
                      0.008549    0.000000    5.004421 v input2/A (sky130_fd_sc_hd__buf_1)
     3    0.016770    0.102239    0.132828    5.137249 v input2/X (sky130_fd_sc_hd__buf_1)
                                                         net2 (net)
                      0.102244    0.000842    5.138091 v fanout36/A (sky130_fd_sc_hd__buf_4)
    10    0.058737    0.083819    0.216846    5.354937 v fanout36/X (sky130_fd_sc_hd__buf_4)
                                                         net36 (net)
                      0.084010    0.002525    5.357462 v _118_/A (sky130_fd_sc_hd__inv_2)
     1    0.003946    0.034115    0.058738    5.416200 ^ _118_/Y (sky130_fd_sc_hd__inv_2)
                                                         _005_ (net)
                      0.034116    0.000210    5.416410 ^ _154_/RESET_B (sky130_fd_sc_hd__dfrtp_1)
                                              5.416410   data arrival time

                                  0.000000    0.000000   clock clk (rise edge)
                                  0.000000    0.000000   clock source latency
     1    0.014807    0.072589    0.049637    0.049637 ^ clk (in)
                                                         clk (net)
                      0.072599    0.000000    0.049637 ^ clkbuf_0_clk/A (sky130_fd_sc_hd__clkbuf_16)
     4    0.043480    0.062955    0.153571    0.203207 ^ clkbuf_0_clk/X (sky130_fd_sc_hd__clkbuf_16)
                                                         clknet_0_clk (net)
                      0.063200    0.002729    0.205937 ^ clkbuf_2_1__f_clk/A (sky130_fd_sc_hd__clkbuf_16)
    10    0.030077    0.051017    0.140527    0.346463 ^ clkbuf_2_1__f_clk/X (sky130_fd_sc_hd__clkbuf_16)
                                                         clknet_2_1__leaf_clk (net)
                      0.051078    0.002412    0.348875 ^ _154_/CLK (sky130_fd_sc_hd__dfrtp_1)
                                  0.250000    0.598875   clock uncertainty
                                  0.000000    0.598875   clock reconvergence pessimism
                                  0.318911    0.917786   library removal time
                                              0.917786   data required time
---------------------------------------------------------------------------------------------
                                              0.917786   data required time
                                             -5.416410   data arrival time
---------------------------------------------------------------------------------------------
                                              4.498624   slack (MET)


Startpoint: reset (input port clocked by clk)
Endpoint: _168_ (removal check against rising-edge clock clk)
Path Group: asynchronous
Path Type: min

Fanout         Cap        Slew       Delay        Time   Description
---------------------------------------------------------------------------------------------
                                  0.000000    0.000000   clock clk (rise edge)
                                  0.000000    0.000000   clock network delay (propagated)
                                  5.000000    5.000000 v input external delay
     1    0.002769    0.008543    0.004421    5.004421 v reset (in)
                                                         reset (net)
                      0.008549    0.000000    5.004421 v input2/A (sky130_fd_sc_hd__buf_1)
     3    0.016770    0.102239    0.132828    5.137249 v input2/X (sky130_fd_sc_hd__buf_1)
                                                         net2 (net)
                      0.102244    0.000842    5.138091 v fanout36/A (sky130_fd_sc_hd__buf_4)
    10    0.058737    0.083819    0.216846    5.354937 v fanout36/X (sky130_fd_sc_hd__buf_4)
                                                         net36 (net)
                      0.084368    0.005019    5.359956 v _132_/A (sky130_fd_sc_hd__inv_2)
     1    0.004365    0.035769    0.060881    5.420837 ^ _132_/Y (sky130_fd_sc_hd__inv_2)
                                                         _019_ (net)
                      0.035769    0.000114    5.420951 ^ _168_/RESET_B (sky130_fd_sc_hd__dfrtp_1)
                                              5.420951   data arrival time

                                  0.000000    0.000000   clock clk (rise edge)
                                  0.000000    0.000000   clock source latency
     1    0.014807    0.072589    0.049637    0.049637 ^ clk (in)
                                                         clk (net)
                      0.072599    0.000000    0.049637 ^ clkbuf_0_clk/A (sky130_fd_sc_hd__clkbuf_16)
     4    0.043480    0.062955    0.153571    0.203207 ^ clkbuf_0_clk/X (sky130_fd_sc_hd__clkbuf_16)
                                                         clknet_0_clk (net)
                      0.063179    0.002571    0.205778 ^ clkbuf_2_3__f_clk/A (sky130_fd_sc_hd__clkbuf_16)
    11    0.032427    0.053044    0.142284    0.348062 ^ clkbuf_2_3__f_clk/X (sky130_fd_sc_hd__clkbuf_16)
                                                         clknet_2_3__leaf_clk (net)
                      0.053080    0.001578    0.349640 ^ _168_/CLK (sky130_fd_sc_hd__dfrtp_1)
                                  0.250000    0.599640   clock uncertainty
                                  0.000000    0.599640   clock reconvergence pessimism
                                  0.319912    0.919552   library removal time
                                              0.919552   data required time
---------------------------------------------------------------------------------------------
                                              0.919552   data required time
                                             -5.420951   data arrival time
---------------------------------------------------------------------------------------------
                                              4.501399   slack (MET)


Startpoint: reset (input port clocked by clk)
Endpoint: _167_ (removal check against rising-edge clock clk)
Path Group: asynchronous
Path Type: min

Fanout         Cap        Slew       Delay        Time   Description
---------------------------------------------------------------------------------------------
                                  0.000000    0.000000   clock clk (rise edge)
                                  0.000000    0.000000   clock network delay (propagated)
                                  5.000000    5.000000 v input external delay
     1    0.002769    0.008543    0.004421    5.004421 v reset (in)
                                                         reset (net)
                      0.008549    0.000000    5.004421 v input2/A (sky130_fd_sc_hd__buf_1)
     3    0.016770    0.102239    0.132828    5.137249 v input2/X (sky130_fd_sc_hd__buf_1)
                                                         net2 (net)
                      0.102244    0.000842    5.138091 v fanout36/A (sky130_fd_sc_hd__buf_4)
    10    0.058737    0.083819    0.216846    5.354937 v fanout36/X (sky130_fd_sc_hd__buf_4)
                                                         net36 (net)
                      0.084366    0.005008    5.359945 v _131_/A (sky130_fd_sc_hd__inv_2)
     1    0.004530    0.036321    0.061404    5.421350 ^ _131_/Y (sky130_fd_sc_hd__inv_2)
                                                         _018_ (net)
                      0.036321    0.000255    5.421605 ^ _167_/RESET_B (sky130_fd_sc_hd__dfrtp_1)
                                              5.421605   data arrival time

                                  0.000000    0.000000   clock clk (rise edge)
                                  0.000000    0.000000   clock source latency
     1    0.014807    0.072589    0.049637    0.049637 ^ clk (in)
                                                         clk (net)
                      0.072599    0.000000    0.049637 ^ clkbuf_0_clk/A (sky130_fd_sc_hd__clkbuf_16)
     4    0.043480    0.062955    0.153571    0.203207 ^ clkbuf_0_clk/X (sky130_fd_sc_hd__clkbuf_16)
                                                         clknet_0_clk (net)
                      0.063179    0.002571    0.205778 ^ clkbuf_2_3__f_clk/A (sky130_fd_sc_hd__clkbuf_16)
    11    0.032427    0.053044    0.142284    0.348062 ^ clkbuf_2_3__f_clk/X (sky130_fd_sc_hd__clkbuf_16)
                                                         clknet_2_3__leaf_clk (net)
                      0.053122    0.001982    0.350044 ^ _167_/CLK (sky130_fd_sc_hd__dfrtp_1)
                                  0.250000    0.600044   clock uncertainty
                                  0.000000    0.600044   clock reconvergence pessimism
                                  0.320075    0.920119   library removal time
                                              0.920119   data required time
---------------------------------------------------------------------------------------------
                                              0.920119   data required time
                                             -5.421605   data arrival time
---------------------------------------------------------------------------------------------
                                              4.501485   slack (MET)


Startpoint: reset (input port clocked by clk)
Endpoint: _153_ (removal check against rising-edge clock clk)
Path Group: asynchronous
Path Type: min

Fanout         Cap        Slew       Delay        Time   Description
---------------------------------------------------------------------------------------------
                                  0.000000    0.000000   clock clk (rise edge)
                                  0.000000    0.000000   clock network delay (propagated)
                                  5.000000    5.000000 v input external delay
     1    0.002769    0.008543    0.004421    5.004421 v reset (in)
                                                         reset (net)
                      0.008549    0.000000    5.004421 v input2/A (sky130_fd_sc_hd__buf_1)
     3    0.016770    0.102239    0.132828    5.137249 v input2/X (sky130_fd_sc_hd__buf_1)
                                                         net2 (net)
                      0.102244    0.000842    5.138091 v fanout36/A (sky130_fd_sc_hd__buf_4)
    10    0.058737    0.083819    0.216846    5.354937 v fanout36/X (sky130_fd_sc_hd__buf_4)
                                                         net36 (net)
                      0.084008    0.002512    5.357449 v _117_/A (sky130_fd_sc_hd__inv_2)
     1    0.005001    0.037845    0.062926    5.420375 ^ _117_/Y (sky130_fd_sc_hd__inv_2)
                                                         _004_ (net)
                      0.037845    0.000144    5.420519 ^ _153_/RESET_B (sky130_fd_sc_hd__dfrtp_1)
                                              5.420519   data arrival time

                                  0.000000    0.000000   clock clk (rise edge)
                                  0.000000    0.000000   clock source latency
     1    0.014807    0.072589    0.049637    0.049637 ^ clk (in)
                                                         clk (net)
                      0.072599    0.000000    0.049637 ^ clkbuf_0_clk/A (sky130_fd_sc_hd__clkbuf_16)
     4    0.043480    0.062955    0.153571    0.203207 ^ clkbuf_0_clk/X (sky130_fd_sc_hd__clkbuf_16)
                                                         clknet_0_clk (net)
                      0.063200    0.002729    0.205937 ^ clkbuf_2_1__f_clk/A (sky130_fd_sc_hd__clkbuf_16)
    10    0.030077    0.051017    0.140527    0.346463 ^ clkbuf_2_1__f_clk/X (sky130_fd_sc_hd__clkbuf_16)
                                                         clknet_2_1__leaf_clk (net)
                      0.051059    0.002224    0.348687 ^ _153_/CLK (sky130_fd_sc_hd__dfrtp_1)
                                  0.250000    0.598687   clock uncertainty
                                  0.000000    0.598687   clock reconvergence pessimism
                                  0.319932    0.918619   library removal time
                                              0.918619   data required time
---------------------------------------------------------------------------------------------
                                              0.918619   data required time
                                             -5.420519   data arrival time
---------------------------------------------------------------------------------------------
                                              4.501899   slack (MET)


Startpoint: reset (input port clocked by clk)
Endpoint: _149_ (removal check against rising-edge clock clk)
Path Group: asynchronous
Path Type: min

Fanout         Cap        Slew       Delay        Time   Description
---------------------------------------------------------------------------------------------
                                  0.000000    0.000000   clock clk (rise edge)
                                  0.000000    0.000000   clock network delay (propagated)
                                  5.000000    5.000000 v input external delay
     1    0.002769    0.008543    0.004421    5.004421 v reset (in)
                                                         reset (net)
                      0.008549    0.000000    5.004421 v input2/A (sky130_fd_sc_hd__buf_1)
     3    0.016770    0.102239    0.132828    5.137249 v input2/X (sky130_fd_sc_hd__buf_1)
                                                         net2 (net)
                      0.102244    0.000842    5.138091 v fanout36/A (sky130_fd_sc_hd__buf_4)
    10    0.058737    0.083819    0.216846    5.354937 v fanout36/X (sky130_fd_sc_hd__buf_4)
                                                         net36 (net)
                      0.084096    0.003316    5.358253 v _051_/A (sky130_fd_sc_hd__inv_2)
     1    0.004476    0.036078    0.061124    5.419377 ^ _051_/Y (sky130_fd_sc_hd__inv_2)
                                                         _000_ (net)
                      0.036078    0.000239    5.419616 ^ _149_/RESET_B (sky130_fd_sc_hd__dfrtp_1)
                                              5.419616   data arrival time

                                  0.000000    0.000000   clock clk (rise edge)
                                  0.000000    0.000000   clock source latency
     1    0.014807    0.072589    0.049637    0.049637 ^ clk (in)
                                                         clk (net)
                      0.072599    0.000000    0.049637 ^ clkbuf_0_clk/A (sky130_fd_sc_hd__clkbuf_16)
     4    0.043480    0.062955    0.153571    0.203207 ^ clkbuf_0_clk/X (sky130_fd_sc_hd__clkbuf_16)
                                                         clknet_0_clk (net)
                      0.063200    0.002729    0.205937 ^ clkbuf_2_1__f_clk/A (sky130_fd_sc_hd__clkbuf_16)
    10    0.030077    0.051017    0.140527    0.346463 ^ clkbuf_2_1__f_clk/X (sky130_fd_sc_hd__clkbuf_16)
                                                         clknet_2_1__leaf_clk (net)
                      0.051035    0.001349    0.347812 ^ _149_/CLK (sky130_fd_sc_hd__dfrtp_1)
                                  0.250000    0.597812   clock uncertainty
                                  0.000000    0.597812   clock reconvergence pessimism
                                  0.319439    0.917251   library removal time
                                              0.917251   data required time
---------------------------------------------------------------------------------------------
                                              0.917251   data required time
                                             -5.419616   data arrival time
---------------------------------------------------------------------------------------------
                                              4.502365   slack (MET)


Startpoint: reset (input port clocked by clk)
Endpoint: _151_ (removal check against rising-edge clock clk)
Path Group: asynchronous
Path Type: min

Fanout         Cap        Slew       Delay        Time   Description
---------------------------------------------------------------------------------------------
                                  0.000000    0.000000   clock clk (rise edge)
                                  0.000000    0.000000   clock network delay (propagated)
                                  5.000000    5.000000 v input external delay
     1    0.002769    0.008543    0.004421    5.004421 v reset (in)
                                                         reset (net)
                      0.008549    0.000000    5.004421 v input2/A (sky130_fd_sc_hd__buf_1)
     3    0.016770    0.102239    0.132828    5.137249 v input2/X (sky130_fd_sc_hd__buf_1)
                                                         net2 (net)
                      0.102244    0.000842    5.138091 v fanout36/A (sky130_fd_sc_hd__buf_4)
    10    0.058737    0.083819    0.216846    5.354937 v fanout36/X (sky130_fd_sc_hd__buf_4)
                                                         net36 (net)
                      0.084776    0.006818    5.361755 v _115_/A (sky130_fd_sc_hd__inv_2)
     1    0.003937    0.034244    0.058970    5.420725 ^ _115_/Y (sky130_fd_sc_hd__inv_2)
                                                         _002_ (net)
                      0.034244    0.000210    5.420935 ^ _151_/RESET_B (sky130_fd_sc_hd__dfrtp_1)
                                              5.420935   data arrival time

                                  0.000000    0.000000   clock clk (rise edge)
                                  0.000000    0.000000   clock source latency
     1    0.014807    0.072589    0.049637    0.049637 ^ clk (in)
                                                         clk (net)
                      0.072599    0.000000    0.049637 ^ clkbuf_0_clk/A (sky130_fd_sc_hd__clkbuf_16)
     4    0.043480    0.062955    0.153571    0.203207 ^ clkbuf_0_clk/X (sky130_fd_sc_hd__clkbuf_16)
                                                         clknet_0_clk (net)
                      0.063200    0.002729    0.205937 ^ clkbuf_2_1__f_clk/A (sky130_fd_sc_hd__clkbuf_16)
    10    0.030077    0.051017    0.140527    0.346463 ^ clkbuf_2_1__f_clk/X (sky130_fd_sc_hd__clkbuf_16)
                                                         clknet_2_1__leaf_clk (net)
                      0.051080    0.002434    0.348897 ^ _151_/CLK (sky130_fd_sc_hd__dfrtp_1)
                                  0.250000    0.598897   clock uncertainty
                                  0.000000    0.598897   clock reconvergence pessimism
                                  0.318947    0.917844   library removal time
                                              0.917844   data required time
---------------------------------------------------------------------------------------------
                                              0.917844   data required time
                                             -5.420935   data arrival time
---------------------------------------------------------------------------------------------
                                              4.503090   slack (MET)


Startpoint: reset (input port clocked by clk)
Endpoint: _152_ (removal check against rising-edge clock clk)
Path Group: asynchronous
Path Type: min

Fanout         Cap        Slew       Delay        Time   Description
---------------------------------------------------------------------------------------------
                                  0.000000    0.000000   clock clk (rise edge)
                                  0.000000    0.000000   clock network delay (propagated)
                                  5.000000    5.000000 v input external delay
     1    0.002769    0.008543    0.004421    5.004421 v reset (in)
                                                         reset (net)
                      0.008549    0.000000    5.004421 v input2/A (sky130_fd_sc_hd__buf_1)
     3    0.016770    0.102239    0.132828    5.137249 v input2/X (sky130_fd_sc_hd__buf_1)
                                                         net2 (net)
                      0.102244    0.000842    5.138091 v fanout36/A (sky130_fd_sc_hd__buf_4)
    10    0.058737    0.083819    0.216846    5.354937 v fanout36/X (sky130_fd_sc_hd__buf_4)
                                                         net36 (net)
                      0.084691    0.006483    5.361420 v _116_/A (sky130_fd_sc_hd__inv_2)
     1    0.004112    0.034879    0.059761    5.421181 ^ _116_/Y (sky130_fd_sc_hd__inv_2)
                                                         _003_ (net)
                      0.034880    0.000215    5.421396 ^ _152_/RESET_B (sky130_fd_sc_hd__dfrtp_1)
                                              5.421396   data arrival time

                                  0.000000    0.000000   clock clk (rise edge)
                                  0.000000    0.000000   clock source latency
     1    0.014807    0.072589    0.049637    0.049637 ^ clk (in)
                                                         clk (net)
                      0.072599    0.000000    0.049637 ^ clkbuf_0_clk/A (sky130_fd_sc_hd__clkbuf_16)
     4    0.043480    0.062955    0.153571    0.203207 ^ clkbuf_0_clk/X (sky130_fd_sc_hd__clkbuf_16)
                                                         clknet_0_clk (net)
                      0.063200    0.002729    0.205937 ^ clkbuf_2_1__f_clk/A (sky130_fd_sc_hd__clkbuf_16)
    10    0.030077    0.051017    0.140527    0.346463 ^ clkbuf_2_1__f_clk/X (sky130_fd_sc_hd__clkbuf_16)
                                                         clknet_2_1__leaf_clk (net)
                      0.051067    0.002313    0.348776 ^ _152_/CLK (sky130_fd_sc_hd__dfrtp_1)
                                  0.250000    0.598776   clock uncertainty
                                  0.000000    0.598776   clock reconvergence pessimism
                                  0.319119    0.917895   library removal time
                                              0.917895   data required time
---------------------------------------------------------------------------------------------
                                              0.917895   data required time
                                             -5.421396   data arrival time
---------------------------------------------------------------------------------------------
                                              4.503501   slack (MET)


Startpoint: reset (input port clocked by clk)
Endpoint: _150_ (removal check against rising-edge clock clk)
Path Group: asynchronous
Path Type: min

Fanout         Cap        Slew       Delay        Time   Description
---------------------------------------------------------------------------------------------
                                  0.000000    0.000000   clock clk (rise edge)
                                  0.000000    0.000000   clock network delay (propagated)
                                  5.000000    5.000000 v input external delay
     1    0.002769    0.008543    0.004421    5.004421 v reset (in)
                                                         reset (net)
                      0.008549    0.000000    5.004421 v input2/A (sky130_fd_sc_hd__buf_1)
     3    0.016770    0.102239    0.132828    5.137249 v input2/X (sky130_fd_sc_hd__buf_1)
                                                         net2 (net)
                      0.102244    0.000842    5.138091 v fanout36/A (sky130_fd_sc_hd__buf_4)
    10    0.058737    0.083819    0.216846    5.354937 v fanout36/X (sky130_fd_sc_hd__buf_4)
                                                         net36 (net)
                      0.084380    0.005085    5.360022 v _114_/A (sky130_fd_sc_hd__inv_2)
     1    0.004284    0.035462    0.060452    5.420474 ^ _114_/Y (sky130_fd_sc_hd__inv_2)
                                                         _001_ (net)
                      0.035462    0.000227    5.420701 ^ _150_/RESET_B (sky130_fd_sc_hd__dfrtp_1)
                                              5.420701   data arrival time

                                  0.000000    0.000000   clock clk (rise edge)
                                  0.000000    0.000000   clock source latency
     1    0.014807    0.072589    0.049637    0.049637 ^ clk (in)
                                                         clk (net)
                      0.072599    0.000000    0.049637 ^ clkbuf_0_clk/A (sky130_fd_sc_hd__clkbuf_16)
     4    0.043480    0.062955    0.153571    0.203207 ^ clkbuf_0_clk/X (sky130_fd_sc_hd__clkbuf_16)
                                                         clknet_0_clk (net)
                      0.063200    0.002729    0.205937 ^ clkbuf_2_1__f_clk/A (sky130_fd_sc_hd__clkbuf_16)
    10    0.030077    0.051017    0.140527    0.346463 ^ clkbuf_2_1__f_clk/X (sky130_fd_sc_hd__clkbuf_16)
                                                         clknet_2_1__leaf_clk (net)
                      0.051035    0.001375    0.347839 ^ _150_/CLK (sky130_fd_sc_hd__dfrtp_1)
                                  0.250000    0.597839   clock uncertainty
                                  0.000000    0.597839   clock reconvergence pessimism
                                  0.319270    0.917108   library removal time
                                              0.917108   data required time
---------------------------------------------------------------------------------------------
                                              0.917108   data required time
                                             -5.420701   data arrival time
---------------------------------------------------------------------------------------------
                                              4.503592   slack (MET)


Startpoint: reset (input port clocked by clk)
Endpoint: _184_ (removal check against rising-edge clock clk)
Path Group: asynchronous
Path Type: min

Fanout         Cap        Slew       Delay        Time   Description
---------------------------------------------------------------------------------------------
                                  0.000000    0.000000   clock clk (rise edge)
                                  0.000000    0.000000   clock network delay (propagated)
                                  5.000000    5.000000 v input external delay
     1    0.002769    0.008543    0.004421    5.004421 v reset (in)
                                                         reset (net)
                      0.008549    0.000000    5.004421 v input2/A (sky130_fd_sc_hd__buf_1)
     3    0.016770    0.102239    0.132828    5.137249 v input2/X (sky130_fd_sc_hd__buf_1)
                                                         net2 (net)
                      0.102244    0.000842    5.138091 v fanout36/A (sky130_fd_sc_hd__buf_4)
    10    0.058737    0.083819    0.216846    5.354937 v fanout36/X (sky130_fd_sc_hd__buf_4)
                                                         net36 (net)
                      0.084514    0.005726    5.360663 v _148_/A (sky130_fd_sc_hd__inv_2)
     1    0.004880    0.037535    0.062649    5.423312 ^ _148_/Y (sky130_fd_sc_hd__inv_2)
                                                         _035_ (net)
                      0.037536    0.000281    5.423593 ^ _184_/RESET_B (sky130_fd_sc_hd__dfrtp_1)
                                              5.423593   data arrival time

                                  0.000000    0.000000   clock clk (rise edge)
                                  0.000000    0.000000   clock source latency
     1    0.014807    0.072589    0.049637    0.049637 ^ clk (in)
                                                         clk (net)
                      0.072599    0.000000    0.049637 ^ clkbuf_0_clk/A (sky130_fd_sc_hd__clkbuf_16)
     4    0.043480    0.062955    0.153571    0.203207 ^ clkbuf_0_clk/X (sky130_fd_sc_hd__clkbuf_16)
                                                         clknet_0_clk (net)
                      0.063200    0.002729    0.205937 ^ clkbuf_2_1__f_clk/A (sky130_fd_sc_hd__clkbuf_16)
    10    0.030077    0.051017    0.140527    0.346463 ^ clkbuf_2_1__f_clk/X (sky130_fd_sc_hd__clkbuf_16)
                                                         clknet_2_1__leaf_clk (net)
                      0.051098    0.002596    0.349059 ^ _184_/CLK (sky130_fd_sc_hd__dfrtp_1)
                                  0.250000    0.599059   clock uncertainty
                                  0.000000    0.599059   clock reconvergence pessimism
                                  0.319858    0.918917   library removal time
                                              0.918917   data required time
---------------------------------------------------------------------------------------------
                                              0.918917   data required time
                                             -5.423593   data arrival time
---------------------------------------------------------------------------------------------
                                              4.504676   slack (MET)


Startpoint: reset (input port clocked by clk)
Endpoint: _173_ (removal check against rising-edge clock clk)
Path Group: asynchronous
Path Type: min

Fanout         Cap        Slew       Delay        Time   Description
---------------------------------------------------------------------------------------------
                                  0.000000    0.000000   clock clk (rise edge)
                                  0.000000    0.000000   clock network delay (propagated)
                                  5.000000    5.000000 v input external delay
     1    0.002769    0.008543    0.004421    5.004421 v reset (in)
                                                         reset (net)
                      0.008549    0.000000    5.004421 v input2/A (sky130_fd_sc_hd__buf_1)
     3    0.016770    0.102239    0.132828    5.137249 v input2/X (sky130_fd_sc_hd__buf_1)
                                                         net2 (net)
                      0.102244    0.000842    5.138091 v fanout36/A (sky130_fd_sc_hd__buf_4)
    10    0.058737    0.083819    0.216846    5.354937 v fanout36/X (sky130_fd_sc_hd__buf_4)
                                                         net36 (net)
                      0.084606    0.006131    5.361068 v _137_/A (sky130_fd_sc_hd__inv_2)
     1    0.004406    0.035954    0.061073    5.422142 ^ _137_/Y (sky130_fd_sc_hd__inv_2)
                                                         _024_ (net)
                      0.035955    0.000240    5.422382 ^ _173_/RESET_B (sky130_fd_sc_hd__dfrtp_1)
                                              5.422382   data arrival time

                                  0.000000    0.000000   clock clk (rise edge)
                                  0.000000    0.000000   clock source latency
     1    0.014807    0.072589    0.049637    0.049637 ^ clk (in)
                                                         clk (net)
                      0.072599    0.000000    0.049637 ^ clkbuf_0_clk/A (sky130_fd_sc_hd__clkbuf_16)
     4    0.043480    0.062955    0.153571    0.203207 ^ clkbuf_0_clk/X (sky130_fd_sc_hd__clkbuf_16)
                                                         clknet_0_clk (net)
                      0.063200    0.002729    0.205937 ^ clkbuf_2_1__f_clk/A (sky130_fd_sc_hd__clkbuf_16)
    10    0.030077    0.051017    0.140527    0.346463 ^ clkbuf_2_1__f_clk/X (sky130_fd_sc_hd__clkbuf_16)
                                                         clknet_2_1__leaf_clk (net)
                      0.051035    0.001371    0.347835 ^ _173_/CLK (sky130_fd_sc_hd__dfrtp_1)
                                  0.250000    0.597835   clock uncertainty
                                  0.000000    0.597835   clock reconvergence pessimism
                                  0.319405    0.917240   library removal time
                                              0.917240   data required time
---------------------------------------------------------------------------------------------
                                              0.917240   data required time
                                             -5.422382   data arrival time
---------------------------------------------------------------------------------------------
                                              4.505142   slack (MET)


Startpoint: reset (input port clocked by clk)
Endpoint: _169_ (removal check against rising-edge clock clk)
Path Group: asynchronous
Path Type: min

Fanout         Cap        Slew       Delay        Time   Description
---------------------------------------------------------------------------------------------
                                  0.000000    0.000000   clock clk (rise edge)
                                  0.000000    0.000000   clock network delay (propagated)
                                  5.000000    5.000000 v input external delay
     1    0.002769    0.008543    0.004421    5.004421 v reset (in)
                                                         reset (net)
                      0.008549    0.000000    5.004421 v input2/A (sky130_fd_sc_hd__buf_1)
     3    0.016770    0.102239    0.132828    5.137249 v input2/X (sky130_fd_sc_hd__buf_1)
                                                         net2 (net)
                      0.102250    0.001103    5.138352 v fanout37/A (sky130_fd_sc_hd__clkbuf_4)
     8    0.048596    0.105577    0.229435    5.367787 v fanout37/X (sky130_fd_sc_hd__clkbuf_4)
                                                         net37 (net)
                      0.105625    0.002068    5.369855 v _133_/A (sky130_fd_sc_hd__inv_2)
     1    0.003933    0.038659    0.066391    5.436246 ^ _133_/Y (sky130_fd_sc_hd__inv_2)
                                                         _020_ (net)
                      0.038660    0.000210    5.436456 ^ _169_/RESET_B (sky130_fd_sc_hd__dfrtp_1)
                                              5.436456   data arrival time

                                  0.000000    0.000000   clock clk (rise edge)
                                  0.000000    0.000000   clock source latency
     1    0.014807    0.072589    0.049637    0.049637 ^ clk (in)
                                                         clk (net)
                      0.072599    0.000000    0.049637 ^ clkbuf_0_clk/A (sky130_fd_sc_hd__clkbuf_16)
     4    0.043480    0.062955    0.153571    0.203207 ^ clkbuf_0_clk/X (sky130_fd_sc_hd__clkbuf_16)
                                                         clknet_0_clk (net)
                      0.063179    0.002571    0.205778 ^ clkbuf_2_3__f_clk/A (sky130_fd_sc_hd__clkbuf_16)
    11    0.032427    0.053044    0.142284    0.348062 ^ clkbuf_2_3__f_clk/X (sky130_fd_sc_hd__clkbuf_16)
                                                         clknet_2_3__leaf_clk (net)
                      0.053129    0.002051    0.350113 ^ _169_/CLK (sky130_fd_sc_hd__dfrtp_1)
                                  0.250000    0.600113   clock uncertainty
                                  0.000000    0.600113   clock reconvergence pessimism
                                  0.320720    0.920833   library removal time
                                              0.920833   data required time
---------------------------------------------------------------------------------------------
                                              0.920833   data required time
                                             -5.436456   data arrival time
---------------------------------------------------------------------------------------------
                                              4.515623   slack (MET)


Startpoint: reset (input port clocked by clk)
Endpoint: _171_ (removal check against rising-edge clock clk)
Path Group: asynchronous
Path Type: min

Fanout         Cap        Slew       Delay        Time   Description
---------------------------------------------------------------------------------------------
                                  0.000000    0.000000   clock clk (rise edge)
                                  0.000000    0.000000   clock network delay (propagated)
                                  5.000000    5.000000 v input external delay
     1    0.002769    0.008543    0.004421    5.004421 v reset (in)
                                                         reset (net)
                      0.008549    0.000000    5.004421 v input2/A (sky130_fd_sc_hd__buf_1)
     3    0.016770    0.102239    0.132828    5.137249 v input2/X (sky130_fd_sc_hd__buf_1)
                                                         net2 (net)
                      0.102250    0.001103    5.138352 v fanout37/A (sky130_fd_sc_hd__clkbuf_4)
     8    0.048596    0.105577    0.229435    5.367787 v fanout37/X (sky130_fd_sc_hd__clkbuf_4)
                                                         net37 (net)
                      0.105606    0.001659    5.369446 v _135_/A (sky130_fd_sc_hd__inv_2)
     1    0.004294    0.040175    0.068336    5.437783 ^ _135_/Y (sky130_fd_sc_hd__inv_2)
                                                         _022_ (net)
                      0.040176    0.000228    5.438011 ^ _171_/RESET_B (sky130_fd_sc_hd__dfrtp_1)
                                              5.438011   data arrival time

                                  0.000000    0.000000   clock clk (rise edge)
                                  0.000000    0.000000   clock source latency
     1    0.014807    0.072589    0.049637    0.049637 ^ clk (in)
                                                         clk (net)
                      0.072599    0.000000    0.049637 ^ clkbuf_0_clk/A (sky130_fd_sc_hd__clkbuf_16)
     4    0.043480    0.062955    0.153571    0.203207 ^ clkbuf_0_clk/X (sky130_fd_sc_hd__clkbuf_16)
                                                         clknet_0_clk (net)
                      0.063179    0.002571    0.205778 ^ clkbuf_2_3__f_clk/A (sky130_fd_sc_hd__clkbuf_16)
    11    0.032427    0.053044    0.142284    0.348062 ^ clkbuf_2_3__f_clk/X (sky130_fd_sc_hd__clkbuf_16)
                                                         clknet_2_3__leaf_clk (net)
                      0.053155    0.002292    0.350354 ^ _171_/CLK (sky130_fd_sc_hd__dfrtp_1)
                                  0.250000    0.600354   clock uncertainty
                                  0.000000    0.600354   clock reconvergence pessimism
                                  0.321144    0.921499   library removal time
                                              0.921499   data required time
---------------------------------------------------------------------------------------------
                                              0.921499   data required time
                                             -5.438011   data arrival time
---------------------------------------------------------------------------------------------
                                              4.516512   slack (MET)


Startpoint: reset (input port clocked by clk)
Endpoint: _182_ (removal check against rising-edge clock clk)
Path Group: asynchronous
Path Type: min

Fanout         Cap        Slew       Delay        Time   Description
---------------------------------------------------------------------------------------------
                                  0.000000    0.000000   clock clk (rise edge)
                                  0.000000    0.000000   clock network delay (propagated)
                                  5.000000    5.000000 v input external delay
     1    0.002769    0.008543    0.004421    5.004421 v reset (in)
                                                         reset (net)
                      0.008549    0.000000    5.004421 v input2/A (sky130_fd_sc_hd__buf_1)
     3    0.016770    0.102239    0.132828    5.137249 v input2/X (sky130_fd_sc_hd__buf_1)
                                                         net2 (net)
                      0.102250    0.001103    5.138352 v fanout37/A (sky130_fd_sc_hd__clkbuf_4)
     8    0.048596    0.105577    0.229435    5.367787 v fanout37/X (sky130_fd_sc_hd__clkbuf_4)
                                                         net37 (net)
                      0.105617    0.001918    5.369705 v _146_/A (sky130_fd_sc_hd__inv_2)
     1    0.004232    0.039909    0.068002    5.437707 ^ _146_/Y (sky130_fd_sc_hd__inv_2)
                                                         _033_ (net)
                      0.039909    0.000223    5.437930 ^ _182_/RESET_B (sky130_fd_sc_hd__dfrtp_1)
                                              5.437930   data arrival time

                                  0.000000    0.000000   clock clk (rise edge)
                                  0.000000    0.000000   clock source latency
     1    0.014807    0.072589    0.049637    0.049637 ^ clk (in)
                                                         clk (net)
                      0.072599    0.000000    0.049637 ^ clkbuf_0_clk/A (sky130_fd_sc_hd__clkbuf_16)
     4    0.043480    0.062955    0.153571    0.203207 ^ clkbuf_0_clk/X (sky130_fd_sc_hd__clkbuf_16)
                                                         clknet_0_clk (net)
                      0.063179    0.002571    0.205778 ^ clkbuf_2_3__f_clk/A (sky130_fd_sc_hd__clkbuf_16)
    11    0.032427    0.053044    0.142284    0.348062 ^ clkbuf_2_3__f_clk/X (sky130_fd_sc_hd__clkbuf_16)
                                                         clknet_2_3__leaf_clk (net)
                      0.053133    0.002091    0.350153 ^ _182_/CLK (sky130_fd_sc_hd__dfrtp_1)
                                  0.250000    0.600153   clock uncertainty
                                  0.000000    0.600153   clock reconvergence pessimism
                                  0.321065    0.921218   library removal time
                                              0.921218   data required time
---------------------------------------------------------------------------------------------
                                              0.921218   data required time
                                             -5.437930   data arrival time
---------------------------------------------------------------------------------------------
                                              4.516712   slack (MET)


Startpoint: reset (input port clocked by clk)
Endpoint: _178_ (removal check against rising-edge clock clk)
Path Group: asynchronous
Path Type: min

Fanout         Cap        Slew       Delay        Time   Description
---------------------------------------------------------------------------------------------
                                  0.000000    0.000000   clock clk (rise edge)
                                  0.000000    0.000000   clock network delay (propagated)
                                  5.000000    5.000000 v input external delay
     1    0.002769    0.008543    0.004421    5.004421 v reset (in)
                                                         reset (net)
                      0.008549    0.000000    5.004421 v input2/A (sky130_fd_sc_hd__buf_1)
     3    0.016770    0.102239    0.132828    5.137249 v input2/X (sky130_fd_sc_hd__buf_1)
                                                         net2 (net)
                      0.102250    0.001103    5.138352 v fanout37/A (sky130_fd_sc_hd__clkbuf_4)
     8    0.048596    0.105577    0.229435    5.367787 v fanout37/X (sky130_fd_sc_hd__clkbuf_4)
                                                         net37 (net)
                      0.105623    0.002035    5.369822 v _142_/A (sky130_fd_sc_hd__inv_2)
     1    0.004145    0.039544    0.067535    5.437357 ^ _142_/Y (sky130_fd_sc_hd__inv_2)
                                                         _029_ (net)
                      0.039545    0.000221    5.437578 ^ _178_/RESET_B (sky130_fd_sc_hd__dfrtp_4)
                                              5.437578   data arrival time

                                  0.000000    0.000000   clock clk (rise edge)
                                  0.000000    0.000000   clock source latency
     1    0.014807    0.072589    0.049637    0.049637 ^ clk (in)
                                                         clk (net)
                      0.072599    0.000000    0.049637 ^ clkbuf_0_clk/A (sky130_fd_sc_hd__clkbuf_16)
     4    0.043480    0.062955    0.153571    0.203207 ^ clkbuf_0_clk/X (sky130_fd_sc_hd__clkbuf_16)
                                                         clknet_0_clk (net)
                      0.063179    0.002571    0.205778 ^ clkbuf_2_3__f_clk/A (sky130_fd_sc_hd__clkbuf_16)
    11    0.032427    0.053044    0.142284    0.348062 ^ clkbuf_2_3__f_clk/X (sky130_fd_sc_hd__clkbuf_16)
                                                         clknet_2_3__leaf_clk (net)
                      0.053089    0.001665    0.349727 ^ _178_/CLK (sky130_fd_sc_hd__dfrtp_4)
                                  0.250000    0.599727   clock uncertainty
                                  0.000000    0.599727   clock reconvergence pessimism
                                  0.321054    0.920781   library removal time
                                              0.920781   data required time
---------------------------------------------------------------------------------------------
                                              0.920781   data required time
                                             -5.437578   data arrival time
---------------------------------------------------------------------------------------------
                                              4.516797   slack (MET)


Startpoint: reset (input port clocked by clk)
Endpoint: _170_ (removal check against rising-edge clock clk)
Path Group: asynchronous
Path Type: min

Fanout         Cap        Slew       Delay        Time   Description
---------------------------------------------------------------------------------------------
                                  0.000000    0.000000   clock clk (rise edge)
                                  0.000000    0.000000   clock network delay (propagated)
                                  5.000000    5.000000 v input external delay
     1    0.002769    0.008543    0.004421    5.004421 v reset (in)
                                                         reset (net)
                      0.008549    0.000000    5.004421 v input2/A (sky130_fd_sc_hd__buf_1)
     3    0.016770    0.102239    0.132828    5.137249 v input2/X (sky130_fd_sc_hd__buf_1)
                                                         net2 (net)
                      0.102250    0.001103    5.138352 v fanout37/A (sky130_fd_sc_hd__clkbuf_4)
     8    0.048596    0.105577    0.229435    5.367787 v fanout37/X (sky130_fd_sc_hd__clkbuf_4)
                                                         net37 (net)
                      0.105594    0.001321    5.369108 v _134_/A (sky130_fd_sc_hd__inv_2)
     1    0.004416    0.040634    0.068919    5.438026 ^ _134_/Y (sky130_fd_sc_hd__inv_2)
                                                         _021_ (net)
                      0.040634    0.000245    5.438272 ^ _170_/RESET_B (sky130_fd_sc_hd__dfrtp_1)
                                              5.438272   data arrival time

                                  0.000000    0.000000   clock clk (rise edge)
                                  0.000000    0.000000   clock source latency
     1    0.014807    0.072589    0.049637    0.049637 ^ clk (in)
                                                         clk (net)
                      0.072599    0.000000    0.049637 ^ clkbuf_0_clk/A (sky130_fd_sc_hd__clkbuf_16)
     4    0.043480    0.062955    0.153571    0.203207 ^ clkbuf_0_clk/X (sky130_fd_sc_hd__clkbuf_16)
                                                         clknet_0_clk (net)
                      0.063179    0.002571    0.205778 ^ clkbuf_2_3__f_clk/A (sky130_fd_sc_hd__clkbuf_16)
    11    0.032427    0.053044    0.142284    0.348062 ^ clkbuf_2_3__f_clk/X (sky130_fd_sc_hd__clkbuf_16)
                                                         clknet_2_3__leaf_clk (net)
                      0.053128    0.002043    0.350105 ^ _170_/CLK (sky130_fd_sc_hd__dfrtp_1)
                                  0.250000    0.600105   clock uncertainty
                                  0.000000    0.600105   clock reconvergence pessimism
                                  0.321263    0.921368   library removal time
                                              0.921368   data required time
---------------------------------------------------------------------------------------------
                                              0.921368   data required time
                                             -5.438272   data arrival time
---------------------------------------------------------------------------------------------
                                              4.516903   slack (MET)


Startpoint: reset (input port clocked by clk)
Endpoint: _183_ (removal check against rising-edge clock clk)
Path Group: asynchronous
Path Type: min

Fanout         Cap        Slew       Delay        Time   Description
---------------------------------------------------------------------------------------------
                                  0.000000    0.000000   clock clk (rise edge)
                                  0.000000    0.000000   clock network delay (propagated)
                                  5.000000    5.000000 v input external delay
     1    0.002769    0.008543    0.004421    5.004421 v reset (in)
                                                         reset (net)
                      0.008549    0.000000    5.004421 v input2/A (sky130_fd_sc_hd__buf_1)
     3    0.016770    0.102239    0.132828    5.137249 v input2/X (sky130_fd_sc_hd__buf_1)
                                                         net2 (net)
                      0.102250    0.001103    5.138352 v fanout37/A (sky130_fd_sc_hd__clkbuf_4)
     8    0.048596    0.105577    0.229435    5.367787 v fanout37/X (sky130_fd_sc_hd__clkbuf_4)
                                                         net37 (net)
                      0.105613    0.001836    5.369624 v _147_/A (sky130_fd_sc_hd__inv_2)
     1    0.004813    0.041847    0.070366    5.439990 ^ _147_/Y (sky130_fd_sc_hd__inv_2)
                                                         _034_ (net)
                      0.041848    0.000260    5.440249 ^ _183_/RESET_B (sky130_fd_sc_hd__dfrtp_1)
                                              5.440249   data arrival time

                                  0.000000    0.000000   clock clk (rise edge)
                                  0.000000    0.000000   clock source latency
     1    0.014807    0.072589    0.049637    0.049637 ^ clk (in)
                                                         clk (net)
                      0.072599    0.000000    0.049637 ^ clkbuf_0_clk/A (sky130_fd_sc_hd__clkbuf_16)
     4    0.043480    0.062955    0.153571    0.203207 ^ clkbuf_0_clk/X (sky130_fd_sc_hd__clkbuf_16)
                                                         clknet_0_clk (net)
                      0.063179    0.002571    0.205778 ^ clkbuf_2_3__f_clk/A (sky130_fd_sc_hd__clkbuf_16)
    11    0.032427    0.053044    0.142284    0.348062 ^ clkbuf_2_3__f_clk/X (sky130_fd_sc_hd__clkbuf_16)
                                                         clknet_2_3__leaf_clk (net)
                      0.053138    0.002134    0.350196 ^ _183_/CLK (sky130_fd_sc_hd__dfrtp_1)
                                  0.250000    0.600196   clock uncertainty
                                  0.000000    0.600196   clock reconvergence pessimism
                                  0.321600    0.921795   library removal time
                                              0.921795   data required time
---------------------------------------------------------------------------------------------
                                              0.921795   data required time
                                             -5.440249   data arrival time
---------------------------------------------------------------------------------------------
                                              4.518454   slack (MET)


Startpoint: reset (input port clocked by clk)
Endpoint: _177_ (removal check against rising-edge clock clk)
Path Group: asynchronous
Path Type: min

Fanout         Cap        Slew       Delay        Time   Description
---------------------------------------------------------------------------------------------
                                  0.000000    0.000000   clock clk (rise edge)
                                  0.000000    0.000000   clock network delay (propagated)
                                  5.000000    5.000000 v input external delay
     1    0.002769    0.008543    0.004421    5.004421 v reset (in)
                                                         reset (net)
                      0.008549    0.000000    5.004421 v input2/A (sky130_fd_sc_hd__buf_1)
     3    0.016770    0.102239    0.132828    5.137249 v input2/X (sky130_fd_sc_hd__buf_1)
                                                         net2 (net)
                      0.102250    0.001103    5.138352 v fanout37/A (sky130_fd_sc_hd__clkbuf_4)
     8    0.048596    0.105577    0.229435    5.367787 v fanout37/X (sky130_fd_sc_hd__clkbuf_4)
                                                         net37 (net)
                      0.105622    0.002022    5.369810 v _141_/A (sky130_fd_sc_hd__inv_2)
     1    0.005045    0.042559    0.071210    5.441020 ^ _141_/Y (sky130_fd_sc_hd__inv_2)
                                                         _028_ (net)
                      0.042560    0.000275    5.441295 ^ _177_/RESET_B (sky130_fd_sc_hd__dfrtp_4)
                                              5.441295   data arrival time

                                  0.000000    0.000000   clock clk (rise edge)
                                  0.000000    0.000000   clock source latency
     1    0.014807    0.072589    0.049637    0.049637 ^ clk (in)
                                                         clk (net)
                      0.072599    0.000000    0.049637 ^ clkbuf_0_clk/A (sky130_fd_sc_hd__clkbuf_16)
     4    0.043480    0.062955    0.153571    0.203207 ^ clkbuf_0_clk/X (sky130_fd_sc_hd__clkbuf_16)
                                                         clknet_0_clk (net)
                      0.063179    0.002571    0.205778 ^ clkbuf_2_3__f_clk/A (sky130_fd_sc_hd__clkbuf_16)
    11    0.032427    0.053044    0.142284    0.348062 ^ clkbuf_2_3__f_clk/X (sky130_fd_sc_hd__clkbuf_16)
                                                         clknet_2_3__leaf_clk (net)
                      0.053121    0.001978    0.350039 ^ _177_/CLK (sky130_fd_sc_hd__dfrtp_4)
                                  0.250000    0.600039   clock uncertainty
                                  0.000000    0.600039   clock reconvergence pessimism
                                  0.321891    0.921931   library removal time
                                              0.921931   data required time
---------------------------------------------------------------------------------------------
                                              0.921931   data required time
                                             -5.441295   data arrival time
---------------------------------------------------------------------------------------------
                                              4.519364   slack (MET)


Startpoint: reset (input port clocked by clk)
Endpoint: _172_ (removal check against rising-edge clock clk)
Path Group: asynchronous
Path Type: min

Fanout         Cap        Slew       Delay        Time   Description
---------------------------------------------------------------------------------------------
                                  0.000000    0.000000   clock clk (rise edge)
                                  0.000000    0.000000   clock network delay (propagated)
                                  5.000000    5.000000 v input external delay
     1    0.002769    0.008543    0.004421    5.004421 v reset (in)
                                                         reset (net)
                      0.008549    0.000000    5.004421 v input2/A (sky130_fd_sc_hd__buf_1)
     3    0.016770    0.102239    0.132828    5.137249 v input2/X (sky130_fd_sc_hd__buf_1)
                                                         net2 (net)
                      0.102250    0.001103    5.138352 v fanout37/A (sky130_fd_sc_hd__clkbuf_4)
     8    0.048596    0.105577    0.229435    5.367787 v fanout37/X (sky130_fd_sc_hd__clkbuf_4)
                                                         net37 (net)
                      0.105613    0.001836    5.369624 v _136_/A (sky130_fd_sc_hd__inv_2)
     1    0.005523    0.044018    0.072939    5.442563 ^ _136_/Y (sky130_fd_sc_hd__inv_2)
                                                         _023_ (net)
                      0.044019    0.000304    5.442867 ^ _172_/RESET_B (sky130_fd_sc_hd__dfrtp_1)
                                              5.442867   data arrival time

                                  0.000000    0.000000   clock clk (rise edge)
                                  0.000000    0.000000   clock source latency
     1    0.014807    0.072589    0.049637    0.049637 ^ clk (in)
                                                         clk (net)
                      0.072599    0.000000    0.049637 ^ clkbuf_0_clk/A (sky130_fd_sc_hd__clkbuf_16)
     4    0.043480    0.062955    0.153571    0.203207 ^ clkbuf_0_clk/X (sky130_fd_sc_hd__clkbuf_16)
                                                         clknet_0_clk (net)
                      0.063179    0.002571    0.205778 ^ clkbuf_2_3__f_clk/A (sky130_fd_sc_hd__clkbuf_16)
    11    0.032427    0.053044    0.142284    0.348062 ^ clkbuf_2_3__f_clk/X (sky130_fd_sc_hd__clkbuf_16)
                                                         clknet_2_3__leaf_clk (net)
                      0.053152    0.002264    0.350326 ^ _172_/CLK (sky130_fd_sc_hd__dfrtp_1)
                                  0.250000    0.600326   clock uncertainty
                                  0.000000    0.600326   clock reconvergence pessimism
                                  0.322201    0.922527   library removal time
                                              0.922527   data required time
---------------------------------------------------------------------------------------------
                                              0.922527   data required time
                                             -5.442867   data arrival time
---------------------------------------------------------------------------------------------
                                              4.520340   slack (MET)


Startpoint: reset (input port clocked by clk)
Endpoint: _181_ (removal check against rising-edge clock clk)
Path Group: asynchronous
Path Type: min

Fanout         Cap        Slew       Delay        Time   Description
---------------------------------------------------------------------------------------------
                                  0.000000    0.000000   clock clk (rise edge)
                                  0.000000    0.000000   clock network delay (propagated)
                                  5.000000    5.000000 v input external delay
     1    0.002769    0.008543    0.004421    5.004421 v reset (in)
                                                         reset (net)
                      0.008549    0.000000    5.004421 v input2/A (sky130_fd_sc_hd__buf_1)
     3    0.016770    0.102239    0.132828    5.137249 v input2/X (sky130_fd_sc_hd__buf_1)
                                                         net2 (net)
                      0.102248    0.001018    5.138268 v fanout35/A (sky130_fd_sc_hd__clkbuf_4)
     9    0.053158    0.111186    0.234450    5.372717 v fanout35/X (sky130_fd_sc_hd__clkbuf_4)
                                                         net35 (net)
                      0.111240    0.002382    5.375099 v _145_/A (sky130_fd_sc_hd__inv_2)
     1    0.003984    0.040067    0.068679    5.443779 ^ _145_/Y (sky130_fd_sc_hd__inv_2)
                                                         _032_ (net)
                      0.040067    0.000209    5.443987 ^ _181_/RESET_B (sky130_fd_sc_hd__dfrtp_4)
                                              5.443987   data arrival time

                                  0.000000    0.000000   clock clk (rise edge)
                                  0.000000    0.000000   clock source latency
     1    0.014807    0.072589    0.049637    0.049637 ^ clk (in)
                                                         clk (net)
                      0.072599    0.000000    0.049637 ^ clkbuf_0_clk/A (sky130_fd_sc_hd__clkbuf_16)
     4    0.043480    0.062955    0.153571    0.203207 ^ clkbuf_0_clk/X (sky130_fd_sc_hd__clkbuf_16)
                                                         clknet_0_clk (net)
                      0.063183    0.002598    0.205806 ^ clkbuf_2_0__f_clk/A (sky130_fd_sc_hd__clkbuf_16)
    10    0.030547    0.051451    0.140963    0.346769 ^ clkbuf_2_0__f_clk/X (sky130_fd_sc_hd__clkbuf_16)
                                                         clknet_2_0__leaf_clk (net)
                      0.051458    0.001033    0.347803 ^ _181_/CLK (sky130_fd_sc_hd__dfrtp_4)
                                  0.250000    0.597803   clock uncertainty
                                  0.000000    0.597803   clock reconvergence pessimism
                                  0.320749    0.918551   library removal time
                                              0.918551   data required time
---------------------------------------------------------------------------------------------
                                              0.918551   data required time
                                             -5.443987   data arrival time
---------------------------------------------------------------------------------------------
                                              4.525436   slack (MET)


Startpoint: reset (input port clocked by clk)
Endpoint: _157_ (removal check against rising-edge clock clk)
Path Group: asynchronous
Path Type: min

Fanout         Cap        Slew       Delay        Time   Description
---------------------------------------------------------------------------------------------
                                  0.000000    0.000000   clock clk (rise edge)
                                  0.000000    0.000000   clock network delay (propagated)
                                  5.000000    5.000000 v input external delay
     1    0.002769    0.008543    0.004421    5.004421 v reset (in)
                                                         reset (net)
                      0.008549    0.000000    5.004421 v input2/A (sky130_fd_sc_hd__buf_1)
     3    0.016770    0.102239    0.132828    5.137249 v input2/X (sky130_fd_sc_hd__buf_1)
                                                         net2 (net)
                      0.102248    0.001018    5.138268 v fanout35/A (sky130_fd_sc_hd__clkbuf_4)
     9    0.053158    0.111186    0.234450    5.372717 v fanout35/X (sky130_fd_sc_hd__clkbuf_4)
                                                         net35 (net)
                      0.111628    0.005329    5.378046 v _121_/A (sky130_fd_sc_hd__inv_2)
     1    0.003972    0.040100    0.068752    5.446798 ^ _121_/Y (sky130_fd_sc_hd__inv_2)
                                                         _008_ (net)
                      0.040100    0.000210    5.447009 ^ _157_/RESET_B (sky130_fd_sc_hd__dfrtp_1)
                                              5.447009   data arrival time

                                  0.000000    0.000000   clock clk (rise edge)
                                  0.000000    0.000000   clock source latency
     1    0.014807    0.072589    0.049637    0.049637 ^ clk (in)
                                                         clk (net)
                      0.072599    0.000000    0.049637 ^ clkbuf_0_clk/A (sky130_fd_sc_hd__clkbuf_16)
     4    0.043480    0.062955    0.153571    0.203207 ^ clkbuf_0_clk/X (sky130_fd_sc_hd__clkbuf_16)
                                                         clknet_0_clk (net)
                      0.063181    0.002586    0.205794 ^ clkbuf_2_2__f_clk/A (sky130_fd_sc_hd__clkbuf_16)
     8    0.025924    0.047220    0.137152    0.342946 ^ clkbuf_2_2__f_clk/X (sky130_fd_sc_hd__clkbuf_16)
                                                         clknet_2_2__leaf_clk (net)
                      0.047298    0.001630    0.344575 ^ _157_/CLK (sky130_fd_sc_hd__dfrtp_1)
                                  0.250000    0.594575   clock uncertainty
                                  0.000000    0.594575   clock reconvergence pessimism
                                  0.319527    0.914102   library removal time
                                              0.914102   data required time
---------------------------------------------------------------------------------------------
                                              0.914102   data required time
                                             -5.447009   data arrival time
---------------------------------------------------------------------------------------------
                                              4.532907   slack (MET)


Startpoint: reset (input port clocked by clk)
Endpoint: _156_ (removal check against rising-edge clock clk)
Path Group: asynchronous
Path Type: min

Fanout         Cap        Slew       Delay        Time   Description
---------------------------------------------------------------------------------------------
                                  0.000000    0.000000   clock clk (rise edge)
                                  0.000000    0.000000   clock network delay (propagated)
                                  5.000000    5.000000 v input external delay
     1    0.002769    0.008543    0.004421    5.004421 v reset (in)
                                                         reset (net)
                      0.008549    0.000000    5.004421 v input2/A (sky130_fd_sc_hd__buf_1)
     3    0.016770    0.102239    0.132828    5.137249 v input2/X (sky130_fd_sc_hd__buf_1)
                                                         net2 (net)
                      0.102248    0.001018    5.138268 v fanout35/A (sky130_fd_sc_hd__clkbuf_4)
     9    0.053158    0.111186    0.234450    5.372717 v fanout35/X (sky130_fd_sc_hd__clkbuf_4)
                                                         net35 (net)
                      0.111587    0.005049    5.377767 v _120_/A (sky130_fd_sc_hd__inv_2)
     1    0.003996    0.040189    0.068925    5.446692 ^ _120_/Y (sky130_fd_sc_hd__inv_2)
                                                         _007_ (net)
                      0.040189    0.000097    5.446789 ^ _156_/RESET_B (sky130_fd_sc_hd__dfrtp_1)
                                              5.446789   data arrival time

                                  0.000000    0.000000   clock clk (rise edge)
                                  0.000000    0.000000   clock source latency
     1    0.014807    0.072589    0.049637    0.049637 ^ clk (in)
                                                         clk (net)
                      0.072599    0.000000    0.049637 ^ clkbuf_0_clk/A (sky130_fd_sc_hd__clkbuf_16)
     4    0.043480    0.062955    0.153571    0.203207 ^ clkbuf_0_clk/X (sky130_fd_sc_hd__clkbuf_16)
                                                         clknet_0_clk (net)
                      0.063181    0.002586    0.205794 ^ clkbuf_2_2__f_clk/A (sky130_fd_sc_hd__clkbuf_16)
     8    0.025924    0.047220    0.137152    0.342946 ^ clkbuf_2_2__f_clk/X (sky130_fd_sc_hd__clkbuf_16)
                                                         clknet_2_2__leaf_clk (net)
                      0.047267    0.001307    0.344252 ^ _156_/CLK (sky130_fd_sc_hd__dfrtp_1)
                                  0.250000    0.594252   clock uncertainty
                                  0.000000    0.594252   clock reconvergence pessimism
                                  0.319543    0.913795   library removal time
                                              0.913795   data required time
---------------------------------------------------------------------------------------------
                                              0.913795   data required time
                                             -5.446789   data arrival time
---------------------------------------------------------------------------------------------
                                              4.532994   slack (MET)


Startpoint: reset (input port clocked by clk)
Endpoint: _160_ (removal check against rising-edge clock clk)
Path Group: asynchronous
Path Type: min

Fanout         Cap        Slew       Delay        Time   Description
---------------------------------------------------------------------------------------------
                                  0.000000    0.000000   clock clk (rise edge)
                                  0.000000    0.000000   clock network delay (propagated)
                                  5.000000    5.000000 v input external delay
     1    0.002769    0.008543    0.004421    5.004421 v reset (in)
                                                         reset (net)
                      0.008549    0.000000    5.004421 v input2/A (sky130_fd_sc_hd__buf_1)
     3    0.016770    0.102239    0.132828    5.137249 v input2/X (sky130_fd_sc_hd__buf_1)
                                                         net2 (net)
                      0.102248    0.001018    5.138268 v fanout35/A (sky130_fd_sc_hd__clkbuf_4)
     9    0.053158    0.111186    0.234450    5.372717 v fanout35/X (sky130_fd_sc_hd__clkbuf_4)
                                                         net35 (net)
                      0.111476    0.004183    5.376900 v _124_/A (sky130_fd_sc_hd__inv_2)
     1    0.004326    0.041607    0.070736    5.447637 ^ _124_/Y (sky130_fd_sc_hd__inv_2)
                                                         _011_ (net)
                      0.041607    0.000110    5.447747 ^ _160_/RESET_B (sky130_fd_sc_hd__dfrtp_1)
                                              5.447747   data arrival time

                                  0.000000    0.000000   clock clk (rise edge)
                                  0.000000    0.000000   clock source latency
     1    0.014807    0.072589    0.049637    0.049637 ^ clk (in)
                                                         clk (net)
                      0.072599    0.000000    0.049637 ^ clkbuf_0_clk/A (sky130_fd_sc_hd__clkbuf_16)
     4    0.043480    0.062955    0.153571    0.203207 ^ clkbuf_0_clk/X (sky130_fd_sc_hd__clkbuf_16)
                                                         clknet_0_clk (net)
                      0.063181    0.002586    0.205794 ^ clkbuf_2_2__f_clk/A (sky130_fd_sc_hd__clkbuf_16)
     8    0.025924    0.047220    0.137152    0.342946 ^ clkbuf_2_2__f_clk/X (sky130_fd_sc_hd__clkbuf_16)
                                                         clknet_2_2__leaf_clk (net)
                      0.047260    0.001218    0.344164 ^ _160_/CLK (sky130_fd_sc_hd__dfrtp_1)
                                  0.250000    0.594164   clock uncertainty
                                  0.000000    0.594164   clock reconvergence pessimism
                                  0.319931    0.914095   library removal time
                                              0.914095   data required time
---------------------------------------------------------------------------------------------
                                              0.914095   data required time
                                             -5.447747   data arrival time
---------------------------------------------------------------------------------------------
                                              4.533652   slack (MET)


Startpoint: reset (input port clocked by clk)
Endpoint: _174_ (removal check against rising-edge clock clk)
Path Group: asynchronous
Path Type: min

Fanout         Cap        Slew       Delay        Time   Description
---------------------------------------------------------------------------------------------
                                  0.000000    0.000000   clock clk (rise edge)
                                  0.000000    0.000000   clock network delay (propagated)
                                  5.000000    5.000000 v input external delay
     1    0.002769    0.008543    0.004421    5.004421 v reset (in)
                                                         reset (net)
                      0.008549    0.000000    5.004421 v input2/A (sky130_fd_sc_hd__buf_1)
     3    0.016770    0.102239    0.132828    5.137249 v input2/X (sky130_fd_sc_hd__buf_1)
                                                         net2 (net)
                      0.102248    0.001018    5.138268 v fanout35/A (sky130_fd_sc_hd__clkbuf_4)
     9    0.053158    0.111186    0.234450    5.372717 v fanout35/X (sky130_fd_sc_hd__clkbuf_4)
                                                         net35 (net)
                      0.111561    0.004863    5.377580 v _138_/A (sky130_fd_sc_hd__inv_2)
     1    0.004203    0.041082    0.070017    5.447598 ^ _138_/Y (sky130_fd_sc_hd__inv_2)
                                                         _025_ (net)
                      0.041082    0.000226    5.447824 ^ _174_/RESET_B (sky130_fd_sc_hd__dfrtp_1)
                                              5.447824   data arrival time

                                  0.000000    0.000000   clock clk (rise edge)
                                  0.000000    0.000000   clock source latency
     1    0.014807    0.072589    0.049637    0.049637 ^ clk (in)
                                                         clk (net)
                      0.072599    0.000000    0.049637 ^ clkbuf_0_clk/A (sky130_fd_sc_hd__clkbuf_16)
     4    0.043480    0.062955    0.153571    0.203207 ^ clkbuf_0_clk/X (sky130_fd_sc_hd__clkbuf_16)
                                                         clknet_0_clk (net)
                      0.063181    0.002586    0.205794 ^ clkbuf_2_2__f_clk/A (sky130_fd_sc_hd__clkbuf_16)
     8    0.025924    0.047220    0.137152    0.342946 ^ clkbuf_2_2__f_clk/X (sky130_fd_sc_hd__clkbuf_16)
                                                         clknet_2_2__leaf_clk (net)
                      0.047254    0.001137    0.344083 ^ _174_/CLK (sky130_fd_sc_hd__dfrtp_1)
                                  0.250000    0.594083   clock uncertainty
                                  0.000000    0.594083   clock reconvergence pessimism
                                  0.319785    0.913868   library removal time
                                              0.913868   data required time
---------------------------------------------------------------------------------------------
                                              0.913868   data required time
                                             -5.447824   data arrival time
---------------------------------------------------------------------------------------------
                                              4.533957   slack (MET)


Startpoint: reset (input port clocked by clk)
Endpoint: _155_ (removal check against rising-edge clock clk)
Path Group: asynchronous
Path Type: min

Fanout         Cap        Slew       Delay        Time   Description
---------------------------------------------------------------------------------------------
                                  0.000000    0.000000   clock clk (rise edge)
                                  0.000000    0.000000   clock network delay (propagated)
                                  5.000000    5.000000 v input external delay
     1    0.002769    0.008543    0.004421    5.004421 v reset (in)
                                                         reset (net)
                      0.008549    0.000000    5.004421 v input2/A (sky130_fd_sc_hd__buf_1)
     3    0.016770    0.102239    0.132828    5.137249 v input2/X (sky130_fd_sc_hd__buf_1)
                                                         net2 (net)
                      0.102248    0.001018    5.138268 v fanout35/A (sky130_fd_sc_hd__clkbuf_4)
     9    0.053158    0.111186    0.234450    5.372717 v fanout35/X (sky130_fd_sc_hd__clkbuf_4)
                                                         net35 (net)
                      0.111618    0.005265    5.377982 v _119_/A (sky130_fd_sc_hd__inv_2)
     1    0.004432    0.042014    0.071220    5.449202 ^ _119_/Y (sky130_fd_sc_hd__inv_2)
                                                         _006_ (net)
                      0.042015    0.000247    5.449449 ^ _155_/RESET_B (sky130_fd_sc_hd__dfrtp_1)
                                              5.449449   data arrival time

                                  0.000000    0.000000   clock clk (rise edge)
                                  0.000000    0.000000   clock source latency
     1    0.014807    0.072589    0.049637    0.049637 ^ clk (in)
                                                         clk (net)
                      0.072599    0.000000    0.049637 ^ clkbuf_0_clk/A (sky130_fd_sc_hd__clkbuf_16)
     4    0.043480    0.062955    0.153571    0.203207 ^ clkbuf_0_clk/X (sky130_fd_sc_hd__clkbuf_16)
                                                         clknet_0_clk (net)
                      0.063181    0.002586    0.205794 ^ clkbuf_2_2__f_clk/A (sky130_fd_sc_hd__clkbuf_16)
     8    0.025924    0.047220    0.137152    0.342946 ^ clkbuf_2_2__f_clk/X (sky130_fd_sc_hd__clkbuf_16)
                                                         clknet_2_2__leaf_clk (net)
                      0.047276    0.001405    0.344350 ^ _155_/CLK (sky130_fd_sc_hd__dfrtp_1)
                                  0.250000    0.594350   clock uncertainty
                                  0.000000    0.594350   clock reconvergence pessimism
                                  0.320047    0.914398   library removal time
                                              0.914398   data required time
---------------------------------------------------------------------------------------------
                                              0.914398   data required time
                                             -5.449449   data arrival time
---------------------------------------------------------------------------------------------
                                              4.535051   slack (MET)


Startpoint: reset (input port clocked by clk)
Endpoint: _158_ (removal check against rising-edge clock clk)
Path Group: asynchronous
Path Type: min

Fanout         Cap        Slew       Delay        Time   Description
---------------------------------------------------------------------------------------------
                                  0.000000    0.000000   clock clk (rise edge)
                                  0.000000    0.000000   clock network delay (propagated)
                                  5.000000    5.000000 v input external delay
     1    0.002769    0.008543    0.004421    5.004421 v reset (in)
                                                         reset (net)
                      0.008549    0.000000    5.004421 v input2/A (sky130_fd_sc_hd__buf_1)
     3    0.016770    0.102239    0.132828    5.137249 v input2/X (sky130_fd_sc_hd__buf_1)
                                                         net2 (net)
                      0.102248    0.001018    5.138268 v fanout35/A (sky130_fd_sc_hd__clkbuf_4)
     9    0.053158    0.111186    0.234450    5.372717 v fanout35/X (sky130_fd_sc_hd__clkbuf_4)
                                                         net35 (net)
                      0.111653    0.005490    5.378207 v _122_/A (sky130_fd_sc_hd__inv_2)
     1    0.004933    0.043501    0.073076    5.451283 ^ _122_/Y (sky130_fd_sc_hd__inv_2)
                                                         _009_ (net)
                      0.043502    0.000273    5.451556 ^ _158_/RESET_B (sky130_fd_sc_hd__dfrtp_1)
                                              5.451556   data arrival time

                                  0.000000    0.000000   clock clk (rise edge)
                                  0.000000    0.000000   clock source latency
     1    0.014807    0.072589    0.049637    0.049637 ^ clk (in)
                                                         clk (net)
                      0.072599    0.000000    0.049637 ^ clkbuf_0_clk/A (sky130_fd_sc_hd__clkbuf_16)
     4    0.043480    0.062955    0.153571    0.203207 ^ clkbuf_0_clk/X (sky130_fd_sc_hd__clkbuf_16)
                                                         clknet_0_clk (net)
                      0.063181    0.002586    0.205794 ^ clkbuf_2_2__f_clk/A (sky130_fd_sc_hd__clkbuf_16)
     8    0.025924    0.047220    0.137152    0.342946 ^ clkbuf_2_2__f_clk/X (sky130_fd_sc_hd__clkbuf_16)
                                                         clknet_2_2__leaf_clk (net)
                      0.047303    0.001682    0.344627 ^ _158_/CLK (sky130_fd_sc_hd__dfrtp_1)
                                  0.250000    0.594627   clock uncertainty
                                  0.000000    0.594627   clock reconvergence pessimism
                                  0.320464    0.915092   library removal time
                                              0.915092   data required time
---------------------------------------------------------------------------------------------
                                              0.915092   data required time
                                             -5.451556   data arrival time
---------------------------------------------------------------------------------------------
                                              4.536464   slack (MET)


Startpoint: reset (input port clocked by clk)
Endpoint: _159_ (removal check against rising-edge clock clk)
Path Group: asynchronous
Path Type: min

Fanout         Cap        Slew       Delay        Time   Description
---------------------------------------------------------------------------------------------
                                  0.000000    0.000000   clock clk (rise edge)
                                  0.000000    0.000000   clock network delay (propagated)
                                  5.000000    5.000000 v input external delay
     1    0.002769    0.008543    0.004421    5.004421 v reset (in)
                                                         reset (net)
                      0.008549    0.000000    5.004421 v input2/A (sky130_fd_sc_hd__buf_1)
     3    0.016770    0.102239    0.132828    5.137249 v input2/X (sky130_fd_sc_hd__buf_1)
                                                         net2 (net)
                      0.102248    0.001018    5.138268 v fanout35/A (sky130_fd_sc_hd__clkbuf_4)
     9    0.053158    0.111186    0.234450    5.372717 v fanout35/X (sky130_fd_sc_hd__clkbuf_4)
                                                         net35 (net)
                      0.111605    0.005176    5.377893 v _123_/A (sky130_fd_sc_hd__inv_2)
     1    0.005591    0.045441    0.075469    5.453362 ^ _123_/Y (sky130_fd_sc_hd__inv_2)
                                                         _010_ (net)
                      0.045441    0.000332    5.453694 ^ _159_/RESET_B (sky130_fd_sc_hd__dfrtp_1)
                                              5.453694   data arrival time

                                  0.000000    0.000000   clock clk (rise edge)
                                  0.000000    0.000000   clock source latency
     1    0.014807    0.072589    0.049637    0.049637 ^ clk (in)
                                                         clk (net)
                      0.072599    0.000000    0.049637 ^ clkbuf_0_clk/A (sky130_fd_sc_hd__clkbuf_16)
     4    0.043480    0.062955    0.153571    0.203207 ^ clkbuf_0_clk/X (sky130_fd_sc_hd__clkbuf_16)
                                                         clknet_0_clk (net)
                      0.063181    0.002586    0.205794 ^ clkbuf_2_2__f_clk/A (sky130_fd_sc_hd__clkbuf_16)
     8    0.025924    0.047220    0.137152    0.342946 ^ clkbuf_2_2__f_clk/X (sky130_fd_sc_hd__clkbuf_16)
                                                         clknet_2_2__leaf_clk (net)
                      0.047303    0.001677    0.344623 ^ _159_/CLK (sky130_fd_sc_hd__dfrtp_1)
                                  0.250000    0.594623   clock uncertainty
                                  0.000000    0.594623   clock reconvergence pessimism
                                  0.320998    0.915620   library removal time
                                              0.915620   data required time
---------------------------------------------------------------------------------------------
                                              0.915620   data required time
                                             -5.453694   data arrival time
---------------------------------------------------------------------------------------------
                                              4.538074   slack (MET)


Startpoint: btn (input port clocked by clk)
Endpoint: _184_ (rising edge-triggered flip-flop clocked by clk)
Path Group: clk
Path Type: min

Fanout         Cap        Slew       Delay        Time   Description
---------------------------------------------------------------------------------------------
                                  0.000000    0.000000   clock clk (rise edge)
                                  0.000000    0.000000   clock network delay (propagated)
                                  5.000000    5.000000 v input external delay
     1    0.003011    0.009106    0.004833    5.004833 v btn (in)
                                                         btn (net)
                      0.009112    0.000000    5.004833 v input1/A (sky130_fd_sc_hd__buf_1)
     6    0.017203    0.104734    0.134570    5.139403 v input1/X (sky130_fd_sc_hd__buf_1)
                                                         net1 (net)
                      0.104755    0.001410    5.140813 v _184_/D (sky130_fd_sc_hd__dfrtp_1)
                                              5.140813   data arrival time

                                  0.000000    0.000000   clock clk (rise edge)
                                  0.000000    0.000000   clock source latency
     1    0.014807    0.072589    0.049637    0.049637 ^ clk (in)
                                                         clk (net)
                      0.072599    0.000000    0.049637 ^ clkbuf_0_clk/A (sky130_fd_sc_hd__clkbuf_16)
     4    0.043480    0.062955    0.153571    0.203207 ^ clkbuf_0_clk/X (sky130_fd_sc_hd__clkbuf_16)
                                                         clknet_0_clk (net)
                      0.063200    0.002729    0.205937 ^ clkbuf_2_1__f_clk/A (sky130_fd_sc_hd__clkbuf_16)
    10    0.030077    0.051017    0.140527    0.346463 ^ clkbuf_2_1__f_clk/X (sky130_fd_sc_hd__clkbuf_16)
                                                         clknet_2_1__leaf_clk (net)
                      0.051098    0.002596    0.349059 ^ _184_/CLK (sky130_fd_sc_hd__dfrtp_1)
                                  0.250000    0.599059   clock uncertainty
                                  0.000000    0.599059   clock reconvergence pessimism
                                 -0.068710    0.530349   library hold time
                                              0.530349   data required time
---------------------------------------------------------------------------------------------
                                              0.530349   data required time
                                             -5.140813   data arrival time
---------------------------------------------------------------------------------------------
                                              4.610464   slack (MET)


Startpoint: reset (input port clocked by clk)
Endpoint: _179_ (removal check against rising-edge clock clk)
Path Group: asynchronous
Path Type: min

Fanout         Cap        Slew       Delay        Time   Description
---------------------------------------------------------------------------------------------
                                  0.000000    0.000000   clock clk (rise edge)
                                  0.000000    0.000000   clock network delay (propagated)
                                  5.000000    5.000000 v input external delay
     1    0.002769    0.008543    0.004421    5.004421 v reset (in)
                                                         reset (net)
                      0.008549    0.000000    5.004421 v input2/A (sky130_fd_sc_hd__buf_1)
     3    0.016770    0.102239    0.132828    5.137249 v input2/X (sky130_fd_sc_hd__buf_1)
                                                         net2 (net)
                      0.102248    0.001018    5.138268 v fanout35/A (sky130_fd_sc_hd__clkbuf_4)
     9    0.053158    0.111186    0.234450    5.372717 v fanout35/X (sky130_fd_sc_hd__clkbuf_4)
                                                         net35 (net)
                      0.111247    0.002510    5.375227 v fanout34/A (sky130_fd_sc_hd__buf_4)
    10    0.056981    0.082009    0.218796    5.594023 v fanout34/X (sky130_fd_sc_hd__buf_4)
                                                         net34 (net)
                      0.082044    0.001421    5.595444 v _143_/A (sky130_fd_sc_hd__inv_2)
     1    0.003866    0.033404    0.057669    5.653113 ^ _143_/Y (sky130_fd_sc_hd__inv_2)
                                                         _030_ (net)
                      0.033405    0.000204    5.653317 ^ _179_/RESET_B (sky130_fd_sc_hd__dfrtp_4)
                                              5.653317   data arrival time

                                  0.000000    0.000000   clock clk (rise edge)
                                  0.000000    0.000000   clock source latency
     1    0.014807    0.072589    0.049637    0.049637 ^ clk (in)
                                                         clk (net)
                      0.072599    0.000000    0.049637 ^ clkbuf_0_clk/A (sky130_fd_sc_hd__clkbuf_16)
     4    0.043480    0.062955    0.153571    0.203207 ^ clkbuf_0_clk/X (sky130_fd_sc_hd__clkbuf_16)
                                                         clknet_0_clk (net)
                      0.063200    0.002729    0.205937 ^ clkbuf_2_1__f_clk/A (sky130_fd_sc_hd__clkbuf_16)
    10    0.030077    0.051017    0.140527    0.346463 ^ clkbuf_2_1__f_clk/X (sky130_fd_sc_hd__clkbuf_16)
                                                         clknet_2_1__leaf_clk (net)
                      0.051091    0.002532    0.348996 ^ _179_/CLK (sky130_fd_sc_hd__dfrtp_4)
                                  0.250000    0.598996   clock uncertainty
                                  0.000000    0.598996   clock reconvergence pessimism
                                  0.318817    0.917813   library removal time
                                              0.917813   data required time
---------------------------------------------------------------------------------------------
                                              0.917813   data required time
                                             -5.653317   data arrival time
---------------------------------------------------------------------------------------------
                                              4.735505   slack (MET)


Startpoint: reset (input port clocked by clk)
Endpoint: _175_ (removal check against rising-edge clock clk)
Path Group: asynchronous
Path Type: min

Fanout         Cap        Slew       Delay        Time   Description
---------------------------------------------------------------------------------------------
                                  0.000000    0.000000   clock clk (rise edge)
                                  0.000000    0.000000   clock network delay (propagated)
                                  5.000000    5.000000 v input external delay
     1    0.002769    0.008543    0.004421    5.004421 v reset (in)
                                                         reset (net)
                      0.008549    0.000000    5.004421 v input2/A (sky130_fd_sc_hd__buf_1)
     3    0.016770    0.102239    0.132828    5.137249 v input2/X (sky130_fd_sc_hd__buf_1)
                                                         net2 (net)
                      0.102248    0.001018    5.138268 v fanout35/A (sky130_fd_sc_hd__clkbuf_4)
     9    0.053158    0.111186    0.234450    5.372717 v fanout35/X (sky130_fd_sc_hd__clkbuf_4)
                                                         net35 (net)
                      0.111247    0.002510    5.375227 v fanout34/A (sky130_fd_sc_hd__buf_4)
    10    0.056981    0.082009    0.218796    5.594023 v fanout34/X (sky130_fd_sc_hd__buf_4)
                                                         net34 (net)
                      0.082202    0.003242    5.597265 v _139_/A (sky130_fd_sc_hd__inv_2)
     1    0.004045    0.034092    0.058599    5.655864 ^ _139_/Y (sky130_fd_sc_hd__inv_2)
                                                         _026_ (net)
                      0.034093    0.000103    5.655967 ^ _175_/RESET_B (sky130_fd_sc_hd__dfrtp_1)
                                              5.655967   data arrival time

                                  0.000000    0.000000   clock clk (rise edge)
                                  0.000000    0.000000   clock source latency
     1    0.014807    0.072589    0.049637    0.049637 ^ clk (in)
                                                         clk (net)
                      0.072599    0.000000    0.049637 ^ clkbuf_0_clk/A (sky130_fd_sc_hd__clkbuf_16)
     4    0.043480    0.062955    0.153571    0.203207 ^ clkbuf_0_clk/X (sky130_fd_sc_hd__clkbuf_16)
                                                         clknet_0_clk (net)
                      0.063183    0.002598    0.205806 ^ clkbuf_2_0__f_clk/A (sky130_fd_sc_hd__clkbuf_16)
    10    0.030547    0.051451    0.140963    0.346769 ^ clkbuf_2_0__f_clk/X (sky130_fd_sc_hd__clkbuf_16)
                                                         clknet_2_0__leaf_clk (net)
                      0.051464    0.001474    0.348243 ^ _175_/CLK (sky130_fd_sc_hd__dfrtp_1)
                                  0.250000    0.598243   clock uncertainty
                                  0.000000    0.598243   clock reconvergence pessimism
                                  0.319010    0.917254   library removal time
                                              0.917254   data required time
---------------------------------------------------------------------------------------------
                                              0.917254   data required time
                                             -5.655967   data arrival time
---------------------------------------------------------------------------------------------
                                              4.738714   slack (MET)


Startpoint: reset (input port clocked by clk)
Endpoint: _180_ (removal check against rising-edge clock clk)
Path Group: asynchronous
Path Type: min

Fanout         Cap        Slew       Delay        Time   Description
---------------------------------------------------------------------------------------------
                                  0.000000    0.000000   clock clk (rise edge)
                                  0.000000    0.000000   clock network delay (propagated)
                                  5.000000    5.000000 v input external delay
     1    0.002769    0.008543    0.004421    5.004421 v reset (in)
                                                         reset (net)
                      0.008549    0.000000    5.004421 v input2/A (sky130_fd_sc_hd__buf_1)
     3    0.016770    0.102239    0.132828    5.137249 v input2/X (sky130_fd_sc_hd__buf_1)
                                                         net2 (net)
                      0.102248    0.001018    5.138268 v fanout35/A (sky130_fd_sc_hd__clkbuf_4)
     9    0.053158    0.111186    0.234450    5.372717 v fanout35/X (sky130_fd_sc_hd__clkbuf_4)
                                                         net35 (net)
                      0.111247    0.002510    5.375227 v fanout34/A (sky130_fd_sc_hd__buf_4)
    10    0.056981    0.082009    0.218796    5.594023 v fanout34/X (sky130_fd_sc_hd__buf_4)
                                                         net34 (net)
                      0.082104    0.002312    5.596335 v _144_/A (sky130_fd_sc_hd__inv_2)
     1    0.004577    0.035984    0.060724    5.657059 ^ _144_/Y (sky130_fd_sc_hd__inv_2)
                                                         _031_ (net)
                      0.035984    0.000247    5.657306 ^ _180_/RESET_B (sky130_fd_sc_hd__dfrtp_4)
                                              5.657306   data arrival time

                                  0.000000    0.000000   clock clk (rise edge)
                                  0.000000    0.000000   clock source latency
     1    0.014807    0.072589    0.049637    0.049637 ^ clk (in)
                                                         clk (net)
                      0.072599    0.000000    0.049637 ^ clkbuf_0_clk/A (sky130_fd_sc_hd__clkbuf_16)
     4    0.043480    0.062955    0.153571    0.203207 ^ clkbuf_0_clk/X (sky130_fd_sc_hd__clkbuf_16)
                                                         clknet_0_clk (net)
                      0.063183    0.002598    0.205806 ^ clkbuf_2_0__f_clk/A (sky130_fd_sc_hd__clkbuf_16)
    10    0.030547    0.051451    0.140963    0.346769 ^ clkbuf_2_0__f_clk/X (sky130_fd_sc_hd__clkbuf_16)
                                                         clknet_2_0__leaf_clk (net)
                      0.051457    0.000987    0.347756 ^ _180_/CLK (sky130_fd_sc_hd__dfrtp_4)
                                  0.250000    0.597756   clock uncertainty
                                  0.000000    0.597756   clock reconvergence pessimism
                                  0.319626    0.917383   library removal time
                                              0.917383   data required time
---------------------------------------------------------------------------------------------
                                              0.917383   data required time
                                             -5.657306   data arrival time
---------------------------------------------------------------------------------------------
                                              4.739923   slack (MET)


Startpoint: reset (input port clocked by clk)
Endpoint: _164_ (removal check against rising-edge clock clk)
Path Group: asynchronous
Path Type: min

Fanout         Cap        Slew       Delay        Time   Description
---------------------------------------------------------------------------------------------
                                  0.000000    0.000000   clock clk (rise edge)
                                  0.000000    0.000000   clock network delay (propagated)
                                  5.000000    5.000000 v input external delay
     1    0.002769    0.008543    0.004421    5.004421 v reset (in)
                                                         reset (net)
                      0.008549    0.000000    5.004421 v input2/A (sky130_fd_sc_hd__buf_1)
     3    0.016770    0.102239    0.132828    5.137249 v input2/X (sky130_fd_sc_hd__buf_1)
                                                         net2 (net)
                      0.102248    0.001018    5.138268 v fanout35/A (sky130_fd_sc_hd__clkbuf_4)
     9    0.053158    0.111186    0.234450    5.372717 v fanout35/X (sky130_fd_sc_hd__clkbuf_4)
                                                         net35 (net)
                      0.111247    0.002510    5.375227 v fanout34/A (sky130_fd_sc_hd__buf_4)
    10    0.056981    0.082009    0.218796    5.594023 v fanout34/X (sky130_fd_sc_hd__buf_4)
                                                         net34 (net)
                      0.083068    0.007363    5.601387 v _128_/A (sky130_fd_sc_hd__inv_2)
     1    0.003819    0.033451    0.057816    5.659203 ^ _128_/Y (sky130_fd_sc_hd__inv_2)
                                                         _015_ (net)
                      0.033451    0.000202    5.659405 ^ _164_/RESET_B (sky130_fd_sc_hd__dfrtp_1)
                                              5.659405   data arrival time

                                  0.000000    0.000000   clock clk (rise edge)
                                  0.000000    0.000000   clock source latency
     1    0.014807    0.072589    0.049637    0.049637 ^ clk (in)
                                                         clk (net)
                      0.072599    0.000000    0.049637 ^ clkbuf_0_clk/A (sky130_fd_sc_hd__clkbuf_16)
     4    0.043480    0.062955    0.153571    0.203207 ^ clkbuf_0_clk/X (sky130_fd_sc_hd__clkbuf_16)
                                                         clknet_0_clk (net)
                      0.063183    0.002598    0.205806 ^ clkbuf_2_0__f_clk/A (sky130_fd_sc_hd__clkbuf_16)
    10    0.030547    0.051451    0.140963    0.346769 ^ clkbuf_2_0__f_clk/X (sky130_fd_sc_hd__clkbuf_16)
                                                         clknet_2_0__leaf_clk (net)
                      0.051513    0.002474    0.349244 ^ _164_/CLK (sky130_fd_sc_hd__dfrtp_1)
                                  0.250000    0.599244   clock uncertainty
                                  0.000000    0.599244   clock reconvergence pessimism
                                  0.318847    0.918091   library removal time
                                              0.918091   data required time
---------------------------------------------------------------------------------------------
                                              0.918091   data required time
                                             -5.659405   data arrival time
---------------------------------------------------------------------------------------------
                                              4.741314   slack (MET)


Startpoint: reset (input port clocked by clk)
Endpoint: _161_ (removal check against rising-edge clock clk)
Path Group: asynchronous
Path Type: min

Fanout         Cap        Slew       Delay        Time   Description
---------------------------------------------------------------------------------------------
                                  0.000000    0.000000   clock clk (rise edge)
                                  0.000000    0.000000   clock network delay (propagated)
                                  5.000000    5.000000 v input external delay
     1    0.002769    0.008543    0.004421    5.004421 v reset (in)
                                                         reset (net)
                      0.008549    0.000000    5.004421 v input2/A (sky130_fd_sc_hd__buf_1)
     3    0.016770    0.102239    0.132828    5.137249 v input2/X (sky130_fd_sc_hd__buf_1)
                                                         net2 (net)
                      0.102248    0.001018    5.138268 v fanout35/A (sky130_fd_sc_hd__clkbuf_4)
     9    0.053158    0.111186    0.234450    5.372717 v fanout35/X (sky130_fd_sc_hd__clkbuf_4)
                                                         net35 (net)
                      0.111247    0.002510    5.375227 v fanout34/A (sky130_fd_sc_hd__buf_4)
    10    0.056981    0.082009    0.218796    5.594023 v fanout34/X (sky130_fd_sc_hd__buf_4)
                                                         net34 (net)
                      0.082797    0.006359    5.600382 v _125_/A (sky130_fd_sc_hd__inv_2)
     1    0.004121    0.034503    0.059166    5.659548 ^ _125_/Y (sky130_fd_sc_hd__inv_2)
                                                         _012_ (net)
                      0.034503    0.000103    5.659651 ^ _161_/RESET_B (sky130_fd_sc_hd__dfrtp_1)
                                              5.659651   data arrival time

                                  0.000000    0.000000   clock clk (rise edge)
                                  0.000000    0.000000   clock source latency
     1    0.014807    0.072589    0.049637    0.049637 ^ clk (in)
                                                         clk (net)
                      0.072599    0.000000    0.049637 ^ clkbuf_0_clk/A (sky130_fd_sc_hd__clkbuf_16)
     4    0.043480    0.062955    0.153571    0.203207 ^ clkbuf_0_clk/X (sky130_fd_sc_hd__clkbuf_16)
                                                         clknet_0_clk (net)
                      0.063183    0.002598    0.205806 ^ clkbuf_2_0__f_clk/A (sky130_fd_sc_hd__clkbuf_16)
    10    0.030547    0.051451    0.140963    0.346769 ^ clkbuf_2_0__f_clk/X (sky130_fd_sc_hd__clkbuf_16)
                                                         clknet_2_0__leaf_clk (net)
                      0.051492    0.002252    0.349021 ^ _161_/CLK (sky130_fd_sc_hd__dfrtp_1)
                                  0.250000    0.599021   clock uncertainty
                                  0.000000    0.599021   clock reconvergence pessimism
                                  0.319131    0.918152   library removal time
                                              0.918152   data required time
---------------------------------------------------------------------------------------------
                                              0.918152   data required time
                                             -5.659651   data arrival time
---------------------------------------------------------------------------------------------
                                              4.741499   slack (MET)


Startpoint: reset (input port clocked by clk)
Endpoint: _162_ (removal check against rising-edge clock clk)
Path Group: asynchronous
Path Type: min

Fanout         Cap        Slew       Delay        Time   Description
---------------------------------------------------------------------------------------------
                                  0.000000    0.000000   clock clk (rise edge)
                                  0.000000    0.000000   clock network delay (propagated)
                                  5.000000    5.000000 v input external delay
     1    0.002769    0.008543    0.004421    5.004421 v reset (in)
                                                         reset (net)
                      0.008549    0.000000    5.004421 v input2/A (sky130_fd_sc_hd__buf_1)
     3    0.016770    0.102239    0.132828    5.137249 v input2/X (sky130_fd_sc_hd__buf_1)
                                                         net2 (net)
                      0.102248    0.001018    5.138268 v fanout35/A (sky130_fd_sc_hd__clkbuf_4)
     9    0.053158    0.111186    0.234450    5.372717 v fanout35/X (sky130_fd_sc_hd__clkbuf_4)
                                                         net35 (net)
                      0.111247    0.002510    5.375227 v fanout34/A (sky130_fd_sc_hd__buf_4)
    10    0.056981    0.082009    0.218796    5.594023 v fanout34/X (sky130_fd_sc_hd__buf_4)
                                                         net34 (net)
                      0.082636    0.005688    5.599711 v _126_/A (sky130_fd_sc_hd__inv_2)
     1    0.004322    0.035221    0.059976    5.659687 ^ _126_/Y (sky130_fd_sc_hd__inv_2)
                                                         _013_ (net)
                      0.035222    0.000237    5.659924 ^ _162_/RESET_B (sky130_fd_sc_hd__dfrtp_1)
                                              5.659924   data arrival time

                                  0.000000    0.000000   clock clk (rise edge)
                                  0.000000    0.000000   clock source latency
     1    0.014807    0.072589    0.049637    0.049637 ^ clk (in)
                                                         clk (net)
                      0.072599    0.000000    0.049637 ^ clkbuf_0_clk/A (sky130_fd_sc_hd__clkbuf_16)
     4    0.043480    0.062955    0.153571    0.203207 ^ clkbuf_0_clk/X (sky130_fd_sc_hd__clkbuf_16)
                                                         clknet_0_clk (net)
                      0.063183    0.002598    0.205806 ^ clkbuf_2_0__f_clk/A (sky130_fd_sc_hd__clkbuf_16)
    10    0.030547    0.051451    0.140963    0.346769 ^ clkbuf_2_0__f_clk/X (sky130_fd_sc_hd__clkbuf_16)
                                                         clknet_2_0__leaf_clk (net)
                      0.051490    0.002231    0.349001 ^ _162_/CLK (sky130_fd_sc_hd__dfrtp_1)
                                  0.250000    0.599001   clock uncertainty
                                  0.000000    0.599001   clock reconvergence pessimism
                                  0.319328    0.918328   library removal time
                                              0.918328   data required time
---------------------------------------------------------------------------------------------
                                              0.918328   data required time
                                             -5.659924   data arrival time
---------------------------------------------------------------------------------------------
                                              4.741596   slack (MET)


Startpoint: reset (input port clocked by clk)
Endpoint: _166_ (removal check against rising-edge clock clk)
Path Group: asynchronous
Path Type: min

Fanout         Cap        Slew       Delay        Time   Description
---------------------------------------------------------------------------------------------
                                  0.000000    0.000000   clock clk (rise edge)
                                  0.000000    0.000000   clock network delay (propagated)
                                  5.000000    5.000000 v input external delay
     1    0.002769    0.008543    0.004421    5.004421 v reset (in)
                                                         reset (net)
                      0.008549    0.000000    5.004421 v input2/A (sky130_fd_sc_hd__buf_1)
     3    0.016770    0.102239    0.132828    5.137249 v input2/X (sky130_fd_sc_hd__buf_1)
                                                         net2 (net)
                      0.102248    0.001018    5.138268 v fanout35/A (sky130_fd_sc_hd__clkbuf_4)
     9    0.053158    0.111186    0.234450    5.372717 v fanout35/X (sky130_fd_sc_hd__clkbuf_4)
                                                         net35 (net)
                      0.111247    0.002510    5.375227 v fanout34/A (sky130_fd_sc_hd__buf_4)
    10    0.056981    0.082009    0.218796    5.594023 v fanout34/X (sky130_fd_sc_hd__buf_4)
                                                         net34 (net)
                      0.083211    0.007846    5.601870 v _130_/A (sky130_fd_sc_hd__inv_2)
     1    0.004148    0.034696    0.059389    5.661259 ^ _130_/Y (sky130_fd_sc_hd__inv_2)
                                                         _017_ (net)
                      0.034697    0.000222    5.661481 ^ _166_/RESET_B (sky130_fd_sc_hd__dfrtp_1)
                                              5.661481   data arrival time

                                  0.000000    0.000000   clock clk (rise edge)
                                  0.000000    0.000000   clock source latency
     1    0.014807    0.072589    0.049637    0.049637 ^ clk (in)
                                                         clk (net)
                      0.072599    0.000000    0.049637 ^ clkbuf_0_clk/A (sky130_fd_sc_hd__clkbuf_16)
     4    0.043480    0.062955    0.153571    0.203207 ^ clkbuf_0_clk/X (sky130_fd_sc_hd__clkbuf_16)
                                                         clknet_0_clk (net)
                      0.063183    0.002598    0.205806 ^ clkbuf_2_0__f_clk/A (sky130_fd_sc_hd__clkbuf_16)
    10    0.030547    0.051451    0.140963    0.346769 ^ clkbuf_2_0__f_clk/X (sky130_fd_sc_hd__clkbuf_16)
                                                         clknet_2_0__leaf_clk (net)
                      0.051458    0.001090    0.347860 ^ _166_/CLK (sky130_fd_sc_hd__dfrtp_1)
                                  0.250000    0.597860   clock uncertainty
                                  0.000000    0.597860   clock reconvergence pessimism
                                  0.319175    0.917034   library removal time
                                              0.917034   data required time
---------------------------------------------------------------------------------------------
                                              0.917034   data required time
                                             -5.661481   data arrival time
---------------------------------------------------------------------------------------------
                                              4.744447   slack (MET)


Startpoint: reset (input port clocked by clk)
Endpoint: _163_ (removal check against rising-edge clock clk)
Path Group: asynchronous
Path Type: min

Fanout         Cap        Slew       Delay        Time   Description
---------------------------------------------------------------------------------------------
                                  0.000000    0.000000   clock clk (rise edge)
                                  0.000000    0.000000   clock network delay (propagated)
                                  5.000000    5.000000 v input external delay
     1    0.002769    0.008543    0.004421    5.004421 v reset (in)
                                                         reset (net)
                      0.008549    0.000000    5.004421 v input2/A (sky130_fd_sc_hd__buf_1)
     3    0.016770    0.102239    0.132828    5.137249 v input2/X (sky130_fd_sc_hd__buf_1)
                                                         net2 (net)
                      0.102248    0.001018    5.138268 v fanout35/A (sky130_fd_sc_hd__clkbuf_4)
     9    0.053158    0.111186    0.234450    5.372717 v fanout35/X (sky130_fd_sc_hd__clkbuf_4)
                                                         net35 (net)
                      0.111247    0.002510    5.375227 v fanout34/A (sky130_fd_sc_hd__buf_4)
    10    0.056981    0.082009    0.218796    5.594023 v fanout34/X (sky130_fd_sc_hd__buf_4)
                                                         net34 (net)
                      0.083180    0.007743    5.601766 v _127_/A (sky130_fd_sc_hd__inv_2)
     1    0.005845    0.040586    0.065443    5.667209 ^ _127_/Y (sky130_fd_sc_hd__inv_2)
                                                         _014_ (net)
                      0.040588    0.000319    5.667528 ^ _163_/RESET_B (sky130_fd_sc_hd__dfrtp_1)
                                              5.667528   data arrival time

                                  0.000000    0.000000   clock clk (rise edge)
                                  0.000000    0.000000   clock source latency
     1    0.014807    0.072589    0.049637    0.049637 ^ clk (in)
                                                         clk (net)
                      0.072599    0.000000    0.049637 ^ clkbuf_0_clk/A (sky130_fd_sc_hd__clkbuf_16)
     4    0.043480    0.062955    0.153571    0.203207 ^ clkbuf_0_clk/X (sky130_fd_sc_hd__clkbuf_16)
                                                         clknet_0_clk (net)
                      0.063183    0.002598    0.205806 ^ clkbuf_2_0__f_clk/A (sky130_fd_sc_hd__clkbuf_16)
    10    0.030547    0.051451    0.140963    0.346769 ^ clkbuf_2_0__f_clk/X (sky130_fd_sc_hd__clkbuf_16)
                                                         clknet_2_0__leaf_clk (net)
                      0.051512    0.002464    0.349233 ^ _163_/CLK (sky130_fd_sc_hd__dfrtp_1)
                                  0.250000    0.599233   clock uncertainty
                                  0.000000    0.599233   clock reconvergence pessimism
                                  0.320810    0.920043   library removal time
                                              0.920043   data required time
---------------------------------------------------------------------------------------------
                                              0.920043   data required time
                                             -5.667528   data arrival time
---------------------------------------------------------------------------------------------
                                              4.747485   slack (MET)


Startpoint: reset (input port clocked by clk)
Endpoint: _165_ (removal check against rising-edge clock clk)
Path Group: asynchronous
Path Type: min

Fanout         Cap        Slew       Delay        Time   Description
---------------------------------------------------------------------------------------------
                                  0.000000    0.000000   clock clk (rise edge)
                                  0.000000    0.000000   clock network delay (propagated)
                                  5.000000    5.000000 v input external delay
     1    0.002769    0.008543    0.004421    5.004421 v reset (in)
                                                         reset (net)
                      0.008549    0.000000    5.004421 v input2/A (sky130_fd_sc_hd__buf_1)
     3    0.016770    0.102239    0.132828    5.137249 v input2/X (sky130_fd_sc_hd__buf_1)
                                                         net2 (net)
                      0.102248    0.001018    5.138268 v fanout35/A (sky130_fd_sc_hd__clkbuf_4)
     9    0.053158    0.111186    0.234450    5.372717 v fanout35/X (sky130_fd_sc_hd__clkbuf_4)
                                                         net35 (net)
                      0.111247    0.002510    5.375227 v fanout34/A (sky130_fd_sc_hd__buf_4)
    10    0.056981    0.082009    0.218796    5.594023 v fanout34/X (sky130_fd_sc_hd__buf_4)
                                                         net34 (net)
                      0.083268    0.008030    5.602054 v _129_/A (sky130_fd_sc_hd__inv_2)
     1    0.005779    0.040369    0.065233    5.667286 ^ _129_/Y (sky130_fd_sc_hd__inv_2)
                                                         _016_ (net)
                      0.040372    0.000342    5.667628 ^ _165_/RESET_B (sky130_fd_sc_hd__dfrtp_1)
                                              5.667628   data arrival time

                                  0.000000    0.000000   clock clk (rise edge)
                                  0.000000    0.000000   clock source latency
     1    0.014807    0.072589    0.049637    0.049637 ^ clk (in)
                                                         clk (net)
                      0.072599    0.000000    0.049637 ^ clkbuf_0_clk/A (sky130_fd_sc_hd__clkbuf_16)
     4    0.043480    0.062955    0.153571    0.203207 ^ clkbuf_0_clk/X (sky130_fd_sc_hd__clkbuf_16)
                                                         clknet_0_clk (net)
                      0.063183    0.002598    0.205806 ^ clkbuf_2_0__f_clk/A (sky130_fd_sc_hd__clkbuf_16)
    10    0.030547    0.051451    0.140963    0.346769 ^ clkbuf_2_0__f_clk/X (sky130_fd_sc_hd__clkbuf_16)
                                                         clknet_2_0__leaf_clk (net)
                      0.051518    0.002519    0.349288 ^ _165_/CLK (sky130_fd_sc_hd__dfrtp_1)
                                  0.250000    0.599288   clock uncertainty
                                  0.000000    0.599288   clock reconvergence pessimism
                                  0.320752    0.920040   library removal time
                                              0.920040   data required time
---------------------------------------------------------------------------------------------
                                              0.920040   data required time
                                             -5.667628   data arrival time
---------------------------------------------------------------------------------------------
                                              4.747588   slack (MET)


Startpoint: reset (input port clocked by clk)
Endpoint: _176_ (removal check against rising-edge clock clk)
Path Group: asynchronous
Path Type: min

Fanout         Cap        Slew       Delay        Time   Description
---------------------------------------------------------------------------------------------
                                  0.000000    0.000000   clock clk (rise edge)
                                  0.000000    0.000000   clock network delay (propagated)
                                  5.000000    5.000000 v input external delay
     1    0.002769    0.008543    0.004421    5.004421 v reset (in)
                                                         reset (net)
                      0.008549    0.000000    5.004421 v input2/A (sky130_fd_sc_hd__buf_1)
     3    0.016770    0.102239    0.132828    5.137249 v input2/X (sky130_fd_sc_hd__buf_1)
                                                         net2 (net)
                      0.102248    0.001018    5.138268 v fanout35/A (sky130_fd_sc_hd__clkbuf_4)
     9    0.053158    0.111186    0.234450    5.372717 v fanout35/X (sky130_fd_sc_hd__clkbuf_4)
                                                         net35 (net)
                      0.111247    0.002510    5.375227 v fanout34/A (sky130_fd_sc_hd__buf_4)
    10    0.056981    0.082009    0.218796    5.594023 v fanout34/X (sky130_fd_sc_hd__buf_4)
                                                         net34 (net)
                      0.082455    0.004824    5.598847 v _140_/A (sky130_fd_sc_hd__inv_2)
     1    0.003943    0.033773    0.058173    5.657020 ^ _140_/Y (sky130_fd_sc_hd__inv_2)
                                                         _027_ (net)
                      0.033773    0.000207    5.657227 ^ _176_/SET_B (sky130_fd_sc_hd__dfstp_2)
                                              5.657227   data arrival time

                                  0.000000    0.000000   clock clk (rise edge)
                                  0.000000    0.000000   clock source latency
     1    0.014807    0.072589    0.049637    0.049637 ^ clk (in)
                                                         clk (net)
                      0.072599    0.000000    0.049637 ^ clkbuf_0_clk/A (sky130_fd_sc_hd__clkbuf_16)
     4    0.043480    0.062955    0.153571    0.203207 ^ clkbuf_0_clk/X (sky130_fd_sc_hd__clkbuf_16)
                                                         clknet_0_clk (net)
                      0.063183    0.002598    0.205806 ^ clkbuf_2_0__f_clk/A (sky130_fd_sc_hd__clkbuf_16)
    10    0.030547    0.051451    0.140963    0.346769 ^ clkbuf_2_0__f_clk/X (sky130_fd_sc_hd__clkbuf_16)
                                                         clknet_2_0__leaf_clk (net)
                      0.051479    0.002080    0.348849 ^ _176_/CLK (sky130_fd_sc_hd__dfstp_2)
                                  0.250000    0.598849   clock uncertainty
                                  0.000000    0.598849   clock reconvergence pessimism
                                  0.159011    0.757860   library removal time
                                              0.757860   data required time
---------------------------------------------------------------------------------------------
                                              0.757860   data required time
                                             -5.657227   data arrival time
---------------------------------------------------------------------------------------------
                                              4.899367   slack (MET)


Startpoint: _157_ (rising edge-triggered flip-flop clocked by clk)
Endpoint: seg1[2] (output port clocked by clk)
Path Group: clk
Path Type: min

Fanout         Cap        Slew       Delay        Time   Description
---------------------------------------------------------------------------------------------
                                  0.000000    0.000000   clock clk (rise edge)
                                  0.000000    0.000000   clock source latency
     1    0.014807    0.072589    0.049637    0.049637 ^ clk (in)
                                                         clk (net)
                      0.072599    0.000000    0.049637 ^ clkbuf_0_clk/A (sky130_fd_sc_hd__clkbuf_16)
     4    0.043480    0.062955    0.153571    0.203207 ^ clkbuf_0_clk/X (sky130_fd_sc_hd__clkbuf_16)
                                                         clknet_0_clk (net)
                      0.063181    0.002586    0.205794 ^ clkbuf_2_2__f_clk/A (sky130_fd_sc_hd__clkbuf_16)
     8    0.025924    0.047220    0.137152    0.342946 ^ clkbuf_2_2__f_clk/X (sky130_fd_sc_hd__clkbuf_16)
                                                         clknet_2_2__leaf_clk (net)
                      0.047298    0.001630    0.344575 ^ _157_/CLK (sky130_fd_sc_hd__dfrtp_1)
     2    0.005657    0.066897    0.335014    0.679589 ^ _157_/Q (sky130_fd_sc_hd__dfrtp_1)
                                                         mem1[2] (net)
                      0.066898    0.000358    0.679948 ^ _076_/B1 (sky130_fd_sc_hd__a31o_1)
     1    0.002906    0.041310    0.094612    0.774559 ^ _076_/X (sky130_fd_sc_hd__a31o_1)
                                                         net11 (net)
                      0.041310    0.000119    0.774678 ^ output11/A (sky130_fd_sc_hd__buf_2)
     1    0.034056    0.169357    0.195169    0.969847 ^ output11/X (sky130_fd_sc_hd__buf_2)
                                                         seg1[2] (net)
                      0.169379    0.001625    0.971472 ^ seg1[2] (out)
                                              0.971472   data arrival time

                                  0.000000    0.000000   clock clk (rise edge)
                                  0.000000    0.000000   clock network delay (propagated)
                                  0.250000    0.250000   clock uncertainty
                                  0.000000    0.250000   clock reconvergence pessimism
                                 -5.000000   -4.750000   output external delay
                                             -4.750000   data required time
---------------------------------------------------------------------------------------------
                                             -4.750000   data required time
                                             -0.971472   data arrival time
---------------------------------------------------------------------------------------------
                                              5.721472   slack (MET)


Startpoint: _151_ (rising edge-triggered flip-flop clocked by clk)
Endpoint: seg0[2] (output port clocked by clk)
Path Group: clk
Path Type: min

Fanout         Cap        Slew       Delay        Time   Description
---------------------------------------------------------------------------------------------
                                  0.000000    0.000000   clock clk (rise edge)
                                  0.000000    0.000000   clock source latency
     1    0.014807    0.072589    0.049637    0.049637 ^ clk (in)
                                                         clk (net)
                      0.072599    0.000000    0.049637 ^ clkbuf_0_clk/A (sky130_fd_sc_hd__clkbuf_16)
     4    0.043480    0.062955    0.153571    0.203207 ^ clkbuf_0_clk/X (sky130_fd_sc_hd__clkbuf_16)
                                                         clknet_0_clk (net)
                      0.063200    0.002729    0.205937 ^ clkbuf_2_1__f_clk/A (sky130_fd_sc_hd__clkbuf_16)
    10    0.030077    0.051017    0.140527    0.346463 ^ clkbuf_2_1__f_clk/X (sky130_fd_sc_hd__clkbuf_16)
                                                         clknet_2_1__leaf_clk (net)
                      0.051080    0.002434    0.348897 ^ _151_/CLK (sky130_fd_sc_hd__dfrtp_1)
     2    0.005833    0.068265    0.337627    0.686524 ^ _151_/Q (sky130_fd_sc_hd__dfrtp_1)
                                                         mem0[2] (net)
                      0.068266    0.000350    0.686874 ^ _062_/B1 (sky130_fd_sc_hd__a31o_1)
     1    0.001966    0.034007    0.087923    0.774797 ^ _062_/X (sky130_fd_sc_hd__a31o_1)
                                                         net5 (net)
                      0.034007    0.000091    0.774888 ^ output5/A (sky130_fd_sc_hd__buf_2)
     1    0.035173    0.174596    0.195989    0.970877 ^ output5/X (sky130_fd_sc_hd__buf_2)
                                                         seg0[2] (net)
                      0.174621    0.001750    0.972627 ^ seg0[2] (out)
                                              0.972627   data arrival time

                                  0.000000    0.000000   clock clk (rise edge)
                                  0.000000    0.000000   clock network delay (propagated)
                                  0.250000    0.250000   clock uncertainty
                                  0.000000    0.250000   clock reconvergence pessimism
                                 -5.000000   -4.750000   output external delay
                                             -4.750000   data required time
---------------------------------------------------------------------------------------------
                                             -4.750000   data required time
                                             -0.972627   data arrival time
---------------------------------------------------------------------------------------------
                                              5.722627   slack (MET)


Startpoint: _155_ (rising edge-triggered flip-flop clocked by clk)
Endpoint: seg1[0] (output port clocked by clk)
Path Group: clk
Path Type: min

Fanout         Cap        Slew       Delay        Time   Description
---------------------------------------------------------------------------------------------
                                  0.000000    0.000000   clock clk (rise edge)
                                  0.000000    0.000000   clock source latency
     1    0.014807    0.072589    0.049637    0.049637 ^ clk (in)
                                                         clk (net)
                      0.072599    0.000000    0.049637 ^ clkbuf_0_clk/A (sky130_fd_sc_hd__clkbuf_16)
     4    0.043480    0.062955    0.153571    0.203207 ^ clkbuf_0_clk/X (sky130_fd_sc_hd__clkbuf_16)
                                                         clknet_0_clk (net)
                      0.063181    0.002586    0.205794 ^ clkbuf_2_2__f_clk/A (sky130_fd_sc_hd__clkbuf_16)
     8    0.025924    0.047220    0.137152    0.342946 ^ clkbuf_2_2__f_clk/X (sky130_fd_sc_hd__clkbuf_16)
                                                         clknet_2_2__leaf_clk (net)
                      0.047276    0.001405    0.344350 ^ _155_/CLK (sky130_fd_sc_hd__dfrtp_1)
     2    0.005551    0.066071    0.334285    0.678635 ^ _155_/Q (sky130_fd_sc_hd__dfrtp_1)
                                                         mem1[0] (net)
                      0.066072    0.000368    0.679003 ^ _072_/B1 (sky130_fd_sc_hd__a31o_1)
     1    0.003216    0.043771    0.096681    0.775684 ^ _072_/X (sky130_fd_sc_hd__a31o_1)
                                                         net9 (net)
                      0.043771    0.000190    0.775874 ^ output9/A (sky130_fd_sc_hd__buf_2)
     1    0.034222    0.170137    0.196607    0.972481 ^ output9/X (sky130_fd_sc_hd__buf_2)
                                                         seg1[0] (net)
                      0.170162    0.001705    0.974185 ^ seg1[0] (out)
                                              0.974185   data arrival time

                                  0.000000    0.000000   clock clk (rise edge)
                                  0.000000    0.000000   clock network delay (propagated)
                                  0.250000    0.250000   clock uncertainty
                                  0.000000    0.250000   clock reconvergence pessimism
                                 -5.000000   -4.750000   output external delay
                                             -4.750000   data required time
---------------------------------------------------------------------------------------------
                                             -4.750000   data required time
                                             -0.974185   data arrival time
---------------------------------------------------------------------------------------------
                                              5.724185   slack (MET)


Startpoint: _168_ (rising edge-triggered flip-flop clocked by clk)
Endpoint: seg3[1] (output port clocked by clk)
Path Group: clk
Path Type: min

Fanout         Cap        Slew       Delay        Time   Description
---------------------------------------------------------------------------------------------
                                  0.000000    0.000000   clock clk (rise edge)
                                  0.000000    0.000000   clock source latency
     1    0.014807    0.072589    0.049637    0.049637 ^ clk (in)
                                                         clk (net)
                      0.072599    0.000000    0.049637 ^ clkbuf_0_clk/A (sky130_fd_sc_hd__clkbuf_16)
     4    0.043480    0.062955    0.153571    0.203207 ^ clkbuf_0_clk/X (sky130_fd_sc_hd__clkbuf_16)
                                                         clknet_0_clk (net)
                      0.063179    0.002571    0.205778 ^ clkbuf_2_3__f_clk/A (sky130_fd_sc_hd__clkbuf_16)
    11    0.032427    0.053044    0.142284    0.348062 ^ clkbuf_2_3__f_clk/X (sky130_fd_sc_hd__clkbuf_16)
                                                         clknet_2_3__leaf_clk (net)
                      0.053080    0.001578    0.349640 ^ _168_/CLK (sky130_fd_sc_hd__dfrtp_1)
     2    0.005207    0.063351    0.334164    0.683804 ^ _168_/Q (sky130_fd_sc_hd__dfrtp_1)
                                                         mem3[1] (net)
                      0.063402    0.000324    0.684128 ^ _104_/B1 (sky130_fd_sc_hd__a31o_1)
     1    0.002763    0.040099    0.092438    0.776566 ^ _104_/X (sky130_fd_sc_hd__a31o_1)
                                                         net22 (net)
                      0.040099    0.000176    0.776742 ^ output22/A (sky130_fd_sc_hd__buf_2)
     1    0.034429    0.171097    0.195953    0.972695 ^ output22/X (sky130_fd_sc_hd__buf_2)
                                                         seg3[1] (net)
                      0.171119    0.001620    0.974316 ^ seg3[1] (out)
                                              0.974316   data arrival time

                                  0.000000    0.000000   clock clk (rise edge)
                                  0.000000    0.000000   clock network delay (propagated)
                                  0.250000    0.250000   clock uncertainty
                                  0.000000    0.250000   clock reconvergence pessimism
                                 -5.000000   -4.750000   output external delay
                                             -4.750000   data required time
---------------------------------------------------------------------------------------------
                                             -4.750000   data required time
                                             -0.974316   data arrival time
---------------------------------------------------------------------------------------------
                                              5.724316   slack (MET)


Startpoint: _166_ (rising edge-triggered flip-flop clocked by clk)
Endpoint: seg2[5] (output port clocked by clk)
Path Group: clk
Path Type: min

Fanout         Cap        Slew       Delay        Time   Description
---------------------------------------------------------------------------------------------
                                  0.000000    0.000000   clock clk (rise edge)
                                  0.000000    0.000000   clock source latency
     1    0.014807    0.072589    0.049637    0.049637 ^ clk (in)
                                                         clk (net)
                      0.072599    0.000000    0.049637 ^ clkbuf_0_clk/A (sky130_fd_sc_hd__clkbuf_16)
     4    0.043480    0.062955    0.153571    0.203207 ^ clkbuf_0_clk/X (sky130_fd_sc_hd__clkbuf_16)
                                                         clknet_0_clk (net)
                      0.063183    0.002598    0.205806 ^ clkbuf_2_0__f_clk/A (sky130_fd_sc_hd__clkbuf_16)
    10    0.030547    0.051451    0.140963    0.346769 ^ clkbuf_2_0__f_clk/X (sky130_fd_sc_hd__clkbuf_16)
                                                         clknet_2_0__leaf_clk (net)
                      0.051458    0.001090    0.347860 ^ _166_/CLK (sky130_fd_sc_hd__dfrtp_1)
     2    0.006347    0.072303    0.341210    0.689070 ^ _166_/Q (sky130_fd_sc_hd__dfrtp_1)
                                                         mem2[5] (net)
                      0.072304    0.000399    0.689469 ^ _097_/B1 (sky130_fd_sc_hd__a31o_1)
     1    0.001939    0.033901    0.088950    0.778419 ^ _097_/X (sky130_fd_sc_hd__a31o_1)
                                                         net20 (net)
                      0.033901    0.000090    0.778509 ^ output20/A (sky130_fd_sc_hd__buf_2)
     1    0.034908    0.173356    0.195084    0.973593 ^ output20/X (sky130_fd_sc_hd__buf_2)
                                                         seg2[5] (net)
                      0.173381    0.001738    0.975331 ^ seg2[5] (out)
                                              0.975331   data arrival time

                                  0.000000    0.000000   clock clk (rise edge)
                                  0.000000    0.000000   clock network delay (propagated)
                                  0.250000    0.250000   clock uncertainty
                                  0.000000    0.250000   clock reconvergence pessimism
                                 -5.000000   -4.750000   output external delay
                                             -4.750000   data required time
---------------------------------------------------------------------------------------------
                                             -4.750000   data required time
                                             -0.975331   data arrival time
---------------------------------------------------------------------------------------------
                                              5.725331   slack (MET)


Startpoint: _167_ (rising edge-triggered flip-flop clocked by clk)
Endpoint: seg3[0] (output port clocked by clk)
Path Group: clk
Path Type: min

Fanout         Cap        Slew       Delay        Time   Description
---------------------------------------------------------------------------------------------
                                  0.000000    0.000000   clock clk (rise edge)
                                  0.000000    0.000000   clock source latency
     1    0.014807    0.072589    0.049637    0.049637 ^ clk (in)
                                                         clk (net)
                      0.072599    0.000000    0.049637 ^ clkbuf_0_clk/A (sky130_fd_sc_hd__clkbuf_16)
     4    0.043480    0.062955    0.153571    0.203207 ^ clkbuf_0_clk/X (sky130_fd_sc_hd__clkbuf_16)
                                                         clknet_0_clk (net)
                      0.063179    0.002571    0.205778 ^ clkbuf_2_3__f_clk/A (sky130_fd_sc_hd__clkbuf_16)
    11    0.032427    0.053044    0.142284    0.348062 ^ clkbuf_2_3__f_clk/X (sky130_fd_sc_hd__clkbuf_16)
                                                         clknet_2_3__leaf_clk (net)
                      0.053122    0.001982    0.350044 ^ _167_/CLK (sky130_fd_sc_hd__dfrtp_1)
     2    0.006025    0.069784    0.339616    0.689660 ^ _167_/Q (sky130_fd_sc_hd__dfrtp_1)
                                                         mem3[0] (net)
                      0.069786    0.000511    0.690171 ^ _101_/B1 (sky130_fd_sc_hd__a31o_1)
     1    0.002169    0.035573    0.089897    0.780068 ^ _101_/X (sky130_fd_sc_hd__a31o_1)
                                                         net21 (net)
                      0.035573    0.000156    0.780224 ^ output21/A (sky130_fd_sc_hd__buf_2)
     1    0.034506    0.171468    0.194464    0.974688 ^ output21/X (sky130_fd_sc_hd__buf_2)
                                                         seg3[0] (net)
                      0.171491    0.001639    0.976327 ^ seg3[0] (out)
                                              0.976327   data arrival time

                                  0.000000    0.000000   clock clk (rise edge)
                                  0.000000    0.000000   clock network delay (propagated)
                                  0.250000    0.250000   clock uncertainty
                                  0.000000    0.250000   clock reconvergence pessimism
                                 -5.000000   -4.750000   output external delay
                                             -4.750000   data required time
---------------------------------------------------------------------------------------------
                                             -4.750000   data required time
                                             -0.976327   data arrival time
---------------------------------------------------------------------------------------------
                                              5.726327   slack (MET)


Startpoint: _153_ (rising edge-triggered flip-flop clocked by clk)
Endpoint: seg0[4] (output port clocked by clk)
Path Group: clk
Path Type: min

Fanout         Cap        Slew       Delay        Time   Description
---------------------------------------------------------------------------------------------
                                  0.000000    0.000000   clock clk (rise edge)
                                  0.000000    0.000000   clock source latency
     1    0.014807    0.072589    0.049637    0.049637 ^ clk (in)
                                                         clk (net)
                      0.072599    0.000000    0.049637 ^ clkbuf_0_clk/A (sky130_fd_sc_hd__clkbuf_16)
     4    0.043480    0.062955    0.153571    0.203207 ^ clkbuf_0_clk/X (sky130_fd_sc_hd__clkbuf_16)
                                                         clknet_0_clk (net)
                      0.063200    0.002729    0.205937 ^ clkbuf_2_1__f_clk/A (sky130_fd_sc_hd__clkbuf_16)
    10    0.030077    0.051017    0.140527    0.346463 ^ clkbuf_2_1__f_clk/X (sky130_fd_sc_hd__clkbuf_16)
                                                         clknet_2_1__leaf_clk (net)
                      0.051059    0.002224    0.348687 ^ _153_/CLK (sky130_fd_sc_hd__dfrtp_1)
     2    0.004927    0.061210    0.331519    0.680206 ^ _153_/Q (sky130_fd_sc_hd__dfrtp_1)
                                                         mem0[4] (net)
                      0.061210    0.000328    0.680534 ^ _066_/B1 (sky130_fd_sc_hd__a31o_1)
     1    0.003330    0.044604    0.096037    0.776571 ^ _066_/X (sky130_fd_sc_hd__a31o_1)
                                                         net7 (net)
                      0.044604    0.000213    0.776784 ^ output7/A (sky130_fd_sc_hd__buf_2)
     1    0.034638    0.172072    0.198328    0.975112 ^ output7/X (sky130_fd_sc_hd__buf_2)
                                                         seg0[4] (net)
                      0.172095    0.001685    0.976797 ^ seg0[4] (out)
                                              0.976797   data arrival time

                                  0.000000    0.000000   clock clk (rise edge)
                                  0.000000    0.000000   clock network delay (propagated)
                                  0.250000    0.250000   clock uncertainty
                                  0.000000    0.250000   clock reconvergence pessimism
                                 -5.000000   -4.750000   output external delay
                                             -4.750000   data required time
---------------------------------------------------------------------------------------------
                                             -4.750000   data required time
                                             -0.976797   data arrival time
---------------------------------------------------------------------------------------------
                                              5.726797   slack (MET)


Startpoint: _156_ (rising edge-triggered flip-flop clocked by clk)
Endpoint: seg1[1] (output port clocked by clk)
Path Group: clk
Path Type: min

Fanout         Cap        Slew       Delay        Time   Description
---------------------------------------------------------------------------------------------
                                  0.000000    0.000000   clock clk (rise edge)
                                  0.000000    0.000000   clock source latency
     1    0.014807    0.072589    0.049637    0.049637 ^ clk (in)
                                                         clk (net)
                      0.072599    0.000000    0.049637 ^ clkbuf_0_clk/A (sky130_fd_sc_hd__clkbuf_16)
     4    0.043480    0.062955    0.153571    0.203207 ^ clkbuf_0_clk/X (sky130_fd_sc_hd__clkbuf_16)
                                                         clknet_0_clk (net)
                      0.063181    0.002586    0.205794 ^ clkbuf_2_2__f_clk/A (sky130_fd_sc_hd__clkbuf_16)
     8    0.025924    0.047220    0.137152    0.342946 ^ clkbuf_2_2__f_clk/X (sky130_fd_sc_hd__clkbuf_16)
                                                         clknet_2_2__leaf_clk (net)
                      0.047267    0.001307    0.344252 ^ _156_/CLK (sky130_fd_sc_hd__dfrtp_1)
     2    0.005361    0.064601    0.332983    0.677235 ^ _156_/Q (sky130_fd_sc_hd__dfrtp_1)
                                                         mem1[1] (net)
                      0.064603    0.000450    0.677685 ^ _074_/B1 (sky130_fd_sc_hd__a31o_1)
     1    0.003649    0.047319    0.099293    0.776978 ^ _074_/X (sky130_fd_sc_hd__a31o_1)
                                                         net10 (net)
                      0.047320    0.000262    0.777241 ^ output10/A (sky130_fd_sc_hd__buf_2)
     1    0.034443    0.171095    0.198764    0.976005 ^ output10/X (sky130_fd_sc_hd__buf_2)
                                                         seg1[1] (net)
                      0.171168    0.001621    0.977625 ^ seg1[1] (out)
                                              0.977625   data arrival time

                                  0.000000    0.000000   clock clk (rise edge)
                                  0.000000    0.000000   clock network delay (propagated)
                                  0.250000    0.250000   clock uncertainty
                                  0.000000    0.250000   clock reconvergence pessimism
                                 -5.000000   -4.750000   output external delay
                                             -4.750000   data required time
---------------------------------------------------------------------------------------------
                                             -4.750000   data required time
                                             -0.977625   data arrival time
---------------------------------------------------------------------------------------------
                                              5.727626   slack (MET)


Startpoint: _163_ (rising edge-triggered flip-flop clocked by clk)
Endpoint: seg2[2] (output port clocked by clk)
Path Group: clk
Path Type: min

Fanout         Cap        Slew       Delay        Time   Description
---------------------------------------------------------------------------------------------
                                  0.000000    0.000000   clock clk (rise edge)
                                  0.000000    0.000000   clock source latency
     1    0.014807    0.072589    0.049637    0.049637 ^ clk (in)
                                                         clk (net)
                      0.072599    0.000000    0.049637 ^ clkbuf_0_clk/A (sky130_fd_sc_hd__clkbuf_16)
     4    0.043480    0.062955    0.153571    0.203207 ^ clkbuf_0_clk/X (sky130_fd_sc_hd__clkbuf_16)
                                                         clknet_0_clk (net)
                      0.063183    0.002598    0.205806 ^ clkbuf_2_0__f_clk/A (sky130_fd_sc_hd__clkbuf_16)
    10    0.030547    0.051451    0.140963    0.346769 ^ clkbuf_2_0__f_clk/X (sky130_fd_sc_hd__clkbuf_16)
                                                         clknet_2_0__leaf_clk (net)
                      0.051512    0.002464    0.349233 ^ _163_/CLK (sky130_fd_sc_hd__dfrtp_1)
     2    0.005802    0.068032    0.337557    0.686790 ^ _163_/Q (sky130_fd_sc_hd__dfrtp_1)
                                                         mem2[2] (net)
                      0.068033    0.000393    0.687183 ^ _091_/B1 (sky130_fd_sc_hd__a31o_1)
     1    0.002766    0.040214    0.093863    0.781046 ^ _091_/X (sky130_fd_sc_hd__a31o_1)
                                                         net17 (net)
                      0.040215    0.000199    0.781245 ^ output17/A (sky130_fd_sc_hd__buf_2)
     1    0.034205    0.170062    0.195187    0.976432 ^ output17/X (sky130_fd_sc_hd__buf_2)
                                                         seg2[2] (net)
                      0.170087    0.001704    0.978136 ^ seg2[2] (out)
                                              0.978136   data arrival time

                                  0.000000    0.000000   clock clk (rise edge)
                                  0.000000    0.000000   clock network delay (propagated)
                                  0.250000    0.250000   clock uncertainty
                                  0.000000    0.250000   clock reconvergence pessimism
                                 -5.000000   -4.750000   output external delay
                                             -4.750000   data required time
---------------------------------------------------------------------------------------------
                                             -4.750000   data required time
                                             -0.978136   data arrival time
---------------------------------------------------------------------------------------------
                                              5.728136   slack (MET)


Startpoint: _149_ (rising edge-triggered flip-flop clocked by clk)
Endpoint: seg0[0] (output port clocked by clk)
Path Group: clk
Path Type: min

Fanout         Cap        Slew       Delay        Time   Description
---------------------------------------------------------------------------------------------
                                  0.000000    0.000000   clock clk (rise edge)
                                  0.000000    0.000000   clock source latency
     1    0.014807    0.072589    0.049637    0.049637 ^ clk (in)
                                                         clk (net)
                      0.072599    0.000000    0.049637 ^ clkbuf_0_clk/A (sky130_fd_sc_hd__clkbuf_16)
     4    0.043480    0.062955    0.153571    0.203207 ^ clkbuf_0_clk/X (sky130_fd_sc_hd__clkbuf_16)
                                                         clknet_0_clk (net)
                      0.063200    0.002729    0.205937 ^ clkbuf_2_1__f_clk/A (sky130_fd_sc_hd__clkbuf_16)
    10    0.030077    0.051017    0.140527    0.346463 ^ clkbuf_2_1__f_clk/X (sky130_fd_sc_hd__clkbuf_16)
                                                         clknet_2_1__leaf_clk (net)
                      0.051035    0.001349    0.347812 ^ _149_/CLK (sky130_fd_sc_hd__dfrtp_1)
     2    0.005380    0.064742    0.334562    0.682374 ^ _149_/Q (sky130_fd_sc_hd__dfrtp_1)
                                                         mem0[0] (net)
                      0.064742    0.000335    0.682709 ^ _058_/B1 (sky130_fd_sc_hd__a31o_1)
     1    0.003207    0.043674    0.096194    0.778903 ^ _058_/X (sky130_fd_sc_hd__a31o_1)
                                                         net3 (net)
                      0.043675    0.000201    0.779104 ^ output3/A (sky130_fd_sc_hd__buf_2)
     1    0.034530    0.171580    0.197550    0.976655 ^ output3/X (sky130_fd_sc_hd__buf_2)
                                                         seg0[0] (net)
                      0.171606    0.001760    0.978415 ^ seg0[0] (out)
                                              0.978415   data arrival time

                                  0.000000    0.000000   clock clk (rise edge)
                                  0.000000    0.000000   clock network delay (propagated)
                                  0.250000    0.250000   clock uncertainty
                                  0.000000    0.250000   clock reconvergence pessimism
                                 -5.000000   -4.750000   output external delay
                                             -4.750000   data required time
---------------------------------------------------------------------------------------------
                                             -4.750000   data required time
                                             -0.978415   data arrival time
---------------------------------------------------------------------------------------------
                                              5.728415   slack (MET)


Startpoint: _161_ (rising edge-triggered flip-flop clocked by clk)
Endpoint: seg2[0] (output port clocked by clk)
Path Group: clk
Path Type: min

Fanout         Cap        Slew       Delay        Time   Description
---------------------------------------------------------------------------------------------
                                  0.000000    0.000000   clock clk (rise edge)
                                  0.000000    0.000000   clock source latency
     1    0.014807    0.072589    0.049637    0.049637 ^ clk (in)
                                                         clk (net)
                      0.072599    0.000000    0.049637 ^ clkbuf_0_clk/A (sky130_fd_sc_hd__clkbuf_16)
     4    0.043480    0.062955    0.153571    0.203207 ^ clkbuf_0_clk/X (sky130_fd_sc_hd__clkbuf_16)
                                                         clknet_0_clk (net)
                      0.063183    0.002598    0.205806 ^ clkbuf_2_0__f_clk/A (sky130_fd_sc_hd__clkbuf_16)
    10    0.030547    0.051451    0.140963    0.346769 ^ clkbuf_2_0__f_clk/X (sky130_fd_sc_hd__clkbuf_16)
                                                         clknet_2_0__leaf_clk (net)
                      0.051492    0.002252    0.349021 ^ _161_/CLK (sky130_fd_sc_hd__dfrtp_1)
     2    0.006536    0.073775    0.342538    0.691559 ^ _161_/Q (sky130_fd_sc_hd__dfrtp_1)
                                                         mem2[0] (net)
                      0.073775    0.000310    0.691869 ^ _086_/B1 (sky130_fd_sc_hd__a31o_1)
     1    0.002370    0.037201    0.092633    0.784502 ^ _086_/X (sky130_fd_sc_hd__a31o_1)
                                                         net15 (net)
                      0.037202    0.000173    0.784675 ^ output15/A (sky130_fd_sc_hd__buf_2)
     1    0.034456    0.171247    0.194823    0.979498 ^ output15/X (sky130_fd_sc_hd__buf_2)
                                                         seg2[0] (net)
                      0.171273    0.001774    0.981272 ^ seg2[0] (out)
                                              0.981272   data arrival time

                                  0.000000    0.000000   clock clk (rise edge)
                                  0.000000    0.000000   clock network delay (propagated)
                                  0.250000    0.250000   clock uncertainty
                                  0.000000    0.250000   clock reconvergence pessimism
                                 -5.000000   -4.750000   output external delay
                                             -4.750000   data required time
---------------------------------------------------------------------------------------------
                                             -4.750000   data required time
                                             -0.981272   data arrival time
---------------------------------------------------------------------------------------------
                                              5.731273   slack (MET)


Startpoint: _165_ (rising edge-triggered flip-flop clocked by clk)
Endpoint: seg2[4] (output port clocked by clk)
Path Group: clk
Path Type: min

Fanout         Cap        Slew       Delay        Time   Description
---------------------------------------------------------------------------------------------
                                  0.000000    0.000000   clock clk (rise edge)
                                  0.000000    0.000000   clock source latency
     1    0.014807    0.072589    0.049637    0.049637 ^ clk (in)
                                                         clk (net)
                      0.072599    0.000000    0.049637 ^ clkbuf_0_clk/A (sky130_fd_sc_hd__clkbuf_16)
     4    0.043480    0.062955    0.153571    0.203207 ^ clkbuf_0_clk/X (sky130_fd_sc_hd__clkbuf_16)
                                                         clknet_0_clk (net)
                      0.063183    0.002598    0.205806 ^ clkbuf_2_0__f_clk/A (sky130_fd_sc_hd__clkbuf_16)
    10    0.030547    0.051451    0.140963    0.346769 ^ clkbuf_2_0__f_clk/X (sky130_fd_sc_hd__clkbuf_16)
                                                         clknet_2_0__leaf_clk (net)
                      0.051518    0.002519    0.349288 ^ _165_/CLK (sky130_fd_sc_hd__dfrtp_1)
     2    0.006878    0.076482    0.344848    0.694137 ^ _165_/Q (sky130_fd_sc_hd__dfrtp_1)
                                                         mem2[4] (net)
                      0.076483    0.000377    0.694514 ^ _095_/B1 (sky130_fd_sc_hd__a31o_1)
     1    0.002108    0.035271    0.091484    0.785998 ^ _095_/X (sky130_fd_sc_hd__a31o_1)
                                                         net19 (net)
                      0.035271    0.000149    0.786147 ^ output19/A (sky130_fd_sc_hd__buf_2)
     1    0.034538    0.171613    0.194465    0.980613 ^ output19/X (sky130_fd_sc_hd__buf_2)
                                                         seg2[4] (net)
                      0.171635    0.001619    0.982231 ^ seg2[4] (out)
                                              0.982231   data arrival time

                                  0.000000    0.000000   clock clk (rise edge)
                                  0.000000    0.000000   clock network delay (propagated)
                                  0.250000    0.250000   clock uncertainty
                                  0.000000    0.250000   clock reconvergence pessimism
                                 -5.000000   -4.750000   output external delay
                                             -4.750000   data required time
---------------------------------------------------------------------------------------------
                                             -4.750000   data required time
                                             -0.982231   data arrival time
---------------------------------------------------------------------------------------------
                                              5.732231   slack (MET)


Startpoint: _154_ (rising edge-triggered flip-flop clocked by clk)
Endpoint: seg0[5] (output port clocked by clk)
Path Group: clk
Path Type: min

Fanout         Cap        Slew       Delay        Time   Description
---------------------------------------------------------------------------------------------
                                  0.000000    0.000000   clock clk (rise edge)
                                  0.000000    0.000000   clock source latency
     1    0.014807    0.072589    0.049637    0.049637 ^ clk (in)
                                                         clk (net)
                      0.072599    0.000000    0.049637 ^ clkbuf_0_clk/A (sky130_fd_sc_hd__clkbuf_16)
     4    0.043480    0.062955    0.153571    0.203207 ^ clkbuf_0_clk/X (sky130_fd_sc_hd__clkbuf_16)
                                                         clknet_0_clk (net)
                      0.063200    0.002729    0.205937 ^ clkbuf_2_1__f_clk/A (sky130_fd_sc_hd__clkbuf_16)
    10    0.030077    0.051017    0.140527    0.346463 ^ clkbuf_2_1__f_clk/X (sky130_fd_sc_hd__clkbuf_16)
                                                         clknet_2_1__leaf_clk (net)
                      0.051078    0.002412    0.348875 ^ _154_/CLK (sky130_fd_sc_hd__dfrtp_1)
     2    0.006947    0.077023    0.345142    0.694017 ^ _154_/Q (sky130_fd_sc_hd__dfrtp_1)
                                                         mem0[5] (net)
                      0.077023    0.000357    0.694375 ^ _068_/B1 (sky130_fd_sc_hd__a31o_1)
     1    0.001932    0.033964    0.090337    0.784712 ^ _068_/X (sky130_fd_sc_hd__a31o_1)
                                                         net8 (net)
                      0.033964    0.000089    0.784801 ^ output8/A (sky130_fd_sc_hd__buf_2)
     1    0.035087    0.174194    0.195680    0.980480 ^ output8/X (sky130_fd_sc_hd__buf_2)
                                                         seg0[5] (net)
                      0.174220    0.001761    0.982241 ^ seg0[5] (out)
                                              0.982241   data arrival time

                                  0.000000    0.000000   clock clk (rise edge)
                                  0.000000    0.000000   clock network delay (propagated)
                                  0.250000    0.250000   clock uncertainty
                                  0.000000    0.250000   clock reconvergence pessimism
                                 -5.000000   -4.750000   output external delay
                                             -4.750000   data required time
---------------------------------------------------------------------------------------------
                                             -4.750000   data required time
                                             -0.982241   data arrival time
---------------------------------------------------------------------------------------------
                                              5.732241   slack (MET)


Startpoint: _170_ (rising edge-triggered flip-flop clocked by clk)
Endpoint: seg3[3] (output port clocked by clk)
Path Group: clk
Path Type: min

Fanout         Cap        Slew       Delay        Time   Description
---------------------------------------------------------------------------------------------
                                  0.000000    0.000000   clock clk (rise edge)
                                  0.000000    0.000000   clock source latency
     1    0.014807    0.072589    0.049637    0.049637 ^ clk (in)
                                                         clk (net)
                      0.072599    0.000000    0.049637 ^ clkbuf_0_clk/A (sky130_fd_sc_hd__clkbuf_16)
     4    0.043480    0.062955    0.153571    0.203207 ^ clkbuf_0_clk/X (sky130_fd_sc_hd__clkbuf_16)
                                                         clknet_0_clk (net)
                      0.063179    0.002571    0.205778 ^ clkbuf_2_3__f_clk/A (sky130_fd_sc_hd__clkbuf_16)
    11    0.032427    0.053044    0.142284    0.348062 ^ clkbuf_2_3__f_clk/X (sky130_fd_sc_hd__clkbuf_16)
                                                         clknet_2_3__leaf_clk (net)
                      0.053128    0.002043    0.350105 ^ _170_/CLK (sky130_fd_sc_hd__dfrtp_1)
     2    0.005541    0.065995    0.336392    0.686497 ^ _170_/Q (sky130_fd_sc_hd__dfrtp_1)
                                                         mem3[3] (net)
                      0.065996    0.000390    0.686887 ^ _108_/B1 (sky130_fd_sc_hd__a31o_1)
     1    0.003161    0.043327    0.096210    0.783097 ^ _108_/X (sky130_fd_sc_hd__a31o_1)
                                                         net24 (net)
                      0.043328    0.000233    0.783330 ^ output24/A (sky130_fd_sc_hd__buf_2)
     1    0.034468    0.171293    0.197214    0.980545 ^ output24/X (sky130_fd_sc_hd__buf_2)
                                                         seg3[3] (net)
                      0.171319    0.001758    0.982302 ^ seg3[3] (out)
                                              0.982302   data arrival time

                                  0.000000    0.000000   clock clk (rise edge)
                                  0.000000    0.000000   clock network delay (propagated)
                                  0.250000    0.250000   clock uncertainty
                                  0.000000    0.250000   clock reconvergence pessimism
                                 -5.000000   -4.750000   output external delay
                                             -4.750000   data required time
---------------------------------------------------------------------------------------------
                                             -4.750000   data required time
                                             -0.982302   data arrival time
---------------------------------------------------------------------------------------------
                                              5.732302   slack (MET)


Startpoint: _169_ (rising edge-triggered flip-flop clocked by clk)
Endpoint: seg3[2] (output port clocked by clk)
Path Group: clk
Path Type: min

Fanout         Cap        Slew       Delay        Time   Description
---------------------------------------------------------------------------------------------
                                  0.000000    0.000000   clock clk (rise edge)
                                  0.000000    0.000000   clock source latency
     1    0.014807    0.072589    0.049637    0.049637 ^ clk (in)
                                                         clk (net)
                      0.072599    0.000000    0.049637 ^ clkbuf_0_clk/A (sky130_fd_sc_hd__clkbuf_16)
     4    0.043480    0.062955    0.153571    0.203207 ^ clkbuf_0_clk/X (sky130_fd_sc_hd__clkbuf_16)
                                                         clknet_0_clk (net)
                      0.063179    0.002571    0.205778 ^ clkbuf_2_3__f_clk/A (sky130_fd_sc_hd__clkbuf_16)
    11    0.032427    0.053044    0.142284    0.348062 ^ clkbuf_2_3__f_clk/X (sky130_fd_sc_hd__clkbuf_16)
                                                         clknet_2_3__leaf_clk (net)
                      0.053129    0.002051    0.350113 ^ _169_/CLK (sky130_fd_sc_hd__dfrtp_1)
     2    0.005603    0.066460    0.336882    0.686994 ^ _169_/Q (sky130_fd_sc_hd__dfrtp_1)
                                                         mem3[2] (net)
                      0.066460    0.000295    0.687289 ^ _106_/B1 (sky130_fd_sc_hd__a31o_1)
     1    0.003164    0.043364    0.096401    0.783691 ^ _106_/X (sky130_fd_sc_hd__a31o_1)
                                                         net23 (net)
                      0.043364    0.000201    0.783892 ^ output23/A (sky130_fd_sc_hd__buf_2)
     1    0.034429    0.171091    0.197204    0.981096 ^ output23/X (sky130_fd_sc_hd__buf_2)
                                                         seg3[2] (net)
                      0.171113    0.001620    0.982717 ^ seg3[2] (out)
                                              0.982717   data arrival time

                                  0.000000    0.000000   clock clk (rise edge)
                                  0.000000    0.000000   clock network delay (propagated)
                                  0.250000    0.250000   clock uncertainty
                                  0.000000    0.250000   clock reconvergence pessimism
                                 -5.000000   -4.750000   output external delay
                                             -4.750000   data required time
---------------------------------------------------------------------------------------------
                                             -4.750000   data required time
                                             -0.982717   data arrival time
---------------------------------------------------------------------------------------------
                                              5.732717   slack (MET)


Startpoint: _159_ (rising edge-triggered flip-flop clocked by clk)
Endpoint: seg1[4] (output port clocked by clk)
Path Group: clk
Path Type: min

Fanout         Cap        Slew       Delay        Time   Description
---------------------------------------------------------------------------------------------
                                  0.000000    0.000000   clock clk (rise edge)
                                  0.000000    0.000000   clock source latency
     1    0.014807    0.072589    0.049637    0.049637 ^ clk (in)
                                                         clk (net)
                      0.072599    0.000000    0.049637 ^ clkbuf_0_clk/A (sky130_fd_sc_hd__clkbuf_16)
     4    0.043480    0.062955    0.153571    0.203207 ^ clkbuf_0_clk/X (sky130_fd_sc_hd__clkbuf_16)
                                                         clknet_0_clk (net)
                      0.063181    0.002586    0.205794 ^ clkbuf_2_2__f_clk/A (sky130_fd_sc_hd__clkbuf_16)
     8    0.025924    0.047220    0.137152    0.342946 ^ clkbuf_2_2__f_clk/X (sky130_fd_sc_hd__clkbuf_16)
                                                         clknet_2_2__leaf_clk (net)
                      0.047303    0.001677    0.344623 ^ _159_/CLK (sky130_fd_sc_hd__dfrtp_1)
     2    0.005473    0.065444    0.333829    0.678452 ^ _159_/Q (sky130_fd_sc_hd__dfrtp_1)
                                                         mem1[4] (net)
                      0.065444    0.000299    0.678751 ^ _080_/B1 (sky130_fd_sc_hd__a31o_1)
     1    0.004253    0.052567    0.103667    0.782418 ^ _080_/X (sky130_fd_sc_hd__a31o_1)
                                                         net13 (net)
                      0.052567    0.000253    0.782672 ^ output13/A (sky130_fd_sc_hd__buf_2)
     1    0.034222    0.170071    0.199975    0.982647 ^ output13/X (sky130_fd_sc_hd__buf_2)
                                                         seg1[4] (net)
                      0.170146    0.001705    0.984352 ^ seg1[4] (out)
                                              0.984352   data arrival time

                                  0.000000    0.000000   clock clk (rise edge)
                                  0.000000    0.000000   clock network delay (propagated)
                                  0.250000    0.250000   clock uncertainty
                                  0.000000    0.250000   clock reconvergence pessimism
                                 -5.000000   -4.750000   output external delay
                                             -4.750000   data required time
---------------------------------------------------------------------------------------------
                                             -4.750000   data required time
                                             -0.984352   data arrival time
---------------------------------------------------------------------------------------------
                                              5.734352   slack (MET)


Startpoint: _152_ (rising edge-triggered flip-flop clocked by clk)
Endpoint: seg0[3] (output port clocked by clk)
Path Group: clk
Path Type: min

Fanout         Cap        Slew       Delay        Time   Description
---------------------------------------------------------------------------------------------
                                  0.000000    0.000000   clock clk (rise edge)
                                  0.000000    0.000000   clock source latency
     1    0.014807    0.072589    0.049637    0.049637 ^ clk (in)
                                                         clk (net)
                      0.072599    0.000000    0.049637 ^ clkbuf_0_clk/A (sky130_fd_sc_hd__clkbuf_16)
     4    0.043480    0.062955    0.153571    0.203207 ^ clkbuf_0_clk/X (sky130_fd_sc_hd__clkbuf_16)
                                                         clknet_0_clk (net)
                      0.063200    0.002729    0.205937 ^ clkbuf_2_1__f_clk/A (sky130_fd_sc_hd__clkbuf_16)
    10    0.030077    0.051017    0.140527    0.346463 ^ clkbuf_2_1__f_clk/X (sky130_fd_sc_hd__clkbuf_16)
                                                         clknet_2_1__leaf_clk (net)
                      0.051067    0.002313    0.348776 ^ _152_/CLK (sky130_fd_sc_hd__dfrtp_1)
     2    0.006507    0.073565    0.342124    0.690900 ^ _152_/Q (sky130_fd_sc_hd__dfrtp_1)
                                                         mem0[3] (net)
                      0.073566    0.000431    0.691330 ^ _064_/B1 (sky130_fd_sc_hd__a31o_1)
     1    0.002497    0.038196    0.093542    0.784873 ^ _064_/X (sky130_fd_sc_hd__a31o_1)
                                                         net6 (net)
                      0.038196    0.000164    0.785037 ^ output6/A (sky130_fd_sc_hd__buf_2)
     1    0.035336    0.175354    0.198109    0.983146 ^ output6/X (sky130_fd_sc_hd__buf_2)
                                                         seg0[3] (net)
                      0.175381    0.001800    0.984946 ^ seg0[3] (out)
                                              0.984946   data arrival time

                                  0.000000    0.000000   clock clk (rise edge)
                                  0.000000    0.000000   clock network delay (propagated)
                                  0.250000    0.250000   clock uncertainty
                                  0.000000    0.250000   clock reconvergence pessimism
                                 -5.000000   -4.750000   output external delay
                                             -4.750000   data required time
---------------------------------------------------------------------------------------------
                                             -4.750000   data required time
                                             -0.984946   data arrival time
---------------------------------------------------------------------------------------------
                                              5.734946   slack (MET)


Startpoint: _150_ (rising edge-triggered flip-flop clocked by clk)
Endpoint: seg0[1] (output port clocked by clk)
Path Group: clk
Path Type: min

Fanout         Cap        Slew       Delay        Time   Description
---------------------------------------------------------------------------------------------
                                  0.000000    0.000000   clock clk (rise edge)
                                  0.000000    0.000000   clock source latency
     1    0.014807    0.072589    0.049637    0.049637 ^ clk (in)
                                                         clk (net)
                      0.072599    0.000000    0.049637 ^ clkbuf_0_clk/A (sky130_fd_sc_hd__clkbuf_16)
     4    0.043480    0.062955    0.153571    0.203207 ^ clkbuf_0_clk/X (sky130_fd_sc_hd__clkbuf_16)
                                                         clknet_0_clk (net)
                      0.063200    0.002729    0.205937 ^ clkbuf_2_1__f_clk/A (sky130_fd_sc_hd__clkbuf_16)
    10    0.030077    0.051017    0.140527    0.346463 ^ clkbuf_2_1__f_clk/X (sky130_fd_sc_hd__clkbuf_16)
                                                         clknet_2_1__leaf_clk (net)
                      0.051035    0.001375    0.347839 ^ _150_/CLK (sky130_fd_sc_hd__dfrtp_1)
     2    0.006395    0.072702    0.341313    0.689152 ^ _150_/Q (sky130_fd_sc_hd__dfrtp_1)
                                                         mem0[1] (net)
                      0.072704    0.000548    0.689700 ^ _060_/B1 (sky130_fd_sc_hd__a31o_1)
     1    0.002867    0.041109    0.096055    0.785755 ^ _060_/X (sky130_fd_sc_hd__a31o_1)
                                                         net4 (net)
                      0.041110    0.000208    0.785962 ^ output4/A (sky130_fd_sc_hd__buf_2)
     1    0.035144    0.174442    0.198646    0.984608 ^ output4/X (sky130_fd_sc_hd__buf_2)
                                                         seg0[1] (net)
                      0.174466    0.001713    0.986320 ^ seg0[1] (out)
                                              0.986320   data arrival time

                                  0.000000    0.000000   clock clk (rise edge)
                                  0.000000    0.000000   clock network delay (propagated)
                                  0.250000    0.250000   clock uncertainty
                                  0.000000    0.250000   clock reconvergence pessimism
                                 -5.000000   -4.750000   output external delay
                                             -4.750000   data required time
---------------------------------------------------------------------------------------------
                                             -4.750000   data required time
                                             -0.986320   data arrival time
---------------------------------------------------------------------------------------------
                                              5.736320   slack (MET)


Startpoint: _164_ (rising edge-triggered flip-flop clocked by clk)
Endpoint: seg2[3] (output port clocked by clk)
Path Group: clk
Path Type: min

Fanout         Cap        Slew       Delay        Time   Description
---------------------------------------------------------------------------------------------
                                  0.000000    0.000000   clock clk (rise edge)
                                  0.000000    0.000000   clock source latency
     1    0.014807    0.072589    0.049637    0.049637 ^ clk (in)
                                                         clk (net)
                      0.072599    0.000000    0.049637 ^ clkbuf_0_clk/A (sky130_fd_sc_hd__clkbuf_16)
     4    0.043480    0.062955    0.153571    0.203207 ^ clkbuf_0_clk/X (sky130_fd_sc_hd__clkbuf_16)
                                                         clknet_0_clk (net)
                      0.063183    0.002598    0.205806 ^ clkbuf_2_0__f_clk/A (sky130_fd_sc_hd__clkbuf_16)
    10    0.030547    0.051451    0.140963    0.346769 ^ clkbuf_2_0__f_clk/X (sky130_fd_sc_hd__clkbuf_16)
                                                         clknet_2_0__leaf_clk (net)
                      0.051513    0.002474    0.349244 ^ _164_/CLK (sky130_fd_sc_hd__dfrtp_1)
     2    0.005801    0.068003    0.337609    0.686853 ^ _164_/Q (sky130_fd_sc_hd__dfrtp_1)
                                                         mem2[3] (net)
                      0.068003    0.000310    0.687163 ^ _093_/B1 (sky130_fd_sc_hd__a31o_1)
     1    0.003829    0.048912    0.101565    0.788729 ^ _093_/X (sky130_fd_sc_hd__a31o_1)
                                                         net18 (net)
                      0.048912    0.000261    0.788990 ^ output18/A (sky130_fd_sc_hd__buf_2)
     1    0.033973    0.168901    0.197831    0.986821 ^ output18/X (sky130_fd_sc_hd__buf_2)
                                                         seg2[3] (net)
                      0.168973    0.001589    0.988410 ^ seg2[3] (out)
                                              0.988410   data arrival time

                                  0.000000    0.000000   clock clk (rise edge)
                                  0.000000    0.000000   clock network delay (propagated)
                                  0.250000    0.250000   clock uncertainty
                                  0.000000    0.250000   clock reconvergence pessimism
                                 -5.000000   -4.750000   output external delay
                                             -4.750000   data required time
---------------------------------------------------------------------------------------------
                                             -4.750000   data required time
                                             -0.988410   data arrival time
---------------------------------------------------------------------------------------------
                                              5.738410   slack (MET)


Startpoint: _172_ (rising edge-triggered flip-flop clocked by clk)
Endpoint: seg3[5] (output port clocked by clk)
Path Group: clk
Path Type: min

Fanout         Cap        Slew       Delay        Time   Description
---------------------------------------------------------------------------------------------
                                  0.000000    0.000000   clock clk (rise edge)
                                  0.000000    0.000000   clock source latency
     1    0.014807    0.072589    0.049637    0.049637 ^ clk (in)
                                                         clk (net)
                      0.072599    0.000000    0.049637 ^ clkbuf_0_clk/A (sky130_fd_sc_hd__clkbuf_16)
     4    0.043480    0.062955    0.153571    0.203207 ^ clkbuf_0_clk/X (sky130_fd_sc_hd__clkbuf_16)
                                                         clknet_0_clk (net)
                      0.063179    0.002571    0.205778 ^ clkbuf_2_3__f_clk/A (sky130_fd_sc_hd__clkbuf_16)
    11    0.032427    0.053044    0.142284    0.348062 ^ clkbuf_2_3__f_clk/X (sky130_fd_sc_hd__clkbuf_16)
                                                         clknet_2_3__leaf_clk (net)
                      0.053152    0.002264    0.350326 ^ _172_/CLK (sky130_fd_sc_hd__dfrtp_1)
     2    0.006431    0.072951    0.342453    0.692778 ^ _172_/Q (sky130_fd_sc_hd__dfrtp_1)
                                                         mem3[5] (net)
                      0.072952    0.000338    0.693117 ^ _112_/B1 (sky130_fd_sc_hd__a31o_1)
     1    0.003359    0.045033    0.099871    0.792988 ^ _112_/X (sky130_fd_sc_hd__a31o_1)
                                                         net26 (net)
                      0.045033    0.000199    0.793187 ^ output26/A (sky130_fd_sc_hd__buf_2)
     1    0.034080    0.169412    0.196684    0.989871 ^ output26/X (sky130_fd_sc_hd__buf_2)
                                                         seg3[5] (net)
                      0.169483    0.001611    0.991482 ^ seg3[5] (out)
                                              0.991482   data arrival time

                                  0.000000    0.000000   clock clk (rise edge)
                                  0.000000    0.000000   clock network delay (propagated)
                                  0.250000    0.250000   clock uncertainty
                                  0.000000    0.250000   clock reconvergence pessimism
                                 -5.000000   -4.750000   output external delay
                                             -4.750000   data required time
---------------------------------------------------------------------------------------------
                                             -4.750000   data required time
                                             -0.991482   data arrival time
---------------------------------------------------------------------------------------------
                                              5.741482   slack (MET)


Startpoint: _158_ (rising edge-triggered flip-flop clocked by clk)
Endpoint: seg1[3] (output port clocked by clk)
Path Group: clk
Path Type: min

Fanout         Cap        Slew       Delay        Time   Description
---------------------------------------------------------------------------------------------
                                  0.000000    0.000000   clock clk (rise edge)
                                  0.000000    0.000000   clock source latency
     1    0.014807    0.072589    0.049637    0.049637 ^ clk (in)
                                                         clk (net)
                      0.072599    0.000000    0.049637 ^ clkbuf_0_clk/A (sky130_fd_sc_hd__clkbuf_16)
     4    0.043480    0.062955    0.153571    0.203207 ^ clkbuf_0_clk/X (sky130_fd_sc_hd__clkbuf_16)
                                                         clknet_0_clk (net)
                      0.063181    0.002586    0.205794 ^ clkbuf_2_2__f_clk/A (sky130_fd_sc_hd__clkbuf_16)
     8    0.025924    0.047220    0.137152    0.342946 ^ clkbuf_2_2__f_clk/X (sky130_fd_sc_hd__clkbuf_16)
                                                         clknet_2_2__leaf_clk (net)
                      0.047303    0.001682    0.344627 ^ _158_/CLK (sky130_fd_sc_hd__dfrtp_1)
     2    0.007453    0.081049    0.347139    0.691767 ^ _158_/Q (sky130_fd_sc_hd__dfrtp_1)
                                                         mem1[3] (net)
                      0.081050    0.000374    0.692141 ^ _078_/B1 (sky130_fd_sc_hd__a31o_1)
     1    0.003527    0.046556    0.103576    0.795717 ^ _078_/X (sky130_fd_sc_hd__a31o_1)
                                                         net12 (net)
                      0.046556    0.000148    0.795865 ^ output12/A (sky130_fd_sc_hd__buf_2)
     1    0.034148    0.169727    0.197467    0.993331 ^ output12/X (sky130_fd_sc_hd__buf_2)
                                                         seg1[3] (net)
                      0.169800    0.001649    0.994981 ^ seg1[3] (out)
                                              0.994981   data arrival time

                                  0.000000    0.000000   clock clk (rise edge)
                                  0.000000    0.000000   clock network delay (propagated)
                                  0.250000    0.250000   clock uncertainty
                                  0.000000    0.250000   clock reconvergence pessimism
                                 -5.000000   -4.750000   output external delay
                                             -4.750000   data required time
---------------------------------------------------------------------------------------------
                                             -4.750000   data required time
                                             -0.994981   data arrival time
---------------------------------------------------------------------------------------------
                                              5.744981   slack (MET)


Startpoint: _171_ (rising edge-triggered flip-flop clocked by clk)
Endpoint: seg3[4] (output port clocked by clk)
Path Group: clk
Path Type: min

Fanout         Cap        Slew       Delay        Time   Description
---------------------------------------------------------------------------------------------
                                  0.000000    0.000000   clock clk (rise edge)
                                  0.000000    0.000000   clock source latency
     1    0.014807    0.072589    0.049637    0.049637 ^ clk (in)
                                                         clk (net)
                      0.072599    0.000000    0.049637 ^ clkbuf_0_clk/A (sky130_fd_sc_hd__clkbuf_16)
     4    0.043480    0.062955    0.153571    0.203207 ^ clkbuf_0_clk/X (sky130_fd_sc_hd__clkbuf_16)
                                                         clknet_0_clk (net)
                      0.063179    0.002571    0.205778 ^ clkbuf_2_3__f_clk/A (sky130_fd_sc_hd__clkbuf_16)
    11    0.032427    0.053044    0.142284    0.348062 ^ clkbuf_2_3__f_clk/X (sky130_fd_sc_hd__clkbuf_16)
                                                         clknet_2_3__leaf_clk (net)
                      0.053155    0.002292    0.350354 ^ _171_/CLK (sky130_fd_sc_hd__dfrtp_1)
     2    0.007221    0.079251    0.347646    0.698000 ^ _171_/Q (sky130_fd_sc_hd__dfrtp_1)
                                                         mem3[4] (net)
                      0.079253    0.000540    0.698540 ^ _110_/B1 (sky130_fd_sc_hd__a31o_1)
     1    0.003563    0.046823    0.103231    0.801772 ^ _110_/X (sky130_fd_sc_hd__a31o_1)
                                                         net25 (net)
                      0.046823    0.000239    0.802011 ^ output25/A (sky130_fd_sc_hd__buf_2)
     1    0.034160    0.169782    0.197625    0.999636 ^ output25/X (sky130_fd_sc_hd__buf_2)
                                                         seg3[4] (net)
                      0.169855    0.001625    1.001261 ^ seg3[4] (out)
                                              1.001261   data arrival time

                                  0.000000    0.000000   clock clk (rise edge)
                                  0.000000    0.000000   clock network delay (propagated)
                                  0.250000    0.250000   clock uncertainty
                                  0.000000    0.250000   clock reconvergence pessimism
                                 -5.000000   -4.750000   output external delay
                                             -4.750000   data required time
---------------------------------------------------------------------------------------------
                                             -4.750000   data required time
                                             -1.001261   data arrival time
---------------------------------------------------------------------------------------------
                                              5.751261   slack (MET)


Startpoint: _162_ (rising edge-triggered flip-flop clocked by clk)
Endpoint: seg2[1] (output port clocked by clk)
Path Group: clk
Path Type: min

Fanout         Cap        Slew       Delay        Time   Description
---------------------------------------------------------------------------------------------
                                  0.000000    0.000000   clock clk (rise edge)
                                  0.000000    0.000000   clock source latency
     1    0.014807    0.072589    0.049637    0.049637 ^ clk (in)
                                                         clk (net)
                      0.072599    0.000000    0.049637 ^ clkbuf_0_clk/A (sky130_fd_sc_hd__clkbuf_16)
     4    0.043480    0.062955    0.153571    0.203207 ^ clkbuf_0_clk/X (sky130_fd_sc_hd__clkbuf_16)
                                                         clknet_0_clk (net)
                      0.063183    0.002598    0.205806 ^ clkbuf_2_0__f_clk/A (sky130_fd_sc_hd__clkbuf_16)
    10    0.030547    0.051451    0.140963    0.346769 ^ clkbuf_2_0__f_clk/X (sky130_fd_sc_hd__clkbuf_16)
                                                         clknet_2_0__leaf_clk (net)
                      0.051490    0.002231    0.349001 ^ _162_/CLK (sky130_fd_sc_hd__dfrtp_1)
     2    0.006654    0.074715    0.343311    0.692312 ^ _162_/Q (sky130_fd_sc_hd__dfrtp_1)
                                                         mem2[1] (net)
                      0.074716    0.000445    0.692756 ^ _089_/B1 (sky130_fd_sc_hd__a31o_1)
     1    0.004363    0.053653    0.107235    0.799991 ^ _089_/X (sky130_fd_sc_hd__a31o_1)
                                                         net16 (net)
                      0.053653    0.000303    0.800294 ^ output16/A (sky130_fd_sc_hd__buf_2)
     1    0.034141    0.169685    0.200160    1.000454 ^ output16/X (sky130_fd_sc_hd__buf_2)
                                                         seg2[1] (net)
                      0.169757    0.001641    1.002096 ^ seg2[1] (out)
                                              1.002096   data arrival time

                                  0.000000    0.000000   clock clk (rise edge)
                                  0.000000    0.000000   clock network delay (propagated)
                                  0.250000    0.250000   clock uncertainty
                                  0.000000    0.250000   clock reconvergence pessimism
                                 -5.000000   -4.750000   output external delay
                                             -4.750000   data required time
---------------------------------------------------------------------------------------------
                                             -4.750000   data required time
                                             -1.002096   data arrival time
---------------------------------------------------------------------------------------------
                                              5.752096   slack (MET)


Startpoint: _160_ (rising edge-triggered flip-flop clocked by clk)
Endpoint: seg1[5] (output port clocked by clk)
Path Group: clk
Path Type: min

Fanout         Cap        Slew       Delay        Time   Description
---------------------------------------------------------------------------------------------
                                  0.000000    0.000000   clock clk (rise edge)
                                  0.000000    0.000000   clock source latency
     1    0.014807    0.072589    0.049637    0.049637 ^ clk (in)
                                                         clk (net)
                      0.072599    0.000000    0.049637 ^ clkbuf_0_clk/A (sky130_fd_sc_hd__clkbuf_16)
     4    0.043480    0.062955    0.153571    0.203207 ^ clkbuf_0_clk/X (sky130_fd_sc_hd__clkbuf_16)
                                                         clknet_0_clk (net)
                      0.063181    0.002586    0.205794 ^ clkbuf_2_2__f_clk/A (sky130_fd_sc_hd__clkbuf_16)
     8    0.025924    0.047220    0.137152    0.342946 ^ clkbuf_2_2__f_clk/X (sky130_fd_sc_hd__clkbuf_16)
                                                         clknet_2_2__leaf_clk (net)
                      0.047260    0.001218    0.344164 ^ _160_/CLK (sky130_fd_sc_hd__dfrtp_1)
     2    0.005987    0.069475    0.337205    0.681369 ^ _160_/Q (sky130_fd_sc_hd__dfrtp_1)
                                                         mem1[5] (net)
                      0.069476    0.000400    0.681769 ^ _082_/B1 (sky130_fd_sc_hd__a31o_1)
     1    0.005911    0.067131    0.116049    0.797818 ^ _082_/X (sky130_fd_sc_hd__a31o_1)
                                                         net14 (net)
                      0.067133    0.000486    0.798304 ^ output14/A (sky130_fd_sc_hd__buf_2)
     1    0.034469    0.171297    0.206206    1.004509 ^ output14/X (sky130_fd_sc_hd__buf_2)
                                                         seg1[5] (net)
                      0.171370    0.001665    1.006174 ^ seg1[5] (out)
                                              1.006174   data arrival time

                                  0.000000    0.000000   clock clk (rise edge)
                                  0.000000    0.000000   clock network delay (propagated)
                                  0.250000    0.250000   clock uncertainty
                                  0.000000    0.250000   clock reconvergence pessimism
                                 -5.000000   -4.750000   output external delay
                                             -4.750000   data required time
---------------------------------------------------------------------------------------------
                                             -4.750000   data required time
                                             -1.006174   data arrival time
---------------------------------------------------------------------------------------------
                                              5.756175   slack (MET)



