Reading timing models for corner max_tt_025C_1v80…
Reading cell library for the 'max_tt_025C_1v80' corner at '/home/felix/.ciel/ciel/sky130/versions/0fe599b2afb6708d281543108caf8310912f54af/sky130A/libs.ref/sky130_fd_sc_hd/lib/sky130_fd_sc_hd__tt_025C_1v80.lib'…
Reading top-level netlist at '/mnt/c/Users/felix/Documents/Master_1ECAM/microelec/projet_microelec/src/runs/RUN_2026-04-28_09-54-31/51-openroad-fillinsertion/mini_light_up_game.nl.v'…
Linking design 'mini_light_up_game' from netlist…
Warning: /mnt/c/Users/felix/Documents/Master_1ECAM/microelec/projet_microelec/src/runs/RUN_2026-04-28_09-54-31/51-openroad-fillinsertion/mini_light_up_game.nl.v line 754, module sky130_fd_sc_hd__tapvpwrvgnd_1 not found. Creating black box for TAP_TAPCELL_ROW_0_42.
Warning: /mnt/c/Users/felix/Documents/Master_1ECAM/microelec/projet_microelec/src/runs/RUN_2026-04-28_09-54-31/51-openroad-fillinsertion/mini_light_up_game.nl.v line 948, module sky130_ef_sc_hd__decap_12 not found. Creating black box for FILLER_0_3.
Warning: /mnt/c/Users/felix/Documents/Master_1ECAM/microelec/projet_microelec/src/runs/RUN_2026-04-28_09-54-31/51-openroad-fillinsertion/mini_light_up_game.nl.v line 950, module sky130_fd_sc_hd__fill_1 not found. Creating black box for FILLER_0_27.
Warning: /mnt/c/Users/felix/Documents/Master_1ECAM/microelec/projet_microelec/src/runs/RUN_2026-04-28_09-54-31/51-openroad-fillinsertion/mini_light_up_game.nl.v line 951, module sky130_fd_sc_hd__fill_2 not found. Creating black box for FILLER_0_29.
Reading design constraints file at '/nix/store/p32knifc9l2cvqzrxkf9hcjphzkhn19d-python3-3.11.9-env/lib/python3.11/site-packages/librelane/scripts/base.sdc'…
[INFO] Using clock clk…
[INFO] Setting output delay to: 5
[INFO] Setting input delay to: 5
[INFO] Setting load to: 0.033442
[INFO] Setting clock uncertainty to: 0.25
[INFO] Setting clock transition to: 0.1499999999999999944488848768742172978818416595458984375
[INFO] Setting timing derate to: 5%
Reading top-level design parasitics for the 'max_tt_025C_1v80' corner at '/mnt/c/Users/felix/Documents/Master_1ECAM/microelec/projet_microelec/src/runs/RUN_2026-04-28_09-54-31/53-openroad-rcx/max/mini_light_up_game.max.spef'…
%OL_CREATE_REPORT min.rpt

===========================================================================
report_checks -path_delay min (Hold)
============================================================================
======================= max_tt_025C_1v80 Corner ===================================

Startpoint: _174_ (rising edge-triggered flip-flop clocked by clk)
Endpoint: _182_ (rising edge-triggered flip-flop clocked by clk)
Path Group: clk
Path Type: min

Fanout         Cap        Slew       Delay        Time   Description
---------------------------------------------------------------------------------------------
                                  0.000000    0.000000   clock clk (rise edge)
                                  0.000000    0.000000   clock source latency
     1    0.014807    0.072589    0.049637    0.049637 ^ clk (in)
                                                         clk (net)
                      0.072599    0.000000    0.049637 ^ clkbuf_0_clk/A (sky130_fd_sc_hd__clkbuf_16)
     4    0.043480    0.062955    0.153571    0.203207 ^ clkbuf_0_clk/X (sky130_fd_sc_hd__clkbuf_16)
                                                         clknet_0_clk (net)
                      0.063181    0.002586    0.205794 ^ clkbuf_2_2__f_clk/A (sky130_fd_sc_hd__clkbuf_16)
     8    0.025924    0.047220    0.137152    0.342946 ^ clkbuf_2_2__f_clk/X (sky130_fd_sc_hd__clkbuf_16)
                                                         clknet_2_2__leaf_clk (net)
                      0.047254    0.001137    0.344083 ^ _174_/CLK (sky130_fd_sc_hd__dfrtp_1)
     2    0.004032    0.054440    0.324136    0.668219 ^ _174_/Q (sky130_fd_sc_hd__dfrtp_1)
                                                         done_ff[1] (net)
                      0.054440    0.000141    0.668359 ^ _057_/A1_N (sky130_fd_sc_hd__o2bb2a_1)
     1    0.002646    0.038543    0.205670    0.874030 v _057_/X (sky130_fd_sc_hd__o2bb2a_1)
                                                         _036_ (net)
                      0.038543    0.000190    0.874220 v _182_/D (sky130_fd_sc_hd__dfrtp_1)
                                              0.874220   data arrival time

                                  0.000000    0.000000   clock clk (rise edge)
                                  0.000000    0.000000   clock source latency
     1    0.014807    0.072589    0.049637    0.049637 ^ clk (in)
                                                         clk (net)
                      0.072599    0.000000    0.049637 ^ clkbuf_0_clk/A (sky130_fd_sc_hd__clkbuf_16)
     4    0.043480    0.062955    0.153571    0.203207 ^ clkbuf_0_clk/X (sky130_fd_sc_hd__clkbuf_16)
                                                         clknet_0_clk (net)
                      0.063179    0.002571    0.205778 ^ clkbuf_2_3__f_clk/A (sky130_fd_sc_hd__clkbuf_16)
    11    0.032427    0.053044    0.142284    0.348062 ^ clkbuf_2_3__f_clk/X (sky130_fd_sc_hd__clkbuf_16)
                                                         clknet_2_3__leaf_clk (net)
                      0.053133    0.002091    0.350153 ^ _182_/CLK (sky130_fd_sc_hd__dfrtp_1)
                                  0.250000    0.600153   clock uncertainty
                                  0.000000    0.600153   clock reconvergence pessimism
                                 -0.041292    0.558861   library hold time
                                              0.558861   data required time
---------------------------------------------------------------------------------------------
                                              0.558861   data required time
                                             -0.874220   data arrival time
---------------------------------------------------------------------------------------------
                                              0.315359   slack (MET)


Startpoint: _179_ (rising edge-triggered flip-flop clocked by clk)
Endpoint: _170_ (rising edge-triggered flip-flop clocked by clk)
Path Group: clk
Path Type: min

Fanout         Cap        Slew       Delay        Time   Description
---------------------------------------------------------------------------------------------
                                  0.000000    0.000000   clock clk (rise edge)
                                  0.000000    0.000000   clock source latency
     1    0.014807    0.072589    0.049637    0.049637 ^ clk (in)
                                                         clk (net)
                      0.072599    0.000000    0.049637 ^ clkbuf_0_clk/A (sky130_fd_sc_hd__clkbuf_16)
     4    0.043480    0.062955    0.153571    0.203207 ^ clkbuf_0_clk/X (sky130_fd_sc_hd__clkbuf_16)
                                                         clknet_0_clk (net)
                      0.063200    0.002729    0.205937 ^ clkbuf_2_1__f_clk/A (sky130_fd_sc_hd__clkbuf_16)
    10    0.030077    0.051017    0.140527    0.346463 ^ clkbuf_2_1__f_clk/X (sky130_fd_sc_hd__clkbuf_16)
                                                         clknet_2_1__leaf_clk (net)
                      0.051091    0.002532    0.348996 ^ _179_/CLK (sky130_fd_sc_hd__dfrtp_4)
     9    0.041958    0.144713    0.485293    0.834289 ^ _179_/Q (sky130_fd_sc_hd__dfrtp_4)
                                                         cursor[3] (net)
                      0.144731    0.001668    0.835957 ^ _109_/A1 (sky130_fd_sc_hd__a21o_1)
     1    0.002571    0.033265    0.125917    0.961875 ^ _109_/X (sky130_fd_sc_hd__a21o_1)
                                                         nxt3[3] (net)
                      0.033265    0.000176    0.962050 ^ _170_/D (sky130_fd_sc_hd__dfrtp_1)
                                              0.962050   data arrival time

                                  0.000000    0.000000   clock clk (rise edge)
                                  0.000000    0.000000   clock source latency
     1    0.014807    0.072589    0.049637    0.049637 ^ clk (in)
                                                         clk (net)
                      0.072599    0.000000    0.049637 ^ clkbuf_0_clk/A (sky130_fd_sc_hd__clkbuf_16)
     4    0.043480    0.062955    0.153571    0.203207 ^ clkbuf_0_clk/X (sky130_fd_sc_hd__clkbuf_16)
                                                         clknet_0_clk (net)
                      0.063179    0.002571    0.205778 ^ clkbuf_2_3__f_clk/A (sky130_fd_sc_hd__clkbuf_16)
    11    0.032427    0.053044    0.142284    0.348062 ^ clkbuf_2_3__f_clk/X (sky130_fd_sc_hd__clkbuf_16)
                                                         clknet_2_3__leaf_clk (net)
                      0.053128    0.002043    0.350105 ^ _170_/CLK (sky130_fd_sc_hd__dfrtp_1)
                                  0.250000    0.600105   clock uncertainty
                                  0.000000    0.600105   clock reconvergence pessimism
                                 -0.031196    0.568909   library hold time
                                              0.568909   data required time
---------------------------------------------------------------------------------------------
                                              0.568909   data required time
                                             -0.962050   data arrival time
---------------------------------------------------------------------------------------------
                                              0.393142   slack (MET)


Startpoint: _176_ (rising edge-triggered flip-flop clocked by clk)
Endpoint: _167_ (rising edge-triggered flip-flop clocked by clk)
Path Group: clk
Path Type: min

Fanout         Cap        Slew       Delay        Time   Description
---------------------------------------------------------------------------------------------
                                  0.000000    0.000000   clock clk (rise edge)
                                  0.000000    0.000000   clock source latency
     1    0.014807    0.072589    0.049637    0.049637 ^ clk (in)
                                                         clk (net)
                      0.072599    0.000000    0.049637 ^ clkbuf_0_clk/A (sky130_fd_sc_hd__clkbuf_16)
     4    0.043480    0.062955    0.153571    0.203207 ^ clkbuf_0_clk/X (sky130_fd_sc_hd__clkbuf_16)
                                                         clknet_0_clk (net)
                      0.063183    0.002598    0.205806 ^ clkbuf_2_0__f_clk/A (sky130_fd_sc_hd__clkbuf_16)
    10    0.030547    0.051451    0.140963    0.346769 ^ clkbuf_2_0__f_clk/X (sky130_fd_sc_hd__clkbuf_16)
                                                         clknet_2_0__leaf_clk (net)
                      0.051479    0.002080    0.348849 ^ _176_/CLK (sky130_fd_sc_hd__dfstp_2)
     9    0.044583    0.105908    0.433679    0.782528 v _176_/Q (sky130_fd_sc_hd__dfstp_2)
                                                         cursor[0] (net)
                      0.105987    0.002637    0.785165 v _103_/A1 (sky130_fd_sc_hd__a21o_1)
     1    0.002470    0.029670    0.172616    0.957781 v _103_/X (sky130_fd_sc_hd__a21o_1)
                                                         nxt3[0] (net)
                      0.029670    0.000169    0.957950 v _167_/D (sky130_fd_sc_hd__dfrtp_1)
                                              0.957950   data arrival time

                                  0.000000    0.000000   clock clk (rise edge)
                                  0.000000    0.000000   clock source latency
     1    0.014807    0.072589    0.049637    0.049637 ^ clk (in)
                                                         clk (net)
                      0.072599    0.000000    0.049637 ^ clkbuf_0_clk/A (sky130_fd_sc_hd__clkbuf_16)
     4    0.043480    0.062955    0.153571    0.203207 ^ clkbuf_0_clk/X (sky130_fd_sc_hd__clkbuf_16)
                                                         clknet_0_clk (net)
                      0.063179    0.002571    0.205778 ^ clkbuf_2_3__f_clk/A (sky130_fd_sc_hd__clkbuf_16)
    11    0.032427    0.053044    0.142284    0.348062 ^ clkbuf_2_3__f_clk/X (sky130_fd_sc_hd__clkbuf_16)
                                                         clknet_2_3__leaf_clk (net)
                      0.053122    0.001982    0.350044 ^ _167_/CLK (sky130_fd_sc_hd__dfrtp_1)
                                  0.250000    0.600044   clock uncertainty
                                  0.000000    0.600044   clock reconvergence pessimism
                                 -0.037683    0.562362   library hold time
                                              0.562362   data required time
---------------------------------------------------------------------------------------------
                                              0.562362   data required time
                                             -0.957950   data arrival time
---------------------------------------------------------------------------------------------
                                              0.395588   slack (MET)


Startpoint: _181_ (rising edge-triggered flip-flop clocked by clk)
Endpoint: _172_ (rising edge-triggered flip-flop clocked by clk)
Path Group: clk
Path Type: min

Fanout         Cap        Slew       Delay        Time   Description
---------------------------------------------------------------------------------------------
                                  0.000000    0.000000   clock clk (rise edge)
                                  0.000000    0.000000   clock source latency
     1    0.014807    0.072589    0.049637    0.049637 ^ clk (in)
                                                         clk (net)
                      0.072599    0.000000    0.049637 ^ clkbuf_0_clk/A (sky130_fd_sc_hd__clkbuf_16)
     4    0.043480    0.062955    0.153571    0.203207 ^ clkbuf_0_clk/X (sky130_fd_sc_hd__clkbuf_16)
                                                         clknet_0_clk (net)
                      0.063183    0.002598    0.205806 ^ clkbuf_2_0__f_clk/A (sky130_fd_sc_hd__clkbuf_16)
    10    0.030547    0.051451    0.140963    0.346769 ^ clkbuf_2_0__f_clk/X (sky130_fd_sc_hd__clkbuf_16)
                                                         clknet_2_0__leaf_clk (net)
                      0.051458    0.001033    0.347803 ^ _181_/CLK (sky130_fd_sc_hd__dfrtp_4)
     9    0.042798    0.147033    0.486966    0.834769 ^ _181_/Q (sky130_fd_sc_hd__dfrtp_4)
                                                         cursor[5] (net)
                      0.147116    0.003196    0.837965 ^ _113_/A1 (sky130_fd_sc_hd__a21o_1)
     1    0.002659    0.033795    0.126986    0.964950 ^ _113_/X (sky130_fd_sc_hd__a21o_1)
                                                         nxt3[5] (net)
                      0.033796    0.000195    0.965145 ^ _172_/D (sky130_fd_sc_hd__dfrtp_1)
                                              0.965145   data arrival time

                                  0.000000    0.000000   clock clk (rise edge)
                                  0.000000    0.000000   clock source latency
     1    0.014807    0.072589    0.049637    0.049637 ^ clk (in)
                                                         clk (net)
                      0.072599    0.000000    0.049637 ^ clkbuf_0_clk/A (sky130_fd_sc_hd__clkbuf_16)
     4    0.043480    0.062955    0.153571    0.203207 ^ clkbuf_0_clk/X (sky130_fd_sc_hd__clkbuf_16)
                                                         clknet_0_clk (net)
                      0.063179    0.002571    0.205778 ^ clkbuf_2_3__f_clk/A (sky130_fd_sc_hd__clkbuf_16)
    11    0.032427    0.053044    0.142284    0.348062 ^ clkbuf_2_3__f_clk/X (sky130_fd_sc_hd__clkbuf_16)
                                                         clknet_2_3__leaf_clk (net)
                      0.053152    0.002264    0.350326 ^ _172_/CLK (sky130_fd_sc_hd__dfrtp_1)
                                  0.250000    0.600326   clock uncertainty
                                  0.000000    0.600326   clock reconvergence pessimism
                                 -0.031304    0.569021   library hold time
                                              0.569021   data required time
---------------------------------------------------------------------------------------------
                                              0.569021   data required time
                                             -0.965145   data arrival time
---------------------------------------------------------------------------------------------
                                              0.396123   slack (MET)


Startpoint: _180_ (rising edge-triggered flip-flop clocked by clk)
Endpoint: _171_ (rising edge-triggered flip-flop clocked by clk)
Path Group: clk
Path Type: min

Fanout         Cap        Slew       Delay        Time   Description
---------------------------------------------------------------------------------------------
                                  0.000000    0.000000   clock clk (rise edge)
                                  0.000000    0.000000   clock source latency
     1    0.014807    0.072589    0.049637    0.049637 ^ clk (in)
                                                         clk (net)
                      0.072599    0.000000    0.049637 ^ clkbuf_0_clk/A (sky130_fd_sc_hd__clkbuf_16)
     4    0.043480    0.062955    0.153571    0.203207 ^ clkbuf_0_clk/X (sky130_fd_sc_hd__clkbuf_16)
                                                         clknet_0_clk (net)
                      0.063183    0.002598    0.205806 ^ clkbuf_2_0__f_clk/A (sky130_fd_sc_hd__clkbuf_16)
    10    0.030547    0.051451    0.140963    0.346769 ^ clkbuf_2_0__f_clk/X (sky130_fd_sc_hd__clkbuf_16)
                                                         clknet_2_0__leaf_clk (net)
                      0.051457    0.000987    0.347756 ^ _180_/CLK (sky130_fd_sc_hd__dfrtp_4)
     9    0.042544    0.145978    0.486258    0.834014 ^ _180_/Q (sky130_fd_sc_hd__dfrtp_4)
                                                         cursor[4] (net)
                      0.146055    0.003089    0.837103 ^ _111_/A1 (sky130_fd_sc_hd__a21o_1)
     1    0.003533    0.040491    0.132752    0.969855 ^ _111_/X (sky130_fd_sc_hd__a21o_1)
                                                         nxt3[4] (net)
                      0.040492    0.000217    0.970073 ^ _171_/D (sky130_fd_sc_hd__dfrtp_1)
                                              0.970073   data arrival time

                                  0.000000    0.000000   clock clk (rise edge)
                                  0.000000    0.000000   clock source latency
     1    0.014807    0.072589    0.049637    0.049637 ^ clk (in)
                                                         clk (net)
                      0.072599    0.000000    0.049637 ^ clkbuf_0_clk/A (sky130_fd_sc_hd__clkbuf_16)
     4    0.043480    0.062955    0.153571    0.203207 ^ clkbuf_0_clk/X (sky130_fd_sc_hd__clkbuf_16)
                                                         clknet_0_clk (net)
                      0.063179    0.002571    0.205778 ^ clkbuf_2_3__f_clk/A (sky130_fd_sc_hd__clkbuf_16)
    11    0.032427    0.053044    0.142284    0.348062 ^ clkbuf_2_3__f_clk/X (sky130_fd_sc_hd__clkbuf_16)
                                                         clknet_2_3__leaf_clk (net)
                      0.053155    0.002292    0.350354 ^ _171_/CLK (sky130_fd_sc_hd__dfrtp_1)
                                  0.250000    0.600354   clock uncertainty
                                  0.000000    0.600354   clock reconvergence pessimism
                                 -0.032706    0.567648   library hold time
                                              0.567648   data required time
---------------------------------------------------------------------------------------------
                                              0.567648   data required time
                                             -0.970073   data arrival time
---------------------------------------------------------------------------------------------
                                              0.402424   slack (MET)


Startpoint: _178_ (rising edge-triggered flip-flop clocked by clk)
Endpoint: _169_ (rising edge-triggered flip-flop clocked by clk)
Path Group: clk
Path Type: min

Fanout         Cap        Slew       Delay        Time   Description
---------------------------------------------------------------------------------------------
                                  0.000000    0.000000   clock clk (rise edge)
                                  0.000000    0.000000   clock source latency
     1    0.014807    0.072589    0.049637    0.049637 ^ clk (in)
                                                         clk (net)
                      0.072599    0.000000    0.049637 ^ clkbuf_0_clk/A (sky130_fd_sc_hd__clkbuf_16)
     4    0.043480    0.062955    0.153571    0.203207 ^ clkbuf_0_clk/X (sky130_fd_sc_hd__clkbuf_16)
                                                         clknet_0_clk (net)
                      0.063179    0.002571    0.205778 ^ clkbuf_2_3__f_clk/A (sky130_fd_sc_hd__clkbuf_16)
    11    0.032427    0.053044    0.142284    0.348062 ^ clkbuf_2_3__f_clk/X (sky130_fd_sc_hd__clkbuf_16)
                                                         clknet_2_3__leaf_clk (net)
                      0.053089    0.001665    0.349727 ^ _178_/CLK (sky130_fd_sc_hd__dfrtp_4)
     9    0.042035    0.144987    0.486050    0.835777 ^ _178_/Q (sky130_fd_sc_hd__dfrtp_4)
                                                         cursor[2] (net)
                      0.145003    0.001588    0.837365 ^ _107_/A1 (sky130_fd_sc_hd__a21o_1)
     1    0.003981    0.044159    0.135295    0.972660 ^ _107_/X (sky130_fd_sc_hd__a21o_1)
                                                         nxt3[2] (net)
                      0.044159    0.000241    0.972901 ^ _169_/D (sky130_fd_sc_hd__dfrtp_1)
                                              0.972901   data arrival time

                                  0.000000    0.000000   clock clk (rise edge)
                                  0.000000    0.000000   clock source latency
     1    0.014807    0.072589    0.049637    0.049637 ^ clk (in)
                                                         clk (net)
                      0.072599    0.000000    0.049637 ^ clkbuf_0_clk/A (sky130_fd_sc_hd__clkbuf_16)
     4    0.043480    0.062955    0.153571    0.203207 ^ clkbuf_0_clk/X (sky130_fd_sc_hd__clkbuf_16)
                                                         clknet_0_clk (net)
                      0.063179    0.002571    0.205778 ^ clkbuf_2_3__f_clk/A (sky130_fd_sc_hd__clkbuf_16)
    11    0.032427    0.053044    0.142284    0.348062 ^ clkbuf_2_3__f_clk/X (sky130_fd_sc_hd__clkbuf_16)
                                                         clknet_2_3__leaf_clk (net)
                      0.053129    0.002051    0.350113 ^ _169_/CLK (sky130_fd_sc_hd__dfrtp_1)
                                  0.250000    0.600113   clock uncertainty
                                  0.000000    0.600113   clock reconvergence pessimism
                                 -0.033478    0.566635   library hold time
                                              0.566635   data required time
---------------------------------------------------------------------------------------------
                                              0.566635   data required time
                                             -0.972901   data arrival time
---------------------------------------------------------------------------------------------
                                              0.406266   slack (MET)


Startpoint: _177_ (rising edge-triggered flip-flop clocked by clk)
Endpoint: _168_ (rising edge-triggered flip-flop clocked by clk)
Path Group: clk
Path Type: min

Fanout         Cap        Slew       Delay        Time   Description
---------------------------------------------------------------------------------------------
                                  0.000000    0.000000   clock clk (rise edge)
                                  0.000000    0.000000   clock source latency
     1    0.014807    0.072589    0.049637    0.049637 ^ clk (in)
                                                         clk (net)
                      0.072599    0.000000    0.049637 ^ clkbuf_0_clk/A (sky130_fd_sc_hd__clkbuf_16)
     4    0.043480    0.062955    0.153571    0.203207 ^ clkbuf_0_clk/X (sky130_fd_sc_hd__clkbuf_16)
                                                         clknet_0_clk (net)
                      0.063179    0.002571    0.205778 ^ clkbuf_2_3__f_clk/A (sky130_fd_sc_hd__clkbuf_16)
    11    0.032427    0.053044    0.142284    0.348062 ^ clkbuf_2_3__f_clk/X (sky130_fd_sc_hd__clkbuf_16)
                                                         clknet_2_3__leaf_clk (net)
                      0.053121    0.001978    0.350039 ^ _177_/CLK (sky130_fd_sc_hd__dfrtp_4)
     9    0.041698    0.143966    0.484229    0.834268 ^ _177_/Q (sky130_fd_sc_hd__dfrtp_4)
                                                         cursor[1] (net)
                      0.143989    0.001917    0.836185 ^ _105_/A1 (sky130_fd_sc_hd__a21o_1)
     1    0.004689    0.049709    0.139399    0.975584 ^ _105_/X (sky130_fd_sc_hd__a21o_1)
                                                         nxt3[1] (net)
                      0.049710    0.000311    0.975895 ^ _168_/D (sky130_fd_sc_hd__dfrtp_1)
                                              0.975895   data arrival time

                                  0.000000    0.000000   clock clk (rise edge)
                                  0.000000    0.000000   clock source latency
     1    0.014807    0.072589    0.049637    0.049637 ^ clk (in)
                                                         clk (net)
                      0.072599    0.000000    0.049637 ^ clkbuf_0_clk/A (sky130_fd_sc_hd__clkbuf_16)
     4    0.043480    0.062955    0.153571    0.203207 ^ clkbuf_0_clk/X (sky130_fd_sc_hd__clkbuf_16)
                                                         clknet_0_clk (net)
                      0.063179    0.002571    0.205778 ^ clkbuf_2_3__f_clk/A (sky130_fd_sc_hd__clkbuf_16)
    11    0.032427    0.053044    0.142284    0.348062 ^ clkbuf_2_3__f_clk/X (sky130_fd_sc_hd__clkbuf_16)
                                                         clknet_2_3__leaf_clk (net)
                      0.053080    0.001578    0.349640 ^ _168_/CLK (sky130_fd_sc_hd__dfrtp_1)
                                  0.250000    0.599640   clock uncertainty
                                  0.000000    0.599640   clock reconvergence pessimism
                                 -0.034647    0.564994   library hold time
                                              0.564994   data required time
---------------------------------------------------------------------------------------------
                                              0.564994   data required time
                                             -0.975895   data arrival time
---------------------------------------------------------------------------------------------
                                              0.410901   slack (MET)


Startpoint: _176_ (rising edge-triggered flip-flop clocked by clk)
Endpoint: _161_ (rising edge-triggered flip-flop clocked by clk)
Path Group: clk
Path Type: min

Fanout         Cap        Slew       Delay        Time   Description
---------------------------------------------------------------------------------------------
                                  0.000000    0.000000   clock clk (rise edge)
                                  0.000000    0.000000   clock source latency
     1    0.014807    0.072589    0.049637    0.049637 ^ clk (in)
                                                         clk (net)
                      0.072599    0.000000    0.049637 ^ clkbuf_0_clk/A (sky130_fd_sc_hd__clkbuf_16)
     4    0.043480    0.062955    0.153571    0.203207 ^ clkbuf_0_clk/X (sky130_fd_sc_hd__clkbuf_16)
                                                         clknet_0_clk (net)
                      0.063183    0.002598    0.205806 ^ clkbuf_2_0__f_clk/A (sky130_fd_sc_hd__clkbuf_16)
    10    0.030547    0.051451    0.140963    0.346769 ^ clkbuf_2_0__f_clk/X (sky130_fd_sc_hd__clkbuf_16)
                                                         clknet_2_0__leaf_clk (net)
                      0.051479    0.002080    0.348849 ^ _176_/CLK (sky130_fd_sc_hd__dfstp_2)
     9    0.044583    0.105908    0.433679    0.782528 v _176_/Q (sky130_fd_sc_hd__dfstp_2)
                                                         cursor[0] (net)
                      0.106067    0.003619    0.786147 v _088_/A1 (sky130_fd_sc_hd__a21o_1)
     2    0.005053    0.040754    0.185957    0.972104 v _088_/X (sky130_fd_sc_hd__a21o_1)
                                                         nxt2[0] (net)
                      0.040755    0.000256    0.972361 v _161_/D (sky130_fd_sc_hd__dfrtp_1)
                                              0.972361   data arrival time

                                  0.000000    0.000000   clock clk (rise edge)
                                  0.000000    0.000000   clock source latency
     1    0.014807    0.072589    0.049637    0.049637 ^ clk (in)
                                                         clk (net)
                      0.072599    0.000000    0.049637 ^ clkbuf_0_clk/A (sky130_fd_sc_hd__clkbuf_16)
     4    0.043480    0.062955    0.153571    0.203207 ^ clkbuf_0_clk/X (sky130_fd_sc_hd__clkbuf_16)
                                                         clknet_0_clk (net)
                      0.063183    0.002598    0.205806 ^ clkbuf_2_0__f_clk/A (sky130_fd_sc_hd__clkbuf_16)
    10    0.030547    0.051451    0.140963    0.346769 ^ clkbuf_2_0__f_clk/X (sky130_fd_sc_hd__clkbuf_16)
                                                         clknet_2_0__leaf_clk (net)
                      0.051492    0.002252    0.349021 ^ _161_/CLK (sky130_fd_sc_hd__dfrtp_1)
                                  0.250000    0.599021   clock uncertainty
                                  0.000000    0.599021   clock reconvergence pessimism
                                 -0.042567    0.556455   library hold time
                                              0.556455   data required time
---------------------------------------------------------------------------------------------
                                              0.556455   data required time
                                             -0.972361   data arrival time
---------------------------------------------------------------------------------------------
                                              0.415906   slack (MET)


Startpoint: _177_ (rising edge-triggered flip-flop clocked by clk)
Endpoint: _150_ (rising edge-triggered flip-flop clocked by clk)
Path Group: clk
Path Type: min

Fanout         Cap        Slew       Delay        Time   Description
---------------------------------------------------------------------------------------------
                                  0.000000    0.000000   clock clk (rise edge)
                                  0.000000    0.000000   clock source latency
     1    0.014807    0.072589    0.049637    0.049637 ^ clk (in)
                                                         clk (net)
                      0.072599    0.000000    0.049637 ^ clkbuf_0_clk/A (sky130_fd_sc_hd__clkbuf_16)
     4    0.043480    0.062955    0.153571    0.203207 ^ clkbuf_0_clk/X (sky130_fd_sc_hd__clkbuf_16)
                                                         clknet_0_clk (net)
                      0.063179    0.002571    0.205778 ^ clkbuf_2_3__f_clk/A (sky130_fd_sc_hd__clkbuf_16)
    11    0.032427    0.053044    0.142284    0.348062 ^ clkbuf_2_3__f_clk/X (sky130_fd_sc_hd__clkbuf_16)
                                                         clknet_2_3__leaf_clk (net)
                      0.053121    0.001978    0.350039 ^ _177_/CLK (sky130_fd_sc_hd__dfrtp_4)
     9    0.041698    0.143966    0.484229    0.834268 ^ _177_/Q (sky130_fd_sc_hd__dfrtp_4)
                                                         cursor[1] (net)
                      0.144167    0.004779    0.839047 ^ _061_/A1 (sky130_fd_sc_hd__a21o_1)
     2    0.004825    0.050839    0.140258    0.979306 ^ _061_/X (sky130_fd_sc_hd__a21o_1)
                                                         nxt0[1] (net)
                      0.050840    0.000269    0.979575 ^ _150_/D (sky130_fd_sc_hd__dfrtp_1)
                                              0.979575   data arrival time

                                  0.000000    0.000000   clock clk (rise edge)
                                  0.000000    0.000000   clock source latency
     1    0.014807    0.072589    0.049637    0.049637 ^ clk (in)
                                                         clk (net)
                      0.072599    0.000000    0.049637 ^ clkbuf_0_clk/A (sky130_fd_sc_hd__clkbuf_16)
     4    0.043480    0.062955    0.153571    0.203207 ^ clkbuf_0_clk/X (sky130_fd_sc_hd__clkbuf_16)
                                                         clknet_0_clk (net)
                      0.063200    0.002729    0.205937 ^ clkbuf_2_1__f_clk/A (sky130_fd_sc_hd__clkbuf_16)
    10    0.030077    0.051017    0.140527    0.346463 ^ clkbuf_2_1__f_clk/X (sky130_fd_sc_hd__clkbuf_16)
                                                         clknet_2_1__leaf_clk (net)
                      0.051035    0.001375    0.347839 ^ _150_/CLK (sky130_fd_sc_hd__dfrtp_1)
                                  0.250000    0.597839   clock uncertainty
                                  0.000000    0.597839   clock reconvergence pessimism
                                 -0.035163    0.562676   library hold time
                                              0.562676   data required time
---------------------------------------------------------------------------------------------
                                              0.562676   data required time
                                             -0.979575   data arrival time
---------------------------------------------------------------------------------------------
                                              0.416899   slack (MET)


Startpoint: _176_ (rising edge-triggered flip-flop clocked by clk)
Endpoint: _149_ (rising edge-triggered flip-flop clocked by clk)
Path Group: clk
Path Type: min

Fanout         Cap        Slew       Delay        Time   Description
---------------------------------------------------------------------------------------------
                                  0.000000    0.000000   clock clk (rise edge)
                                  0.000000    0.000000   clock source latency
     1    0.014807    0.072589    0.049637    0.049637 ^ clk (in)
                                                         clk (net)
                      0.072599    0.000000    0.049637 ^ clkbuf_0_clk/A (sky130_fd_sc_hd__clkbuf_16)
     4    0.043480    0.062955    0.153571    0.203207 ^ clkbuf_0_clk/X (sky130_fd_sc_hd__clkbuf_16)
                                                         clknet_0_clk (net)
                      0.063183    0.002598    0.205806 ^ clkbuf_2_0__f_clk/A (sky130_fd_sc_hd__clkbuf_16)
    10    0.030547    0.051451    0.140963    0.346769 ^ clkbuf_2_0__f_clk/X (sky130_fd_sc_hd__clkbuf_16)
                                                         clknet_2_0__leaf_clk (net)
                      0.051479    0.002080    0.348849 ^ _176_/CLK (sky130_fd_sc_hd__dfstp_2)
     9    0.044583    0.105908    0.433679    0.782528 v _176_/Q (sky130_fd_sc_hd__dfstp_2)
                                                         cursor[0] (net)
                      0.105929    0.001493    0.784021 v _059_/A1 (sky130_fd_sc_hd__a21o_1)
     2    0.005367    0.042098    0.187322    0.971343 v _059_/X (sky130_fd_sc_hd__a21o_1)
                                                         nxt0[0] (net)
                      0.042098    0.000205    0.971548 v _149_/D (sky130_fd_sc_hd__dfrtp_1)
                                              0.971548   data arrival time

                                  0.000000    0.000000   clock clk (rise edge)
                                  0.000000    0.000000   clock source latency
     1    0.014807    0.072589    0.049637    0.049637 ^ clk (in)
                                                         clk (net)
                      0.072599    0.000000    0.049637 ^ clkbuf_0_clk/A (sky130_fd_sc_hd__clkbuf_16)
     4    0.043480    0.062955    0.153571    0.203207 ^ clkbuf_0_clk/X (sky130_fd_sc_hd__clkbuf_16)
                                                         clknet_0_clk (net)
                      0.063200    0.002729    0.205937 ^ clkbuf_2_1__f_clk/A (sky130_fd_sc_hd__clkbuf_16)
    10    0.030077    0.051017    0.140527    0.346463 ^ clkbuf_2_1__f_clk/X (sky130_fd_sc_hd__clkbuf_16)
                                                         clknet_2_1__leaf_clk (net)
                      0.051035    0.001349    0.347812 ^ _149_/CLK (sky130_fd_sc_hd__dfrtp_1)
                                  0.250000    0.597812   clock uncertainty
                                  0.000000    0.597812   clock reconvergence pessimism
                                 -0.043218    0.554595   library hold time
                                              0.554595   data required time
---------------------------------------------------------------------------------------------
                                              0.554595   data required time
                                             -0.971548   data arrival time
---------------------------------------------------------------------------------------------
                                              0.416954   slack (MET)


Startpoint: _178_ (rising edge-triggered flip-flop clocked by clk)
Endpoint: _157_ (rising edge-triggered flip-flop clocked by clk)
Path Group: clk
Path Type: min

Fanout         Cap        Slew       Delay        Time   Description
---------------------------------------------------------------------------------------------
                                  0.000000    0.000000   clock clk (rise edge)
                                  0.000000    0.000000   clock source latency
     1    0.014807    0.072589    0.049637    0.049637 ^ clk (in)
                                                         clk (net)
                      0.072599    0.000000    0.049637 ^ clkbuf_0_clk/A (sky130_fd_sc_hd__clkbuf_16)
     4    0.043480    0.062955    0.153571    0.203207 ^ clkbuf_0_clk/X (sky130_fd_sc_hd__clkbuf_16)
                                                         clknet_0_clk (net)
                      0.063179    0.002571    0.205778 ^ clkbuf_2_3__f_clk/A (sky130_fd_sc_hd__clkbuf_16)
    11    0.032427    0.053044    0.142284    0.348062 ^ clkbuf_2_3__f_clk/X (sky130_fd_sc_hd__clkbuf_16)
                                                         clknet_2_3__leaf_clk (net)
                      0.053089    0.001665    0.349727 ^ _178_/CLK (sky130_fd_sc_hd__dfrtp_4)
     9    0.042035    0.144987    0.486050    0.835777 ^ _178_/Q (sky130_fd_sc_hd__dfrtp_4)
                                                         cursor[2] (net)
                      0.145017    0.002053    0.837830 ^ _077_/A1 (sky130_fd_sc_hd__a21o_1)
     2    0.004831    0.050916    0.140460    0.978290 ^ _077_/X (sky130_fd_sc_hd__a21o_1)
                                                         nxt1[2] (net)
                      0.050917    0.000290    0.978580 ^ _157_/D (sky130_fd_sc_hd__dfrtp_1)
                                              0.978580   data arrival time

                                  0.000000    0.000000   clock clk (rise edge)
                                  0.000000    0.000000   clock source latency
     1    0.014807    0.072589    0.049637    0.049637 ^ clk (in)
                                                         clk (net)
                      0.072599    0.000000    0.049637 ^ clkbuf_0_clk/A (sky130_fd_sc_hd__clkbuf_16)
     4    0.043480    0.062955    0.153571    0.203207 ^ clkbuf_0_clk/X (sky130_fd_sc_hd__clkbuf_16)
                                                         clknet_0_clk (net)
                      0.063181    0.002586    0.205794 ^ clkbuf_2_2__f_clk/A (sky130_fd_sc_hd__clkbuf_16)
     8    0.025924    0.047220    0.137152    0.342946 ^ clkbuf_2_2__f_clk/X (sky130_fd_sc_hd__clkbuf_16)
                                                         clknet_2_2__leaf_clk (net)
                      0.047298    0.001630    0.344575 ^ _157_/CLK (sky130_fd_sc_hd__dfrtp_1)
                                  0.250000    0.594575   clock uncertainty
                                  0.000000    0.594575   clock reconvergence pessimism
                                 -0.035690    0.558885   library hold time
                                              0.558885   data required time
---------------------------------------------------------------------------------------------
                                              0.558885   data required time
                                             -0.978580   data arrival time
---------------------------------------------------------------------------------------------
                                              0.419695   slack (MET)


Startpoint: _179_ (rising edge-triggered flip-flop clocked by clk)
Endpoint: _158_ (rising edge-triggered flip-flop clocked by clk)
Path Group: clk
Path Type: min

Fanout         Cap        Slew       Delay        Time   Description
---------------------------------------------------------------------------------------------
                                  0.000000    0.000000   clock clk (rise edge)
                                  0.000000    0.000000   clock source latency
     1    0.014807    0.072589    0.049637    0.049637 ^ clk (in)
                                                         clk (net)
                      0.072599    0.000000    0.049637 ^ clkbuf_0_clk/A (sky130_fd_sc_hd__clkbuf_16)
     4    0.043480    0.062955    0.153571    0.203207 ^ clkbuf_0_clk/X (sky130_fd_sc_hd__clkbuf_16)
                                                         clknet_0_clk (net)
                      0.063200    0.002729    0.205937 ^ clkbuf_2_1__f_clk/A (sky130_fd_sc_hd__clkbuf_16)
    10    0.030077    0.051017    0.140527    0.346463 ^ clkbuf_2_1__f_clk/X (sky130_fd_sc_hd__clkbuf_16)
                                                         clknet_2_1__leaf_clk (net)
                      0.051091    0.002532    0.348996 ^ _179_/CLK (sky130_fd_sc_hd__dfrtp_4)
     9    0.041958    0.144713    0.485293    0.834289 ^ _179_/Q (sky130_fd_sc_hd__dfrtp_4)
                                                         cursor[3] (net)
                      0.144755    0.002360    0.836649 ^ _079_/A1 (sky130_fd_sc_hd__a21o_1)
     2    0.005190    0.053780    0.142642    0.979291 ^ _079_/X (sky130_fd_sc_hd__a21o_1)
                                                         nxt1[3] (net)
                      0.053781    0.000259    0.979550 ^ _158_/D (sky130_fd_sc_hd__dfrtp_1)
                                              0.979550   data arrival time

                                  0.000000    0.000000   clock clk (rise edge)
                                  0.000000    0.000000   clock source latency
     1    0.014807    0.072589    0.049637    0.049637 ^ clk (in)
                                                         clk (net)
                      0.072599    0.000000    0.049637 ^ clkbuf_0_clk/A (sky130_fd_sc_hd__clkbuf_16)
     4    0.043480    0.062955    0.153571    0.203207 ^ clkbuf_0_clk/X (sky130_fd_sc_hd__clkbuf_16)
                                                         clknet_0_clk (net)
                      0.063181    0.002586    0.205794 ^ clkbuf_2_2__f_clk/A (sky130_fd_sc_hd__clkbuf_16)
     8    0.025924    0.047220    0.137152    0.342946 ^ clkbuf_2_2__f_clk/X (sky130_fd_sc_hd__clkbuf_16)
                                                         clknet_2_2__leaf_clk (net)
                      0.047303    0.001682    0.344627 ^ _158_/CLK (sky130_fd_sc_hd__dfrtp_1)
                                  0.250000    0.594627   clock uncertainty
                                  0.000000    0.594627   clock reconvergence pessimism
                                 -0.036290    0.558338   library hold time
                                              0.558338   data required time
---------------------------------------------------------------------------------------------
                                              0.558338   data required time
                                             -0.979550   data arrival time
---------------------------------------------------------------------------------------------
                                              0.421212   slack (MET)


Startpoint: _180_ (rising edge-triggered flip-flop clocked by clk)
Endpoint: _153_ (rising edge-triggered flip-flop clocked by clk)
Path Group: clk
Path Type: min

Fanout         Cap        Slew       Delay        Time   Description
---------------------------------------------------------------------------------------------
                                  0.000000    0.000000   clock clk (rise edge)
                                  0.000000    0.000000   clock source latency
     1    0.014807    0.072589    0.049637    0.049637 ^ clk (in)
                                                         clk (net)
                      0.072599    0.000000    0.049637 ^ clkbuf_0_clk/A (sky130_fd_sc_hd__clkbuf_16)
     4    0.043480    0.062955    0.153571    0.203207 ^ clkbuf_0_clk/X (sky130_fd_sc_hd__clkbuf_16)
                                                         clknet_0_clk (net)
                      0.063183    0.002598    0.205806 ^ clkbuf_2_0__f_clk/A (sky130_fd_sc_hd__clkbuf_16)
    10    0.030547    0.051451    0.140963    0.346769 ^ clkbuf_2_0__f_clk/X (sky130_fd_sc_hd__clkbuf_16)
                                                         clknet_2_0__leaf_clk (net)
                      0.051457    0.000987    0.347756 ^ _180_/CLK (sky130_fd_sc_hd__dfrtp_4)
     9    0.042544    0.145978    0.486258    0.834014 ^ _180_/Q (sky130_fd_sc_hd__dfrtp_4)
                                                         cursor[4] (net)
                      0.146041    0.002826    0.836841 ^ _067_/A1 (sky130_fd_sc_hd__a21o_1)
     2    0.006018    0.060473    0.147860    0.984700 ^ _067_/X (sky130_fd_sc_hd__a21o_1)
                                                         nxt0[4] (net)
                      0.060476    0.000499    0.985199 ^ _153_/D (sky130_fd_sc_hd__dfrtp_1)
                                              0.985199   data arrival time

                                  0.000000    0.000000   clock clk (rise edge)
                                  0.000000    0.000000   clock source latency
     1    0.014807    0.072589    0.049637    0.049637 ^ clk (in)
                                                         clk (net)
                      0.072599    0.000000    0.049637 ^ clkbuf_0_clk/A (sky130_fd_sc_hd__clkbuf_16)
     4    0.043480    0.062955    0.153571    0.203207 ^ clkbuf_0_clk/X (sky130_fd_sc_hd__clkbuf_16)
                                                         clknet_0_clk (net)
                      0.063200    0.002729    0.205937 ^ clkbuf_2_1__f_clk/A (sky130_fd_sc_hd__clkbuf_16)
    10    0.030077    0.051017    0.140527    0.346463 ^ clkbuf_2_1__f_clk/X (sky130_fd_sc_hd__clkbuf_16)
                                                         clknet_2_1__leaf_clk (net)
                      0.051059    0.002224    0.348687 ^ _153_/CLK (sky130_fd_sc_hd__dfrtp_1)
                                  0.250000    0.598687   clock uncertainty
                                  0.000000    0.598687   clock reconvergence pessimism
                                 -0.037178    0.561509   library hold time
                                              0.561509   data required time
---------------------------------------------------------------------------------------------
                                              0.561509   data required time
                                             -0.985199   data arrival time
---------------------------------------------------------------------------------------------
                                              0.423690   slack (MET)


Startpoint: _179_ (rising edge-triggered flip-flop clocked by clk)
Endpoint: _164_ (rising edge-triggered flip-flop clocked by clk)
Path Group: clk
Path Type: min

Fanout         Cap        Slew       Delay        Time   Description
---------------------------------------------------------------------------------------------
                                  0.000000    0.000000   clock clk (rise edge)
                                  0.000000    0.000000   clock source latency
     1    0.014807    0.072589    0.049637    0.049637 ^ clk (in)
                                                         clk (net)
                      0.072599    0.000000    0.049637 ^ clkbuf_0_clk/A (sky130_fd_sc_hd__clkbuf_16)
     4    0.043480    0.062955    0.153571    0.203207 ^ clkbuf_0_clk/X (sky130_fd_sc_hd__clkbuf_16)
                                                         clknet_0_clk (net)
                      0.063200    0.002729    0.205937 ^ clkbuf_2_1__f_clk/A (sky130_fd_sc_hd__clkbuf_16)
    10    0.030077    0.051017    0.140527    0.346463 ^ clkbuf_2_1__f_clk/X (sky130_fd_sc_hd__clkbuf_16)
                                                         clknet_2_1__leaf_clk (net)
                      0.051091    0.002532    0.348996 ^ _179_/CLK (sky130_fd_sc_hd__dfrtp_4)
     9    0.041958    0.144713    0.485293    0.834289 ^ _179_/Q (sky130_fd_sc_hd__dfrtp_4)
                                                         cursor[3] (net)
                      0.144724    0.001393    0.835682 ^ _094_/A1 (sky130_fd_sc_hd__a21o_1)
     2    0.006445    0.063932    0.150296    0.985979 ^ _094_/X (sky130_fd_sc_hd__a21o_1)
                                                         nxt2[3] (net)
                      0.063933    0.000360    0.986339 ^ _164_/D (sky130_fd_sc_hd__dfrtp_1)
                                              0.986339   data arrival time

                                  0.000000    0.000000   clock clk (rise edge)
                                  0.000000    0.000000   clock source latency
     1    0.014807    0.072589    0.049637    0.049637 ^ clk (in)
                                                         clk (net)
                      0.072599    0.000000    0.049637 ^ clkbuf_0_clk/A (sky130_fd_sc_hd__clkbuf_16)
     4    0.043480    0.062955    0.153571    0.203207 ^ clkbuf_0_clk/X (sky130_fd_sc_hd__clkbuf_16)
                                                         clknet_0_clk (net)
                      0.063183    0.002598    0.205806 ^ clkbuf_2_0__f_clk/A (sky130_fd_sc_hd__clkbuf_16)
    10    0.030547    0.051451    0.140963    0.346769 ^ clkbuf_2_0__f_clk/X (sky130_fd_sc_hd__clkbuf_16)
                                                         clknet_2_0__leaf_clk (net)
                      0.051513    0.002474    0.349244 ^ _164_/CLK (sky130_fd_sc_hd__dfrtp_1)
                                  0.250000    0.599244   clock uncertainty
                                  0.000000    0.599244   clock reconvergence pessimism
                                 -0.037840    0.561404   library hold time
                                              0.561404   data required time
---------------------------------------------------------------------------------------------
                                              0.561404   data required time
                                             -0.986339   data arrival time
---------------------------------------------------------------------------------------------
                                              0.424935   slack (MET)


Startpoint: _181_ (rising edge-triggered flip-flop clocked by clk)
Endpoint: _154_ (rising edge-triggered flip-flop clocked by clk)
Path Group: clk
Path Type: min

Fanout         Cap        Slew       Delay        Time   Description
---------------------------------------------------------------------------------------------
                                  0.000000    0.000000   clock clk (rise edge)
                                  0.000000    0.000000   clock source latency
     1    0.014807    0.072589    0.049637    0.049637 ^ clk (in)
                                                         clk (net)
                      0.072599    0.000000    0.049637 ^ clkbuf_0_clk/A (sky130_fd_sc_hd__clkbuf_16)
     4    0.043480    0.062955    0.153571    0.203207 ^ clkbuf_0_clk/X (sky130_fd_sc_hd__clkbuf_16)
                                                         clknet_0_clk (net)
                      0.063183    0.002598    0.205806 ^ clkbuf_2_0__f_clk/A (sky130_fd_sc_hd__clkbuf_16)
    10    0.030547    0.051451    0.140963    0.346769 ^ clkbuf_2_0__f_clk/X (sky130_fd_sc_hd__clkbuf_16)
                                                         clknet_2_0__leaf_clk (net)
                      0.051458    0.001033    0.347803 ^ _181_/CLK (sky130_fd_sc_hd__dfrtp_4)
     9    0.042798    0.147033    0.486966    0.834769 ^ _181_/Q (sky130_fd_sc_hd__dfrtp_4)
                                                         cursor[5] (net)
                      0.147048    0.001587    0.836356 ^ _069_/A1 (sky130_fd_sc_hd__a21o_1)
     2    0.006298    0.062726    0.149869    0.986224 ^ _069_/X (sky130_fd_sc_hd__a21o_1)
                                                         nxt0[5] (net)
                      0.062726    0.000248    0.986472 ^ _154_/D (sky130_fd_sc_hd__dfrtp_1)
                                              0.986472   data arrival time

                                  0.000000    0.000000   clock clk (rise edge)
                                  0.000000    0.000000   clock source latency
     1    0.014807    0.072589    0.049637    0.049637 ^ clk (in)
                                                         clk (net)
                      0.072599    0.000000    0.049637 ^ clkbuf_0_clk/A (sky130_fd_sc_hd__clkbuf_16)
     4    0.043480    0.062955    0.153571    0.203207 ^ clkbuf_0_clk/X (sky130_fd_sc_hd__clkbuf_16)
                                                         clknet_0_clk (net)
                      0.063200    0.002729    0.205937 ^ clkbuf_2_1__f_clk/A (sky130_fd_sc_hd__clkbuf_16)
    10    0.030077    0.051017    0.140527    0.346463 ^ clkbuf_2_1__f_clk/X (sky130_fd_sc_hd__clkbuf_16)
                                                         clknet_2_1__leaf_clk (net)
                      0.051078    0.002412    0.348875 ^ _154_/CLK (sky130_fd_sc_hd__dfrtp_1)
                                  0.250000    0.598875   clock uncertainty
                                  0.000000    0.598875   clock reconvergence pessimism
                                 -0.037647    0.561229   library hold time
                                              0.561229   data required time
---------------------------------------------------------------------------------------------
                                              0.561229   data required time
                                             -0.986472   data arrival time
---------------------------------------------------------------------------------------------
                                              0.425244   slack (MET)


Startpoint: _178_ (rising edge-triggered flip-flop clocked by clk)
Endpoint: _163_ (rising edge-triggered flip-flop clocked by clk)
Path Group: clk
Path Type: min

Fanout         Cap        Slew       Delay        Time   Description
---------------------------------------------------------------------------------------------
                                  0.000000    0.000000   clock clk (rise edge)
                                  0.000000    0.000000   clock source latency
     1    0.014807    0.072589    0.049637    0.049637 ^ clk (in)
                                                         clk (net)
                      0.072599    0.000000    0.049637 ^ clkbuf_0_clk/A (sky130_fd_sc_hd__clkbuf_16)
     4    0.043480    0.062955    0.153571    0.203207 ^ clkbuf_0_clk/X (sky130_fd_sc_hd__clkbuf_16)
                                                         clknet_0_clk (net)
                      0.063179    0.002571    0.205778 ^ clkbuf_2_3__f_clk/A (sky130_fd_sc_hd__clkbuf_16)
    11    0.032427    0.053044    0.142284    0.348062 ^ clkbuf_2_3__f_clk/X (sky130_fd_sc_hd__clkbuf_16)
                                                         clknet_2_3__leaf_clk (net)
                      0.053089    0.001665    0.349727 ^ _178_/CLK (sky130_fd_sc_hd__dfrtp_4)
     9    0.042035    0.144987    0.486050    0.835777 ^ _178_/Q (sky130_fd_sc_hd__dfrtp_4)
                                                         cursor[2] (net)
                      0.145041    0.002626    0.838402 ^ _092_/A1 (sky130_fd_sc_hd__a21o_1)
     2    0.006246    0.062341    0.149101    0.987503 ^ _092_/X (sky130_fd_sc_hd__a21o_1)
                                                         nxt2[2] (net)
                      0.062341    0.000343    0.987846 ^ _163_/D (sky130_fd_sc_hd__dfrtp_1)
                                              0.987846   data arrival time

                                  0.000000    0.000000   clock clk (rise edge)
                                  0.000000    0.000000   clock source latency
     1    0.014807    0.072589    0.049637    0.049637 ^ clk (in)
                                                         clk (net)
                      0.072599    0.000000    0.049637 ^ clkbuf_0_clk/A (sky130_fd_sc_hd__clkbuf_16)
     4    0.043480    0.062955    0.153571    0.203207 ^ clkbuf_0_clk/X (sky130_fd_sc_hd__clkbuf_16)
                                                         clknet_0_clk (net)
                      0.063183    0.002598    0.205806 ^ clkbuf_2_0__f_clk/A (sky130_fd_sc_hd__clkbuf_16)
    10    0.030547    0.051451    0.140963    0.346769 ^ clkbuf_2_0__f_clk/X (sky130_fd_sc_hd__clkbuf_16)
                                                         clknet_2_0__leaf_clk (net)
                      0.051512    0.002464    0.349233 ^ _163_/CLK (sky130_fd_sc_hd__dfrtp_1)
                                  0.250000    0.599233   clock uncertainty
                                  0.000000    0.599233   clock reconvergence pessimism
                                 -0.037506    0.561727   library hold time
                                              0.561727   data required time
---------------------------------------------------------------------------------------------
                                              0.561727   data required time
                                             -0.987846   data arrival time
---------------------------------------------------------------------------------------------
                                              0.426119   slack (MET)


Startpoint: _179_ (rising edge-triggered flip-flop clocked by clk)
Endpoint: _152_ (rising edge-triggered flip-flop clocked by clk)
Path Group: clk
Path Type: min

Fanout         Cap        Slew       Delay        Time   Description
---------------------------------------------------------------------------------------------
                                  0.000000    0.000000   clock clk (rise edge)
                                  0.000000    0.000000   clock source latency
     1    0.014807    0.072589    0.049637    0.049637 ^ clk (in)
                                                         clk (net)
                      0.072599    0.000000    0.049637 ^ clkbuf_0_clk/A (sky130_fd_sc_hd__clkbuf_16)
     4    0.043480    0.062955    0.153571    0.203207 ^ clkbuf_0_clk/X (sky130_fd_sc_hd__clkbuf_16)
                                                         clknet_0_clk (net)
                      0.063200    0.002729    0.205937 ^ clkbuf_2_1__f_clk/A (sky130_fd_sc_hd__clkbuf_16)
    10    0.030077    0.051017    0.140527    0.346463 ^ clkbuf_2_1__f_clk/X (sky130_fd_sc_hd__clkbuf_16)
                                                         clknet_2_1__leaf_clk (net)
                      0.051091    0.002532    0.348996 ^ _179_/CLK (sky130_fd_sc_hd__dfrtp_4)
     9    0.041958    0.144713    0.485293    0.834289 ^ _179_/Q (sky130_fd_sc_hd__dfrtp_4)
                                                         cursor[3] (net)
                      0.144726    0.001482    0.835771 ^ _065_/A1 (sky130_fd_sc_hd__a21o_1)
     2    0.006565    0.064896    0.150966    0.986737 ^ _065_/X (sky130_fd_sc_hd__a21o_1)
                                                         nxt0[3] (net)
                      0.064898    0.000445    0.987182 ^ _152_/D (sky130_fd_sc_hd__dfrtp_1)
                                              0.987182   data arrival time

                                  0.000000    0.000000   clock clk (rise edge)
                                  0.000000    0.000000   clock source latency
     1    0.014807    0.072589    0.049637    0.049637 ^ clk (in)
                                                         clk (net)
                      0.072599    0.000000    0.049637 ^ clkbuf_0_clk/A (sky130_fd_sc_hd__clkbuf_16)
     4    0.043480    0.062955    0.153571    0.203207 ^ clkbuf_0_clk/X (sky130_fd_sc_hd__clkbuf_16)
                                                         clknet_0_clk (net)
                      0.063200    0.002729    0.205937 ^ clkbuf_2_1__f_clk/A (sky130_fd_sc_hd__clkbuf_16)
    10    0.030077    0.051017    0.140527    0.346463 ^ clkbuf_2_1__f_clk/X (sky130_fd_sc_hd__clkbuf_16)
                                                         clknet_2_1__leaf_clk (net)
                      0.051067    0.002313    0.348776 ^ _152_/CLK (sky130_fd_sc_hd__dfrtp_1)
                                  0.250000    0.598776   clock uncertainty
                                  0.000000    0.598776   clock reconvergence pessimism
                                 -0.038103    0.560673   library hold time
                                              0.560673   data required time
---------------------------------------------------------------------------------------------
                                              0.560673   data required time
                                             -0.987182   data arrival time
---------------------------------------------------------------------------------------------
                                              0.426508   slack (MET)


Startpoint: _181_ (rising edge-triggered flip-flop clocked by clk)
Endpoint: _166_ (rising edge-triggered flip-flop clocked by clk)
Path Group: clk
Path Type: min

Fanout         Cap        Slew       Delay        Time   Description
---------------------------------------------------------------------------------------------
                                  0.000000    0.000000   clock clk (rise edge)
                                  0.000000    0.000000   clock source latency
     1    0.014807    0.072589    0.049637    0.049637 ^ clk (in)
                                                         clk (net)
                      0.072599    0.000000    0.049637 ^ clkbuf_0_clk/A (sky130_fd_sc_hd__clkbuf_16)
     4    0.043480    0.062955    0.153571    0.203207 ^ clkbuf_0_clk/X (sky130_fd_sc_hd__clkbuf_16)
                                                         clknet_0_clk (net)
                      0.063183    0.002598    0.205806 ^ clkbuf_2_0__f_clk/A (sky130_fd_sc_hd__clkbuf_16)
    10    0.030547    0.051451    0.140963    0.346769 ^ clkbuf_2_0__f_clk/X (sky130_fd_sc_hd__clkbuf_16)
                                                         clknet_2_0__leaf_clk (net)
                      0.051458    0.001033    0.347803 ^ _181_/CLK (sky130_fd_sc_hd__dfrtp_4)
     9    0.042798    0.147033    0.486966    0.834769 ^ _181_/Q (sky130_fd_sc_hd__dfrtp_4)
                                                         cursor[5] (net)
                      0.147043    0.001379    0.836148 ^ _098_/A1 (sky130_fd_sc_hd__a21o_1)
     2    0.006458    0.064078    0.150788    0.986935 ^ _098_/X (sky130_fd_sc_hd__a21o_1)
                                                         nxt2[5] (net)
                      0.064079    0.000364    0.987299 ^ _166_/D (sky130_fd_sc_hd__dfrtp_1)
                                              0.987299   data arrival time

                                  0.000000    0.000000   clock clk (rise edge)
                                  0.000000    0.000000   clock source latency
     1    0.014807    0.072589    0.049637    0.049637 ^ clk (in)
                                                         clk (net)
                      0.072599    0.000000    0.049637 ^ clkbuf_0_clk/A (sky130_fd_sc_hd__clkbuf_16)
     4    0.043480    0.062955    0.153571    0.203207 ^ clkbuf_0_clk/X (sky130_fd_sc_hd__clkbuf_16)
                                                         clknet_0_clk (net)
                      0.063183    0.002598    0.205806 ^ clkbuf_2_0__f_clk/A (sky130_fd_sc_hd__clkbuf_16)
    10    0.030547    0.051451    0.140963    0.346769 ^ clkbuf_2_0__f_clk/X (sky130_fd_sc_hd__clkbuf_16)
                                                         clknet_2_0__leaf_clk (net)
                      0.051458    0.001090    0.347860 ^ _166_/CLK (sky130_fd_sc_hd__dfrtp_1)
                                  0.250000    0.597860   clock uncertainty
                                  0.000000    0.597860   clock reconvergence pessimism
                                 -0.037878    0.559982   library hold time
                                              0.559982   data required time
---------------------------------------------------------------------------------------------
                                              0.559982   data required time
                                             -0.987299   data arrival time
---------------------------------------------------------------------------------------------
                                              0.427317   slack (MET)


Startpoint: _180_ (rising edge-triggered flip-flop clocked by clk)
Endpoint: _165_ (rising edge-triggered flip-flop clocked by clk)
Path Group: clk
Path Type: min

Fanout         Cap        Slew       Delay        Time   Description
---------------------------------------------------------------------------------------------
                                  0.000000    0.000000   clock clk (rise edge)
                                  0.000000    0.000000   clock source latency
     1    0.014807    0.072589    0.049637    0.049637 ^ clk (in)
                                                         clk (net)
                      0.072599    0.000000    0.049637 ^ clkbuf_0_clk/A (sky130_fd_sc_hd__clkbuf_16)
     4    0.043480    0.062955    0.153571    0.203207 ^ clkbuf_0_clk/X (sky130_fd_sc_hd__clkbuf_16)
                                                         clknet_0_clk (net)
                      0.063183    0.002598    0.205806 ^ clkbuf_2_0__f_clk/A (sky130_fd_sc_hd__clkbuf_16)
    10    0.030547    0.051451    0.140963    0.346769 ^ clkbuf_2_0__f_clk/X (sky130_fd_sc_hd__clkbuf_16)
                                                         clknet_2_0__leaf_clk (net)
                      0.051457    0.000987    0.347756 ^ _180_/CLK (sky130_fd_sc_hd__dfrtp_4)
     9    0.042544    0.145978    0.486258    0.834014 ^ _180_/Q (sky130_fd_sc_hd__dfrtp_4)
                                                         cursor[4] (net)
                      0.146014    0.002227    0.836241 ^ _096_/A1 (sky130_fd_sc_hd__a21o_1)
     2    0.006702    0.066090    0.152075    0.988317 ^ _096_/X (sky130_fd_sc_hd__a21o_1)
                                                         nxt2[4] (net)
                      0.066091    0.000392    0.988709 ^ _165_/D (sky130_fd_sc_hd__dfrtp_1)
                                              0.988709   data arrival time

                                  0.000000    0.000000   clock clk (rise edge)
                                  0.000000    0.000000   clock source latency
     1    0.014807    0.072589    0.049637    0.049637 ^ clk (in)
                                                         clk (net)
                      0.072599    0.000000    0.049637 ^ clkbuf_0_clk/A (sky130_fd_sc_hd__clkbuf_16)
     4    0.043480    0.062955    0.153571    0.203207 ^ clkbuf_0_clk/X (sky130_fd_sc_hd__clkbuf_16)
                                                         clknet_0_clk (net)
                      0.063183    0.002598    0.205806 ^ clkbuf_2_0__f_clk/A (sky130_fd_sc_hd__clkbuf_16)
    10    0.030547    0.051451    0.140963    0.346769 ^ clkbuf_2_0__f_clk/X (sky130_fd_sc_hd__clkbuf_16)
                                                         clknet_2_0__leaf_clk (net)
                      0.051518    0.002519    0.349288 ^ _165_/CLK (sky130_fd_sc_hd__dfrtp_1)
                                  0.250000    0.599288   clock uncertainty
                                  0.000000    0.599288   clock reconvergence pessimism
                                 -0.038291    0.560997   library hold time
                                              0.560997   data required time
---------------------------------------------------------------------------------------------
                                              0.560997   data required time
                                             -0.988709   data arrival time
---------------------------------------------------------------------------------------------
                                              0.427711   slack (MET)


Startpoint: _178_ (rising edge-triggered flip-flop clocked by clk)
Endpoint: _151_ (rising edge-triggered flip-flop clocked by clk)
Path Group: clk
Path Type: min

Fanout         Cap        Slew       Delay        Time   Description
---------------------------------------------------------------------------------------------
                                  0.000000    0.000000   clock clk (rise edge)
                                  0.000000    0.000000   clock source latency
     1    0.014807    0.072589    0.049637    0.049637 ^ clk (in)
                                                         clk (net)
                      0.072599    0.000000    0.049637 ^ clkbuf_0_clk/A (sky130_fd_sc_hd__clkbuf_16)
     4    0.043480    0.062955    0.153571    0.203207 ^ clkbuf_0_clk/X (sky130_fd_sc_hd__clkbuf_16)
                                                         clknet_0_clk (net)
                      0.063179    0.002571    0.205778 ^ clkbuf_2_3__f_clk/A (sky130_fd_sc_hd__clkbuf_16)
    11    0.032427    0.053044    0.142284    0.348062 ^ clkbuf_2_3__f_clk/X (sky130_fd_sc_hd__clkbuf_16)
                                                         clknet_2_3__leaf_clk (net)
                      0.053089    0.001665    0.349727 ^ _178_/CLK (sky130_fd_sc_hd__dfrtp_4)
     9    0.042035    0.144987    0.486050    0.835777 ^ _178_/Q (sky130_fd_sc_hd__dfrtp_4)
                                                         cursor[2] (net)
                      0.145012    0.001905    0.837682 ^ _063_/A1 (sky130_fd_sc_hd__a21o_1)
     2    0.007033    0.068745    0.153893    0.991575 ^ _063_/X (sky130_fd_sc_hd__a21o_1)
                                                         nxt0[2] (net)
                      0.068747    0.000460    0.992035 ^ _151_/D (sky130_fd_sc_hd__dfrtp_1)
                                              0.992035   data arrival time

                                  0.000000    0.000000   clock clk (rise edge)
                                  0.000000    0.000000   clock source latency
     1    0.014807    0.072589    0.049637    0.049637 ^ clk (in)
                                                         clk (net)
                      0.072599    0.000000    0.049637 ^ clkbuf_0_clk/A (sky130_fd_sc_hd__clkbuf_16)
     4    0.043480    0.062955    0.153571    0.203207 ^ clkbuf_0_clk/X (sky130_fd_sc_hd__clkbuf_16)
                                                         clknet_0_clk (net)
                      0.063200    0.002729    0.205937 ^ clkbuf_2_1__f_clk/A (sky130_fd_sc_hd__clkbuf_16)
    10    0.030077    0.051017    0.140527    0.346463 ^ clkbuf_2_1__f_clk/X (sky130_fd_sc_hd__clkbuf_16)
                                                         clknet_2_1__leaf_clk (net)
                      0.051080    0.002434    0.348897 ^ _151_/CLK (sky130_fd_sc_hd__dfrtp_1)
                                  0.250000    0.598897   clock uncertainty
                                  0.000000    0.598897   clock reconvergence pessimism
                                 -0.038907    0.559990   library hold time
                                              0.559990   data required time
---------------------------------------------------------------------------------------------
                                              0.559990   data required time
                                             -0.992035   data arrival time
---------------------------------------------------------------------------------------------
                                              0.432045   slack (MET)


Startpoint: _180_ (rising edge-triggered flip-flop clocked by clk)
Endpoint: _159_ (rising edge-triggered flip-flop clocked by clk)
Path Group: clk
Path Type: min

Fanout         Cap        Slew       Delay        Time   Description
---------------------------------------------------------------------------------------------
                                  0.000000    0.000000   clock clk (rise edge)
                                  0.000000    0.000000   clock source latency
     1    0.014807    0.072589    0.049637    0.049637 ^ clk (in)
                                                         clk (net)
                      0.072599    0.000000    0.049637 ^ clkbuf_0_clk/A (sky130_fd_sc_hd__clkbuf_16)
     4    0.043480    0.062955    0.153571    0.203207 ^ clkbuf_0_clk/X (sky130_fd_sc_hd__clkbuf_16)
                                                         clknet_0_clk (net)
                      0.063183    0.002598    0.205806 ^ clkbuf_2_0__f_clk/A (sky130_fd_sc_hd__clkbuf_16)
    10    0.030547    0.051451    0.140963    0.346769 ^ clkbuf_2_0__f_clk/X (sky130_fd_sc_hd__clkbuf_16)
                                                         clknet_2_0__leaf_clk (net)
                      0.051457    0.000987    0.347756 ^ _180_/CLK (sky130_fd_sc_hd__dfrtp_4)
     9    0.042544    0.145978    0.486258    0.834014 ^ _180_/Q (sky130_fd_sc_hd__dfrtp_4)
                                                         cursor[4] (net)
                      0.146019    0.002354    0.836368 ^ _081_/A1 (sky130_fd_sc_hd__a21o_1)
     2    0.006588    0.065088    0.151336    0.987704 ^ _081_/X (sky130_fd_sc_hd__a21o_1)
                                                         nxt1[4] (net)
                      0.065090    0.000454    0.988158 ^ _159_/D (sky130_fd_sc_hd__dfrtp_1)
                                              0.988158   data arrival time

                                  0.000000    0.000000   clock clk (rise edge)
                                  0.000000    0.000000   clock source latency
     1    0.014807    0.072589    0.049637    0.049637 ^ clk (in)
                                                         clk (net)
                      0.072599    0.000000    0.049637 ^ clkbuf_0_clk/A (sky130_fd_sc_hd__clkbuf_16)
     4    0.043480    0.062955    0.153571    0.203207 ^ clkbuf_0_clk/X (sky130_fd_sc_hd__clkbuf_16)
                                                         clknet_0_clk (net)
                      0.063181    0.002586    0.205794 ^ clkbuf_2_2__f_clk/A (sky130_fd_sc_hd__clkbuf_16)
     8    0.025924    0.047220    0.137152    0.342946 ^ clkbuf_2_2__f_clk/X (sky130_fd_sc_hd__clkbuf_16)
                                                         clknet_2_2__leaf_clk (net)
                      0.047303    0.001677    0.344623 ^ _159_/CLK (sky130_fd_sc_hd__dfrtp_1)
                                  0.250000    0.594623   clock uncertainty
                                  0.000000    0.594623   clock reconvergence pessimism
                                 -0.038659    0.555963   library hold time
                                              0.555963   data required time
---------------------------------------------------------------------------------------------
                                              0.555963   data required time
                                             -0.988158   data arrival time
---------------------------------------------------------------------------------------------
                                              0.432195   slack (MET)


Startpoint: _181_ (rising edge-triggered flip-flop clocked by clk)
Endpoint: _160_ (rising edge-triggered flip-flop clocked by clk)
Path Group: clk
Path Type: min

Fanout         Cap        Slew       Delay        Time   Description
---------------------------------------------------------------------------------------------
                                  0.000000    0.000000   clock clk (rise edge)
                                  0.000000    0.000000   clock source latency
     1    0.014807    0.072589    0.049637    0.049637 ^ clk (in)
                                                         clk (net)
                      0.072599    0.000000    0.049637 ^ clkbuf_0_clk/A (sky130_fd_sc_hd__clkbuf_16)
     4    0.043480    0.062955    0.153571    0.203207 ^ clkbuf_0_clk/X (sky130_fd_sc_hd__clkbuf_16)
                                                         clknet_0_clk (net)
                      0.063183    0.002598    0.205806 ^ clkbuf_2_0__f_clk/A (sky130_fd_sc_hd__clkbuf_16)
    10    0.030547    0.051451    0.140963    0.346769 ^ clkbuf_2_0__f_clk/X (sky130_fd_sc_hd__clkbuf_16)
                                                         clknet_2_0__leaf_clk (net)
                      0.051458    0.001033    0.347803 ^ _181_/CLK (sky130_fd_sc_hd__dfrtp_4)
     9    0.042798    0.147033    0.486966    0.834769 ^ _181_/Q (sky130_fd_sc_hd__dfrtp_4)
                                                         cursor[5] (net)
                      0.147078    0.002456    0.837225 ^ _083_/A1 (sky130_fd_sc_hd__a21o_1)
     2    0.006395    0.063566    0.150387    0.987612 ^ _083_/X (sky130_fd_sc_hd__a21o_1)
                                                         nxt1[5] (net)
                      0.063567    0.000405    0.988017 ^ _160_/D (sky130_fd_sc_hd__dfrtp_1)
                                              0.988017   data arrival time

                                  0.000000    0.000000   clock clk (rise edge)
                                  0.000000    0.000000   clock source latency
     1    0.014807    0.072589    0.049637    0.049637 ^ clk (in)
                                                         clk (net)
                      0.072599    0.000000    0.049637 ^ clkbuf_0_clk/A (sky130_fd_sc_hd__clkbuf_16)
     4    0.043480    0.062955    0.153571    0.203207 ^ clkbuf_0_clk/X (sky130_fd_sc_hd__clkbuf_16)
                                                         clknet_0_clk (net)
                      0.063181    0.002586    0.205794 ^ clkbuf_2_2__f_clk/A (sky130_fd_sc_hd__clkbuf_16)
     8    0.025924    0.047220    0.137152    0.342946 ^ clkbuf_2_2__f_clk/X (sky130_fd_sc_hd__clkbuf_16)
                                                         clknet_2_2__leaf_clk (net)
                      0.047260    0.001218    0.344164 ^ _160_/CLK (sky130_fd_sc_hd__dfrtp_1)
                                  0.250000    0.594164   clock uncertainty
                                  0.000000    0.594164   clock reconvergence pessimism
                                 -0.038346    0.555818   library hold time
                                              0.555818   data required time
---------------------------------------------------------------------------------------------
                                              0.555818   data required time
                                             -0.988017   data arrival time
---------------------------------------------------------------------------------------------
                                              0.432199   slack (MET)


Startpoint: _177_ (rising edge-triggered flip-flop clocked by clk)
Endpoint: _162_ (rising edge-triggered flip-flop clocked by clk)
Path Group: clk
Path Type: min

Fanout         Cap        Slew       Delay        Time   Description
---------------------------------------------------------------------------------------------
                                  0.000000    0.000000   clock clk (rise edge)
                                  0.000000    0.000000   clock source latency
     1    0.014807    0.072589    0.049637    0.049637 ^ clk (in)
                                                         clk (net)
                      0.072599    0.000000    0.049637 ^ clkbuf_0_clk/A (sky130_fd_sc_hd__clkbuf_16)
     4    0.043480    0.062955    0.153571    0.203207 ^ clkbuf_0_clk/X (sky130_fd_sc_hd__clkbuf_16)
                                                         clknet_0_clk (net)
                      0.063179    0.002571    0.205778 ^ clkbuf_2_3__f_clk/A (sky130_fd_sc_hd__clkbuf_16)
    11    0.032427    0.053044    0.142284    0.348062 ^ clkbuf_2_3__f_clk/X (sky130_fd_sc_hd__clkbuf_16)
                                                         clknet_2_3__leaf_clk (net)
                      0.053121    0.001978    0.350039 ^ _177_/CLK (sky130_fd_sc_hd__dfrtp_4)
     9    0.041698    0.143966    0.484229    0.834268 ^ _177_/Q (sky130_fd_sc_hd__dfrtp_4)
                                                         cursor[1] (net)
                      0.144156    0.004665    0.838934 ^ _090_/A1 (sky130_fd_sc_hd__a21o_1)
     2    0.007617    0.073548    0.157160    0.996094 ^ _090_/X (sky130_fd_sc_hd__a21o_1)
                                                         nxt2[1] (net)
                      0.073552    0.000626    0.996720 ^ _162_/D (sky130_fd_sc_hd__dfrtp_1)
                                              0.996720   data arrival time

                                  0.000000    0.000000   clock clk (rise edge)
                                  0.000000    0.000000   clock source latency
     1    0.014807    0.072589    0.049637    0.049637 ^ clk (in)
                                                         clk (net)
                      0.072599    0.000000    0.049637 ^ clkbuf_0_clk/A (sky130_fd_sc_hd__clkbuf_16)
     4    0.043480    0.062955    0.153571    0.203207 ^ clkbuf_0_clk/X (sky130_fd_sc_hd__clkbuf_16)
                                                         clknet_0_clk (net)
                      0.063183    0.002598    0.205806 ^ clkbuf_2_0__f_clk/A (sky130_fd_sc_hd__clkbuf_16)
    10    0.030547    0.051451    0.140963    0.346769 ^ clkbuf_2_0__f_clk/X (sky130_fd_sc_hd__clkbuf_16)
                                                         clknet_2_0__leaf_clk (net)
                      0.051490    0.002231    0.349001 ^ _162_/CLK (sky130_fd_sc_hd__dfrtp_1)
                                  0.250000    0.599001   clock uncertainty
                                  0.000000    0.599001   clock reconvergence pessimism
                                 -0.039857    0.559143   library hold time
                                              0.559143   data required time
---------------------------------------------------------------------------------------------
                                              0.559143   data required time
                                             -0.996720   data arrival time
---------------------------------------------------------------------------------------------
                                              0.437577   slack (MET)


Startpoint: _177_ (rising edge-triggered flip-flop clocked by clk)
Endpoint: _156_ (rising edge-triggered flip-flop clocked by clk)
Path Group: clk
Path Type: min

Fanout         Cap        Slew       Delay        Time   Description
---------------------------------------------------------------------------------------------
                                  0.000000    0.000000   clock clk (rise edge)
                                  0.000000    0.000000   clock source latency
     1    0.014807    0.072589    0.049637    0.049637 ^ clk (in)
                                                         clk (net)
                      0.072599    0.000000    0.049637 ^ clkbuf_0_clk/A (sky130_fd_sc_hd__clkbuf_16)
     4    0.043480    0.062955    0.153571    0.203207 ^ clkbuf_0_clk/X (sky130_fd_sc_hd__clkbuf_16)
                                                         clknet_0_clk (net)
                      0.063179    0.002571    0.205778 ^ clkbuf_2_3__f_clk/A (sky130_fd_sc_hd__clkbuf_16)
    11    0.032427    0.053044    0.142284    0.348062 ^ clkbuf_2_3__f_clk/X (sky130_fd_sc_hd__clkbuf_16)
                                                         clknet_2_3__leaf_clk (net)
                      0.053121    0.001978    0.350039 ^ _177_/CLK (sky130_fd_sc_hd__dfrtp_4)
     9    0.041698    0.143966    0.484229    0.834268 ^ _177_/Q (sky130_fd_sc_hd__dfrtp_4)
                                                         cursor[1] (net)
                      0.144052    0.003289    0.837557 ^ _075_/A1 (sky130_fd_sc_hd__a21o_1)
     2    0.007518    0.072687    0.156647    0.994204 ^ _075_/X (sky130_fd_sc_hd__a21o_1)
                                                         nxt1[1] (net)
                      0.072688    0.000443    0.994647 ^ _156_/D (sky130_fd_sc_hd__dfrtp_1)
                                              0.994647   data arrival time

                                  0.000000    0.000000   clock clk (rise edge)
                                  0.000000    0.000000   clock source latency
     1    0.014807    0.072589    0.049637    0.049637 ^ clk (in)
                                                         clk (net)
                      0.072599    0.000000    0.049637 ^ clkbuf_0_clk/A (sky130_fd_sc_hd__clkbuf_16)
     4    0.043480    0.062955    0.153571    0.203207 ^ clkbuf_0_clk/X (sky130_fd_sc_hd__clkbuf_16)
                                                         clknet_0_clk (net)
                      0.063181    0.002586    0.205794 ^ clkbuf_2_2__f_clk/A (sky130_fd_sc_hd__clkbuf_16)
     8    0.025924    0.047220    0.137152    0.342946 ^ clkbuf_2_2__f_clk/X (sky130_fd_sc_hd__clkbuf_16)
                                                         clknet_2_2__leaf_clk (net)
                      0.047267    0.001307    0.344252 ^ _156_/CLK (sky130_fd_sc_hd__dfrtp_1)
                                  0.250000    0.594252   clock uncertainty
                                  0.000000    0.594252   clock reconvergence pessimism
                                 -0.040256    0.553996   library hold time
                                              0.553996   data required time
---------------------------------------------------------------------------------------------
                                              0.553996   data required time
                                             -0.994647   data arrival time
---------------------------------------------------------------------------------------------
                                              0.440651   slack (MET)


Startpoint: _176_ (rising edge-triggered flip-flop clocked by clk)
Endpoint: _155_ (rising edge-triggered flip-flop clocked by clk)
Path Group: clk
Path Type: min

Fanout         Cap        Slew       Delay        Time   Description
---------------------------------------------------------------------------------------------
                                  0.000000    0.000000   clock clk (rise edge)
                                  0.000000    0.000000   clock source latency
     1    0.014807    0.072589    0.049637    0.049637 ^ clk (in)
                                                         clk (net)
                      0.072599    0.000000    0.049637 ^ clkbuf_0_clk/A (sky130_fd_sc_hd__clkbuf_16)
     4    0.043480    0.062955    0.153571    0.203207 ^ clkbuf_0_clk/X (sky130_fd_sc_hd__clkbuf_16)
                                                         clknet_0_clk (net)
                      0.063183    0.002598    0.205806 ^ clkbuf_2_0__f_clk/A (sky130_fd_sc_hd__clkbuf_16)
    10    0.030547    0.051451    0.140963    0.346769 ^ clkbuf_2_0__f_clk/X (sky130_fd_sc_hd__clkbuf_16)
                                                         clknet_2_0__leaf_clk (net)
                      0.051479    0.002080    0.348849 ^ _176_/CLK (sky130_fd_sc_hd__dfstp_2)
     9    0.044583    0.105908    0.433679    0.782528 v _176_/Q (sky130_fd_sc_hd__dfstp_2)
                                                         cursor[0] (net)
                      0.106025    0.003156    0.785684 v _073_/A1 (sky130_fd_sc_hd__a21o_1)
     2    0.009239    0.057995    0.204855    0.990538 v _073_/X (sky130_fd_sc_hd__a21o_1)
                                                         nxt1[0] (net)
                      0.057996    0.000368    0.990906 v _155_/D (sky130_fd_sc_hd__dfrtp_1)
                                              0.990906   data arrival time

                                  0.000000    0.000000   clock clk (rise edge)
                                  0.000000    0.000000   clock source latency
     1    0.014807    0.072589    0.049637    0.049637 ^ clk (in)
                                                         clk (net)
                      0.072599    0.000000    0.049637 ^ clkbuf_0_clk/A (sky130_fd_sc_hd__clkbuf_16)
     4    0.043480    0.062955    0.153571    0.203207 ^ clkbuf_0_clk/X (sky130_fd_sc_hd__clkbuf_16)
                                                         clknet_0_clk (net)
                      0.063181    0.002586    0.205794 ^ clkbuf_2_2__f_clk/A (sky130_fd_sc_hd__clkbuf_16)
     8    0.025924    0.047220    0.137152    0.342946 ^ clkbuf_2_2__f_clk/X (sky130_fd_sc_hd__clkbuf_16)
                                                         clknet_2_2__leaf_clk (net)
                      0.047276    0.001405    0.344350 ^ _155_/CLK (sky130_fd_sc_hd__dfrtp_1)
                                  0.250000    0.594350   clock uncertainty
                                  0.000000    0.594350   clock reconvergence pessimism
                                 -0.050547    0.543803   library hold time
                                              0.543803   data required time
---------------------------------------------------------------------------------------------
                                              0.543803   data required time
                                             -0.990906   data arrival time
---------------------------------------------------------------------------------------------
                                              0.447103   slack (MET)


Startpoint: _183_ (rising edge-triggered flip-flop clocked by clk)
Endpoint: _183_ (rising edge-triggered flip-flop clocked by clk)
Path Group: clk
Path Type: min

Fanout         Cap        Slew       Delay        Time   Description
---------------------------------------------------------------------------------------------
                                  0.000000    0.000000   clock clk (rise edge)
                                  0.000000    0.000000   clock source latency
     1    0.014807    0.072589    0.049637    0.049637 ^ clk (in)
                                                         clk (net)
                      0.072599    0.000000    0.049637 ^ clkbuf_0_clk/A (sky130_fd_sc_hd__clkbuf_16)
     4    0.043480    0.062955    0.153571    0.203207 ^ clkbuf_0_clk/X (sky130_fd_sc_hd__clkbuf_16)
                                                         clknet_0_clk (net)
                      0.063179    0.002571    0.205778 ^ clkbuf_2_3__f_clk/A (sky130_fd_sc_hd__clkbuf_16)
    11    0.032427    0.053044    0.142284    0.348062 ^ clkbuf_2_3__f_clk/X (sky130_fd_sc_hd__clkbuf_16)
                                                         clknet_2_3__leaf_clk (net)
                      0.053138    0.002134    0.350196 ^ _183_/CLK (sky130_fd_sc_hd__dfrtp_1)
     2    0.009485    0.096156    0.362844    0.713039 ^ _183_/Q (sky130_fd_sc_hd__dfrtp_1)
                                                         cnt[1] (net)
                      0.096158    0.000582    0.713622 ^ fanout31/A (sky130_fd_sc_hd__clkbuf_2)
     9    0.032461    0.179289    0.217738    0.931359 ^ fanout31/X (sky130_fd_sc_hd__clkbuf_2)
                                                         net31 (net)
                      0.179319    0.001938    0.933297 ^ _053_/B1 (sky130_fd_sc_hd__a21o_1)
     1    0.002676    0.036623    0.104401    1.037698 ^ _053_/X (sky130_fd_sc_hd__a21o_1)
                                                         _037_ (net)
                      0.036624    0.000181    1.037879 ^ _183_/D (sky130_fd_sc_hd__dfrtp_1)
                                              1.037879   data arrival time

                                  0.000000    0.000000   clock clk (rise edge)
                                  0.000000    0.000000   clock source latency
     1    0.014807    0.072589    0.049637    0.049637 ^ clk (in)
                                                         clk (net)
                      0.072599    0.000000    0.049637 ^ clkbuf_0_clk/A (sky130_fd_sc_hd__clkbuf_16)
     4    0.043480    0.062955    0.153571    0.203207 ^ clkbuf_0_clk/X (sky130_fd_sc_hd__clkbuf_16)
                                                         clknet_0_clk (net)
                      0.063179    0.002571    0.205778 ^ clkbuf_2_3__f_clk/A (sky130_fd_sc_hd__clkbuf_16)
    11    0.032427    0.053044    0.142284    0.348062 ^ clkbuf_2_3__f_clk/X (sky130_fd_sc_hd__clkbuf_16)
                                                         clknet_2_3__leaf_clk (net)
                      0.053138    0.002134    0.350196 ^ _183_/CLK (sky130_fd_sc_hd__dfrtp_1)
                                  0.250000    0.600196   clock uncertainty
                                  0.000000    0.600196   clock reconvergence pessimism
                                 -0.031898    0.568297   library hold time
                                              0.568297   data required time
---------------------------------------------------------------------------------------------
                                              0.568297   data required time
                                             -1.037879   data arrival time
---------------------------------------------------------------------------------------------
                                              0.469581   slack (MET)


Startpoint: _176_ (rising edge-triggered flip-flop clocked by clk)
Endpoint: _173_ (rising edge-triggered flip-flop clocked by clk)
Path Group: clk
Path Type: min

Fanout         Cap        Slew       Delay        Time   Description
---------------------------------------------------------------------------------------------
                                  0.000000    0.000000   clock clk (rise edge)
                                  0.000000    0.000000   clock source latency
     1    0.014807    0.072589    0.049637    0.049637 ^ clk (in)
                                                         clk (net)
                      0.072599    0.000000    0.049637 ^ clkbuf_0_clk/A (sky130_fd_sc_hd__clkbuf_16)
     4    0.043480    0.062955    0.153571    0.203207 ^ clkbuf_0_clk/X (sky130_fd_sc_hd__clkbuf_16)
                                                         clknet_0_clk (net)
                      0.063183    0.002598    0.205806 ^ clkbuf_2_0__f_clk/A (sky130_fd_sc_hd__clkbuf_16)
    10    0.030547    0.051451    0.140963    0.346769 ^ clkbuf_2_0__f_clk/X (sky130_fd_sc_hd__clkbuf_16)
                                                         clknet_2_0__leaf_clk (net)
                      0.051479    0.002080    0.348849 ^ _176_/CLK (sky130_fd_sc_hd__dfstp_2)
     9    0.044583    0.105908    0.433679    0.782528 v _176_/Q (sky130_fd_sc_hd__dfstp_2)
                                                         cursor[0] (net)
                      0.105929    0.001493    0.784021 v _059_/A1 (sky130_fd_sc_hd__a21o_1)
     2    0.005367    0.042098    0.187322    0.971343 v _059_/X (sky130_fd_sc_hd__a21o_1)
                                                         nxt0[0] (net)
                      0.042099    0.000256    0.971599 v _071_/A (sky130_fd_sc_hd__and3_1)
     1    0.002539    0.031999    0.135631    1.107230 v _071_/X (sky130_fd_sc_hd__and3_1)
                                                         done_comb[0] (net)
                      0.032000    0.000173    1.107402 v _173_/D (sky130_fd_sc_hd__dfrtp_1)
                                              1.107402   data arrival time

                                  0.000000    0.000000   clock clk (rise edge)
                                  0.000000    0.000000   clock source latency
     1    0.014807    0.072589    0.049637    0.049637 ^ clk (in)
                                                         clk (net)
                      0.072599    0.000000    0.049637 ^ clkbuf_0_clk/A (sky130_fd_sc_hd__clkbuf_16)
     4    0.043480    0.062955    0.153571    0.203207 ^ clkbuf_0_clk/X (sky130_fd_sc_hd__clkbuf_16)
                                                         clknet_0_clk (net)
                      0.063200    0.002729    0.205937 ^ clkbuf_2_1__f_clk/A (sky130_fd_sc_hd__clkbuf_16)
    10    0.030077    0.051017    0.140527    0.346463 ^ clkbuf_2_1__f_clk/X (sky130_fd_sc_hd__clkbuf_16)
                                                         clknet_2_1__leaf_clk (net)
                      0.051035    0.001371    0.347835 ^ _173_/CLK (sky130_fd_sc_hd__dfrtp_1)
                                  0.250000    0.597835   clock uncertainty
                                  0.000000    0.597835   clock reconvergence pessimism
                                 -0.039107    0.558728   library hold time
                                              0.558728   data required time
---------------------------------------------------------------------------------------------
                                              0.558728   data required time
                                             -1.107402   data arrival time
---------------------------------------------------------------------------------------------
                                              0.548674   slack (MET)


Startpoint: _176_ (rising edge-triggered flip-flop clocked by clk)
Endpoint: _175_ (rising edge-triggered flip-flop clocked by clk)
Path Group: clk
Path Type: min

Fanout         Cap        Slew       Delay        Time   Description
---------------------------------------------------------------------------------------------
                                  0.000000    0.000000   clock clk (rise edge)
                                  0.000000    0.000000   clock source latency
     1    0.014807    0.072589    0.049637    0.049637 ^ clk (in)
                                                         clk (net)
                      0.072599    0.000000    0.049637 ^ clkbuf_0_clk/A (sky130_fd_sc_hd__clkbuf_16)
     4    0.043480    0.062955    0.153571    0.203207 ^ clkbuf_0_clk/X (sky130_fd_sc_hd__clkbuf_16)
                                                         clknet_0_clk (net)
                      0.063183    0.002598    0.205806 ^ clkbuf_2_0__f_clk/A (sky130_fd_sc_hd__clkbuf_16)
    10    0.030547    0.051451    0.140963    0.346769 ^ clkbuf_2_0__f_clk/X (sky130_fd_sc_hd__clkbuf_16)
                                                         clknet_2_0__leaf_clk (net)
                      0.051479    0.002080    0.348849 ^ _176_/CLK (sky130_fd_sc_hd__dfstp_2)
     9    0.044583    0.105908    0.433679    0.782528 v _176_/Q (sky130_fd_sc_hd__dfstp_2)
                                                         cursor[0] (net)
                      0.106067    0.003619    0.786147 v _088_/A1 (sky130_fd_sc_hd__a21o_1)
     2    0.005053    0.040754    0.185957    0.972104 v _088_/X (sky130_fd_sc_hd__a21o_1)
                                                         nxt2[0] (net)
                      0.040754    0.000167    0.972271 v _100_/A (sky130_fd_sc_hd__and3_1)
     1    0.004593    0.040867    0.146186    1.118457 v _100_/X (sky130_fd_sc_hd__and3_1)
                                                         done_comb[2] (net)
                      0.040868    0.000266    1.118722 v _175_/D (sky130_fd_sc_hd__dfrtp_1)
                                              1.118722   data arrival time

                                  0.000000    0.000000   clock clk (rise edge)
                                  0.000000    0.000000   clock source latency
     1    0.014807    0.072589    0.049637    0.049637 ^ clk (in)
                                                         clk (net)
                      0.072599    0.000000    0.049637 ^ clkbuf_0_clk/A (sky130_fd_sc_hd__clkbuf_16)
     4    0.043480    0.062955    0.153571    0.203207 ^ clkbuf_0_clk/X (sky130_fd_sc_hd__clkbuf_16)
                                                         clknet_0_clk (net)
                      0.063183    0.002598    0.205806 ^ clkbuf_2_0__f_clk/A (sky130_fd_sc_hd__clkbuf_16)
    10    0.030547    0.051451    0.140963    0.346769 ^ clkbuf_2_0__f_clk/X (sky130_fd_sc_hd__clkbuf_16)
                                                         clknet_2_0__leaf_clk (net)
                      0.051464    0.001474    0.348243 ^ _175_/CLK (sky130_fd_sc_hd__dfrtp_1)
                                  0.250000    0.598243   clock uncertainty
                                  0.000000    0.598243   clock reconvergence pessimism
                                 -0.042619    0.555624   library hold time
                                              0.555624   data required time
---------------------------------------------------------------------------------------------
                                              0.555624   data required time
                                             -1.118722   data arrival time
---------------------------------------------------------------------------------------------
                                              0.563098   slack (MET)


Startpoint: _176_ (rising edge-triggered flip-flop clocked by clk)
Endpoint: _174_ (rising edge-triggered flip-flop clocked by clk)
Path Group: clk
Path Type: min

Fanout         Cap        Slew       Delay        Time   Description
---------------------------------------------------------------------------------------------
                                  0.000000    0.000000   clock clk (rise edge)
                                  0.000000    0.000000   clock source latency
     1    0.014807    0.072589    0.049637    0.049637 ^ clk (in)
                                                         clk (net)
                      0.072599    0.000000    0.049637 ^ clkbuf_0_clk/A (sky130_fd_sc_hd__clkbuf_16)
     4    0.043480    0.062955    0.153571    0.203207 ^ clkbuf_0_clk/X (sky130_fd_sc_hd__clkbuf_16)
                                                         clknet_0_clk (net)
                      0.063183    0.002598    0.205806 ^ clkbuf_2_0__f_clk/A (sky130_fd_sc_hd__clkbuf_16)
    10    0.030547    0.051451    0.140963    0.346769 ^ clkbuf_2_0__f_clk/X (sky130_fd_sc_hd__clkbuf_16)
                                                         clknet_2_0__leaf_clk (net)
                      0.051479    0.002080    0.348849 ^ _176_/CLK (sky130_fd_sc_hd__dfstp_2)
     9    0.044583    0.105908    0.433679    0.782528 v _176_/Q (sky130_fd_sc_hd__dfstp_2)
                                                         cursor[0] (net)
                      0.106025    0.003156    0.785684 v _073_/A1 (sky130_fd_sc_hd__a21o_1)
     2    0.009239    0.057995    0.204855    0.990538 v _073_/X (sky130_fd_sc_hd__a21o_1)
                                                         nxt1[0] (net)
                      0.057997    0.000463    0.991001 v _085_/A (sky130_fd_sc_hd__and3_1)
     1    0.002798    0.033241    0.143984    1.134985 v _085_/X (sky130_fd_sc_hd__and3_1)
                                                         done_comb[1] (net)
                      0.033256    0.000187    1.135172 v _174_/D (sky130_fd_sc_hd__dfrtp_1)
                                              1.135172   data arrival time

                                  0.000000    0.000000   clock clk (rise edge)
                                  0.000000    0.000000   clock source latency
     1    0.014807    0.072589    0.049637    0.049637 ^ clk (in)
                                                         clk (net)
                      0.072599    0.000000    0.049637 ^ clkbuf_0_clk/A (sky130_fd_sc_hd__clkbuf_16)
     4    0.043480    0.062955    0.153571    0.203207 ^ clkbuf_0_clk/X (sky130_fd_sc_hd__clkbuf_16)
                                                         clknet_0_clk (net)
                      0.063181    0.002586    0.205794 ^ clkbuf_2_2__f_clk/A (sky130_fd_sc_hd__clkbuf_16)
     8    0.025924    0.047220    0.137152    0.342946 ^ clkbuf_2_2__f_clk/X (sky130_fd_sc_hd__clkbuf_16)
                                                         clknet_2_2__leaf_clk (net)
                      0.047254    0.001137    0.344083 ^ _174_/CLK (sky130_fd_sc_hd__dfrtp_1)
                                  0.250000    0.594083   clock uncertainty
                                  0.000000    0.594083   clock reconvergence pessimism
                                 -0.040481    0.553602   library hold time
                                              0.553602   data required time
---------------------------------------------------------------------------------------------
                                              0.553602   data required time
                                             -1.135172   data arrival time
---------------------------------------------------------------------------------------------
                                              0.581571   slack (MET)


Startpoint: _176_ (rising edge-triggered flip-flop clocked by clk)
Endpoint: _177_ (rising edge-triggered flip-flop clocked by clk)
Path Group: clk
Path Type: min

Fanout         Cap        Slew       Delay        Time   Description
---------------------------------------------------------------------------------------------
                                  0.000000    0.000000   clock clk (rise edge)
                                  0.000000    0.000000   clock source latency
     1    0.014807    0.072589    0.049637    0.049637 ^ clk (in)
                                                         clk (net)
                      0.072599    0.000000    0.049637 ^ clkbuf_0_clk/A (sky130_fd_sc_hd__clkbuf_16)
     4    0.043480    0.062955    0.153571    0.203207 ^ clkbuf_0_clk/X (sky130_fd_sc_hd__clkbuf_16)
                                                         clknet_0_clk (net)
                      0.063183    0.002598    0.205806 ^ clkbuf_2_0__f_clk/A (sky130_fd_sc_hd__clkbuf_16)
    10    0.030547    0.051451    0.140963    0.346769 ^ clkbuf_2_0__f_clk/X (sky130_fd_sc_hd__clkbuf_16)
                                                         clknet_2_0__leaf_clk (net)
                      0.051479    0.002080    0.348849 ^ _176_/CLK (sky130_fd_sc_hd__dfstp_2)
     9    0.044583    0.105908    0.433679    0.782528 v _176_/Q (sky130_fd_sc_hd__dfstp_2)
                                                         cursor[0] (net)
                      0.105975    0.002461    0.784989 v hold25/A (sky130_fd_sc_hd__dlygate4sd3_1)
     1    0.004712    0.062696    0.589160    1.374149 v hold25/X (sky130_fd_sc_hd__dlygate4sd3_1)
                                                         net66 (net)
                      0.062696    0.000334    1.374483 v _177_/D (sky130_fd_sc_hd__dfrtp_4)
                                              1.374483   data arrival time

                                  0.000000    0.000000   clock clk (rise edge)
                                  0.000000    0.000000   clock source latency
     1    0.014807    0.072589    0.049637    0.049637 ^ clk (in)
                                                         clk (net)
                      0.072599    0.000000    0.049637 ^ clkbuf_0_clk/A (sky130_fd_sc_hd__clkbuf_16)
     4    0.043480    0.062955    0.153571    0.203207 ^ clkbuf_0_clk/X (sky130_fd_sc_hd__clkbuf_16)
                                                         clknet_0_clk (net)
                      0.063179    0.002571    0.205778 ^ clkbuf_2_3__f_clk/A (sky130_fd_sc_hd__clkbuf_16)
    11    0.032427    0.053044    0.142284    0.348062 ^ clkbuf_2_3__f_clk/X (sky130_fd_sc_hd__clkbuf_16)
                                                         clknet_2_3__leaf_clk (net)
                      0.053121    0.001978    0.350039 ^ _177_/CLK (sky130_fd_sc_hd__dfrtp_4)
                                  0.250000    0.600039   clock uncertainty
                                  0.000000    0.600039   clock reconvergence pessimism
                                 -0.047345    0.552694   library hold time
                                              0.552694   data required time
---------------------------------------------------------------------------------------------
                                              0.552694   data required time
                                             -1.374483   data arrival time
---------------------------------------------------------------------------------------------
                                              0.821788   slack (MET)


Startpoint: _179_ (rising edge-triggered flip-flop clocked by clk)
Endpoint: _180_ (rising edge-triggered flip-flop clocked by clk)
Path Group: clk
Path Type: min

Fanout         Cap        Slew       Delay        Time   Description
---------------------------------------------------------------------------------------------
                                  0.000000    0.000000   clock clk (rise edge)
                                  0.000000    0.000000   clock source latency
     1    0.014807    0.072589    0.049637    0.049637 ^ clk (in)
                                                         clk (net)
                      0.072599    0.000000    0.049637 ^ clkbuf_0_clk/A (sky130_fd_sc_hd__clkbuf_16)
     4    0.043480    0.062955    0.153571    0.203207 ^ clkbuf_0_clk/X (sky130_fd_sc_hd__clkbuf_16)
                                                         clknet_0_clk (net)
                      0.063200    0.002729    0.205937 ^ clkbuf_2_1__f_clk/A (sky130_fd_sc_hd__clkbuf_16)
    10    0.030077    0.051017    0.140527    0.346463 ^ clkbuf_2_1__f_clk/X (sky130_fd_sc_hd__clkbuf_16)
                                                         clknet_2_1__leaf_clk (net)
                      0.051091    0.002532    0.348996 ^ _179_/CLK (sky130_fd_sc_hd__dfrtp_4)
     9    0.041958    0.144713    0.485293    0.834289 ^ _179_/Q (sky130_fd_sc_hd__dfrtp_4)
                                                         cursor[3] (net)
                      0.144722    0.001290    0.835579 ^ hold27/A (sky130_fd_sc_hd__dlygate4sd3_1)
     1    0.002505    0.050370    0.559376    1.394955 ^ hold27/X (sky130_fd_sc_hd__dlygate4sd3_1)
                                                         net68 (net)
                      0.050370    0.000174    1.395129 ^ _180_/D (sky130_fd_sc_hd__dfrtp_4)
                                              1.395129   data arrival time

                                  0.000000    0.000000   clock clk (rise edge)
                                  0.000000    0.000000   clock source latency
     1    0.014807    0.072589    0.049637    0.049637 ^ clk (in)
                                                         clk (net)
                      0.072599    0.000000    0.049637 ^ clkbuf_0_clk/A (sky130_fd_sc_hd__clkbuf_16)
     4    0.043480    0.062955    0.153571    0.203207 ^ clkbuf_0_clk/X (sky130_fd_sc_hd__clkbuf_16)
                                                         clknet_0_clk (net)
                      0.063183    0.002598    0.205806 ^ clkbuf_2_0__f_clk/A (sky130_fd_sc_hd__clkbuf_16)
    10    0.030547    0.051451    0.140963    0.346769 ^ clkbuf_2_0__f_clk/X (sky130_fd_sc_hd__clkbuf_16)
                                                         clknet_2_0__leaf_clk (net)
                      0.051457    0.000987    0.347756 ^ _180_/CLK (sky130_fd_sc_hd__dfrtp_4)
                                  0.250000    0.597756   clock uncertainty
                                  0.000000    0.597756   clock reconvergence pessimism
                                 -0.035007    0.562750   library hold time
                                              0.562750   data required time
---------------------------------------------------------------------------------------------
                                              0.562750   data required time
                                             -1.395129   data arrival time
---------------------------------------------------------------------------------------------
                                              0.832379   slack (MET)


Startpoint: _180_ (rising edge-triggered flip-flop clocked by clk)
Endpoint: _181_ (rising edge-triggered flip-flop clocked by clk)
Path Group: clk
Path Type: min

Fanout         Cap        Slew       Delay        Time   Description
---------------------------------------------------------------------------------------------
                                  0.000000    0.000000   clock clk (rise edge)
                                  0.000000    0.000000   clock source latency
     1    0.014807    0.072589    0.049637    0.049637 ^ clk (in)
                                                         clk (net)
                      0.072599    0.000000    0.049637 ^ clkbuf_0_clk/A (sky130_fd_sc_hd__clkbuf_16)
     4    0.043480    0.062955    0.153571    0.203207 ^ clkbuf_0_clk/X (sky130_fd_sc_hd__clkbuf_16)
                                                         clknet_0_clk (net)
                      0.063183    0.002598    0.205806 ^ clkbuf_2_0__f_clk/A (sky130_fd_sc_hd__clkbuf_16)
    10    0.030547    0.051451    0.140963    0.346769 ^ clkbuf_2_0__f_clk/X (sky130_fd_sc_hd__clkbuf_16)
                                                         clknet_2_0__leaf_clk (net)
                      0.051457    0.000987    0.347756 ^ _180_/CLK (sky130_fd_sc_hd__dfrtp_4)
     9    0.042544    0.145978    0.486258    0.834014 ^ _180_/Q (sky130_fd_sc_hd__dfrtp_4)
                                                         cursor[4] (net)
                      0.146000    0.001816    0.835830 ^ hold29/A (sky130_fd_sc_hd__dlygate4sd3_1)
     1    0.002954    0.054212    0.563842    1.399672 ^ hold29/X (sky130_fd_sc_hd__dlygate4sd3_1)
                                                         net70 (net)
                      0.054212    0.000188    1.399860 ^ _181_/D (sky130_fd_sc_hd__dfrtp_4)
                                              1.399860   data arrival time

                                  0.000000    0.000000   clock clk (rise edge)
                                  0.000000    0.000000   clock source latency
     1    0.014807    0.072589    0.049637    0.049637 ^ clk (in)
                                                         clk (net)
                      0.072599    0.000000    0.049637 ^ clkbuf_0_clk/A (sky130_fd_sc_hd__clkbuf_16)
     4    0.043480    0.062955    0.153571    0.203207 ^ clkbuf_0_clk/X (sky130_fd_sc_hd__clkbuf_16)
                                                         clknet_0_clk (net)
                      0.063183    0.002598    0.205806 ^ clkbuf_2_0__f_clk/A (sky130_fd_sc_hd__clkbuf_16)
    10    0.030547    0.051451    0.140963    0.346769 ^ clkbuf_2_0__f_clk/X (sky130_fd_sc_hd__clkbuf_16)
                                                         clknet_2_0__leaf_clk (net)
                      0.051458    0.001033    0.347803 ^ _181_/CLK (sky130_fd_sc_hd__dfrtp_4)
                                  0.250000    0.597803   clock uncertainty
                                  0.000000    0.597803   clock reconvergence pessimism
                                 -0.035811    0.561991   library hold time
                                              0.561991   data required time
---------------------------------------------------------------------------------------------
                                              0.561991   data required time
                                             -1.399860   data arrival time
---------------------------------------------------------------------------------------------
                                              0.837869   slack (MET)


Startpoint: _177_ (rising edge-triggered flip-flop clocked by clk)
Endpoint: _178_ (rising edge-triggered flip-flop clocked by clk)
Path Group: clk
Path Type: min

Fanout         Cap        Slew       Delay        Time   Description
---------------------------------------------------------------------------------------------
                                  0.000000    0.000000   clock clk (rise edge)
                                  0.000000    0.000000   clock source latency
     1    0.014807    0.072589    0.049637    0.049637 ^ clk (in)
                                                         clk (net)
                      0.072599    0.000000    0.049637 ^ clkbuf_0_clk/A (sky130_fd_sc_hd__clkbuf_16)
     4    0.043480    0.062955    0.153571    0.203207 ^ clkbuf_0_clk/X (sky130_fd_sc_hd__clkbuf_16)
                                                         clknet_0_clk (net)
                      0.063179    0.002571    0.205778 ^ clkbuf_2_3__f_clk/A (sky130_fd_sc_hd__clkbuf_16)
    11    0.032427    0.053044    0.142284    0.348062 ^ clkbuf_2_3__f_clk/X (sky130_fd_sc_hd__clkbuf_16)
                                                         clknet_2_3__leaf_clk (net)
                      0.053121    0.001978    0.350039 ^ _177_/CLK (sky130_fd_sc_hd__dfrtp_4)
     9    0.041698    0.143966    0.484229    0.834268 ^ _177_/Q (sky130_fd_sc_hd__dfrtp_4)
                                                         cursor[1] (net)
                      0.143983    0.001716    0.835984 ^ hold28/A (sky130_fd_sc_hd__dlygate4sd3_1)
     1    0.003462    0.058618    0.568036    1.404021 ^ hold28/X (sky130_fd_sc_hd__dlygate4sd3_1)
                                                         net69 (net)
                      0.058618    0.000218    1.404239 ^ _178_/D (sky130_fd_sc_hd__dfrtp_4)
                                              1.404239   data arrival time

                                  0.000000    0.000000   clock clk (rise edge)
                                  0.000000    0.000000   clock source latency
     1    0.014807    0.072589    0.049637    0.049637 ^ clk (in)
                                                         clk (net)
                      0.072599    0.000000    0.049637 ^ clkbuf_0_clk/A (sky130_fd_sc_hd__clkbuf_16)
     4    0.043480    0.062955    0.153571    0.203207 ^ clkbuf_0_clk/X (sky130_fd_sc_hd__clkbuf_16)
                                                         clknet_0_clk (net)
                      0.063179    0.002571    0.205778 ^ clkbuf_2_3__f_clk/A (sky130_fd_sc_hd__clkbuf_16)
    11    0.032427    0.053044    0.142284    0.348062 ^ clkbuf_2_3__f_clk/X (sky130_fd_sc_hd__clkbuf_16)
                                                         clknet_2_3__leaf_clk (net)
                      0.053089    0.001665    0.349727 ^ _178_/CLK (sky130_fd_sc_hd__dfrtp_4)
                                  0.250000    0.599727   clock uncertainty
                                  0.000000    0.599727   clock reconvergence pessimism
                                 -0.036511    0.563217   library hold time
                                              0.563217   data required time
---------------------------------------------------------------------------------------------
                                              0.563217   data required time
                                             -1.404239   data arrival time
---------------------------------------------------------------------------------------------
                                              0.841022   slack (MET)


Startpoint: _181_ (rising edge-triggered flip-flop clocked by clk)
Endpoint: _176_ (rising edge-triggered flip-flop clocked by clk)
Path Group: clk
Path Type: min

Fanout         Cap        Slew       Delay        Time   Description
---------------------------------------------------------------------------------------------
                                  0.000000    0.000000   clock clk (rise edge)
                                  0.000000    0.000000   clock source latency
     1    0.014807    0.072589    0.049637    0.049637 ^ clk (in)
                                                         clk (net)
                      0.072599    0.000000    0.049637 ^ clkbuf_0_clk/A (sky130_fd_sc_hd__clkbuf_16)
     4    0.043480    0.062955    0.153571    0.203207 ^ clkbuf_0_clk/X (sky130_fd_sc_hd__clkbuf_16)
                                                         clknet_0_clk (net)
                      0.063183    0.002598    0.205806 ^ clkbuf_2_0__f_clk/A (sky130_fd_sc_hd__clkbuf_16)
    10    0.030547    0.051451    0.140963    0.346769 ^ clkbuf_2_0__f_clk/X (sky130_fd_sc_hd__clkbuf_16)
                                                         clknet_2_0__leaf_clk (net)
                      0.051458    0.001033    0.347803 ^ _181_/CLK (sky130_fd_sc_hd__dfrtp_4)
     9    0.042798    0.147033    0.486966    0.834769 ^ _181_/Q (sky130_fd_sc_hd__dfrtp_4)
                                                         cursor[5] (net)
                      0.147076    0.002415    0.837184 ^ hold30/A (sky130_fd_sc_hd__dlygate4sd3_1)
     1    0.004356    0.066579    0.575553    1.412737 ^ hold30/X (sky130_fd_sc_hd__dlygate4sd3_1)
                                                         net71 (net)
                      0.066579    0.000280    1.413017 ^ _176_/D (sky130_fd_sc_hd__dfstp_2)
                                              1.413017   data arrival time

                                  0.000000    0.000000   clock clk (rise edge)
                                  0.000000    0.000000   clock source latency
     1    0.014807    0.072589    0.049637    0.049637 ^ clk (in)
                                                         clk (net)
                      0.072599    0.000000    0.049637 ^ clkbuf_0_clk/A (sky130_fd_sc_hd__clkbuf_16)
     4    0.043480    0.062955    0.153571    0.203207 ^ clkbuf_0_clk/X (sky130_fd_sc_hd__clkbuf_16)
                                                         clknet_0_clk (net)
                      0.063183    0.002598    0.205806 ^ clkbuf_2_0__f_clk/A (sky130_fd_sc_hd__clkbuf_16)
    10    0.030547    0.051451    0.140963    0.346769 ^ clkbuf_2_0__f_clk/X (sky130_fd_sc_hd__clkbuf_16)
                                                         clknet_2_0__leaf_clk (net)
                      0.051479    0.002080    0.348849 ^ _176_/CLK (sky130_fd_sc_hd__dfstp_2)
                                  0.250000    0.598849   clock uncertainty
                                  0.000000    0.598849   clock reconvergence pessimism
                                 -0.035689    0.563159   library hold time
                                              0.563159   data required time
---------------------------------------------------------------------------------------------
                                              0.563159   data required time
                                             -1.413017   data arrival time
---------------------------------------------------------------------------------------------
                                              0.849858   slack (MET)


Startpoint: _178_ (rising edge-triggered flip-flop clocked by clk)
Endpoint: _179_ (rising edge-triggered flip-flop clocked by clk)
Path Group: clk
Path Type: min

Fanout         Cap        Slew       Delay        Time   Description
---------------------------------------------------------------------------------------------
                                  0.000000    0.000000   clock clk (rise edge)
                                  0.000000    0.000000   clock source latency
     1    0.014807    0.072589    0.049637    0.049637 ^ clk (in)
                                                         clk (net)
                      0.072599    0.000000    0.049637 ^ clkbuf_0_clk/A (sky130_fd_sc_hd__clkbuf_16)
     4    0.043480    0.062955    0.153571    0.203207 ^ clkbuf_0_clk/X (sky130_fd_sc_hd__clkbuf_16)
                                                         clknet_0_clk (net)
                      0.063179    0.002571    0.205778 ^ clkbuf_2_3__f_clk/A (sky130_fd_sc_hd__clkbuf_16)
    11    0.032427    0.053044    0.142284    0.348062 ^ clkbuf_2_3__f_clk/X (sky130_fd_sc_hd__clkbuf_16)
                                                         clknet_2_3__leaf_clk (net)
                      0.053089    0.001665    0.349727 ^ _178_/CLK (sky130_fd_sc_hd__dfrtp_4)
     9    0.042035    0.144987    0.486050    0.835777 ^ _178_/Q (sky130_fd_sc_hd__dfrtp_4)
                                                         cursor[2] (net)
                      0.145003    0.001581    0.837358 ^ hold31/A (sky130_fd_sc_hd__dlygate4sd3_1)
     1    0.004623    0.068835    0.577143    1.414501 ^ hold31/X (sky130_fd_sc_hd__dlygate4sd3_1)
                                                         net72 (net)
                      0.068835    0.000339    1.414841 ^ _179_/D (sky130_fd_sc_hd__dfrtp_4)
                                              1.414841   data arrival time

                                  0.000000    0.000000   clock clk (rise edge)
                                  0.000000    0.000000   clock source latency
     1    0.014807    0.072589    0.049637    0.049637 ^ clk (in)
                                                         clk (net)
                      0.072599    0.000000    0.049637 ^ clkbuf_0_clk/A (sky130_fd_sc_hd__clkbuf_16)
     4    0.043480    0.062955    0.153571    0.203207 ^ clkbuf_0_clk/X (sky130_fd_sc_hd__clkbuf_16)
                                                         clknet_0_clk (net)
                      0.063200    0.002729    0.205937 ^ clkbuf_2_1__f_clk/A (sky130_fd_sc_hd__clkbuf_16)
    10    0.030077    0.051017    0.140527    0.346463 ^ clkbuf_2_1__f_clk/X (sky130_fd_sc_hd__clkbuf_16)
                                                         clknet_2_1__leaf_clk (net)
                      0.051091    0.002532    0.348996 ^ _179_/CLK (sky130_fd_sc_hd__dfrtp_4)
                                  0.250000    0.598996   clock uncertainty
                                  0.000000    0.598996   clock reconvergence pessimism
                                 -0.038924    0.560072   library hold time
                                              0.560072   data required time
---------------------------------------------------------------------------------------------
                                              0.560072   data required time
                                             -1.414841   data arrival time
---------------------------------------------------------------------------------------------
                                              0.854769   slack (MET)


Startpoint: reset (input port clocked by clk)
Endpoint: _154_ (removal check against rising-edge clock clk)
Path Group: asynchronous
Path Type: min

Fanout         Cap        Slew       Delay        Time   Description
---------------------------------------------------------------------------------------------
                                  0.000000    0.000000   clock clk (rise edge)
                                  0.000000    0.000000   clock network delay (propagated)
                                  5.000000    5.000000 v input external delay
     1    0.002769    0.008543    0.004421    5.004421 v reset (in)
                                                         reset (net)
                      0.008549    0.000000    5.004421 v input2/A (sky130_fd_sc_hd__buf_1)
     3    0.016770    0.102239    0.132828    5.137249 v input2/X (sky130_fd_sc_hd__buf_1)
                                                         net2 (net)
                      0.102244    0.000842    5.138091 v fanout36/A (sky130_fd_sc_hd__buf_4)
    10    0.058737    0.083819    0.216846    5.354937 v fanout36/X (sky130_fd_sc_hd__buf_4)
                                                         net36 (net)
                      0.084010    0.002525    5.357462 v _118_/A (sky130_fd_sc_hd__inv_2)
     1    0.003946    0.034115    0.058738    5.416200 ^ _118_/Y (sky130_fd_sc_hd__inv_2)
                                                         _005_ (net)
                      0.034116    0.000210    5.416410 ^ _154_/RESET_B (sky130_fd_sc_hd__dfrtp_1)
                                              5.416410   data arrival time

                                  0.000000    0.000000   clock clk (rise edge)
                                  0.000000    0.000000   clock source latency
     1    0.014807    0.072589    0.049637    0.049637 ^ clk (in)
                                                         clk (net)
                      0.072599    0.000000    0.049637 ^ clkbuf_0_clk/A (sky130_fd_sc_hd__clkbuf_16)
     4    0.043480    0.062955    0.153571    0.203207 ^ clkbuf_0_clk/X (sky130_fd_sc_hd__clkbuf_16)
                                                         clknet_0_clk (net)
                      0.063200    0.002729    0.205937 ^ clkbuf_2_1__f_clk/A (sky130_fd_sc_hd__clkbuf_16)
    10    0.030077    0.051017    0.140527    0.346463 ^ clkbuf_2_1__f_clk/X (sky130_fd_sc_hd__clkbuf_16)
                                                         clknet_2_1__leaf_clk (net)
                      0.051078    0.002412    0.348875 ^ _154_/CLK (sky130_fd_sc_hd__dfrtp_1)
                                  0.250000    0.598875   clock uncertainty
                                  0.000000    0.598875   clock reconvergence pessimism
                                  0.318911    0.917786   library removal time
                                              0.917786   data required time
---------------------------------------------------------------------------------------------
                                              0.917786   data required time
                                             -5.416410   data arrival time
---------------------------------------------------------------------------------------------
                                              4.498624   slack (MET)


Startpoint: reset (input port clocked by clk)
Endpoint: _168_ (removal check against rising-edge clock clk)
Path Group: asynchronous
Path Type: min

Fanout         Cap        Slew       Delay        Time   Description
---------------------------------------------------------------------------------------------
                                  0.000000    0.000000   clock clk (rise edge)
                                  0.000000    0.000000   clock network delay (propagated)
                                  5.000000    5.000000 v input external delay
     1    0.002769    0.008543    0.004421    5.004421 v reset (in)
                                                         reset (net)
                      0.008549    0.000000    5.004421 v input2/A (sky130_fd_sc_hd__buf_1)
     3    0.016770    0.102239    0.132828    5.137249 v input2/X (sky130_fd_sc_hd__buf_1)
                                                         net2 (net)
                      0.102244    0.000842    5.138091 v fanout36/A (sky130_fd_sc_hd__buf_4)
    10    0.058737    0.083819    0.216846    5.354937 v fanout36/X (sky130_fd_sc_hd__buf_4)
                                                         net36 (net)
                      0.084368    0.005019    5.359956 v _132_/A (sky130_fd_sc_hd__inv_2)
     1    0.004365    0.035769    0.060881    5.420837 ^ _132_/Y (sky130_fd_sc_hd__inv_2)
                                                         _019_ (net)
                      0.035769    0.000114    5.420951 ^ _168_/RESET_B (sky130_fd_sc_hd__dfrtp_1)
                                              5.420951   data arrival time

                                  0.000000    0.000000   clock clk (rise edge)
                                  0.000000    0.000000   clock source latency
     1    0.014807    0.072589    0.049637    0.049637 ^ clk (in)
                                                         clk (net)
                      0.072599    0.000000    0.049637 ^ clkbuf_0_clk/A (sky130_fd_sc_hd__clkbuf_16)
     4    0.043480    0.062955    0.153571    0.203207 ^ clkbuf_0_clk/X (sky130_fd_sc_hd__clkbuf_16)
                                                         clknet_0_clk (net)
                      0.063179    0.002571    0.205778 ^ clkbuf_2_3__f_clk/A (sky130_fd_sc_hd__clkbuf_16)
    11    0.032427    0.053044    0.142284    0.348062 ^ clkbuf_2_3__f_clk/X (sky130_fd_sc_hd__clkbuf_16)
                                                         clknet_2_3__leaf_clk (net)
                      0.053080    0.001578    0.349640 ^ _168_/CLK (sky130_fd_sc_hd__dfrtp_1)
                                  0.250000    0.599640   clock uncertainty
                                  0.000000    0.599640   clock reconvergence pessimism
                                  0.319912    0.919552   library removal time
                                              0.919552   data required time
---------------------------------------------------------------------------------------------
                                              0.919552   data required time
                                             -5.420951   data arrival time
---------------------------------------------------------------------------------------------
                                              4.501399   slack (MET)


Startpoint: reset (input port clocked by clk)
Endpoint: _167_ (removal check against rising-edge clock clk)
Path Group: asynchronous
Path Type: min

Fanout         Cap        Slew       Delay        Time   Description
---------------------------------------------------------------------------------------------
                                  0.000000    0.000000   clock clk (rise edge)
                                  0.000000    0.000000   clock network delay (propagated)
                                  5.000000    5.000000 v input external delay
     1    0.002769    0.008543    0.004421    5.004421 v reset (in)
                                                         reset (net)
                      0.008549    0.000000    5.004421 v input2/A (sky130_fd_sc_hd__buf_1)
     3    0.016770    0.102239    0.132828    5.137249 v input2/X (sky130_fd_sc_hd__buf_1)
                                                         net2 (net)
                      0.102244    0.000842    5.138091 v fanout36/A (sky130_fd_sc_hd__buf_4)
    10    0.058737    0.083819    0.216846    5.354937 v fanout36/X (sky130_fd_sc_hd__buf_4)
                                                         net36 (net)
                      0.084366    0.005008    5.359945 v _131_/A (sky130_fd_sc_hd__inv_2)
     1    0.004530    0.036321    0.061404    5.421350 ^ _131_/Y (sky130_fd_sc_hd__inv_2)
                                                         _018_ (net)
                      0.036321    0.000255    5.421605 ^ _167_/RESET_B (sky130_fd_sc_hd__dfrtp_1)
                                              5.421605   data arrival time

                                  0.000000    0.000000   clock clk (rise edge)
                                  0.000000    0.000000   clock source latency
     1    0.014807    0.072589    0.049637    0.049637 ^ clk (in)
                                                         clk (net)
                      0.072599    0.000000    0.049637 ^ clkbuf_0_clk/A (sky130_fd_sc_hd__clkbuf_16)
     4    0.043480    0.062955    0.153571    0.203207 ^ clkbuf_0_clk/X (sky130_fd_sc_hd__clkbuf_16)
                                                         clknet_0_clk (net)
                      0.063179    0.002571    0.205778 ^ clkbuf_2_3__f_clk/A (sky130_fd_sc_hd__clkbuf_16)
    11    0.032427    0.053044    0.142284    0.348062 ^ clkbuf_2_3__f_clk/X (sky130_fd_sc_hd__clkbuf_16)
                                                         clknet_2_3__leaf_clk (net)
                      0.053122    0.001982    0.350044 ^ _167_/CLK (sky130_fd_sc_hd__dfrtp_1)
                                  0.250000    0.600044   clock uncertainty
                                  0.000000    0.600044   clock reconvergence pessimism
                                  0.320075    0.920119   library removal time
                                              0.920119   data required time
---------------------------------------------------------------------------------------------
                                              0.920119   data required time
                                             -5.421605   data arrival time
---------------------------------------------------------------------------------------------
                                              4.501485   slack (MET)


Startpoint: reset (input port clocked by clk)
Endpoint: _153_ (removal check against rising-edge clock clk)
Path Group: asynchronous
Path Type: min

Fanout         Cap        Slew       Delay        Time   Description
---------------------------------------------------------------------------------------------
                                  0.000000    0.000000   clock clk (rise edge)
                                  0.000000    0.000000   clock network delay (propagated)
                                  5.000000    5.000000 v input external delay
     1    0.002769    0.008543    0.004421    5.004421 v reset (in)
                                                         reset (net)
                      0.008549    0.000000    5.004421 v input2/A (sky130_fd_sc_hd__buf_1)
     3    0.016770    0.102239    0.132828    5.137249 v input2/X (sky130_fd_sc_hd__buf_1)
                                                         net2 (net)
                      0.102244    0.000842    5.138091 v fanout36/A (sky130_fd_sc_hd__buf_4)
    10    0.058737    0.083819    0.216846    5.354937 v fanout36/X (sky130_fd_sc_hd__buf_4)
                                                         net36 (net)
                      0.084008    0.002512    5.357449 v _117_/A (sky130_fd_sc_hd__inv_2)
     1    0.005001    0.037845    0.062926    5.420375 ^ _117_/Y (sky130_fd_sc_hd__inv_2)
                                                         _004_ (net)
                      0.037845    0.000144    5.420519 ^ _153_/RESET_B (sky130_fd_sc_hd__dfrtp_1)
                                              5.420519   data arrival time

                                  0.000000    0.000000   clock clk (rise edge)
                                  0.000000    0.000000   clock source latency
     1    0.014807    0.072589    0.049637    0.049637 ^ clk (in)
                                                         clk (net)
                      0.072599    0.000000    0.049637 ^ clkbuf_0_clk/A (sky130_fd_sc_hd__clkbuf_16)
     4    0.043480    0.062955    0.153571    0.203207 ^ clkbuf_0_clk/X (sky130_fd_sc_hd__clkbuf_16)
                                                         clknet_0_clk (net)
                      0.063200    0.002729    0.205937 ^ clkbuf_2_1__f_clk/A (sky130_fd_sc_hd__clkbuf_16)
    10    0.030077    0.051017    0.140527    0.346463 ^ clkbuf_2_1__f_clk/X (sky130_fd_sc_hd__clkbuf_16)
                                                         clknet_2_1__leaf_clk (net)
                      0.051059    0.002224    0.348687 ^ _153_/CLK (sky130_fd_sc_hd__dfrtp_1)
                                  0.250000    0.598687   clock uncertainty
                                  0.000000    0.598687   clock reconvergence pessimism
                                  0.319932    0.918619   library removal time
                                              0.918619   data required time
---------------------------------------------------------------------------------------------
                                              0.918619   data required time
                                             -5.420519   data arrival time
---------------------------------------------------------------------------------------------
                                              4.501899   slack (MET)


Startpoint: reset (input port clocked by clk)
Endpoint: _149_ (removal check against rising-edge clock clk)
Path Group: asynchronous
Path Type: min

Fanout         Cap        Slew       Delay        Time   Description
---------------------------------------------------------------------------------------------
                                  0.000000    0.000000   clock clk (rise edge)
                                  0.000000    0.000000   clock network delay (propagated)
                                  5.000000    5.000000 v input external delay
     1    0.002769    0.008543    0.004421    5.004421 v reset (in)
                                                         reset (net)
                      0.008549    0.000000    5.004421 v input2/A (sky130_fd_sc_hd__buf_1)
     3    0.016770    0.102239    0.132828    5.137249 v input2/X (sky130_fd_sc_hd__buf_1)
                                                         net2 (net)
                      0.102244    0.000842    5.138091 v fanout36/A (sky130_fd_sc_hd__buf_4)
    10    0.058737    0.083819    0.216846    5.354937 v fanout36/X (sky130_fd_sc_hd__buf_4)
                                                         net36 (net)
                      0.084096    0.003316    5.358253 v _051_/A (sky130_fd_sc_hd__inv_2)
     1    0.004476    0.036078    0.061124    5.419377 ^ _051_/Y (sky130_fd_sc_hd__inv_2)
                                                         _000_ (net)
                      0.036078    0.000239    5.419616 ^ _149_/RESET_B (sky130_fd_sc_hd__dfrtp_1)
                                              5.419616   data arrival time

                                  0.000000    0.000000   clock clk (rise edge)
                                  0.000000    0.000000   clock source latency
     1    0.014807    0.072589    0.049637    0.049637 ^ clk (in)
                                                         clk (net)
                      0.072599    0.000000    0.049637 ^ clkbuf_0_clk/A (sky130_fd_sc_hd__clkbuf_16)
     4    0.043480    0.062955    0.153571    0.203207 ^ clkbuf_0_clk/X (sky130_fd_sc_hd__clkbuf_16)
                                                         clknet_0_clk (net)
                      0.063200    0.002729    0.205937 ^ clkbuf_2_1__f_clk/A (sky130_fd_sc_hd__clkbuf_16)
    10    0.030077    0.051017    0.140527    0.346463 ^ clkbuf_2_1__f_clk/X (sky130_fd_sc_hd__clkbuf_16)
                                                         clknet_2_1__leaf_clk (net)
                      0.051035    0.001349    0.347812 ^ _149_/CLK (sky130_fd_sc_hd__dfrtp_1)
                                  0.250000    0.597812   clock uncertainty
                                  0.000000    0.597812   clock reconvergence pessimism
                                  0.319439    0.917251   library removal time
                                              0.917251   data required time
---------------------------------------------------------------------------------------------
                                              0.917251   data required time
                                             -5.419616   data arrival time
---------------------------------------------------------------------------------------------
                                              4.502365   slack (MET)


Startpoint: reset (input port clocked by clk)
Endpoint: _151_ (removal check against rising-edge clock clk)
Path Group: asynchronous
Path Type: min

Fanout         Cap        Slew       Delay        Time   Description
---------------------------------------------------------------------------------------------
                                  0.000000    0.000000   clock clk (rise edge)
                                  0.000000    0.000000   clock network delay (propagated)
                                  5.000000    5.000000 v input external delay
     1    0.002769    0.008543    0.004421    5.004421 v reset (in)
                                                         reset (net)
                      0.008549    0.000000    5.004421 v input2/A (sky130_fd_sc_hd__buf_1)
     3    0.016770    0.102239    0.132828    5.137249 v input2/X (sky130_fd_sc_hd__buf_1)
                                                         net2 (net)
                      0.102244    0.000842    5.138091 v fanout36/A (sky130_fd_sc_hd__buf_4)
    10    0.058737    0.083819    0.216846    5.354937 v fanout36/X (sky130_fd_sc_hd__buf_4)
                                                         net36 (net)
                      0.084776    0.006818    5.361755 v _115_/A (sky130_fd_sc_hd__inv_2)
     1    0.003937    0.034244    0.058970    5.420725 ^ _115_/Y (sky130_fd_sc_hd__inv_2)
                                                         _002_ (net)
                      0.034244    0.000210    5.420935 ^ _151_/RESET_B (sky130_fd_sc_hd__dfrtp_1)
                                              5.420935   data arrival time

                                  0.000000    0.000000   clock clk (rise edge)
                                  0.000000    0.000000   clock source latency
     1    0.014807    0.072589    0.049637    0.049637 ^ clk (in)
                                                         clk (net)
                      0.072599    0.000000    0.049637 ^ clkbuf_0_clk/A (sky130_fd_sc_hd__clkbuf_16)
     4    0.043480    0.062955    0.153571    0.203207 ^ clkbuf_0_clk/X (sky130_fd_sc_hd__clkbuf_16)
                                                         clknet_0_clk (net)
                      0.063200    0.002729    0.205937 ^ clkbuf_2_1__f_clk/A (sky130_fd_sc_hd__clkbuf_16)
    10    0.030077    0.051017    0.140527    0.346463 ^ clkbuf_2_1__f_clk/X (sky130_fd_sc_hd__clkbuf_16)
                                                         clknet_2_1__leaf_clk (net)
                      0.051080    0.002434    0.348897 ^ _151_/CLK (sky130_fd_sc_hd__dfrtp_1)
                                  0.250000    0.598897   clock uncertainty
                                  0.000000    0.598897   clock reconvergence pessimism
                                  0.318947    0.917844   library removal time
                                              0.917844   data required time
---------------------------------------------------------------------------------------------
                                              0.917844   data required time
                                             -5.420935   data arrival time
---------------------------------------------------------------------------------------------
                                              4.503090   slack (MET)


Startpoint: reset (input port clocked by clk)
Endpoint: _152_ (removal check against rising-edge clock clk)
Path Group: asynchronous
Path Type: min

Fanout         Cap        Slew       Delay        Time   Description
---------------------------------------------------------------------------------------------
                                  0.000000    0.000000   clock clk (rise edge)
                                  0.000000    0.000000   clock network delay (propagated)
                                  5.000000    5.000000 v input external delay
     1    0.002769    0.008543    0.004421    5.004421 v reset (in)
                                                         reset (net)
                      0.008549    0.000000    5.004421 v input2/A (sky130_fd_sc_hd__buf_1)
     3    0.016770    0.102239    0.132828    5.137249 v input2/X (sky130_fd_sc_hd__buf_1)
                                                         net2 (net)
                      0.102244    0.000842    5.138091 v fanout36/A (sky130_fd_sc_hd__buf_4)
    10    0.058737    0.083819    0.216846    5.354937 v fanout36/X (sky130_fd_sc_hd__buf_4)
                                                         net36 (net)
                      0.084691    0.006483    5.361420 v _116_/A (sky130_fd_sc_hd__inv_2)
     1    0.004112    0.034879    0.059761    5.421181 ^ _116_/Y (sky130_fd_sc_hd__inv_2)
                                                         _003_ (net)
                      0.034880    0.000215    5.421396 ^ _152_/RESET_B (sky130_fd_sc_hd__dfrtp_1)
                                              5.421396   data arrival time

                                  0.000000    0.000000   clock clk (rise edge)
                                  0.000000    0.000000   clock source latency
     1    0.014807    0.072589    0.049637    0.049637 ^ clk (in)
                                                         clk (net)
                      0.072599    0.000000    0.049637 ^ clkbuf_0_clk/A (sky130_fd_sc_hd__clkbuf_16)
     4    0.043480    0.062955    0.153571    0.203207 ^ clkbuf_0_clk/X (sky130_fd_sc_hd__clkbuf_16)
                                                         clknet_0_clk (net)
                      0.063200    0.002729    0.205937 ^ clkbuf_2_1__f_clk/A (sky130_fd_sc_hd__clkbuf_16)
    10    0.030077    0.051017    0.140527    0.346463 ^ clkbuf_2_1__f_clk/X (sky130_fd_sc_hd__clkbuf_16)
                                                         clknet_2_1__leaf_clk (net)
                      0.051067    0.002313    0.348776 ^ _152_/CLK (sky130_fd_sc_hd__dfrtp_1)
                                  0.250000    0.598776   clock uncertainty
                                  0.000000    0.598776   clock reconvergence pessimism
                                  0.319119    0.917895   library removal time
                                              0.917895   data required time
---------------------------------------------------------------------------------------------
                                              0.917895   data required time
                                             -5.421396   data arrival time
---------------------------------------------------------------------------------------------
                                              4.503501   slack (MET)


Startpoint: reset (input port clocked by clk)
Endpoint: _150_ (removal check against rising-edge clock clk)
Path Group: asynchronous
Path Type: min

Fanout         Cap        Slew       Delay        Time   Description
---------------------------------------------------------------------------------------------
                                  0.000000    0.000000   clock clk (rise edge)
                                  0.000000    0.000000   clock network delay (propagated)
                                  5.000000    5.000000 v input external delay
     1    0.002769    0.008543    0.004421    5.004421 v reset (in)
                                                         reset (net)
                      0.008549    0.000000    5.004421 v input2/A (sky130_fd_sc_hd__buf_1)
     3    0.016770    0.102239    0.132828    5.137249 v input2/X (sky130_fd_sc_hd__buf_1)
                                                         net2 (net)
                      0.102244    0.000842    5.138091 v fanout36/A (sky130_fd_sc_hd__buf_4)
    10    0.058737    0.083819    0.216846    5.354937 v fanout36/X (sky130_fd_sc_hd__buf_4)
                                                         net36 (net)
                      0.084380    0.005085    5.360022 v _114_/A (sky130_fd_sc_hd__inv_2)
     1    0.004284    0.035462    0.060452    5.420474 ^ _114_/Y (sky130_fd_sc_hd__inv_2)
                                                         _001_ (net)
                      0.035462    0.000227    5.420701 ^ _150_/RESET_B (sky130_fd_sc_hd__dfrtp_1)
                                              5.420701   data arrival time

                                  0.000000    0.000000   clock clk (rise edge)
                                  0.000000    0.000000   clock source latency
     1    0.014807    0.072589    0.049637    0.049637 ^ clk (in)
                                                         clk (net)
                      0.072599    0.000000    0.049637 ^ clkbuf_0_clk/A (sky130_fd_sc_hd__clkbuf_16)
     4    0.043480    0.062955    0.153571    0.203207 ^ clkbuf_0_clk/X (sky130_fd_sc_hd__clkbuf_16)
                                                         clknet_0_clk (net)
                      0.063200    0.002729    0.205937 ^ clkbuf_2_1__f_clk/A (sky130_fd_sc_hd__clkbuf_16)
    10    0.030077    0.051017    0.140527    0.346463 ^ clkbuf_2_1__f_clk/X (sky130_fd_sc_hd__clkbuf_16)
                                                         clknet_2_1__leaf_clk (net)
                      0.051035    0.001375    0.347839 ^ _150_/CLK (sky130_fd_sc_hd__dfrtp_1)
                                  0.250000    0.597839   clock uncertainty
                                  0.000000    0.597839   clock reconvergence pessimism
                                  0.319270    0.917108   library removal time
                                              0.917108   data required time
---------------------------------------------------------------------------------------------
                                              0.917108   data required time
                                             -5.420701   data arrival time
---------------------------------------------------------------------------------------------
                                              4.503592   slack (MET)


Startpoint: reset (input port clocked by clk)
Endpoint: _184_ (removal check against rising-edge clock clk)
Path Group: asynchronous
Path Type: min

Fanout         Cap        Slew       Delay        Time   Description
---------------------------------------------------------------------------------------------
                                  0.000000    0.000000   clock clk (rise edge)
                                  0.000000    0.000000   clock network delay (propagated)
                                  5.000000    5.000000 v input external delay
     1    0.002769    0.008543    0.004421    5.004421 v reset (in)
                                                         reset (net)
                      0.008549    0.000000    5.004421 v input2/A (sky130_fd_sc_hd__buf_1)
     3    0.016770    0.102239    0.132828    5.137249 v input2/X (sky130_fd_sc_hd__buf_1)
                                                         net2 (net)
                      0.102244    0.000842    5.138091 v fanout36/A (sky130_fd_sc_hd__buf_4)
    10    0.058737    0.083819    0.216846    5.354937 v fanout36/X (sky130_fd_sc_hd__buf_4)
                                                         net36 (net)
                      0.084514    0.005726    5.360663 v _148_/A (sky130_fd_sc_hd__inv_2)
     1    0.004880    0.037535    0.062649    5.423312 ^ _148_/Y (sky130_fd_sc_hd__inv_2)
                                                         _035_ (net)
                      0.037536    0.000281    5.423593 ^ _184_/RESET_B (sky130_fd_sc_hd__dfrtp_1)
                                              5.423593   data arrival time

                                  0.000000    0.000000   clock clk (rise edge)
                                  0.000000    0.000000   clock source latency
     1    0.014807    0.072589    0.049637    0.049637 ^ clk (in)
                                                         clk (net)
                      0.072599    0.000000    0.049637 ^ clkbuf_0_clk/A (sky130_fd_sc_hd__clkbuf_16)
     4    0.043480    0.062955    0.153571    0.203207 ^ clkbuf_0_clk/X (sky130_fd_sc_hd__clkbuf_16)
                                                         clknet_0_clk (net)
                      0.063200    0.002729    0.205937 ^ clkbuf_2_1__f_clk/A (sky130_fd_sc_hd__clkbuf_16)
    10    0.030077    0.051017    0.140527    0.346463 ^ clkbuf_2_1__f_clk/X (sky130_fd_sc_hd__clkbuf_16)
                                                         clknet_2_1__leaf_clk (net)
                      0.051098    0.002596    0.349059 ^ _184_/CLK (sky130_fd_sc_hd__dfrtp_1)
                                  0.250000    0.599059   clock uncertainty
                                  0.000000    0.599059   clock reconvergence pessimism
                                  0.319858    0.918917   library removal time
                                              0.918917   data required time
---------------------------------------------------------------------------------------------
                                              0.918917   data required time
                                             -5.423593   data arrival time
---------------------------------------------------------------------------------------------
                                              4.504676   slack (MET)


Startpoint: reset (input port clocked by clk)
Endpoint: _173_ (removal check against rising-edge clock clk)
Path Group: asynchronous
Path Type: min

Fanout         Cap        Slew       Delay        Time   Description
---------------------------------------------------------------------------------------------
                                  0.000000    0.000000   clock clk (rise edge)
                                  0.000000    0.000000   clock network delay (propagated)
                                  5.000000    5.000000 v input external delay
     1    0.002769    0.008543    0.004421    5.004421 v reset (in)
                                                         reset (net)
                      0.008549    0.000000    5.004421 v input2/A (sky130_fd_sc_hd__buf_1)
     3    0.016770    0.102239    0.132828    5.137249 v input2/X (sky130_fd_sc_hd__buf_1)
                                                         net2 (net)
                      0.102244    0.000842    5.138091 v fanout36/A (sky130_fd_sc_hd__buf_4)
    10    0.058737    0.083819    0.216846    5.354937 v fanout36/X (sky130_fd_sc_hd__buf_4)
                                                         net36 (net)
                      0.084606    0.006131    5.361068 v _137_/A (sky130_fd_sc_hd__inv_2)
     1    0.004406    0.035954    0.061073    5.422142 ^ _137_/Y (sky130_fd_sc_hd__inv_2)
                                                         _024_ (net)
                      0.035955    0.000240    5.422382 ^ _173_/RESET_B (sky130_fd_sc_hd__dfrtp_1)
                                              5.422382   data arrival time

                                  0.000000    0.000000   clock clk (rise edge)
                                  0.000000    0.000000   clock source latency
     1    0.014807    0.072589    0.049637    0.049637 ^ clk (in)
                                                         clk (net)
                      0.072599    0.000000    0.049637 ^ clkbuf_0_clk/A (sky130_fd_sc_hd__clkbuf_16)
     4    0.043480    0.062955    0.153571    0.203207 ^ clkbuf_0_clk/X (sky130_fd_sc_hd__clkbuf_16)
                                                         clknet_0_clk (net)
                      0.063200    0.002729    0.205937 ^ clkbuf_2_1__f_clk/A (sky130_fd_sc_hd__clkbuf_16)
    10    0.030077    0.051017    0.140527    0.346463 ^ clkbuf_2_1__f_clk/X (sky130_fd_sc_hd__clkbuf_16)
                                                         clknet_2_1__leaf_clk (net)
                      0.051035    0.001371    0.347835 ^ _173_/CLK (sky130_fd_sc_hd__dfrtp_1)
                                  0.250000    0.597835   clock uncertainty
                                  0.000000    0.597835   clock reconvergence pessimism
                                  0.319405    0.917240   library removal time
                                              0.917240   data required time
---------------------------------------------------------------------------------------------
                                              0.917240   data required time
                                             -5.422382   data arrival time
---------------------------------------------------------------------------------------------
                                              4.505142   slack (MET)


Startpoint: reset (input port clocked by clk)
Endpoint: _169_ (removal check against rising-edge clock clk)
Path Group: asynchronous
Path Type: min

Fanout         Cap        Slew       Delay        Time   Description
---------------------------------------------------------------------------------------------
                                  0.000000    0.000000   clock clk (rise edge)
                                  0.000000    0.000000   clock network delay (propagated)
                                  5.000000    5.000000 v input external delay
     1    0.002769    0.008543    0.004421    5.004421 v reset (in)
                                                         reset (net)
                      0.008549    0.000000    5.004421 v input2/A (sky130_fd_sc_hd__buf_1)
     3    0.016770    0.102239    0.132828    5.137249 v input2/X (sky130_fd_sc_hd__buf_1)
                                                         net2 (net)
                      0.102250    0.001103    5.138352 v fanout37/A (sky130_fd_sc_hd__clkbuf_4)
     8    0.048596    0.105577    0.229435    5.367787 v fanout37/X (sky130_fd_sc_hd__clkbuf_4)
                                                         net37 (net)
                      0.105625    0.002068    5.369855 v _133_/A (sky130_fd_sc_hd__inv_2)
     1    0.003933    0.038659    0.066391    5.436246 ^ _133_/Y (sky130_fd_sc_hd__inv_2)
                                                         _020_ (net)
                      0.038660    0.000210    5.436456 ^ _169_/RESET_B (sky130_fd_sc_hd__dfrtp_1)
                                              5.436456   data arrival time

                                  0.000000    0.000000   clock clk (rise edge)
                                  0.000000    0.000000   clock source latency
     1    0.014807    0.072589    0.049637    0.049637 ^ clk (in)
                                                         clk (net)
                      0.072599    0.000000    0.049637 ^ clkbuf_0_clk/A (sky130_fd_sc_hd__clkbuf_16)
     4    0.043480    0.062955    0.153571    0.203207 ^ clkbuf_0_clk/X (sky130_fd_sc_hd__clkbuf_16)
                                                         clknet_0_clk (net)
                      0.063179    0.002571    0.205778 ^ clkbuf_2_3__f_clk/A (sky130_fd_sc_hd__clkbuf_16)
    11    0.032427    0.053044    0.142284    0.348062 ^ clkbuf_2_3__f_clk/X (sky130_fd_sc_hd__clkbuf_16)
                                                         clknet_2_3__leaf_clk (net)
                      0.053129    0.002051    0.350113 ^ _169_/CLK (sky130_fd_sc_hd__dfrtp_1)
                                  0.250000    0.600113   clock uncertainty
                                  0.000000    0.600113   clock reconvergence pessimism
                                  0.320720    0.920833   library removal time
                                              0.920833   data required time
---------------------------------------------------------------------------------------------
                                              0.920833   data required time
                                             -5.436456   data arrival time
---------------------------------------------------------------------------------------------
                                              4.515623   slack (MET)


Startpoint: reset (input port clocked by clk)
Endpoint: _171_ (removal check against rising-edge clock clk)
Path Group: asynchronous
Path Type: min

Fanout         Cap        Slew       Delay        Time   Description
---------------------------------------------------------------------------------------------
                                  0.000000    0.000000   clock clk (rise edge)
                                  0.000000    0.000000   clock network delay (propagated)
                                  5.000000    5.000000 v input external delay
     1    0.002769    0.008543    0.004421    5.004421 v reset (in)
                                                         reset (net)
                      0.008549    0.000000    5.004421 v input2/A (sky130_fd_sc_hd__buf_1)
     3    0.016770    0.102239    0.132828    5.137249 v input2/X (sky130_fd_sc_hd__buf_1)
                                                         net2 (net)
                      0.102250    0.001103    5.138352 v fanout37/A (sky130_fd_sc_hd__clkbuf_4)
     8    0.048596    0.105577    0.229435    5.367787 v fanout37/X (sky130_fd_sc_hd__clkbuf_4)
                                                         net37 (net)
                      0.105606    0.001659    5.369446 v _135_/A (sky130_fd_sc_hd__inv_2)
     1    0.004294    0.040175    0.068336    5.437783 ^ _135_/Y (sky130_fd_sc_hd__inv_2)
                                                         _022_ (net)
                      0.040176    0.000228    5.438011 ^ _171_/RESET_B (sky130_fd_sc_hd__dfrtp_1)
                                              5.438011   data arrival time

                                  0.000000    0.000000   clock clk (rise edge)
                                  0.000000    0.000000   clock source latency
     1    0.014807    0.072589    0.049637    0.049637 ^ clk (in)
                                                         clk (net)
                      0.072599    0.000000    0.049637 ^ clkbuf_0_clk/A (sky130_fd_sc_hd__clkbuf_16)
     4    0.043480    0.062955    0.153571    0.203207 ^ clkbuf_0_clk/X (sky130_fd_sc_hd__clkbuf_16)
                                                         clknet_0_clk (net)
                      0.063179    0.002571    0.205778 ^ clkbuf_2_3__f_clk/A (sky130_fd_sc_hd__clkbuf_16)
    11    0.032427    0.053044    0.142284    0.348062 ^ clkbuf_2_3__f_clk/X (sky130_fd_sc_hd__clkbuf_16)
                                                         clknet_2_3__leaf_clk (net)
                      0.053155    0.002292    0.350354 ^ _171_/CLK (sky130_fd_sc_hd__dfrtp_1)
                                  0.250000    0.600354   clock uncertainty
                                  0.000000    0.600354   clock reconvergence pessimism
                                  0.321144    0.921499   library removal time
                                              0.921499   data required time
---------------------------------------------------------------------------------------------
                                              0.921499   data required time
                                             -5.438011   data arrival time
---------------------------------------------------------------------------------------------
                                              4.516512   slack (MET)


Startpoint: reset (input port clocked by clk)
Endpoint: _182_ (removal check against rising-edge clock clk)
Path Group: asynchronous
Path Type: min

Fanout         Cap        Slew       Delay        Time   Description
---------------------------------------------------------------------------------------------
                                  0.000000    0.000000   clock clk (rise edge)
                                  0.000000    0.000000   clock network delay (propagated)
                                  5.000000    5.000000 v input external delay
     1    0.002769    0.008543    0.004421    5.004421 v reset (in)
                                                         reset (net)
                      0.008549    0.000000    5.004421 v input2/A (sky130_fd_sc_hd__buf_1)
     3    0.016770    0.102239    0.132828    5.137249 v input2/X (sky130_fd_sc_hd__buf_1)
                                                         net2 (net)
                      0.102250    0.001103    5.138352 v fanout37/A (sky130_fd_sc_hd__clkbuf_4)
     8    0.048596    0.105577    0.229435    5.367787 v fanout37/X (sky130_fd_sc_hd__clkbuf_4)
                                                         net37 (net)
                      0.105617    0.001918    5.369705 v _146_/A (sky130_fd_sc_hd__inv_2)
     1    0.004232    0.039909    0.068002    5.437707 ^ _146_/Y (sky130_fd_sc_hd__inv_2)
                                                         _033_ (net)
                      0.039909    0.000223    5.437930 ^ _182_/RESET_B (sky130_fd_sc_hd__dfrtp_1)
                                              5.437930   data arrival time

                                  0.000000    0.000000   clock clk (rise edge)
                                  0.000000    0.000000   clock source latency
     1    0.014807    0.072589    0.049637    0.049637 ^ clk (in)
                                                         clk (net)
                      0.072599    0.000000    0.049637 ^ clkbuf_0_clk/A (sky130_fd_sc_hd__clkbuf_16)
     4    0.043480    0.062955    0.153571    0.203207 ^ clkbuf_0_clk/X (sky130_fd_sc_hd__clkbuf_16)
                                                         clknet_0_clk (net)
                      0.063179    0.002571    0.205778 ^ clkbuf_2_3__f_clk/A (sky130_fd_sc_hd__clkbuf_16)
    11    0.032427    0.053044    0.142284    0.348062 ^ clkbuf_2_3__f_clk/X (sky130_fd_sc_hd__clkbuf_16)
                                                         clknet_2_3__leaf_clk (net)
                      0.053133    0.002091    0.350153 ^ _182_/CLK (sky130_fd_sc_hd__dfrtp_1)
                                  0.250000    0.600153   clock uncertainty
                                  0.000000    0.600153   clock reconvergence pessimism
                                  0.321065    0.921218   library removal time
                                              0.921218   data required time
---------------------------------------------------------------------------------------------
                                              0.921218   data required time
                                             -5.437930   data arrival time
---------------------------------------------------------------------------------------------
                                              4.516712   slack (MET)


Startpoint: reset (input port clocked by clk)
Endpoint: _178_ (removal check against rising-edge clock clk)
Path Group: asynchronous
Path Type: min

Fanout         Cap        Slew       Delay        Time   Description
---------------------------------------------------------------------------------------------
                                  0.000000    0.000000   clock clk (rise edge)
                                  0.000000    0.000000   clock network delay (propagated)
                                  5.000000    5.000000 v input external delay
     1    0.002769    0.008543    0.004421    5.004421 v reset (in)
                                                         reset (net)
                      0.008549    0.000000    5.004421 v input2/A (sky130_fd_sc_hd__buf_1)
     3    0.016770    0.102239    0.132828    5.137249 v input2/X (sky130_fd_sc_hd__buf_1)
                                                         net2 (net)
                      0.102250    0.001103    5.138352 v fanout37/A (sky130_fd_sc_hd__clkbuf_4)
     8    0.048596    0.105577    0.229435    5.367787 v fanout37/X (sky130_fd_sc_hd__clkbuf_4)
                                                         net37 (net)
                      0.105623    0.002035    5.369822 v _142_/A (sky130_fd_sc_hd__inv_2)
     1    0.004145    0.039544    0.067535    5.437357 ^ _142_/Y (sky130_fd_sc_hd__inv_2)
                                                         _029_ (net)
                      0.039545    0.000221    5.437578 ^ _178_/RESET_B (sky130_fd_sc_hd__dfrtp_4)
                                              5.437578   data arrival time

                                  0.000000    0.000000   clock clk (rise edge)
                                  0.000000    0.000000   clock source latency
     1    0.014807    0.072589    0.049637    0.049637 ^ clk (in)
                                                         clk (net)
                      0.072599    0.000000    0.049637 ^ clkbuf_0_clk/A (sky130_fd_sc_hd__clkbuf_16)
     4    0.043480    0.062955    0.153571    0.203207 ^ clkbuf_0_clk/X (sky130_fd_sc_hd__clkbuf_16)
                                                         clknet_0_clk (net)
                      0.063179    0.002571    0.205778 ^ clkbuf_2_3__f_clk/A (sky130_fd_sc_hd__clkbuf_16)
    11    0.032427    0.053044    0.142284    0.348062 ^ clkbuf_2_3__f_clk/X (sky130_fd_sc_hd__clkbuf_16)
                                                         clknet_2_3__leaf_clk (net)
                      0.053089    0.001665    0.349727 ^ _178_/CLK (sky130_fd_sc_hd__dfrtp_4)
                                  0.250000    0.599727   clock uncertainty
                                  0.000000    0.599727   clock reconvergence pessimism
                                  0.321054    0.920781   library removal time
                                              0.920781   data required time
---------------------------------------------------------------------------------------------
                                              0.920781   data required time
                                             -5.437578   data arrival time
---------------------------------------------------------------------------------------------
                                              4.516797   slack (MET)


Startpoint: reset (input port clocked by clk)
Endpoint: _170_ (removal check against rising-edge clock clk)
Path Group: asynchronous
Path Type: min

Fanout         Cap        Slew       Delay        Time   Description
---------------------------------------------------------------------------------------------
                                  0.000000    0.000000   clock clk (rise edge)
                                  0.000000    0.000000   clock network delay (propagated)
                                  5.000000    5.000000 v input external delay
     1    0.002769    0.008543    0.004421    5.004421 v reset (in)
                                                         reset (net)
                      0.008549    0.000000    5.004421 v input2/A (sky130_fd_sc_hd__buf_1)
     3    0.016770    0.102239    0.132828    5.137249 v input2/X (sky130_fd_sc_hd__buf_1)
                                                         net2 (net)
                      0.102250    0.001103    5.138352 v fanout37/A (sky130_fd_sc_hd__clkbuf_4)
     8    0.048596    0.105577    0.229435    5.367787 v fanout37/X (sky130_fd_sc_hd__clkbuf_4)
                                                         net37 (net)
                      0.105594    0.001321    5.369108 v _134_/A (sky130_fd_sc_hd__inv_2)
     1    0.004416    0.040634    0.068919    5.438026 ^ _134_/Y (sky130_fd_sc_hd__inv_2)
                                                         _021_ (net)
                      0.040634    0.000245    5.438272 ^ _170_/RESET_B (sky130_fd_sc_hd__dfrtp_1)
                                              5.438272   data arrival time

                                  0.000000    0.000000   clock clk (rise edge)
                                  0.000000    0.000000   clock source latency
     1    0.014807    0.072589    0.049637    0.049637 ^ clk (in)
                                                         clk (net)
                      0.072599    0.000000    0.049637 ^ clkbuf_0_clk/A (sky130_fd_sc_hd__clkbuf_16)
     4    0.043480    0.062955    0.153571    0.203207 ^ clkbuf_0_clk/X (sky130_fd_sc_hd__clkbuf_16)
                                                         clknet_0_clk (net)
                      0.063179    0.002571    0.205778 ^ clkbuf_2_3__f_clk/A (sky130_fd_sc_hd__clkbuf_16)
    11    0.032427    0.053044    0.142284    0.348062 ^ clkbuf_2_3__f_clk/X (sky130_fd_sc_hd__clkbuf_16)
                                                         clknet_2_3__leaf_clk (net)
                      0.053128    0.002043    0.350105 ^ _170_/CLK (sky130_fd_sc_hd__dfrtp_1)
                                  0.250000    0.600105   clock uncertainty
                                  0.000000    0.600105   clock reconvergence pessimism
                                  0.321263    0.921368   library removal time
                                              0.921368   data required time
---------------------------------------------------------------------------------------------
                                              0.921368   data required time
                                             -5.438272   data arrival time
---------------------------------------------------------------------------------------------
                                              4.516903   slack (MET)


Startpoint: reset (input port clocked by clk)
Endpoint: _183_ (removal check against rising-edge clock clk)
Path Group: asynchronous
Path Type: min

Fanout         Cap        Slew       Delay        Time   Description
---------------------------------------------------------------------------------------------
                                  0.000000    0.000000   clock clk (rise edge)
                                  0.000000    0.000000   clock network delay (propagated)
                                  5.000000    5.000000 v input external delay
     1    0.002769    0.008543    0.004421    5.004421 v reset (in)
                                                         reset (net)
                      0.008549    0.000000    5.004421 v input2/A (sky130_fd_sc_hd__buf_1)
     3    0.016770    0.102239    0.132828    5.137249 v input2/X (sky130_fd_sc_hd__buf_1)
                                                         net2 (net)
                      0.102250    0.001103    5.138352 v fanout37/A (sky130_fd_sc_hd__clkbuf_4)
     8    0.048596    0.105577    0.229435    5.367787 v fanout37/X (sky130_fd_sc_hd__clkbuf_4)
                                                         net37 (net)
                      0.105613    0.001836    5.369624 v _147_/A (sky130_fd_sc_hd__inv_2)
     1    0.004813    0.041847    0.070366    5.439990 ^ _147_/Y (sky130_fd_sc_hd__inv_2)
                                                         _034_ (net)
                      0.041848    0.000260    5.440249 ^ _183_/RESET_B (sky130_fd_sc_hd__dfrtp_1)
                                              5.440249   data arrival time

                                  0.000000    0.000000   clock clk (rise edge)
                                  0.000000    0.000000   clock source latency
     1    0.014807    0.072589    0.049637    0.049637 ^ clk (in)
                                                         clk (net)
                      0.072599    0.000000    0.049637 ^ clkbuf_0_clk/A (sky130_fd_sc_hd__clkbuf_16)
     4    0.043480    0.062955    0.153571    0.203207 ^ clkbuf_0_clk/X (sky130_fd_sc_hd__clkbuf_16)
                                                         clknet_0_clk (net)
                      0.063179    0.002571    0.205778 ^ clkbuf_2_3__f_clk/A (sky130_fd_sc_hd__clkbuf_16)
    11    0.032427    0.053044    0.142284    0.348062 ^ clkbuf_2_3__f_clk/X (sky130_fd_sc_hd__clkbuf_16)
                                                         clknet_2_3__leaf_clk (net)
                      0.053138    0.002134    0.350196 ^ _183_/CLK (sky130_fd_sc_hd__dfrtp_1)
                                  0.250000    0.600196   clock uncertainty
                                  0.000000    0.600196   clock reconvergence pessimism
                                  0.321600    0.921795   library removal time
                                              0.921795   data required time
---------------------------------------------------------------------------------------------
                                              0.921795   data required time
                                             -5.440249   data arrival time
---------------------------------------------------------------------------------------------
                                              4.518454   slack (MET)


Startpoint: reset (input port clocked by clk)
Endpoint: _177_ (removal check against rising-edge clock clk)
Path Group: asynchronous
Path Type: min

Fanout         Cap        Slew       Delay        Time   Description
---------------------------------------------------------------------------------------------
                                  0.000000    0.000000   clock clk (rise edge)
                                  0.000000    0.000000   clock network delay (propagated)
                                  5.000000    5.000000 v input external delay
     1    0.002769    0.008543    0.004421    5.004421 v reset (in)
                                                         reset (net)
                      0.008549    0.000000    5.004421 v input2/A (sky130_fd_sc_hd__buf_1)
     3    0.016770    0.102239    0.132828    5.137249 v input2/X (sky130_fd_sc_hd__buf_1)
                                                         net2 (net)
                      0.102250    0.001103    5.138352 v fanout37/A (sky130_fd_sc_hd__clkbuf_4)
     8    0.048596    0.105577    0.229435    5.367787 v fanout37/X (sky130_fd_sc_hd__clkbuf_4)
                                                         net37 (net)
                      0.105622    0.002022    5.369810 v _141_/A (sky130_fd_sc_hd__inv_2)
     1    0.005045    0.042559    0.071210    5.441020 ^ _141_/Y (sky130_fd_sc_hd__inv_2)
                                                         _028_ (net)
                      0.042560    0.000275    5.441295 ^ _177_/RESET_B (sky130_fd_sc_hd__dfrtp_4)
                                              5.441295   data arrival time

                                  0.000000    0.000000   clock clk (rise edge)
                                  0.000000    0.000000   clock source latency
     1    0.014807    0.072589    0.049637    0.049637 ^ clk (in)
                                                         clk (net)
                      0.072599    0.000000    0.049637 ^ clkbuf_0_clk/A (sky130_fd_sc_hd__clkbuf_16)
     4    0.043480    0.062955    0.153571    0.203207 ^ clkbuf_0_clk/X (sky130_fd_sc_hd__clkbuf_16)
                                                         clknet_0_clk (net)
                      0.063179    0.002571    0.205778 ^ clkbuf_2_3__f_clk/A (sky130_fd_sc_hd__clkbuf_16)
    11    0.032427    0.053044    0.142284    0.348062 ^ clkbuf_2_3__f_clk/X (sky130_fd_sc_hd__clkbuf_16)
                                                         clknet_2_3__leaf_clk (net)
                      0.053121    0.001978    0.350039 ^ _177_/CLK (sky130_fd_sc_hd__dfrtp_4)
                                  0.250000    0.600039   clock uncertainty
                                  0.000000    0.600039   clock reconvergence pessimism
                                  0.321891    0.921931   library removal time
                                              0.921931   data required time
---------------------------------------------------------------------------------------------
                                              0.921931   data required time
                                             -5.441295   data arrival time
---------------------------------------------------------------------------------------------
                                              4.519364   slack (MET)


Startpoint: reset (input port clocked by clk)
Endpoint: _172_ (removal check against rising-edge clock clk)
Path Group: asynchronous
Path Type: min

Fanout         Cap        Slew       Delay        Time   Description
---------------------------------------------------------------------------------------------
                                  0.000000    0.000000   clock clk (rise edge)
                                  0.000000    0.000000   clock network delay (propagated)
                                  5.000000    5.000000 v input external delay
     1    0.002769    0.008543    0.004421    5.004421 v reset (in)
                                                         reset (net)
                      0.008549    0.000000    5.004421 v input2/A (sky130_fd_sc_hd__buf_1)
     3    0.016770    0.102239    0.132828    5.137249 v input2/X (sky130_fd_sc_hd__buf_1)
                                                         net2 (net)
                      0.102250    0.001103    5.138352 v fanout37/A (sky130_fd_sc_hd__clkbuf_4)
     8    0.048596    0.105577    0.229435    5.367787 v fanout37/X (sky130_fd_sc_hd__clkbuf_4)
                                                         net37 (net)
                      0.105613    0.001836    5.369624 v _136_/A (sky130_fd_sc_hd__inv_2)
     1    0.005523    0.044018    0.072939    5.442563 ^ _136_/Y (sky130_fd_sc_hd__inv_2)
                                                         _023_ (net)
                      0.044019    0.000304    5.442867 ^ _172_/RESET_B (sky130_fd_sc_hd__dfrtp_1)
                                              5.442867   data arrival time

                                  0.000000    0.000000   clock clk (rise edge)
                                  0.000000    0.000000   clock source latency
     1    0.014807    0.072589    0.049637    0.049637 ^ clk (in)
                                                         clk (net)
                      0.072599    0.000000    0.049637 ^ clkbuf_0_clk/A (sky130_fd_sc_hd__clkbuf_16)
     4    0.043480    0.062955    0.153571    0.203207 ^ clkbuf_0_clk/X (sky130_fd_sc_hd__clkbuf_16)
                                                         clknet_0_clk (net)
                      0.063179    0.002571    0.205778 ^ clkbuf_2_3__f_clk/A (sky130_fd_sc_hd__clkbuf_16)
    11    0.032427    0.053044    0.142284    0.348062 ^ clkbuf_2_3__f_clk/X (sky130_fd_sc_hd__clkbuf_16)
                                                         clknet_2_3__leaf_clk (net)
                      0.053152    0.002264    0.350326 ^ _172_/CLK (sky130_fd_sc_hd__dfrtp_1)
                                  0.250000    0.600326   clock uncertainty
                                  0.000000    0.600326   clock reconvergence pessimism
                                  0.322201    0.922527   library removal time
                                              0.922527   data required time
---------------------------------------------------------------------------------------------
                                              0.922527   data required time
                                             -5.442867   data arrival time
---------------------------------------------------------------------------------------------
                                              4.520340   slack (MET)


Startpoint: reset (input port clocked by clk)
Endpoint: _181_ (removal check against rising-edge clock clk)
Path Group: asynchronous
Path Type: min

Fanout         Cap        Slew       Delay        Time   Description
---------------------------------------------------------------------------------------------
                                  0.000000    0.000000   clock clk (rise edge)
                                  0.000000    0.000000   clock network delay (propagated)
                                  5.000000    5.000000 v input external delay
     1    0.002769    0.008543    0.004421    5.004421 v reset (in)
                                                         reset (net)
                      0.008549    0.000000    5.004421 v input2/A (sky130_fd_sc_hd__buf_1)
     3    0.016770    0.102239    0.132828    5.137249 v input2/X (sky130_fd_sc_hd__buf_1)
                                                         net2 (net)
                      0.102248    0.001018    5.138268 v fanout35/A (sky130_fd_sc_hd__clkbuf_4)
     9    0.053158    0.111186    0.234450    5.372717 v fanout35/X (sky130_fd_sc_hd__clkbuf_4)
                                                         net35 (net)
                      0.111240    0.002382    5.375099 v _145_/A (sky130_fd_sc_hd__inv_2)
     1    0.003984    0.040067    0.068679    5.443779 ^ _145_/Y (sky130_fd_sc_hd__inv_2)
                                                         _032_ (net)
                      0.040067    0.000209    5.443987 ^ _181_/RESET_B (sky130_fd_sc_hd__dfrtp_4)
                                              5.443987   data arrival time

                                  0.000000    0.000000   clock clk (rise edge)
                                  0.000000    0.000000   clock source latency
     1    0.014807    0.072589    0.049637    0.049637 ^ clk (in)
                                                         clk (net)
                      0.072599    0.000000    0.049637 ^ clkbuf_0_clk/A (sky130_fd_sc_hd__clkbuf_16)
     4    0.043480    0.062955    0.153571    0.203207 ^ clkbuf_0_clk/X (sky130_fd_sc_hd__clkbuf_16)
                                                         clknet_0_clk (net)
                      0.063183    0.002598    0.205806 ^ clkbuf_2_0__f_clk/A (sky130_fd_sc_hd__clkbuf_16)
    10    0.030547    0.051451    0.140963    0.346769 ^ clkbuf_2_0__f_clk/X (sky130_fd_sc_hd__clkbuf_16)
                                                         clknet_2_0__leaf_clk (net)
                      0.051458    0.001033    0.347803 ^ _181_/CLK (sky130_fd_sc_hd__dfrtp_4)
                                  0.250000    0.597803   clock uncertainty
                                  0.000000    0.597803   clock reconvergence pessimism
                                  0.320749    0.918551   library removal time
                                              0.918551   data required time
---------------------------------------------------------------------------------------------
                                              0.918551   data required time
                                             -5.443987   data arrival time
---------------------------------------------------------------------------------------------
                                              4.525436   slack (MET)


Startpoint: reset (input port clocked by clk)
Endpoint: _157_ (removal check against rising-edge clock clk)
Path Group: asynchronous
Path Type: min

Fanout         Cap        Slew       Delay        Time   Description
---------------------------------------------------------------------------------------------
                                  0.000000    0.000000   clock clk (rise edge)
                                  0.000000    0.000000   clock network delay (propagated)
                                  5.000000    5.000000 v input external delay
     1    0.002769    0.008543    0.004421    5.004421 v reset (in)
                                                         reset (net)
                      0.008549    0.000000    5.004421 v input2/A (sky130_fd_sc_hd__buf_1)
     3    0.016770    0.102239    0.132828    5.137249 v input2/X (sky130_fd_sc_hd__buf_1)
                                                         net2 (net)
                      0.102248    0.001018    5.138268 v fanout35/A (sky130_fd_sc_hd__clkbuf_4)
     9    0.053158    0.111186    0.234450    5.372717 v fanout35/X (sky130_fd_sc_hd__clkbuf_4)
                                                         net35 (net)
                      0.111628    0.005329    5.378046 v _121_/A (sky130_fd_sc_hd__inv_2)
     1    0.003972    0.040100    0.068752    5.446798 ^ _121_/Y (sky130_fd_sc_hd__inv_2)
                                                         _008_ (net)
                      0.040100    0.000210    5.447009 ^ _157_/RESET_B (sky130_fd_sc_hd__dfrtp_1)
                                              5.447009   data arrival time

                                  0.000000    0.000000   clock clk (rise edge)
                                  0.000000    0.000000   clock source latency
     1    0.014807    0.072589    0.049637    0.049637 ^ clk (in)
                                                         clk (net)
                      0.072599    0.000000    0.049637 ^ clkbuf_0_clk/A (sky130_fd_sc_hd__clkbuf_16)
     4    0.043480    0.062955    0.153571    0.203207 ^ clkbuf_0_clk/X (sky130_fd_sc_hd__clkbuf_16)
                                                         clknet_0_clk (net)
                      0.063181    0.002586    0.205794 ^ clkbuf_2_2__f_clk/A (sky130_fd_sc_hd__clkbuf_16)
     8    0.025924    0.047220    0.137152    0.342946 ^ clkbuf_2_2__f_clk/X (sky130_fd_sc_hd__clkbuf_16)
                                                         clknet_2_2__leaf_clk (net)
                      0.047298    0.001630    0.344575 ^ _157_/CLK (sky130_fd_sc_hd__dfrtp_1)
                                  0.250000    0.594575   clock uncertainty
                                  0.000000    0.594575   clock reconvergence pessimism
                                  0.319527    0.914102   library removal time
                                              0.914102   data required time
---------------------------------------------------------------------------------------------
                                              0.914102   data required time
                                             -5.447009   data arrival time
---------------------------------------------------------------------------------------------
                                              4.532907   slack (MET)


Startpoint: reset (input port clocked by clk)
Endpoint: _156_ (removal check against rising-edge clock clk)
Path Group: asynchronous
Path Type: min

Fanout         Cap        Slew       Delay        Time   Description
---------------------------------------------------------------------------------------------
                                  0.000000    0.000000   clock clk (rise edge)
                                  0.000000    0.000000   clock network delay (propagated)
                                  5.000000    5.000000 v input external delay
     1    0.002769    0.008543    0.004421    5.004421 v reset (in)
                                                         reset (net)
                      0.008549    0.000000    5.004421 v input2/A (sky130_fd_sc_hd__buf_1)
     3    0.016770    0.102239    0.132828    5.137249 v input2/X (sky130_fd_sc_hd__buf_1)
                                                         net2 (net)
                      0.102248    0.001018    5.138268 v fanout35/A (sky130_fd_sc_hd__clkbuf_4)
     9    0.053158    0.111186    0.234450    5.372717 v fanout35/X (sky130_fd_sc_hd__clkbuf_4)
                                                         net35 (net)
                      0.111587    0.005049    5.377767 v _120_/A (sky130_fd_sc_hd__inv_2)
     1    0.003996    0.040189    0.068925    5.446692 ^ _120_/Y (sky130_fd_sc_hd__inv_2)
                                                         _007_ (net)
                      0.040189    0.000097    5.446789 ^ _156_/RESET_B (sky130_fd_sc_hd__dfrtp_1)
                                              5.446789   data arrival time

                                  0.000000    0.000000   clock clk (rise edge)
                                  0.000000    0.000000   clock source latency
     1    0.014807    0.072589    0.049637    0.049637 ^ clk (in)
                                                         clk (net)
                      0.072599    0.000000    0.049637 ^ clkbuf_0_clk/A (sky130_fd_sc_hd__clkbuf_16)
     4    0.043480    0.062955    0.153571    0.203207 ^ clkbuf_0_clk/X (sky130_fd_sc_hd__clkbuf_16)
                                                         clknet_0_clk (net)
                      0.063181    0.002586    0.205794 ^ clkbuf_2_2__f_clk/A (sky130_fd_sc_hd__clkbuf_16)
     8    0.025924    0.047220    0.137152    0.342946 ^ clkbuf_2_2__f_clk/X (sky130_fd_sc_hd__clkbuf_16)
                                                         clknet_2_2__leaf_clk (net)
                      0.047267    0.001307    0.344252 ^ _156_/CLK (sky130_fd_sc_hd__dfrtp_1)
                                  0.250000    0.594252   clock uncertainty
                                  0.000000    0.594252   clock reconvergence pessimism
                                  0.319543    0.913795   library removal time
                                              0.913795   data required time
---------------------------------------------------------------------------------------------
                                              0.913795   data required time
                                             -5.446789   data arrival time
---------------------------------------------------------------------------------------------
                                              4.532994   slack (MET)


Startpoint: reset (input port clocked by clk)
Endpoint: _160_ (removal check against rising-edge clock clk)
Path Group: asynchronous
Path Type: min

Fanout         Cap        Slew       Delay        Time   Description
---------------------------------------------------------------------------------------------
                                  0.000000    0.000000   clock clk (rise edge)
                                  0.000000    0.000000   clock network delay (propagated)
                                  5.000000    5.000000 v input external delay
     1    0.002769    0.008543    0.004421    5.004421 v reset (in)
                                                         reset (net)
                      0.008549    0.000000    5.004421 v input2/A (sky130_fd_sc_hd__buf_1)
     3    0.016770    0.102239    0.132828    5.137249 v input2/X (sky130_fd_sc_hd__buf_1)
                                                         net2 (net)
                      0.102248    0.001018    5.138268 v fanout35/A (sky130_fd_sc_hd__clkbuf_4)
     9    0.053158    0.111186    0.234450    5.372717 v fanout35/X (sky130_fd_sc_hd__clkbuf_4)
                                                         net35 (net)
                      0.111476    0.004183    5.376900 v _124_/A (sky130_fd_sc_hd__inv_2)
     1    0.004326    0.041607    0.070736    5.447637 ^ _124_/Y (sky130_fd_sc_hd__inv_2)
                                                         _011_ (net)
                      0.041607    0.000110    5.447747 ^ _160_/RESET_B (sky130_fd_sc_hd__dfrtp_1)
                                              5.447747   data arrival time

                                  0.000000    0.000000   clock clk (rise edge)
                                  0.000000    0.000000   clock source latency
     1    0.014807    0.072589    0.049637    0.049637 ^ clk (in)
                                                         clk (net)
                      0.072599    0.000000    0.049637 ^ clkbuf_0_clk/A (sky130_fd_sc_hd__clkbuf_16)
     4    0.043480    0.062955    0.153571    0.203207 ^ clkbuf_0_clk/X (sky130_fd_sc_hd__clkbuf_16)
                                                         clknet_0_clk (net)
                      0.063181    0.002586    0.205794 ^ clkbuf_2_2__f_clk/A (sky130_fd_sc_hd__clkbuf_16)
     8    0.025924    0.047220    0.137152    0.342946 ^ clkbuf_2_2__f_clk/X (sky130_fd_sc_hd__clkbuf_16)
                                                         clknet_2_2__leaf_clk (net)
                      0.047260    0.001218    0.344164 ^ _160_/CLK (sky130_fd_sc_hd__dfrtp_1)
                                  0.250000    0.594164   clock uncertainty
                                  0.000000    0.594164   clock reconvergence pessimism
                                  0.319931    0.914095   library removal time
                                              0.914095   data required time
---------------------------------------------------------------------------------------------
                                              0.914095   data required time
                                             -5.447747   data arrival time
---------------------------------------------------------------------------------------------
                                              4.533652   slack (MET)


Startpoint: reset (input port clocked by clk)
Endpoint: _174_ (removal check against rising-edge clock clk)
Path Group: asynchronous
Path Type: min

Fanout         Cap        Slew       Delay        Time   Description
---------------------------------------------------------------------------------------------
                                  0.000000    0.000000   clock clk (rise edge)
                                  0.000000    0.000000   clock network delay (propagated)
                                  5.000000    5.000000 v input external delay
     1    0.002769    0.008543    0.004421    5.004421 v reset (in)
                                                         reset (net)
                      0.008549    0.000000    5.004421 v input2/A (sky130_fd_sc_hd__buf_1)
     3    0.016770    0.102239    0.132828    5.137249 v input2/X (sky130_fd_sc_hd__buf_1)
                                                         net2 (net)
                      0.102248    0.001018    5.138268 v fanout35/A (sky130_fd_sc_hd__clkbuf_4)
     9    0.053158    0.111186    0.234450    5.372717 v fanout35/X (sky130_fd_sc_hd__clkbuf_4)
                                                         net35 (net)
                      0.111561    0.004863    5.377580 v _138_/A (sky130_fd_sc_hd__inv_2)
     1    0.004203    0.041082    0.070017    5.447598 ^ _138_/Y (sky130_fd_sc_hd__inv_2)
                                                         _025_ (net)
                      0.041082    0.000226    5.447824 ^ _174_/RESET_B (sky130_fd_sc_hd__dfrtp_1)
                                              5.447824   data arrival time

                                  0.000000    0.000000   clock clk (rise edge)
                                  0.000000    0.000000   clock source latency
     1    0.014807    0.072589    0.049637    0.049637 ^ clk (in)
                                                         clk (net)
                      0.072599    0.000000    0.049637 ^ clkbuf_0_clk/A (sky130_fd_sc_hd__clkbuf_16)
     4    0.043480    0.062955    0.153571    0.203207 ^ clkbuf_0_clk/X (sky130_fd_sc_hd__clkbuf_16)
                                                         clknet_0_clk (net)
                      0.063181    0.002586    0.205794 ^ clkbuf_2_2__f_clk/A (sky130_fd_sc_hd__clkbuf_16)
     8    0.025924    0.047220    0.137152    0.342946 ^ clkbuf_2_2__f_clk/X (sky130_fd_sc_hd__clkbuf_16)
                                                         clknet_2_2__leaf_clk (net)
                      0.047254    0.001137    0.344083 ^ _174_/CLK (sky130_fd_sc_hd__dfrtp_1)
                                  0.250000    0.594083   clock uncertainty
                                  0.000000    0.594083   clock reconvergence pessimism
                                  0.319785    0.913868   library removal time
                                              0.913868   data required time
---------------------------------------------------------------------------------------------
                                              0.913868   data required time
                                             -5.447824   data arrival time
---------------------------------------------------------------------------------------------
                                              4.533957   slack (MET)


Startpoint: reset (input port clocked by clk)
Endpoint: _155_ (removal check against rising-edge clock clk)
Path Group: asynchronous
Path Type: min

Fanout         Cap        Slew       Delay        Time   Description
---------------------------------------------------------------------------------------------
                                  0.000000    0.000000   clock clk (rise edge)
                                  0.000000    0.000000   clock network delay (propagated)
                                  5.000000    5.000000 v input external delay
     1    0.002769    0.008543    0.004421    5.004421 v reset (in)
                                                         reset (net)
                      0.008549    0.000000    5.004421 v input2/A (sky130_fd_sc_hd__buf_1)
     3    0.016770    0.102239    0.132828    5.137249 v input2/X (sky130_fd_sc_hd__buf_1)
                                                         net2 (net)
                      0.102248    0.001018    5.138268 v fanout35/A (sky130_fd_sc_hd__clkbuf_4)
     9    0.053158    0.111186    0.234450    5.372717 v fanout35/X (sky130_fd_sc_hd__clkbuf_4)
                                                         net35 (net)
                      0.111618    0.005265    5.377982 v _119_/A (sky130_fd_sc_hd__inv_2)
     1    0.004432    0.042014    0.071220    5.449202 ^ _119_/Y (sky130_fd_sc_hd__inv_2)
                                                         _006_ (net)
                      0.042015    0.000247    5.449449 ^ _155_/RESET_B (sky130_fd_sc_hd__dfrtp_1)
                                              5.449449   data arrival time

                                  0.000000    0.000000   clock clk (rise edge)
                                  0.000000    0.000000   clock source latency
     1    0.014807    0.072589    0.049637    0.049637 ^ clk (in)
                                                         clk (net)
                      0.072599    0.000000    0.049637 ^ clkbuf_0_clk/A (sky130_fd_sc_hd__clkbuf_16)
     4    0.043480    0.062955    0.153571    0.203207 ^ clkbuf_0_clk/X (sky130_fd_sc_hd__clkbuf_16)
                                                         clknet_0_clk (net)
                      0.063181    0.002586    0.205794 ^ clkbuf_2_2__f_clk/A (sky130_fd_sc_hd__clkbuf_16)
     8    0.025924    0.047220    0.137152    0.342946 ^ clkbuf_2_2__f_clk/X (sky130_fd_sc_hd__clkbuf_16)
                                                         clknet_2_2__leaf_clk (net)
                      0.047276    0.001405    0.344350 ^ _155_/CLK (sky130_fd_sc_hd__dfrtp_1)
                                  0.250000    0.594350   clock uncertainty
                                  0.000000    0.594350   clock reconvergence pessimism
                                  0.320047    0.914398   library removal time
                                              0.914398   data required time
---------------------------------------------------------------------------------------------
                                              0.914398   data required time
                                             -5.449449   data arrival time
---------------------------------------------------------------------------------------------
                                              4.535051   slack (MET)


Startpoint: reset (input port clocked by clk)
Endpoint: _158_ (removal check against rising-edge clock clk)
Path Group: asynchronous
Path Type: min

Fanout         Cap        Slew       Delay        Time   Description
---------------------------------------------------------------------------------------------
                                  0.000000    0.000000   clock clk (rise edge)
                                  0.000000    0.000000   clock network delay (propagated)
                                  5.000000    5.000000 v input external delay
     1    0.002769    0.008543    0.004421    5.004421 v reset (in)
                                                         reset (net)
                      0.008549    0.000000    5.004421 v input2/A (sky130_fd_sc_hd__buf_1)
     3    0.016770    0.102239    0.132828    5.137249 v input2/X (sky130_fd_sc_hd__buf_1)
                                                         net2 (net)
                      0.102248    0.001018    5.138268 v fanout35/A (sky130_fd_sc_hd__clkbuf_4)
     9    0.053158    0.111186    0.234450    5.372717 v fanout35/X (sky130_fd_sc_hd__clkbuf_4)
                                                         net35 (net)
                      0.111653    0.005490    5.378207 v _122_/A (sky130_fd_sc_hd__inv_2)
     1    0.004933    0.043501    0.073076    5.451283 ^ _122_/Y (sky130_fd_sc_hd__inv_2)
                                                         _009_ (net)
                      0.043502    0.000273    5.451556 ^ _158_/RESET_B (sky130_fd_sc_hd__dfrtp_1)
                                              5.451556   data arrival time

                                  0.000000    0.000000   clock clk (rise edge)
                                  0.000000    0.000000   clock source latency
     1    0.014807    0.072589    0.049637    0.049637 ^ clk (in)
                                                         clk (net)
                      0.072599    0.000000    0.049637 ^ clkbuf_0_clk/A (sky130_fd_sc_hd__clkbuf_16)
     4    0.043480    0.062955    0.153571    0.203207 ^ clkbuf_0_clk/X (sky130_fd_sc_hd__clkbuf_16)
                                                         clknet_0_clk (net)
                      0.063181    0.002586    0.205794 ^ clkbuf_2_2__f_clk/A (sky130_fd_sc_hd__clkbuf_16)
     8    0.025924    0.047220    0.137152    0.342946 ^ clkbuf_2_2__f_clk/X (sky130_fd_sc_hd__clkbuf_16)
                                                         clknet_2_2__leaf_clk (net)
                      0.047303    0.001682    0.344627 ^ _158_/CLK (sky130_fd_sc_hd__dfrtp_1)
                                  0.250000    0.594627   clock uncertainty
                                  0.000000    0.594627   clock reconvergence pessimism
                                  0.320464    0.915092   library removal time
                                              0.915092   data required time
---------------------------------------------------------------------------------------------
                                              0.915092   data required time
                                             -5.451556   data arrival time
---------------------------------------------------------------------------------------------
                                              4.536464   slack (MET)


Startpoint: reset (input port clocked by clk)
Endpoint: _159_ (removal check against rising-edge clock clk)
Path Group: asynchronous
Path Type: min

Fanout         Cap        Slew       Delay        Time   Description
---------------------------------------------------------------------------------------------
                                  0.000000    0.000000   clock clk (rise edge)
                                  0.000000    0.000000   clock network delay (propagated)
                                  5.000000    5.000000 v input external delay
     1    0.002769    0.008543    0.004421    5.004421 v reset (in)
                                                         reset (net)
                      0.008549    0.000000    5.004421 v input2/A (sky130_fd_sc_hd__buf_1)
     3    0.016770    0.102239    0.132828    5.137249 v input2/X (sky130_fd_sc_hd__buf_1)
                                                         net2 (net)
                      0.102248    0.001018    5.138268 v fanout35/A (sky130_fd_sc_hd__clkbuf_4)
     9    0.053158    0.111186    0.234450    5.372717 v fanout35/X (sky130_fd_sc_hd__clkbuf_4)
                                                         net35 (net)
                      0.111605    0.005176    5.377893 v _123_/A (sky130_fd_sc_hd__inv_2)
     1    0.005591    0.045441    0.075469    5.453362 ^ _123_/Y (sky130_fd_sc_hd__inv_2)
                                                         _010_ (net)
                      0.045441    0.000332    5.453694 ^ _159_/RESET_B (sky130_fd_sc_hd__dfrtp_1)
                                              5.453694   data arrival time

                                  0.000000    0.000000   clock clk (rise edge)
                                  0.000000    0.000000   clock source latency
     1    0.014807    0.072589    0.049637    0.049637 ^ clk (in)
                                                         clk (net)
                      0.072599    0.000000    0.049637 ^ clkbuf_0_clk/A (sky130_fd_sc_hd__clkbuf_16)
     4    0.043480    0.062955    0.153571    0.203207 ^ clkbuf_0_clk/X (sky130_fd_sc_hd__clkbuf_16)
                                                         clknet_0_clk (net)
                      0.063181    0.002586    0.205794 ^ clkbuf_2_2__f_clk/A (sky130_fd_sc_hd__clkbuf_16)
     8    0.025924    0.047220    0.137152    0.342946 ^ clkbuf_2_2__f_clk/X (sky130_fd_sc_hd__clkbuf_16)
                                                         clknet_2_2__leaf_clk (net)
                      0.047303    0.001677    0.344623 ^ _159_/CLK (sky130_fd_sc_hd__dfrtp_1)
                                  0.250000    0.594623   clock uncertainty
                                  0.000000    0.594623   clock reconvergence pessimism
                                  0.320998    0.915620   library removal time
                                              0.915620   data required time
---------------------------------------------------------------------------------------------
                                              0.915620   data required time
                                             -5.453694   data arrival time
---------------------------------------------------------------------------------------------
                                              4.538074   slack (MET)


Startpoint: btn (input port clocked by clk)
Endpoint: _184_ (rising edge-triggered flip-flop clocked by clk)
Path Group: clk
Path Type: min

Fanout         Cap        Slew       Delay        Time   Description
---------------------------------------------------------------------------------------------
                                  0.000000    0.000000   clock clk (rise edge)
                                  0.000000    0.000000   clock network delay (propagated)
                                  5.000000    5.000000 v input external delay
     1    0.003011    0.009106    0.004833    5.004833 v btn (in)
                                                         btn (net)
                      0.009112    0.000000    5.004833 v input1/A (sky130_fd_sc_hd__buf_1)
     6    0.017203    0.104734    0.134570    5.139403 v input1/X (sky130_fd_sc_hd__buf_1)
                                                         net1 (net)
                      0.104755    0.001410    5.140813 v _184_/D (sky130_fd_sc_hd__dfrtp_1)
                                              5.140813   data arrival time

                                  0.000000    0.000000   clock clk (rise edge)
                                  0.000000    0.000000   clock source latency
     1    0.014807    0.072589    0.049637    0.049637 ^ clk (in)
                                                         clk (net)
                      0.072599    0.000000    0.049637 ^ clkbuf_0_clk/A (sky130_fd_sc_hd__clkbuf_16)
     4    0.043480    0.062955    0.153571    0.203207 ^ clkbuf_0_clk/X (sky130_fd_sc_hd__clkbuf_16)
                                                         clknet_0_clk (net)
                      0.063200    0.002729    0.205937 ^ clkbuf_2_1__f_clk/A (sky130_fd_sc_hd__clkbuf_16)
    10    0.030077    0.051017    0.140527    0.346463 ^ clkbuf_2_1__f_clk/X (sky130_fd_sc_hd__clkbuf_16)
                                                         clknet_2_1__leaf_clk (net)
                      0.051098    0.002596    0.349059 ^ _184_/CLK (sky130_fd_sc_hd__dfrtp_1)
                                  0.250000    0.599059   clock uncertainty
                                  0.000000    0.599059   clock reconvergence pessimism
                                 -0.068710    0.530349   library hold time
                                              0.530349   data required time
---------------------------------------------------------------------------------------------
                                              0.530349   data required time
                                             -5.140813   data arrival time
---------------------------------------------------------------------------------------------
                                              4.610464   slack (MET)


Startpoint: reset (input port clocked by clk)
Endpoint: _179_ (removal check against rising-edge clock clk)
Path Group: asynchronous
Path Type: min

Fanout         Cap        Slew       Delay        Time   Description
---------------------------------------------------------------------------------------------
                                  0.000000    0.000000   clock clk (rise edge)
                                  0.000000    0.000000   clock network delay (propagated)
                                  5.000000    5.000000 v input external delay
     1    0.002769    0.008543    0.004421    5.004421 v reset (in)
                                                         reset (net)
                      0.008549    0.000000    5.004421 v input2/A (sky130_fd_sc_hd__buf_1)
     3    0.016770    0.102239    0.132828    5.137249 v input2/X (sky130_fd_sc_hd__buf_1)
                                                         net2 (net)
                      0.102248    0.001018    5.138268 v fanout35/A (sky130_fd_sc_hd__clkbuf_4)
     9    0.053158    0.111186    0.234450    5.372717 v fanout35/X (sky130_fd_sc_hd__clkbuf_4)
                                                         net35 (net)
                      0.111247    0.002510    5.375227 v fanout34/A (sky130_fd_sc_hd__buf_4)
    10    0.056981    0.082009    0.218796    5.594023 v fanout34/X (sky130_fd_sc_hd__buf_4)
                                                         net34 (net)
                      0.082044    0.001421    5.595444 v _143_/A (sky130_fd_sc_hd__inv_2)
     1    0.003866    0.033404    0.057669    5.653113 ^ _143_/Y (sky130_fd_sc_hd__inv_2)
                                                         _030_ (net)
                      0.033405    0.000204    5.653317 ^ _179_/RESET_B (sky130_fd_sc_hd__dfrtp_4)
                                              5.653317   data arrival time

                                  0.000000    0.000000   clock clk (rise edge)
                                  0.000000    0.000000   clock source latency
     1    0.014807    0.072589    0.049637    0.049637 ^ clk (in)
                                                         clk (net)
                      0.072599    0.000000    0.049637 ^ clkbuf_0_clk/A (sky130_fd_sc_hd__clkbuf_16)
     4    0.043480    0.062955    0.153571    0.203207 ^ clkbuf_0_clk/X (sky130_fd_sc_hd__clkbuf_16)
                                                         clknet_0_clk (net)
                      0.063200    0.002729    0.205937 ^ clkbuf_2_1__f_clk/A (sky130_fd_sc_hd__clkbuf_16)
    10    0.030077    0.051017    0.140527    0.346463 ^ clkbuf_2_1__f_clk/X (sky130_fd_sc_hd__clkbuf_16)
                                                         clknet_2_1__leaf_clk (net)
                      0.051091    0.002532    0.348996 ^ _179_/CLK (sky130_fd_sc_hd__dfrtp_4)
                                  0.250000    0.598996   clock uncertainty
                                  0.000000    0.598996   clock reconvergence pessimism
                                  0.318817    0.917813   library removal time
                                              0.917813   data required time
---------------------------------------------------------------------------------------------
                                              0.917813   data required time
                                             -5.653317   data arrival time
---------------------------------------------------------------------------------------------
                                              4.735505   slack (MET)


Startpoint: reset (input port clocked by clk)
Endpoint: _175_ (removal check against rising-edge clock clk)
Path Group: asynchronous
Path Type: min

Fanout         Cap        Slew       Delay        Time   Description
---------------------------------------------------------------------------------------------
                                  0.000000    0.000000   clock clk (rise edge)
                                  0.000000    0.000000   clock network delay (propagated)
                                  5.000000    5.000000 v input external delay
     1    0.002769    0.008543    0.004421    5.004421 v reset (in)
                                                         reset (net)
                      0.008549    0.000000    5.004421 v input2/A (sky130_fd_sc_hd__buf_1)
     3    0.016770    0.102239    0.132828    5.137249 v input2/X (sky130_fd_sc_hd__buf_1)
                                                         net2 (net)
                      0.102248    0.001018    5.138268 v fanout35/A (sky130_fd_sc_hd__clkbuf_4)
     9    0.053158    0.111186    0.234450    5.372717 v fanout35/X (sky130_fd_sc_hd__clkbuf_4)
                                                         net35 (net)
                      0.111247    0.002510    5.375227 v fanout34/A (sky130_fd_sc_hd__buf_4)
    10    0.056981    0.082009    0.218796    5.594023 v fanout34/X (sky130_fd_sc_hd__buf_4)
                                                         net34 (net)
                      0.082202    0.003242    5.597265 v _139_/A (sky130_fd_sc_hd__inv_2)
     1    0.004045    0.034092    0.058599    5.655864 ^ _139_/Y (sky130_fd_sc_hd__inv_2)
                                                         _026_ (net)
                      0.034093    0.000103    5.655967 ^ _175_/RESET_B (sky130_fd_sc_hd__dfrtp_1)
                                              5.655967   data arrival time

                                  0.000000    0.000000   clock clk (rise edge)
                                  0.000000    0.000000   clock source latency
     1    0.014807    0.072589    0.049637    0.049637 ^ clk (in)
                                                         clk (net)
                      0.072599    0.000000    0.049637 ^ clkbuf_0_clk/A (sky130_fd_sc_hd__clkbuf_16)
     4    0.043480    0.062955    0.153571    0.203207 ^ clkbuf_0_clk/X (sky130_fd_sc_hd__clkbuf_16)
                                                         clknet_0_clk (net)
                      0.063183    0.002598    0.205806 ^ clkbuf_2_0__f_clk/A (sky130_fd_sc_hd__clkbuf_16)
    10    0.030547    0.051451    0.140963    0.346769 ^ clkbuf_2_0__f_clk/X (sky130_fd_sc_hd__clkbuf_16)
                                                         clknet_2_0__leaf_clk (net)
                      0.051464    0.001474    0.348243 ^ _175_/CLK (sky130_fd_sc_hd__dfrtp_1)
                                  0.250000    0.598243   clock uncertainty
                                  0.000000    0.598243   clock reconvergence pessimism
                                  0.319010    0.917254   library removal time
                                              0.917254   data required time
---------------------------------------------------------------------------------------------
                                              0.917254   data required time
                                             -5.655967   data arrival time
---------------------------------------------------------------------------------------------
                                              4.738714   slack (MET)


Startpoint: reset (input port clocked by clk)
Endpoint: _180_ (removal check against rising-edge clock clk)
Path Group: asynchronous
Path Type: min

Fanout         Cap        Slew       Delay        Time   Description
---------------------------------------------------------------------------------------------
                                  0.000000    0.000000   clock clk (rise edge)
                                  0.000000    0.000000   clock network delay (propagated)
                                  5.000000    5.000000 v input external delay
     1    0.002769    0.008543    0.004421    5.004421 v reset (in)
                                                         reset (net)
                      0.008549    0.000000    5.004421 v input2/A (sky130_fd_sc_hd__buf_1)
     3    0.016770    0.102239    0.132828    5.137249 v input2/X (sky130_fd_sc_hd__buf_1)
                                                         net2 (net)
                      0.102248    0.001018    5.138268 v fanout35/A (sky130_fd_sc_hd__clkbuf_4)
     9    0.053158    0.111186    0.234450    5.372717 v fanout35/X (sky130_fd_sc_hd__clkbuf_4)
                                                         net35 (net)
                      0.111247    0.002510    5.375227 v fanout34/A (sky130_fd_sc_hd__buf_4)
    10    0.056981    0.082009    0.218796    5.594023 v fanout34/X (sky130_fd_sc_hd__buf_4)
                                                         net34 (net)
                      0.082104    0.002312    5.596335 v _144_/A (sky130_fd_sc_hd__inv_2)
     1    0.004577    0.035984    0.060724    5.657059 ^ _144_/Y (sky130_fd_sc_hd__inv_2)
                                                         _031_ (net)
                      0.035984    0.000247    5.657306 ^ _180_/RESET_B (sky130_fd_sc_hd__dfrtp_4)
                                              5.657306   data arrival time

                                  0.000000    0.000000   clock clk (rise edge)
                                  0.000000    0.000000   clock source latency
     1    0.014807    0.072589    0.049637    0.049637 ^ clk (in)
                                                         clk (net)
                      0.072599    0.000000    0.049637 ^ clkbuf_0_clk/A (sky130_fd_sc_hd__clkbuf_16)
     4    0.043480    0.062955    0.153571    0.203207 ^ clkbuf_0_clk/X (sky130_fd_sc_hd__clkbuf_16)
                                                         clknet_0_clk (net)
                      0.063183    0.002598    0.205806 ^ clkbuf_2_0__f_clk/A (sky130_fd_sc_hd__clkbuf_16)
    10    0.030547    0.051451    0.140963    0.346769 ^ clkbuf_2_0__f_clk/X (sky130_fd_sc_hd__clkbuf_16)
                                                         clknet_2_0__leaf_clk (net)
                      0.051457    0.000987    0.347756 ^ _180_/CLK (sky130_fd_sc_hd__dfrtp_4)
                                  0.250000    0.597756   clock uncertainty
                                  0.000000    0.597756   clock reconvergence pessimism
                                  0.319626    0.917383   library removal time
                                              0.917383   data required time
---------------------------------------------------------------------------------------------
                                              0.917383   data required time
                                             -5.657306   data arrival time
---------------------------------------------------------------------------------------------
                                              4.739923   slack (MET)


Startpoint: reset (input port clocked by clk)
Endpoint: _164_ (removal check against rising-edge clock clk)
Path Group: asynchronous
Path Type: min

Fanout         Cap        Slew       Delay        Time   Description
---------------------------------------------------------------------------------------------
                                  0.000000    0.000000   clock clk (rise edge)
                                  0.000000    0.000000   clock network delay (propagated)
                                  5.000000    5.000000 v input external delay
     1    0.002769    0.008543    0.004421    5.004421 v reset (in)
                                                         reset (net)
                      0.008549    0.000000    5.004421 v input2/A (sky130_fd_sc_hd__buf_1)
     3    0.016770    0.102239    0.132828    5.137249 v input2/X (sky130_fd_sc_hd__buf_1)
                                                         net2 (net)
                      0.102248    0.001018    5.138268 v fanout35/A (sky130_fd_sc_hd__clkbuf_4)
     9    0.053158    0.111186    0.234450    5.372717 v fanout35/X (sky130_fd_sc_hd__clkbuf_4)
                                                         net35 (net)
                      0.111247    0.002510    5.375227 v fanout34/A (sky130_fd_sc_hd__buf_4)
    10    0.056981    0.082009    0.218796    5.594023 v fanout34/X (sky130_fd_sc_hd__buf_4)
                                                         net34 (net)
                      0.083068    0.007363    5.601387 v _128_/A (sky130_fd_sc_hd__inv_2)
     1    0.003819    0.033451    0.057816    5.659203 ^ _128_/Y (sky130_fd_sc_hd__inv_2)
                                                         _015_ (net)
                      0.033451    0.000202    5.659405 ^ _164_/RESET_B (sky130_fd_sc_hd__dfrtp_1)
                                              5.659405   data arrival time

                                  0.000000    0.000000   clock clk (rise edge)
                                  0.000000    0.000000   clock source latency
     1    0.014807    0.072589    0.049637    0.049637 ^ clk (in)
                                                         clk (net)
                      0.072599    0.000000    0.049637 ^ clkbuf_0_clk/A (sky130_fd_sc_hd__clkbuf_16)
     4    0.043480    0.062955    0.153571    0.203207 ^ clkbuf_0_clk/X (sky130_fd_sc_hd__clkbuf_16)
                                                         clknet_0_clk (net)
                      0.063183    0.002598    0.205806 ^ clkbuf_2_0__f_clk/A (sky130_fd_sc_hd__clkbuf_16)
    10    0.030547    0.051451    0.140963    0.346769 ^ clkbuf_2_0__f_clk/X (sky130_fd_sc_hd__clkbuf_16)
                                                         clknet_2_0__leaf_clk (net)
                      0.051513    0.002474    0.349244 ^ _164_/CLK (sky130_fd_sc_hd__dfrtp_1)
                                  0.250000    0.599244   clock uncertainty
                                  0.000000    0.599244   clock reconvergence pessimism
                                  0.318847    0.918091   library removal time
                                              0.918091   data required time
---------------------------------------------------------------------------------------------
                                              0.918091   data required time
                                             -5.659405   data arrival time
---------------------------------------------------------------------------------------------
                                              4.741314   slack (MET)


Startpoint: reset (input port clocked by clk)
Endpoint: _161_ (removal check against rising-edge clock clk)
Path Group: asynchronous
Path Type: min

Fanout         Cap        Slew       Delay        Time   Description
---------------------------------------------------------------------------------------------
                                  0.000000    0.000000   clock clk (rise edge)
                                  0.000000    0.000000   clock network delay (propagated)
                                  5.000000    5.000000 v input external delay
     1    0.002769    0.008543    0.004421    5.004421 v reset (in)
                                                         reset (net)
                      0.008549    0.000000    5.004421 v input2/A (sky130_fd_sc_hd__buf_1)
     3    0.016770    0.102239    0.132828    5.137249 v input2/X (sky130_fd_sc_hd__buf_1)
                                                         net2 (net)
                      0.102248    0.001018    5.138268 v fanout35/A (sky130_fd_sc_hd__clkbuf_4)
     9    0.053158    0.111186    0.234450    5.372717 v fanout35/X (sky130_fd_sc_hd__clkbuf_4)
                                                         net35 (net)
                      0.111247    0.002510    5.375227 v fanout34/A (sky130_fd_sc_hd__buf_4)
    10    0.056981    0.082009    0.218796    5.594023 v fanout34/X (sky130_fd_sc_hd__buf_4)
                                                         net34 (net)
                      0.082797    0.006359    5.600382 v _125_/A (sky130_fd_sc_hd__inv_2)
     1    0.004121    0.034503    0.059166    5.659548 ^ _125_/Y (sky130_fd_sc_hd__inv_2)
                                                         _012_ (net)
                      0.034503    0.000103    5.659651 ^ _161_/RESET_B (sky130_fd_sc_hd__dfrtp_1)
                                              5.659651   data arrival time

                                  0.000000    0.000000   clock clk (rise edge)
                                  0.000000    0.000000   clock source latency
     1    0.014807    0.072589    0.049637    0.049637 ^ clk (in)
                                                         clk (net)
                      0.072599    0.000000    0.049637 ^ clkbuf_0_clk/A (sky130_fd_sc_hd__clkbuf_16)
     4    0.043480    0.062955    0.153571    0.203207 ^ clkbuf_0_clk/X (sky130_fd_sc_hd__clkbuf_16)
                                                         clknet_0_clk (net)
                      0.063183    0.002598    0.205806 ^ clkbuf_2_0__f_clk/A (sky130_fd_sc_hd__clkbuf_16)
    10    0.030547    0.051451    0.140963    0.346769 ^ clkbuf_2_0__f_clk/X (sky130_fd_sc_hd__clkbuf_16)
                                                         clknet_2_0__leaf_clk (net)
                      0.051492    0.002252    0.349021 ^ _161_/CLK (sky130_fd_sc_hd__dfrtp_1)
                                  0.250000    0.599021   clock uncertainty
                                  0.000000    0.599021   clock reconvergence pessimism
                                  0.319131    0.918152   library removal time
                                              0.918152   data required time
---------------------------------------------------------------------------------------------
                                              0.918152   data required time
                                             -5.659651   data arrival time
---------------------------------------------------------------------------------------------
                                              4.741499   slack (MET)


Startpoint: reset (input port clocked by clk)
Endpoint: _162_ (removal check against rising-edge clock clk)
Path Group: asynchronous
Path Type: min

Fanout         Cap        Slew       Delay        Time   Description
---------------------------------------------------------------------------------------------
                                  0.000000    0.000000   clock clk (rise edge)
                                  0.000000    0.000000   clock network delay (propagated)
                                  5.000000    5.000000 v input external delay
     1    0.002769    0.008543    0.004421    5.004421 v reset (in)
                                                         reset (net)
                      0.008549    0.000000    5.004421 v input2/A (sky130_fd_sc_hd__buf_1)
     3    0.016770    0.102239    0.132828    5.137249 v input2/X (sky130_fd_sc_hd__buf_1)
                                                         net2 (net)
                      0.102248    0.001018    5.138268 v fanout35/A (sky130_fd_sc_hd__clkbuf_4)
     9    0.053158    0.111186    0.234450    5.372717 v fanout35/X (sky130_fd_sc_hd__clkbuf_4)
                                                         net35 (net)
                      0.111247    0.002510    5.375227 v fanout34/A (sky130_fd_sc_hd__buf_4)
    10    0.056981    0.082009    0.218796    5.594023 v fanout34/X (sky130_fd_sc_hd__buf_4)
                                                         net34 (net)
                      0.082636    0.005688    5.599711 v _126_/A (sky130_fd_sc_hd__inv_2)
     1    0.004322    0.035221    0.059976    5.659687 ^ _126_/Y (sky130_fd_sc_hd__inv_2)
                                                         _013_ (net)
                      0.035222    0.000237    5.659924 ^ _162_/RESET_B (sky130_fd_sc_hd__dfrtp_1)
                                              5.659924   data arrival time

                                  0.000000    0.000000   clock clk (rise edge)
                                  0.000000    0.000000   clock source latency
     1    0.014807    0.072589    0.049637    0.049637 ^ clk (in)
                                                         clk (net)
                      0.072599    0.000000    0.049637 ^ clkbuf_0_clk/A (sky130_fd_sc_hd__clkbuf_16)
     4    0.043480    0.062955    0.153571    0.203207 ^ clkbuf_0_clk/X (sky130_fd_sc_hd__clkbuf_16)
                                                         clknet_0_clk (net)
                      0.063183    0.002598    0.205806 ^ clkbuf_2_0__f_clk/A (sky130_fd_sc_hd__clkbuf_16)
    10    0.030547    0.051451    0.140963    0.346769 ^ clkbuf_2_0__f_clk/X (sky130_fd_sc_hd__clkbuf_16)
                                                         clknet_2_0__leaf_clk (net)
                      0.051490    0.002231    0.349001 ^ _162_/CLK (sky130_fd_sc_hd__dfrtp_1)
                                  0.250000    0.599001   clock uncertainty
                                  0.000000    0.599001   clock reconvergence pessimism
                                  0.319328    0.918328   library removal time
                                              0.918328   data required time
---------------------------------------------------------------------------------------------
                                              0.918328   data required time
                                             -5.659924   data arrival time
---------------------------------------------------------------------------------------------
                                              4.741596   slack (MET)


Startpoint: reset (input port clocked by clk)
Endpoint: _166_ (removal check against rising-edge clock clk)
Path Group: asynchronous
Path Type: min

Fanout         Cap        Slew       Delay        Time   Description
---------------------------------------------------------------------------------------------
                                  0.000000    0.000000   clock clk (rise edge)
                                  0.000000    0.000000   clock network delay (propagated)
                                  5.000000    5.000000 v input external delay
     1    0.002769    0.008543    0.004421    5.004421 v reset (in)
                                                         reset (net)
                      0.008549    0.000000    5.004421 v input2/A (sky130_fd_sc_hd__buf_1)
     3    0.016770    0.102239    0.132828    5.137249 v input2/X (sky130_fd_sc_hd__buf_1)
                                                         net2 (net)
                      0.102248    0.001018    5.138268 v fanout35/A (sky130_fd_sc_hd__clkbuf_4)
     9    0.053158    0.111186    0.234450    5.372717 v fanout35/X (sky130_fd_sc_hd__clkbuf_4)
                                                         net35 (net)
                      0.111247    0.002510    5.375227 v fanout34/A (sky130_fd_sc_hd__buf_4)
    10    0.056981    0.082009    0.218796    5.594023 v fanout34/X (sky130_fd_sc_hd__buf_4)
                                                         net34 (net)
                      0.083211    0.007846    5.601870 v _130_/A (sky130_fd_sc_hd__inv_2)
     1    0.004148    0.034696    0.059389    5.661259 ^ _130_/Y (sky130_fd_sc_hd__inv_2)
                                                         _017_ (net)
                      0.034697    0.000222    5.661481 ^ _166_/RESET_B (sky130_fd_sc_hd__dfrtp_1)
                                              5.661481   data arrival time

                                  0.000000    0.000000   clock clk (rise edge)
                                  0.000000    0.000000   clock source latency
     1    0.014807    0.072589    0.049637    0.049637 ^ clk (in)
                                                         clk (net)
                      0.072599    0.000000    0.049637 ^ clkbuf_0_clk/A (sky130_fd_sc_hd__clkbuf_16)
     4    0.043480    0.062955    0.153571    0.203207 ^ clkbuf_0_clk/X (sky130_fd_sc_hd__clkbuf_16)
                                                         clknet_0_clk (net)
                      0.063183    0.002598    0.205806 ^ clkbuf_2_0__f_clk/A (sky130_fd_sc_hd__clkbuf_16)
    10    0.030547    0.051451    0.140963    0.346769 ^ clkbuf_2_0__f_clk/X (sky130_fd_sc_hd__clkbuf_16)
                                                         clknet_2_0__leaf_clk (net)
                      0.051458    0.001090    0.347860 ^ _166_/CLK (sky130_fd_sc_hd__dfrtp_1)
                                  0.250000    0.597860   clock uncertainty
                                  0.000000    0.597860   clock reconvergence pessimism
                                  0.319175    0.917034   library removal time
                                              0.917034   data required time
---------------------------------------------------------------------------------------------
                                              0.917034   data required time
                                             -5.661481   data arrival time
---------------------------------------------------------------------------------------------
                                              4.744447   slack (MET)


Startpoint: reset (input port clocked by clk)
Endpoint: _163_ (removal check against rising-edge clock clk)
Path Group: asynchronous
Path Type: min

Fanout         Cap        Slew       Delay        Time   Description
---------------------------------------------------------------------------------------------
                                  0.000000    0.000000   clock clk (rise edge)
                                  0.000000    0.000000   clock network delay (propagated)
                                  5.000000    5.000000 v input external delay
     1    0.002769    0.008543    0.004421    5.004421 v reset (in)
                                                         reset (net)
                      0.008549    0.000000    5.004421 v input2/A (sky130_fd_sc_hd__buf_1)
     3    0.016770    0.102239    0.132828    5.137249 v input2/X (sky130_fd_sc_hd__buf_1)
                                                         net2 (net)
                      0.102248    0.001018    5.138268 v fanout35/A (sky130_fd_sc_hd__clkbuf_4)
     9    0.053158    0.111186    0.234450    5.372717 v fanout35/X (sky130_fd_sc_hd__clkbuf_4)
                                                         net35 (net)
                      0.111247    0.002510    5.375227 v fanout34/A (sky130_fd_sc_hd__buf_4)
    10    0.056981    0.082009    0.218796    5.594023 v fanout34/X (sky130_fd_sc_hd__buf_4)
                                                         net34 (net)
                      0.083180    0.007743    5.601766 v _127_/A (sky130_fd_sc_hd__inv_2)
     1    0.005845    0.040586    0.065443    5.667209 ^ _127_/Y (sky130_fd_sc_hd__inv_2)
                                                         _014_ (net)
                      0.040588    0.000319    5.667528 ^ _163_/RESET_B (sky130_fd_sc_hd__dfrtp_1)
                                              5.667528   data arrival time

                                  0.000000    0.000000   clock clk (rise edge)
                                  0.000000    0.000000   clock source latency
     1    0.014807    0.072589    0.049637    0.049637 ^ clk (in)
                                                         clk (net)
                      0.072599    0.000000    0.049637 ^ clkbuf_0_clk/A (sky130_fd_sc_hd__clkbuf_16)
     4    0.043480    0.062955    0.153571    0.203207 ^ clkbuf_0_clk/X (sky130_fd_sc_hd__clkbuf_16)
                                                         clknet_0_clk (net)
                      0.063183    0.002598    0.205806 ^ clkbuf_2_0__f_clk/A (sky130_fd_sc_hd__clkbuf_16)
    10    0.030547    0.051451    0.140963    0.346769 ^ clkbuf_2_0__f_clk/X (sky130_fd_sc_hd__clkbuf_16)
                                                         clknet_2_0__leaf_clk (net)
                      0.051512    0.002464    0.349233 ^ _163_/CLK (sky130_fd_sc_hd__dfrtp_1)
                                  0.250000    0.599233   clock uncertainty
                                  0.000000    0.599233   clock reconvergence pessimism
                                  0.320810    0.920043   library removal time
                                              0.920043   data required time
---------------------------------------------------------------------------------------------
                                              0.920043   data required time
                                             -5.667528   data arrival time
---------------------------------------------------------------------------------------------
                                              4.747485   slack (MET)


Startpoint: reset (input port clocked by clk)
Endpoint: _165_ (removal check against rising-edge clock clk)
Path Group: asynchronous
Path Type: min

Fanout         Cap        Slew       Delay        Time   Description
---------------------------------------------------------------------------------------------
                                  0.000000    0.000000   clock clk (rise edge)
                                  0.000000    0.000000   clock network delay (propagated)
                                  5.000000    5.000000 v input external delay
     1    0.002769    0.008543    0.004421    5.004421 v reset (in)
                                                         reset (net)
                      0.008549    0.000000    5.004421 v input2/A (sky130_fd_sc_hd__buf_1)
     3    0.016770    0.102239    0.132828    5.137249 v input2/X (sky130_fd_sc_hd__buf_1)
                                                         net2 (net)
                      0.102248    0.001018    5.138268 v fanout35/A (sky130_fd_sc_hd__clkbuf_4)
     9    0.053158    0.111186    0.234450    5.372717 v fanout35/X (sky130_fd_sc_hd__clkbuf_4)
                                                         net35 (net)
                      0.111247    0.002510    5.375227 v fanout34/A (sky130_fd_sc_hd__buf_4)
    10    0.056981    0.082009    0.218796    5.594023 v fanout34/X (sky130_fd_sc_hd__buf_4)
                                                         net34 (net)
                      0.083268    0.008030    5.602054 v _129_/A (sky130_fd_sc_hd__inv_2)
     1    0.005779    0.040369    0.065233    5.667286 ^ _129_/Y (sky130_fd_sc_hd__inv_2)
                                                         _016_ (net)
                      0.040372    0.000342    5.667628 ^ _165_/RESET_B (sky130_fd_sc_hd__dfrtp_1)
                                              5.667628   data arrival time

                                  0.000000    0.000000   clock clk (rise edge)
                                  0.000000    0.000000   clock source latency
     1    0.014807    0.072589    0.049637    0.049637 ^ clk (in)
                                                         clk (net)
                      0.072599    0.000000    0.049637 ^ clkbuf_0_clk/A (sky130_fd_sc_hd__clkbuf_16)
     4    0.043480    0.062955    0.153571    0.203207 ^ clkbuf_0_clk/X (sky130_fd_sc_hd__clkbuf_16)
                                                         clknet_0_clk (net)
                      0.063183    0.002598    0.205806 ^ clkbuf_2_0__f_clk/A (sky130_fd_sc_hd__clkbuf_16)
    10    0.030547    0.051451    0.140963    0.346769 ^ clkbuf_2_0__f_clk/X (sky130_fd_sc_hd__clkbuf_16)
                                                         clknet_2_0__leaf_clk (net)
                      0.051518    0.002519    0.349288 ^ _165_/CLK (sky130_fd_sc_hd__dfrtp_1)
                                  0.250000    0.599288   clock uncertainty
                                  0.000000    0.599288   clock reconvergence pessimism
                                  0.320752    0.920040   library removal time
                                              0.920040   data required time
---------------------------------------------------------------------------------------------
                                              0.920040   data required time
                                             -5.667628   data arrival time
---------------------------------------------------------------------------------------------
                                              4.747588   slack (MET)


Startpoint: reset (input port clocked by clk)
Endpoint: _176_ (removal check against rising-edge clock clk)
Path Group: asynchronous
Path Type: min

Fanout         Cap        Slew       Delay        Time   Description
---------------------------------------------------------------------------------------------
                                  0.000000    0.000000   clock clk (rise edge)
                                  0.000000    0.000000   clock network delay (propagated)
                                  5.000000    5.000000 v input external delay
     1    0.002769    0.008543    0.004421    5.004421 v reset (in)
                                                         reset (net)
                      0.008549    0.000000    5.004421 v input2/A (sky130_fd_sc_hd__buf_1)
     3    0.016770    0.102239    0.132828    5.137249 v input2/X (sky130_fd_sc_hd__buf_1)
                                                         net2 (net)
                      0.102248    0.001018    5.138268 v fanout35/A (sky130_fd_sc_hd__clkbuf_4)
     9    0.053158    0.111186    0.234450    5.372717 v fanout35/X (sky130_fd_sc_hd__clkbuf_4)
                                                         net35 (net)
                      0.111247    0.002510    5.375227 v fanout34/A (sky130_fd_sc_hd__buf_4)
    10    0.056981    0.082009    0.218796    5.594023 v fanout34/X (sky130_fd_sc_hd__buf_4)
                                                         net34 (net)
                      0.082455    0.004824    5.598847 v _140_/A (sky130_fd_sc_hd__inv_2)
     1    0.003943    0.033773    0.058173    5.657020 ^ _140_/Y (sky130_fd_sc_hd__inv_2)
                                                         _027_ (net)
                      0.033773    0.000207    5.657227 ^ _176_/SET_B (sky130_fd_sc_hd__dfstp_2)
                                              5.657227   data arrival time

                                  0.000000    0.000000   clock clk (rise edge)
                                  0.000000    0.000000   clock source latency
     1    0.014807    0.072589    0.049637    0.049637 ^ clk (in)
                                                         clk (net)
                      0.072599    0.000000    0.049637 ^ clkbuf_0_clk/A (sky130_fd_sc_hd__clkbuf_16)
     4    0.043480    0.062955    0.153571    0.203207 ^ clkbuf_0_clk/X (sky130_fd_sc_hd__clkbuf_16)
                                                         clknet_0_clk (net)
                      0.063183    0.002598    0.205806 ^ clkbuf_2_0__f_clk/A (sky130_fd_sc_hd__clkbuf_16)
    10    0.030547    0.051451    0.140963    0.346769 ^ clkbuf_2_0__f_clk/X (sky130_fd_sc_hd__clkbuf_16)
                                                         clknet_2_0__leaf_clk (net)
                      0.051479    0.002080    0.348849 ^ _176_/CLK (sky130_fd_sc_hd__dfstp_2)
                                  0.250000    0.598849   clock uncertainty
                                  0.000000    0.598849   clock reconvergence pessimism
                                  0.159011    0.757860   library removal time
                                              0.757860   data required time
---------------------------------------------------------------------------------------------
                                              0.757860   data required time
                                             -5.657227   data arrival time
---------------------------------------------------------------------------------------------
                                              4.899367   slack (MET)


Startpoint: _157_ (rising edge-triggered flip-flop clocked by clk)
Endpoint: seg1[2] (output port clocked by clk)
Path Group: clk
Path Type: min

Fanout         Cap        Slew       Delay        Time   Description
---------------------------------------------------------------------------------------------
                                  0.000000    0.000000   clock clk (rise edge)
                                  0.000000    0.000000   clock source latency
     1    0.014807    0.072589    0.049637    0.049637 ^ clk (in)
                                                         clk (net)
                      0.072599    0.000000    0.049637 ^ clkbuf_0_clk/A (sky130_fd_sc_hd__clkbuf_16)
     4    0.043480    0.062955    0.153571    0.203207 ^ clkbuf_0_clk/X (sky130_fd_sc_hd__clkbuf_16)
                                                         clknet_0_clk (net)
                      0.063181    0.002586    0.205794 ^ clkbuf_2_2__f_clk/A (sky130_fd_sc_hd__clkbuf_16)
     8    0.025924    0.047220    0.137152    0.342946 ^ clkbuf_2_2__f_clk/X (sky130_fd_sc_hd__clkbuf_16)
                                                         clknet_2_2__leaf_clk (net)
                      0.047298    0.001630    0.344575 ^ _157_/CLK (sky130_fd_sc_hd__dfrtp_1)
     2    0.005657    0.066897    0.335014    0.679589 ^ _157_/Q (sky130_fd_sc_hd__dfrtp_1)
                                                         mem1[2] (net)
                      0.066898    0.000358    0.679948 ^ _076_/B1 (sky130_fd_sc_hd__a31o_1)
     1    0.002906    0.041310    0.094612    0.774559 ^ _076_/X (sky130_fd_sc_hd__a31o_1)
                                                         net11 (net)
                      0.041310    0.000119    0.774678 ^ output11/A (sky130_fd_sc_hd__buf_2)
     1    0.034056    0.169357    0.195169    0.969847 ^ output11/X (sky130_fd_sc_hd__buf_2)
                                                         seg1[2] (net)
                      0.169379    0.001625    0.971472 ^ seg1[2] (out)
                                              0.971472   data arrival time

                                  0.000000    0.000000   clock clk (rise edge)
                                  0.000000    0.000000   clock network delay (propagated)
                                  0.250000    0.250000   clock uncertainty
                                  0.000000    0.250000   clock reconvergence pessimism
                                 -5.000000   -4.750000   output external delay
                                             -4.750000   data required time
---------------------------------------------------------------------------------------------
                                             -4.750000   data required time
                                             -0.971472   data arrival time
---------------------------------------------------------------------------------------------
                                              5.721472   slack (MET)


Startpoint: _151_ (rising edge-triggered flip-flop clocked by clk)
Endpoint: seg0[2] (output port clocked by clk)
Path Group: clk
Path Type: min

Fanout         Cap        Slew       Delay        Time   Description
---------------------------------------------------------------------------------------------
                                  0.000000    0.000000   clock clk (rise edge)
                                  0.000000    0.000000   clock source latency
     1    0.014807    0.072589    0.049637    0.049637 ^ clk (in)
                                                         clk (net)
                      0.072599    0.000000    0.049637 ^ clkbuf_0_clk/A (sky130_fd_sc_hd__clkbuf_16)
     4    0.043480    0.062955    0.153571    0.203207 ^ clkbuf_0_clk/X (sky130_fd_sc_hd__clkbuf_16)
                                                         clknet_0_clk (net)
                      0.063200    0.002729    0.205937 ^ clkbuf_2_1__f_clk/A (sky130_fd_sc_hd__clkbuf_16)
    10    0.030077    0.051017    0.140527    0.346463 ^ clkbuf_2_1__f_clk/X (sky130_fd_sc_hd__clkbuf_16)
                                                         clknet_2_1__leaf_clk (net)
                      0.051080    0.002434    0.348897 ^ _151_/CLK (sky130_fd_sc_hd__dfrtp_1)
     2    0.005833    0.068265    0.337627    0.686524 ^ _151_/Q (sky130_fd_sc_hd__dfrtp_1)
                                                         mem0[2] (net)
                      0.068266    0.000350    0.686874 ^ _062_/B1 (sky130_fd_sc_hd__a31o_1)
     1    0.001966    0.034007    0.087923    0.774797 ^ _062_/X (sky130_fd_sc_hd__a31o_1)
                                                         net5 (net)
                      0.034007    0.000091    0.774888 ^ output5/A (sky130_fd_sc_hd__buf_2)
     1    0.035173    0.174596    0.195989    0.970877 ^ output5/X (sky130_fd_sc_hd__buf_2)
                                                         seg0[2] (net)
                      0.174621    0.001750    0.972627 ^ seg0[2] (out)
                                              0.972627   data arrival time

                                  0.000000    0.000000   clock clk (rise edge)
                                  0.000000    0.000000   clock network delay (propagated)
                                  0.250000    0.250000   clock uncertainty
                                  0.000000    0.250000   clock reconvergence pessimism
                                 -5.000000   -4.750000   output external delay
                                             -4.750000   data required time
---------------------------------------------------------------------------------------------
                                             -4.750000   data required time
                                             -0.972627   data arrival time
---------------------------------------------------------------------------------------------
                                              5.722627   slack (MET)


Startpoint: _155_ (rising edge-triggered flip-flop clocked by clk)
Endpoint: seg1[0] (output port clocked by clk)
Path Group: clk
Path Type: min

Fanout         Cap        Slew       Delay        Time   Description
---------------------------------------------------------------------------------------------
                                  0.000000    0.000000   clock clk (rise edge)
                                  0.000000    0.000000   clock source latency
     1    0.014807    0.072589    0.049637    0.049637 ^ clk (in)
                                                         clk (net)
                      0.072599    0.000000    0.049637 ^ clkbuf_0_clk/A (sky130_fd_sc_hd__clkbuf_16)
     4    0.043480    0.062955    0.153571    0.203207 ^ clkbuf_0_clk/X (sky130_fd_sc_hd__clkbuf_16)
                                                         clknet_0_clk (net)
                      0.063181    0.002586    0.205794 ^ clkbuf_2_2__f_clk/A (sky130_fd_sc_hd__clkbuf_16)
     8    0.025924    0.047220    0.137152    0.342946 ^ clkbuf_2_2__f_clk/X (sky130_fd_sc_hd__clkbuf_16)
                                                         clknet_2_2__leaf_clk (net)
                      0.047276    0.001405    0.344350 ^ _155_/CLK (sky130_fd_sc_hd__dfrtp_1)
     2    0.005551    0.066071    0.334285    0.678635 ^ _155_/Q (sky130_fd_sc_hd__dfrtp_1)
                                                         mem1[0] (net)
                      0.066072    0.000368    0.679003 ^ _072_/B1 (sky130_fd_sc_hd__a31o_1)
     1    0.003216    0.043771    0.096681    0.775684 ^ _072_/X (sky130_fd_sc_hd__a31o_1)
                                                         net9 (net)
                      0.043771    0.000190    0.775874 ^ output9/A (sky130_fd_sc_hd__buf_2)
     1    0.034222    0.170137    0.196607    0.972481 ^ output9/X (sky130_fd_sc_hd__buf_2)
                                                         seg1[0] (net)
                      0.170162    0.001705    0.974185 ^ seg1[0] (out)
                                              0.974185   data arrival time

                                  0.000000    0.000000   clock clk (rise edge)
                                  0.000000    0.000000   clock network delay (propagated)
                                  0.250000    0.250000   clock uncertainty
                                  0.000000    0.250000   clock reconvergence pessimism
                                 -5.000000   -4.750000   output external delay
                                             -4.750000   data required time
---------------------------------------------------------------------------------------------
                                             -4.750000   data required time
                                             -0.974185   data arrival time
---------------------------------------------------------------------------------------------
                                              5.724185   slack (MET)


Startpoint: _168_ (rising edge-triggered flip-flop clocked by clk)
Endpoint: seg3[1] (output port clocked by clk)
Path Group: clk
Path Type: min

Fanout         Cap        Slew       Delay        Time   Description
---------------------------------------------------------------------------------------------
                                  0.000000    0.000000   clock clk (rise edge)
                                  0.000000    0.000000   clock source latency
     1    0.014807    0.072589    0.049637    0.049637 ^ clk (in)
                                                         clk (net)
                      0.072599    0.000000    0.049637 ^ clkbuf_0_clk/A (sky130_fd_sc_hd__clkbuf_16)
     4    0.043480    0.062955    0.153571    0.203207 ^ clkbuf_0_clk/X (sky130_fd_sc_hd__clkbuf_16)
                                                         clknet_0_clk (net)
                      0.063179    0.002571    0.205778 ^ clkbuf_2_3__f_clk/A (sky130_fd_sc_hd__clkbuf_16)
    11    0.032427    0.053044    0.142284    0.348062 ^ clkbuf_2_3__f_clk/X (sky130_fd_sc_hd__clkbuf_16)
                                                         clknet_2_3__leaf_clk (net)
                      0.053080    0.001578    0.349640 ^ _168_/CLK (sky130_fd_sc_hd__dfrtp_1)
     2    0.005207    0.063351    0.334164    0.683804 ^ _168_/Q (sky130_fd_sc_hd__dfrtp_1)
                                                         mem3[1] (net)
                      0.063402    0.000324    0.684128 ^ _104_/B1 (sky130_fd_sc_hd__a31o_1)
     1    0.002763    0.040099    0.092438    0.776566 ^ _104_/X (sky130_fd_sc_hd__a31o_1)
                                                         net22 (net)
                      0.040099    0.000176    0.776742 ^ output22/A (sky130_fd_sc_hd__buf_2)
     1    0.034429    0.171097    0.195953    0.972695 ^ output22/X (sky130_fd_sc_hd__buf_2)
                                                         seg3[1] (net)
                      0.171119    0.001620    0.974316 ^ seg3[1] (out)
                                              0.974316   data arrival time

                                  0.000000    0.000000   clock clk (rise edge)
                                  0.000000    0.000000   clock network delay (propagated)
                                  0.250000    0.250000   clock uncertainty
                                  0.000000    0.250000   clock reconvergence pessimism
                                 -5.000000   -4.750000   output external delay
                                             -4.750000   data required time
---------------------------------------------------------------------------------------------
                                             -4.750000   data required time
                                             -0.974316   data arrival time
---------------------------------------------------------------------------------------------
                                              5.724316   slack (MET)


Startpoint: _166_ (rising edge-triggered flip-flop clocked by clk)
Endpoint: seg2[5] (output port clocked by clk)
Path Group: clk
Path Type: min

Fanout         Cap        Slew       Delay        Time   Description
---------------------------------------------------------------------------------------------
                                  0.000000    0.000000   clock clk (rise edge)
                                  0.000000    0.000000   clock source latency
     1    0.014807    0.072589    0.049637    0.049637 ^ clk (in)
                                                         clk (net)
                      0.072599    0.000000    0.049637 ^ clkbuf_0_clk/A (sky130_fd_sc_hd__clkbuf_16)
     4    0.043480    0.062955    0.153571    0.203207 ^ clkbuf_0_clk/X (sky130_fd_sc_hd__clkbuf_16)
                                                         clknet_0_clk (net)
                      0.063183    0.002598    0.205806 ^ clkbuf_2_0__f_clk/A (sky130_fd_sc_hd__clkbuf_16)
    10    0.030547    0.051451    0.140963    0.346769 ^ clkbuf_2_0__f_clk/X (sky130_fd_sc_hd__clkbuf_16)
                                                         clknet_2_0__leaf_clk (net)
                      0.051458    0.001090    0.347860 ^ _166_/CLK (sky130_fd_sc_hd__dfrtp_1)
     2    0.006347    0.072303    0.341210    0.689070 ^ _166_/Q (sky130_fd_sc_hd__dfrtp_1)
                                                         mem2[5] (net)
                      0.072304    0.000399    0.689469 ^ _097_/B1 (sky130_fd_sc_hd__a31o_1)
     1    0.001939    0.033901    0.088950    0.778419 ^ _097_/X (sky130_fd_sc_hd__a31o_1)
                                                         net20 (net)
                      0.033901    0.000090    0.778509 ^ output20/A (sky130_fd_sc_hd__buf_2)
     1    0.034908    0.173356    0.195084    0.973593 ^ output20/X (sky130_fd_sc_hd__buf_2)
                                                         seg2[5] (net)
                      0.173381    0.001738    0.975331 ^ seg2[5] (out)
                                              0.975331   data arrival time

                                  0.000000    0.000000   clock clk (rise edge)
                                  0.000000    0.000000   clock network delay (propagated)
                                  0.250000    0.250000   clock uncertainty
                                  0.000000    0.250000   clock reconvergence pessimism
                                 -5.000000   -4.750000   output external delay
                                             -4.750000   data required time
---------------------------------------------------------------------------------------------
                                             -4.750000   data required time
                                             -0.975331   data arrival time
---------------------------------------------------------------------------------------------
                                              5.725331   slack (MET)


Startpoint: _167_ (rising edge-triggered flip-flop clocked by clk)
Endpoint: seg3[0] (output port clocked by clk)
Path Group: clk
Path Type: min

Fanout         Cap        Slew       Delay        Time   Description
---------------------------------------------------------------------------------------------
                                  0.000000    0.000000   clock clk (rise edge)
                                  0.000000    0.000000   clock source latency
     1    0.014807    0.072589    0.049637    0.049637 ^ clk (in)
                                                         clk (net)
                      0.072599    0.000000    0.049637 ^ clkbuf_0_clk/A (sky130_fd_sc_hd__clkbuf_16)
     4    0.043480    0.062955    0.153571    0.203207 ^ clkbuf_0_clk/X (sky130_fd_sc_hd__clkbuf_16)
                                                         clknet_0_clk (net)
                      0.063179    0.002571    0.205778 ^ clkbuf_2_3__f_clk/A (sky130_fd_sc_hd__clkbuf_16)
    11    0.032427    0.053044    0.142284    0.348062 ^ clkbuf_2_3__f_clk/X (sky130_fd_sc_hd__clkbuf_16)
                                                         clknet_2_3__leaf_clk (net)
                      0.053122    0.001982    0.350044 ^ _167_/CLK (sky130_fd_sc_hd__dfrtp_1)
     2    0.006025    0.069784    0.339616    0.689660 ^ _167_/Q (sky130_fd_sc_hd__dfrtp_1)
                                                         mem3[0] (net)
                      0.069786    0.000511    0.690171 ^ _101_/B1 (sky130_fd_sc_hd__a31o_1)
     1    0.002169    0.035573    0.089897    0.780068 ^ _101_/X (sky130_fd_sc_hd__a31o_1)
                                                         net21 (net)
                      0.035573    0.000156    0.780224 ^ output21/A (sky130_fd_sc_hd__buf_2)
     1    0.034506    0.171468    0.194464    0.974688 ^ output21/X (sky130_fd_sc_hd__buf_2)
                                                         seg3[0] (net)
                      0.171491    0.001639    0.976327 ^ seg3[0] (out)
                                              0.976327   data arrival time

                                  0.000000    0.000000   clock clk (rise edge)
                                  0.000000    0.000000   clock network delay (propagated)
                                  0.250000    0.250000   clock uncertainty
                                  0.000000    0.250000   clock reconvergence pessimism
                                 -5.000000   -4.750000   output external delay
                                             -4.750000   data required time
---------------------------------------------------------------------------------------------
                                             -4.750000   data required time
                                             -0.976327   data arrival time
---------------------------------------------------------------------------------------------
                                              5.726327   slack (MET)


Startpoint: _153_ (rising edge-triggered flip-flop clocked by clk)
Endpoint: seg0[4] (output port clocked by clk)
Path Group: clk
Path Type: min

Fanout         Cap        Slew       Delay        Time   Description
---------------------------------------------------------------------------------------------
                                  0.000000    0.000000   clock clk (rise edge)
                                  0.000000    0.000000   clock source latency
     1    0.014807    0.072589    0.049637    0.049637 ^ clk (in)
                                                         clk (net)
                      0.072599    0.000000    0.049637 ^ clkbuf_0_clk/A (sky130_fd_sc_hd__clkbuf_16)
     4    0.043480    0.062955    0.153571    0.203207 ^ clkbuf_0_clk/X (sky130_fd_sc_hd__clkbuf_16)
                                                         clknet_0_clk (net)
                      0.063200    0.002729    0.205937 ^ clkbuf_2_1__f_clk/A (sky130_fd_sc_hd__clkbuf_16)
    10    0.030077    0.051017    0.140527    0.346463 ^ clkbuf_2_1__f_clk/X (sky130_fd_sc_hd__clkbuf_16)
                                                         clknet_2_1__leaf_clk (net)
                      0.051059    0.002224    0.348687 ^ _153_/CLK (sky130_fd_sc_hd__dfrtp_1)
     2    0.004927    0.061210    0.331519    0.680206 ^ _153_/Q (sky130_fd_sc_hd__dfrtp_1)
                                                         mem0[4] (net)
                      0.061210    0.000328    0.680534 ^ _066_/B1 (sky130_fd_sc_hd__a31o_1)
     1    0.003330    0.044604    0.096037    0.776571 ^ _066_/X (sky130_fd_sc_hd__a31o_1)
                                                         net7 (net)
                      0.044604    0.000213    0.776784 ^ output7/A (sky130_fd_sc_hd__buf_2)
     1    0.034638    0.172072    0.198328    0.975112 ^ output7/X (sky130_fd_sc_hd__buf_2)
                                                         seg0[4] (net)
                      0.172095    0.001685    0.976797 ^ seg0[4] (out)
                                              0.976797   data arrival time

                                  0.000000    0.000000   clock clk (rise edge)
                                  0.000000    0.000000   clock network delay (propagated)
                                  0.250000    0.250000   clock uncertainty
                                  0.000000    0.250000   clock reconvergence pessimism
                                 -5.000000   -4.750000   output external delay
                                             -4.750000   data required time
---------------------------------------------------------------------------------------------
                                             -4.750000   data required time
                                             -0.976797   data arrival time
---------------------------------------------------------------------------------------------
                                              5.726797   slack (MET)


Startpoint: _156_ (rising edge-triggered flip-flop clocked by clk)
Endpoint: seg1[1] (output port clocked by clk)
Path Group: clk
Path Type: min

Fanout         Cap        Slew       Delay        Time   Description
---------------------------------------------------------------------------------------------
                                  0.000000    0.000000   clock clk (rise edge)
                                  0.000000    0.000000   clock source latency
     1    0.014807    0.072589    0.049637    0.049637 ^ clk (in)
                                                         clk (net)
                      0.072599    0.000000    0.049637 ^ clkbuf_0_clk/A (sky130_fd_sc_hd__clkbuf_16)
     4    0.043480    0.062955    0.153571    0.203207 ^ clkbuf_0_clk/X (sky130_fd_sc_hd__clkbuf_16)
                                                         clknet_0_clk (net)
                      0.063181    0.002586    0.205794 ^ clkbuf_2_2__f_clk/A (sky130_fd_sc_hd__clkbuf_16)
     8    0.025924    0.047220    0.137152    0.342946 ^ clkbuf_2_2__f_clk/X (sky130_fd_sc_hd__clkbuf_16)
                                                         clknet_2_2__leaf_clk (net)
                      0.047267    0.001307    0.344252 ^ _156_/CLK (sky130_fd_sc_hd__dfrtp_1)
     2    0.005361    0.064601    0.332983    0.677235 ^ _156_/Q (sky130_fd_sc_hd__dfrtp_1)
                                                         mem1[1] (net)
                      0.064603    0.000450    0.677685 ^ _074_/B1 (sky130_fd_sc_hd__a31o_1)
     1    0.003649    0.047319    0.099293    0.776978 ^ _074_/X (sky130_fd_sc_hd__a31o_1)
                                                         net10 (net)
                      0.047320    0.000262    0.777241 ^ output10/A (sky130_fd_sc_hd__buf_2)
     1    0.034443    0.171095    0.198764    0.976005 ^ output10/X (sky130_fd_sc_hd__buf_2)
                                                         seg1[1] (net)
                      0.171168    0.001621    0.977625 ^ seg1[1] (out)
                                              0.977625   data arrival time

                                  0.000000    0.000000   clock clk (rise edge)
                                  0.000000    0.000000   clock network delay (propagated)
                                  0.250000    0.250000   clock uncertainty
                                  0.000000    0.250000   clock reconvergence pessimism
                                 -5.000000   -4.750000   output external delay
                                             -4.750000   data required time
---------------------------------------------------------------------------------------------
                                             -4.750000   data required time
                                             -0.977625   data arrival time
---------------------------------------------------------------------------------------------
                                              5.727626   slack (MET)


Startpoint: _163_ (rising edge-triggered flip-flop clocked by clk)
Endpoint: seg2[2] (output port clocked by clk)
Path Group: clk
Path Type: min

Fanout         Cap        Slew       Delay        Time   Description
---------------------------------------------------------------------------------------------
                                  0.000000    0.000000   clock clk (rise edge)
                                  0.000000    0.000000   clock source latency
     1    0.014807    0.072589    0.049637    0.049637 ^ clk (in)
                                                         clk (net)
                      0.072599    0.000000    0.049637 ^ clkbuf_0_clk/A (sky130_fd_sc_hd__clkbuf_16)
     4    0.043480    0.062955    0.153571    0.203207 ^ clkbuf_0_clk/X (sky130_fd_sc_hd__clkbuf_16)
                                                         clknet_0_clk (net)
                      0.063183    0.002598    0.205806 ^ clkbuf_2_0__f_clk/A (sky130_fd_sc_hd__clkbuf_16)
    10    0.030547    0.051451    0.140963    0.346769 ^ clkbuf_2_0__f_clk/X (sky130_fd_sc_hd__clkbuf_16)
                                                         clknet_2_0__leaf_clk (net)
                      0.051512    0.002464    0.349233 ^ _163_/CLK (sky130_fd_sc_hd__dfrtp_1)
     2    0.005802    0.068032    0.337557    0.686790 ^ _163_/Q (sky130_fd_sc_hd__dfrtp_1)
                                                         mem2[2] (net)
                      0.068033    0.000393    0.687183 ^ _091_/B1 (sky130_fd_sc_hd__a31o_1)
     1    0.002766    0.040214    0.093863    0.781046 ^ _091_/X (sky130_fd_sc_hd__a31o_1)
                                                         net17 (net)
                      0.040215    0.000199    0.781245 ^ output17/A (sky130_fd_sc_hd__buf_2)
     1    0.034205    0.170062    0.195187    0.976432 ^ output17/X (sky130_fd_sc_hd__buf_2)
                                                         seg2[2] (net)
                      0.170087    0.001704    0.978136 ^ seg2[2] (out)
                                              0.978136   data arrival time

                                  0.000000    0.000000   clock clk (rise edge)
                                  0.000000    0.000000   clock network delay (propagated)
                                  0.250000    0.250000   clock uncertainty
                                  0.000000    0.250000   clock reconvergence pessimism
                                 -5.000000   -4.750000   output external delay
                                             -4.750000   data required time
---------------------------------------------------------------------------------------------
                                             -4.750000   data required time
                                             -0.978136   data arrival time
---------------------------------------------------------------------------------------------
                                              5.728136   slack (MET)


Startpoint: _149_ (rising edge-triggered flip-flop clocked by clk)
Endpoint: seg0[0] (output port clocked by clk)
Path Group: clk
Path Type: min

Fanout         Cap        Slew       Delay        Time   Description
---------------------------------------------------------------------------------------------
                                  0.000000    0.000000   clock clk (rise edge)
                                  0.000000    0.000000   clock source latency
     1    0.014807    0.072589    0.049637    0.049637 ^ clk (in)
                                                         clk (net)
                      0.072599    0.000000    0.049637 ^ clkbuf_0_clk/A (sky130_fd_sc_hd__clkbuf_16)
     4    0.043480    0.062955    0.153571    0.203207 ^ clkbuf_0_clk/X (sky130_fd_sc_hd__clkbuf_16)
                                                         clknet_0_clk (net)
                      0.063200    0.002729    0.205937 ^ clkbuf_2_1__f_clk/A (sky130_fd_sc_hd__clkbuf_16)
    10    0.030077    0.051017    0.140527    0.346463 ^ clkbuf_2_1__f_clk/X (sky130_fd_sc_hd__clkbuf_16)
                                                         clknet_2_1__leaf_clk (net)
                      0.051035    0.001349    0.347812 ^ _149_/CLK (sky130_fd_sc_hd__dfrtp_1)
     2    0.005380    0.064742    0.334562    0.682374 ^ _149_/Q (sky130_fd_sc_hd__dfrtp_1)
                                                         mem0[0] (net)
                      0.064742    0.000335    0.682709 ^ _058_/B1 (sky130_fd_sc_hd__a31o_1)
     1    0.003207    0.043674    0.096194    0.778903 ^ _058_/X (sky130_fd_sc_hd__a31o_1)
                                                         net3 (net)
                      0.043675    0.000201    0.779104 ^ output3/A (sky130_fd_sc_hd__buf_2)
     1    0.034530    0.171580    0.197550    0.976655 ^ output3/X (sky130_fd_sc_hd__buf_2)
                                                         seg0[0] (net)
                      0.171606    0.001760    0.978415 ^ seg0[0] (out)
                                              0.978415   data arrival time

                                  0.000000    0.000000   clock clk (rise edge)
                                  0.000000    0.000000   clock network delay (propagated)
                                  0.250000    0.250000   clock uncertainty
                                  0.000000    0.250000   clock reconvergence pessimism
                                 -5.000000   -4.750000   output external delay
                                             -4.750000   data required time
---------------------------------------------------------------------------------------------
                                             -4.750000   data required time
                                             -0.978415   data arrival time
---------------------------------------------------------------------------------------------
                                              5.728415   slack (MET)


Startpoint: _161_ (rising edge-triggered flip-flop clocked by clk)
Endpoint: seg2[0] (output port clocked by clk)
Path Group: clk
Path Type: min

Fanout         Cap        Slew       Delay        Time   Description
---------------------------------------------------------------------------------------------
                                  0.000000    0.000000   clock clk (rise edge)
                                  0.000000    0.000000   clock source latency
     1    0.014807    0.072589    0.049637    0.049637 ^ clk (in)
                                                         clk (net)
                      0.072599    0.000000    0.049637 ^ clkbuf_0_clk/A (sky130_fd_sc_hd__clkbuf_16)
     4    0.043480    0.062955    0.153571    0.203207 ^ clkbuf_0_clk/X (sky130_fd_sc_hd__clkbuf_16)
                                                         clknet_0_clk (net)
                      0.063183    0.002598    0.205806 ^ clkbuf_2_0__f_clk/A (sky130_fd_sc_hd__clkbuf_16)
    10    0.030547    0.051451    0.140963    0.346769 ^ clkbuf_2_0__f_clk/X (sky130_fd_sc_hd__clkbuf_16)
                                                         clknet_2_0__leaf_clk (net)
                      0.051492    0.002252    0.349021 ^ _161_/CLK (sky130_fd_sc_hd__dfrtp_1)
     2    0.006536    0.073775    0.342538    0.691559 ^ _161_/Q (sky130_fd_sc_hd__dfrtp_1)
                                                         mem2[0] (net)
                      0.073775    0.000310    0.691869 ^ _086_/B1 (sky130_fd_sc_hd__a31o_1)
     1    0.002370    0.037201    0.092633    0.784502 ^ _086_/X (sky130_fd_sc_hd__a31o_1)
                                                         net15 (net)
                      0.037202    0.000173    0.784675 ^ output15/A (sky130_fd_sc_hd__buf_2)
     1    0.034456    0.171247    0.194823    0.979498 ^ output15/X (sky130_fd_sc_hd__buf_2)
                                                         seg2[0] (net)
                      0.171273    0.001774    0.981272 ^ seg2[0] (out)
                                              0.981272   data arrival time

                                  0.000000    0.000000   clock clk (rise edge)
                                  0.000000    0.000000   clock network delay (propagated)
                                  0.250000    0.250000   clock uncertainty
                                  0.000000    0.250000   clock reconvergence pessimism
                                 -5.000000   -4.750000   output external delay
                                             -4.750000   data required time
---------------------------------------------------------------------------------------------
                                             -4.750000   data required time
                                             -0.981272   data arrival time
---------------------------------------------------------------------------------------------
                                              5.731273   slack (MET)


Startpoint: _165_ (rising edge-triggered flip-flop clocked by clk)
Endpoint: seg2[4] (output port clocked by clk)
Path Group: clk
Path Type: min

Fanout         Cap        Slew       Delay        Time   Description
---------------------------------------------------------------------------------------------
                                  0.000000    0.000000   clock clk (rise edge)
                                  0.000000    0.000000   clock source latency
     1    0.014807    0.072589    0.049637    0.049637 ^ clk (in)
                                                         clk (net)
                      0.072599    0.000000    0.049637 ^ clkbuf_0_clk/A (sky130_fd_sc_hd__clkbuf_16)
     4    0.043480    0.062955    0.153571    0.203207 ^ clkbuf_0_clk/X (sky130_fd_sc_hd__clkbuf_16)
                                                         clknet_0_clk (net)
                      0.063183    0.002598    0.205806 ^ clkbuf_2_0__f_clk/A (sky130_fd_sc_hd__clkbuf_16)
    10    0.030547    0.051451    0.140963    0.346769 ^ clkbuf_2_0__f_clk/X (sky130_fd_sc_hd__clkbuf_16)
                                                         clknet_2_0__leaf_clk (net)
                      0.051518    0.002519    0.349288 ^ _165_/CLK (sky130_fd_sc_hd__dfrtp_1)
     2    0.006878    0.076482    0.344848    0.694137 ^ _165_/Q (sky130_fd_sc_hd__dfrtp_1)
                                                         mem2[4] (net)
                      0.076483    0.000377    0.694514 ^ _095_/B1 (sky130_fd_sc_hd__a31o_1)
     1    0.002108    0.035271    0.091484    0.785998 ^ _095_/X (sky130_fd_sc_hd__a31o_1)
                                                         net19 (net)
                      0.035271    0.000149    0.786147 ^ output19/A (sky130_fd_sc_hd__buf_2)
     1    0.034538    0.171613    0.194465    0.980613 ^ output19/X (sky130_fd_sc_hd__buf_2)
                                                         seg2[4] (net)
                      0.171635    0.001619    0.982231 ^ seg2[4] (out)
                                              0.982231   data arrival time

                                  0.000000    0.000000   clock clk (rise edge)
                                  0.000000    0.000000   clock network delay (propagated)
                                  0.250000    0.250000   clock uncertainty
                                  0.000000    0.250000   clock reconvergence pessimism
                                 -5.000000   -4.750000   output external delay
                                             -4.750000   data required time
---------------------------------------------------------------------------------------------
                                             -4.750000   data required time
                                             -0.982231   data arrival time
---------------------------------------------------------------------------------------------
                                              5.732231   slack (MET)


Startpoint: _154_ (rising edge-triggered flip-flop clocked by clk)
Endpoint: seg0[5] (output port clocked by clk)
Path Group: clk
Path Type: min

Fanout         Cap        Slew       Delay        Time   Description
---------------------------------------------------------------------------------------------
                                  0.000000    0.000000   clock clk (rise edge)
                                  0.000000    0.000000   clock source latency
     1    0.014807    0.072589    0.049637    0.049637 ^ clk (in)
                                                         clk (net)
                      0.072599    0.000000    0.049637 ^ clkbuf_0_clk/A (sky130_fd_sc_hd__clkbuf_16)
     4    0.043480    0.062955    0.153571    0.203207 ^ clkbuf_0_clk/X (sky130_fd_sc_hd__clkbuf_16)
                                                         clknet_0_clk (net)
                      0.063200    0.002729    0.205937 ^ clkbuf_2_1__f_clk/A (sky130_fd_sc_hd__clkbuf_16)
    10    0.030077    0.051017    0.140527    0.346463 ^ clkbuf_2_1__f_clk/X (sky130_fd_sc_hd__clkbuf_16)
                                                         clknet_2_1__leaf_clk (net)
                      0.051078    0.002412    0.348875 ^ _154_/CLK (sky130_fd_sc_hd__dfrtp_1)
     2    0.006947    0.077023    0.345142    0.694017 ^ _154_/Q (sky130_fd_sc_hd__dfrtp_1)
                                                         mem0[5] (net)
                      0.077023    0.000357    0.694375 ^ _068_/B1 (sky130_fd_sc_hd__a31o_1)
     1    0.001932    0.033964    0.090337    0.784712 ^ _068_/X (sky130_fd_sc_hd__a31o_1)
                                                         net8 (net)
                      0.033964    0.000089    0.784801 ^ output8/A (sky130_fd_sc_hd__buf_2)
     1    0.035087    0.174194    0.195680    0.980480 ^ output8/X (sky130_fd_sc_hd__buf_2)
                                                         seg0[5] (net)
                      0.174220    0.001761    0.982241 ^ seg0[5] (out)
                                              0.982241   data arrival time

                                  0.000000    0.000000   clock clk (rise edge)
                                  0.000000    0.000000   clock network delay (propagated)
                                  0.250000    0.250000   clock uncertainty
                                  0.000000    0.250000   clock reconvergence pessimism
                                 -5.000000   -4.750000   output external delay
                                             -4.750000   data required time
---------------------------------------------------------------------------------------------
                                             -4.750000   data required time
                                             -0.982241   data arrival time
---------------------------------------------------------------------------------------------
                                              5.732241   slack (MET)


Startpoint: _170_ (rising edge-triggered flip-flop clocked by clk)
Endpoint: seg3[3] (output port clocked by clk)
Path Group: clk
Path Type: min

Fanout         Cap        Slew       Delay        Time   Description
---------------------------------------------------------------------------------------------
                                  0.000000    0.000000   clock clk (rise edge)
                                  0.000000    0.000000   clock source latency
     1    0.014807    0.072589    0.049637    0.049637 ^ clk (in)
                                                         clk (net)
                      0.072599    0.000000    0.049637 ^ clkbuf_0_clk/A (sky130_fd_sc_hd__clkbuf_16)
     4    0.043480    0.062955    0.153571    0.203207 ^ clkbuf_0_clk/X (sky130_fd_sc_hd__clkbuf_16)
                                                         clknet_0_clk (net)
                      0.063179    0.002571    0.205778 ^ clkbuf_2_3__f_clk/A (sky130_fd_sc_hd__clkbuf_16)
    11    0.032427    0.053044    0.142284    0.348062 ^ clkbuf_2_3__f_clk/X (sky130_fd_sc_hd__clkbuf_16)
                                                         clknet_2_3__leaf_clk (net)
                      0.053128    0.002043    0.350105 ^ _170_/CLK (sky130_fd_sc_hd__dfrtp_1)
     2    0.005541    0.065995    0.336392    0.686497 ^ _170_/Q (sky130_fd_sc_hd__dfrtp_1)
                                                         mem3[3] (net)
                      0.065996    0.000390    0.686887 ^ _108_/B1 (sky130_fd_sc_hd__a31o_1)
     1    0.003161    0.043327    0.096210    0.783097 ^ _108_/X (sky130_fd_sc_hd__a31o_1)
                                                         net24 (net)
                      0.043328    0.000233    0.783330 ^ output24/A (sky130_fd_sc_hd__buf_2)
     1    0.034468    0.171293    0.197214    0.980545 ^ output24/X (sky130_fd_sc_hd__buf_2)
                                                         seg3[3] (net)
                      0.171319    0.001758    0.982302 ^ seg3[3] (out)
                                              0.982302   data arrival time

                                  0.000000    0.000000   clock clk (rise edge)
                                  0.000000    0.000000   clock network delay (propagated)
                                  0.250000    0.250000   clock uncertainty
                                  0.000000    0.250000   clock reconvergence pessimism
                                 -5.000000   -4.750000   output external delay
                                             -4.750000   data required time
---------------------------------------------------------------------------------------------
                                             -4.750000   data required time
                                             -0.982302   data arrival time
---------------------------------------------------------------------------------------------
                                              5.732302   slack (MET)


Startpoint: _169_ (rising edge-triggered flip-flop clocked by clk)
Endpoint: seg3[2] (output port clocked by clk)
Path Group: clk
Path Type: min

Fanout         Cap        Slew       Delay        Time   Description
---------------------------------------------------------------------------------------------
                                  0.000000    0.000000   clock clk (rise edge)
                                  0.000000    0.000000   clock source latency
     1    0.014807    0.072589    0.049637    0.049637 ^ clk (in)
                                                         clk (net)
                      0.072599    0.000000    0.049637 ^ clkbuf_0_clk/A (sky130_fd_sc_hd__clkbuf_16)
     4    0.043480    0.062955    0.153571    0.203207 ^ clkbuf_0_clk/X (sky130_fd_sc_hd__clkbuf_16)
                                                         clknet_0_clk (net)
                      0.063179    0.002571    0.205778 ^ clkbuf_2_3__f_clk/A (sky130_fd_sc_hd__clkbuf_16)
    11    0.032427    0.053044    0.142284    0.348062 ^ clkbuf_2_3__f_clk/X (sky130_fd_sc_hd__clkbuf_16)
                                                         clknet_2_3__leaf_clk (net)
                      0.053129    0.002051    0.350113 ^ _169_/CLK (sky130_fd_sc_hd__dfrtp_1)
     2    0.005603    0.066460    0.336882    0.686994 ^ _169_/Q (sky130_fd_sc_hd__dfrtp_1)
                                                         mem3[2] (net)
                      0.066460    0.000295    0.687289 ^ _106_/B1 (sky130_fd_sc_hd__a31o_1)
     1    0.003164    0.043364    0.096401    0.783691 ^ _106_/X (sky130_fd_sc_hd__a31o_1)
                                                         net23 (net)
                      0.043364    0.000201    0.783892 ^ output23/A (sky130_fd_sc_hd__buf_2)
     1    0.034429    0.171091    0.197204    0.981096 ^ output23/X (sky130_fd_sc_hd__buf_2)
                                                         seg3[2] (net)
                      0.171113    0.001620    0.982717 ^ seg3[2] (out)
                                              0.982717   data arrival time

                                  0.000000    0.000000   clock clk (rise edge)
                                  0.000000    0.000000   clock network delay (propagated)
                                  0.250000    0.250000   clock uncertainty
                                  0.000000    0.250000   clock reconvergence pessimism
                                 -5.000000   -4.750000   output external delay
                                             -4.750000   data required time
---------------------------------------------------------------------------------------------
                                             -4.750000   data required time
                                             -0.982717   data arrival time
---------------------------------------------------------------------------------------------
                                              5.732717   slack (MET)


Startpoint: _159_ (rising edge-triggered flip-flop clocked by clk)
Endpoint: seg1[4] (output port clocked by clk)
Path Group: clk
Path Type: min

Fanout         Cap        Slew       Delay        Time   Description
---------------------------------------------------------------------------------------------
                                  0.000000    0.000000   clock clk (rise edge)
                                  0.000000    0.000000   clock source latency
     1    0.014807    0.072589    0.049637    0.049637 ^ clk (in)
                                                         clk (net)
                      0.072599    0.000000    0.049637 ^ clkbuf_0_clk/A (sky130_fd_sc_hd__clkbuf_16)
     4    0.043480    0.062955    0.153571    0.203207 ^ clkbuf_0_clk/X (sky130_fd_sc_hd__clkbuf_16)
                                                         clknet_0_clk (net)
                      0.063181    0.002586    0.205794 ^ clkbuf_2_2__f_clk/A (sky130_fd_sc_hd__clkbuf_16)
     8    0.025924    0.047220    0.137152    0.342946 ^ clkbuf_2_2__f_clk/X (sky130_fd_sc_hd__clkbuf_16)
                                                         clknet_2_2__leaf_clk (net)
                      0.047303    0.001677    0.344623 ^ _159_/CLK (sky130_fd_sc_hd__dfrtp_1)
     2    0.005473    0.065444    0.333829    0.678452 ^ _159_/Q (sky130_fd_sc_hd__dfrtp_1)
                                                         mem1[4] (net)
                      0.065444    0.000299    0.678751 ^ _080_/B1 (sky130_fd_sc_hd__a31o_1)
     1    0.004253    0.052567    0.103667    0.782418 ^ _080_/X (sky130_fd_sc_hd__a31o_1)
                                                         net13 (net)
                      0.052567    0.000253    0.782672 ^ output13/A (sky130_fd_sc_hd__buf_2)
     1    0.034222    0.170071    0.199975    0.982647 ^ output13/X (sky130_fd_sc_hd__buf_2)
                                                         seg1[4] (net)
                      0.170146    0.001705    0.984352 ^ seg1[4] (out)
                                              0.984352   data arrival time

                                  0.000000    0.000000   clock clk (rise edge)
                                  0.000000    0.000000   clock network delay (propagated)
                                  0.250000    0.250000   clock uncertainty
                                  0.000000    0.250000   clock reconvergence pessimism
                                 -5.000000   -4.750000   output external delay
                                             -4.750000   data required time
---------------------------------------------------------------------------------------------
                                             -4.750000   data required time
                                             -0.984352   data arrival time
---------------------------------------------------------------------------------------------
                                              5.734352   slack (MET)


Startpoint: _152_ (rising edge-triggered flip-flop clocked by clk)
Endpoint: seg0[3] (output port clocked by clk)
Path Group: clk
Path Type: min

Fanout         Cap        Slew       Delay        Time   Description
---------------------------------------------------------------------------------------------
                                  0.000000    0.000000   clock clk (rise edge)
                                  0.000000    0.000000   clock source latency
     1    0.014807    0.072589    0.049637    0.049637 ^ clk (in)
                                                         clk (net)
                      0.072599    0.000000    0.049637 ^ clkbuf_0_clk/A (sky130_fd_sc_hd__clkbuf_16)
     4    0.043480    0.062955    0.153571    0.203207 ^ clkbuf_0_clk/X (sky130_fd_sc_hd__clkbuf_16)
                                                         clknet_0_clk (net)
                      0.063200    0.002729    0.205937 ^ clkbuf_2_1__f_clk/A (sky130_fd_sc_hd__clkbuf_16)
    10    0.030077    0.051017    0.140527    0.346463 ^ clkbuf_2_1__f_clk/X (sky130_fd_sc_hd__clkbuf_16)
                                                         clknet_2_1__leaf_clk (net)
                      0.051067    0.002313    0.348776 ^ _152_/CLK (sky130_fd_sc_hd__dfrtp_1)
     2    0.006507    0.073565    0.342124    0.690900 ^ _152_/Q (sky130_fd_sc_hd__dfrtp_1)
                                                         mem0[3] (net)
                      0.073566    0.000431    0.691330 ^ _064_/B1 (sky130_fd_sc_hd__a31o_1)
     1    0.002497    0.038196    0.093542    0.784873 ^ _064_/X (sky130_fd_sc_hd__a31o_1)
                                                         net6 (net)
                      0.038196    0.000164    0.785037 ^ output6/A (sky130_fd_sc_hd__buf_2)
     1    0.035336    0.175354    0.198109    0.983146 ^ output6/X (sky130_fd_sc_hd__buf_2)
                                                         seg0[3] (net)
                      0.175381    0.001800    0.984946 ^ seg0[3] (out)
                                              0.984946   data arrival time

                                  0.000000    0.000000   clock clk (rise edge)
                                  0.000000    0.000000   clock network delay (propagated)
                                  0.250000    0.250000   clock uncertainty
                                  0.000000    0.250000   clock reconvergence pessimism
                                 -5.000000   -4.750000   output external delay
                                             -4.750000   data required time
---------------------------------------------------------------------------------------------
                                             -4.750000   data required time
                                             -0.984946   data arrival time
---------------------------------------------------------------------------------------------
                                              5.734946   slack (MET)


Startpoint: _150_ (rising edge-triggered flip-flop clocked by clk)
Endpoint: seg0[1] (output port clocked by clk)
Path Group: clk
Path Type: min

Fanout         Cap        Slew       Delay        Time   Description
---------------------------------------------------------------------------------------------
                                  0.000000    0.000000   clock clk (rise edge)
                                  0.000000    0.000000   clock source latency
     1    0.014807    0.072589    0.049637    0.049637 ^ clk (in)
                                                         clk (net)
                      0.072599    0.000000    0.049637 ^ clkbuf_0_clk/A (sky130_fd_sc_hd__clkbuf_16)
     4    0.043480    0.062955    0.153571    0.203207 ^ clkbuf_0_clk/X (sky130_fd_sc_hd__clkbuf_16)
                                                         clknet_0_clk (net)
                      0.063200    0.002729    0.205937 ^ clkbuf_2_1__f_clk/A (sky130_fd_sc_hd__clkbuf_16)
    10    0.030077    0.051017    0.140527    0.346463 ^ clkbuf_2_1__f_clk/X (sky130_fd_sc_hd__clkbuf_16)
                                                         clknet_2_1__leaf_clk (net)
                      0.051035    0.001375    0.347839 ^ _150_/CLK (sky130_fd_sc_hd__dfrtp_1)
     2    0.006395    0.072702    0.341313    0.689152 ^ _150_/Q (sky130_fd_sc_hd__dfrtp_1)
                                                         mem0[1] (net)
                      0.072704    0.000548    0.689700 ^ _060_/B1 (sky130_fd_sc_hd__a31o_1)
     1    0.002867    0.041109    0.096055    0.785755 ^ _060_/X (sky130_fd_sc_hd__a31o_1)
                                                         net4 (net)
                      0.041110    0.000208    0.785962 ^ output4/A (sky130_fd_sc_hd__buf_2)
     1    0.035144    0.174442    0.198646    0.984608 ^ output4/X (sky130_fd_sc_hd__buf_2)
                                                         seg0[1] (net)
                      0.174466    0.001713    0.986320 ^ seg0[1] (out)
                                              0.986320   data arrival time

                                  0.000000    0.000000   clock clk (rise edge)
                                  0.000000    0.000000   clock network delay (propagated)
                                  0.250000    0.250000   clock uncertainty
                                  0.000000    0.250000   clock reconvergence pessimism
                                 -5.000000   -4.750000   output external delay
                                             -4.750000   data required time
---------------------------------------------------------------------------------------------
                                             -4.750000   data required time
                                             -0.986320   data arrival time
---------------------------------------------------------------------------------------------
                                              5.736320   slack (MET)


Startpoint: _164_ (rising edge-triggered flip-flop clocked by clk)
Endpoint: seg2[3] (output port clocked by clk)
Path Group: clk
Path Type: min

Fanout         Cap        Slew       Delay        Time   Description
---------------------------------------------------------------------------------------------
                                  0.000000    0.000000   clock clk (rise edge)
                                  0.000000    0.000000   clock source latency
     1    0.014807    0.072589    0.049637    0.049637 ^ clk (in)
                                                         clk (net)
                      0.072599    0.000000    0.049637 ^ clkbuf_0_clk/A (sky130_fd_sc_hd__clkbuf_16)
     4    0.043480    0.062955    0.153571    0.203207 ^ clkbuf_0_clk/X (sky130_fd_sc_hd__clkbuf_16)
                                                         clknet_0_clk (net)
                      0.063183    0.002598    0.205806 ^ clkbuf_2_0__f_clk/A (sky130_fd_sc_hd__clkbuf_16)
    10    0.030547    0.051451    0.140963    0.346769 ^ clkbuf_2_0__f_clk/X (sky130_fd_sc_hd__clkbuf_16)
                                                         clknet_2_0__leaf_clk (net)
                      0.051513    0.002474    0.349244 ^ _164_/CLK (sky130_fd_sc_hd__dfrtp_1)
     2    0.005801    0.068003    0.337609    0.686853 ^ _164_/Q (sky130_fd_sc_hd__dfrtp_1)
                                                         mem2[3] (net)
                      0.068003    0.000310    0.687163 ^ _093_/B1 (sky130_fd_sc_hd__a31o_1)
     1    0.003829    0.048912    0.101565    0.788729 ^ _093_/X (sky130_fd_sc_hd__a31o_1)
                                                         net18 (net)
                      0.048912    0.000261    0.788990 ^ output18/A (sky130_fd_sc_hd__buf_2)
     1    0.033973    0.168901    0.197831    0.986821 ^ output18/X (sky130_fd_sc_hd__buf_2)
                                                         seg2[3] (net)
                      0.168973    0.001589    0.988410 ^ seg2[3] (out)
                                              0.988410   data arrival time

                                  0.000000    0.000000   clock clk (rise edge)
                                  0.000000    0.000000   clock network delay (propagated)
                                  0.250000    0.250000   clock uncertainty
                                  0.000000    0.250000   clock reconvergence pessimism
                                 -5.000000   -4.750000   output external delay
                                             -4.750000   data required time
---------------------------------------------------------------------------------------------
                                             -4.750000   data required time
                                             -0.988410   data arrival time
---------------------------------------------------------------------------------------------
                                              5.738410   slack (MET)


Startpoint: _172_ (rising edge-triggered flip-flop clocked by clk)
Endpoint: seg3[5] (output port clocked by clk)
Path Group: clk
Path Type: min

Fanout         Cap        Slew       Delay        Time   Description
---------------------------------------------------------------------------------------------
                                  0.000000    0.000000   clock clk (rise edge)
                                  0.000000    0.000000   clock source latency
     1    0.014807    0.072589    0.049637    0.049637 ^ clk (in)
                                                         clk (net)
                      0.072599    0.000000    0.049637 ^ clkbuf_0_clk/A (sky130_fd_sc_hd__clkbuf_16)
     4    0.043480    0.062955    0.153571    0.203207 ^ clkbuf_0_clk/X (sky130_fd_sc_hd__clkbuf_16)
                                                         clknet_0_clk (net)
                      0.063179    0.002571    0.205778 ^ clkbuf_2_3__f_clk/A (sky130_fd_sc_hd__clkbuf_16)
    11    0.032427    0.053044    0.142284    0.348062 ^ clkbuf_2_3__f_clk/X (sky130_fd_sc_hd__clkbuf_16)
                                                         clknet_2_3__leaf_clk (net)
                      0.053152    0.002264    0.350326 ^ _172_/CLK (sky130_fd_sc_hd__dfrtp_1)
     2    0.006431    0.072951    0.342453    0.692778 ^ _172_/Q (sky130_fd_sc_hd__dfrtp_1)
                                                         mem3[5] (net)
                      0.072952    0.000338    0.693117 ^ _112_/B1 (sky130_fd_sc_hd__a31o_1)
     1    0.003359    0.045033    0.099871    0.792988 ^ _112_/X (sky130_fd_sc_hd__a31o_1)
                                                         net26 (net)
                      0.045033    0.000199    0.793187 ^ output26/A (sky130_fd_sc_hd__buf_2)
     1    0.034080    0.169412    0.196684    0.989871 ^ output26/X (sky130_fd_sc_hd__buf_2)
                                                         seg3[5] (net)
                      0.169483    0.001611    0.991482 ^ seg3[5] (out)
                                              0.991482   data arrival time

                                  0.000000    0.000000   clock clk (rise edge)
                                  0.000000    0.000000   clock network delay (propagated)
                                  0.250000    0.250000   clock uncertainty
                                  0.000000    0.250000   clock reconvergence pessimism
                                 -5.000000   -4.750000   output external delay
                                             -4.750000   data required time
---------------------------------------------------------------------------------------------
                                             -4.750000   data required time
                                             -0.991482   data arrival time
---------------------------------------------------------------------------------------------
                                              5.741482   slack (MET)


Startpoint: _158_ (rising edge-triggered flip-flop clocked by clk)
Endpoint: seg1[3] (output port clocked by clk)
Path Group: clk
Path Type: min

Fanout         Cap        Slew       Delay        Time   Description
---------------------------------------------------------------------------------------------
                                  0.000000    0.000000   clock clk (rise edge)
                                  0.000000    0.000000   clock source latency
     1    0.014807    0.072589    0.049637    0.049637 ^ clk (in)
                                                         clk (net)
                      0.072599    0.000000    0.049637 ^ clkbuf_0_clk/A (sky130_fd_sc_hd__clkbuf_16)
     4    0.043480    0.062955    0.153571    0.203207 ^ clkbuf_0_clk/X (sky130_fd_sc_hd__clkbuf_16)
                                                         clknet_0_clk (net)
                      0.063181    0.002586    0.205794 ^ clkbuf_2_2__f_clk/A (sky130_fd_sc_hd__clkbuf_16)
     8    0.025924    0.047220    0.137152    0.342946 ^ clkbuf_2_2__f_clk/X (sky130_fd_sc_hd__clkbuf_16)
                                                         clknet_2_2__leaf_clk (net)
                      0.047303    0.001682    0.344627 ^ _158_/CLK (sky130_fd_sc_hd__dfrtp_1)
     2    0.007453    0.081049    0.347139    0.691767 ^ _158_/Q (sky130_fd_sc_hd__dfrtp_1)
                                                         mem1[3] (net)
                      0.081050    0.000374    0.692141 ^ _078_/B1 (sky130_fd_sc_hd__a31o_1)
     1    0.003527    0.046556    0.103576    0.795717 ^ _078_/X (sky130_fd_sc_hd__a31o_1)
                                                         net12 (net)
                      0.046556    0.000148    0.795865 ^ output12/A (sky130_fd_sc_hd__buf_2)
     1    0.034148    0.169727    0.197467    0.993331 ^ output12/X (sky130_fd_sc_hd__buf_2)
                                                         seg1[3] (net)
                      0.169800    0.001649    0.994981 ^ seg1[3] (out)
                                              0.994981   data arrival time

                                  0.000000    0.000000   clock clk (rise edge)
                                  0.000000    0.000000   clock network delay (propagated)
                                  0.250000    0.250000   clock uncertainty
                                  0.000000    0.250000   clock reconvergence pessimism
                                 -5.000000   -4.750000   output external delay
                                             -4.750000   data required time
---------------------------------------------------------------------------------------------
                                             -4.750000   data required time
                                             -0.994981   data arrival time
---------------------------------------------------------------------------------------------
                                              5.744981   slack (MET)


Startpoint: _171_ (rising edge-triggered flip-flop clocked by clk)
Endpoint: seg3[4] (output port clocked by clk)
Path Group: clk
Path Type: min

Fanout         Cap        Slew       Delay        Time   Description
---------------------------------------------------------------------------------------------
                                  0.000000    0.000000   clock clk (rise edge)
                                  0.000000    0.000000   clock source latency
     1    0.014807    0.072589    0.049637    0.049637 ^ clk (in)
                                                         clk (net)
                      0.072599    0.000000    0.049637 ^ clkbuf_0_clk/A (sky130_fd_sc_hd__clkbuf_16)
     4    0.043480    0.062955    0.153571    0.203207 ^ clkbuf_0_clk/X (sky130_fd_sc_hd__clkbuf_16)
                                                         clknet_0_clk (net)
                      0.063179    0.002571    0.205778 ^ clkbuf_2_3__f_clk/A (sky130_fd_sc_hd__clkbuf_16)
    11    0.032427    0.053044    0.142284    0.348062 ^ clkbuf_2_3__f_clk/X (sky130_fd_sc_hd__clkbuf_16)
                                                         clknet_2_3__leaf_clk (net)
                      0.053155    0.002292    0.350354 ^ _171_/CLK (sky130_fd_sc_hd__dfrtp_1)
     2    0.007221    0.079251    0.347646    0.698000 ^ _171_/Q (sky130_fd_sc_hd__dfrtp_1)
                                                         mem3[4] (net)
                      0.079253    0.000540    0.698540 ^ _110_/B1 (sky130_fd_sc_hd__a31o_1)
     1    0.003563    0.046823    0.103231    0.801772 ^ _110_/X (sky130_fd_sc_hd__a31o_1)
                                                         net25 (net)
                      0.046823    0.000239    0.802011 ^ output25/A (sky130_fd_sc_hd__buf_2)
     1    0.034160    0.169782    0.197625    0.999636 ^ output25/X (sky130_fd_sc_hd__buf_2)
                                                         seg3[4] (net)
                      0.169855    0.001625    1.001261 ^ seg3[4] (out)
                                              1.001261   data arrival time

                                  0.000000    0.000000   clock clk (rise edge)
                                  0.000000    0.000000   clock network delay (propagated)
                                  0.250000    0.250000   clock uncertainty
                                  0.000000    0.250000   clock reconvergence pessimism
                                 -5.000000   -4.750000   output external delay
                                             -4.750000   data required time
---------------------------------------------------------------------------------------------
                                             -4.750000   data required time
                                             -1.001261   data arrival time
---------------------------------------------------------------------------------------------
                                              5.751261   slack (MET)


Startpoint: _162_ (rising edge-triggered flip-flop clocked by clk)
Endpoint: seg2[1] (output port clocked by clk)
Path Group: clk
Path Type: min

Fanout         Cap        Slew       Delay        Time   Description
---------------------------------------------------------------------------------------------
                                  0.000000    0.000000   clock clk (rise edge)
                                  0.000000    0.000000   clock source latency
     1    0.014807    0.072589    0.049637    0.049637 ^ clk (in)
                                                         clk (net)
                      0.072599    0.000000    0.049637 ^ clkbuf_0_clk/A (sky130_fd_sc_hd__clkbuf_16)
     4    0.043480    0.062955    0.153571    0.203207 ^ clkbuf_0_clk/X (sky130_fd_sc_hd__clkbuf_16)
                                                         clknet_0_clk (net)
                      0.063183    0.002598    0.205806 ^ clkbuf_2_0__f_clk/A (sky130_fd_sc_hd__clkbuf_16)
    10    0.030547    0.051451    0.140963    0.346769 ^ clkbuf_2_0__f_clk/X (sky130_fd_sc_hd__clkbuf_16)
                                                         clknet_2_0__leaf_clk (net)
                      0.051490    0.002231    0.349001 ^ _162_/CLK (sky130_fd_sc_hd__dfrtp_1)
     2    0.006654    0.074715    0.343311    0.692312 ^ _162_/Q (sky130_fd_sc_hd__dfrtp_1)
                                                         mem2[1] (net)
                      0.074716    0.000445    0.692756 ^ _089_/B1 (sky130_fd_sc_hd__a31o_1)
     1    0.004363    0.053653    0.107235    0.799991 ^ _089_/X (sky130_fd_sc_hd__a31o_1)
                                                         net16 (net)
                      0.053653    0.000303    0.800294 ^ output16/A (sky130_fd_sc_hd__buf_2)
     1    0.034141    0.169685    0.200160    1.000454 ^ output16/X (sky130_fd_sc_hd__buf_2)
                                                         seg2[1] (net)
                      0.169757    0.001641    1.002096 ^ seg2[1] (out)
                                              1.002096   data arrival time

                                  0.000000    0.000000   clock clk (rise edge)
                                  0.000000    0.000000   clock network delay (propagated)
                                  0.250000    0.250000   clock uncertainty
                                  0.000000    0.250000   clock reconvergence pessimism
                                 -5.000000   -4.750000   output external delay
                                             -4.750000   data required time
---------------------------------------------------------------------------------------------
                                             -4.750000   data required time
                                             -1.002096   data arrival time
---------------------------------------------------------------------------------------------
                                              5.752096   slack (MET)


Startpoint: _160_ (rising edge-triggered flip-flop clocked by clk)
Endpoint: seg1[5] (output port clocked by clk)
Path Group: clk
Path Type: min

Fanout         Cap        Slew       Delay        Time   Description
---------------------------------------------------------------------------------------------
                                  0.000000    0.000000   clock clk (rise edge)
                                  0.000000    0.000000   clock source latency
     1    0.014807    0.072589    0.049637    0.049637 ^ clk (in)
                                                         clk (net)
                      0.072599    0.000000    0.049637 ^ clkbuf_0_clk/A (sky130_fd_sc_hd__clkbuf_16)
     4    0.043480    0.062955    0.153571    0.203207 ^ clkbuf_0_clk/X (sky130_fd_sc_hd__clkbuf_16)
                                                         clknet_0_clk (net)
                      0.063181    0.002586    0.205794 ^ clkbuf_2_2__f_clk/A (sky130_fd_sc_hd__clkbuf_16)
     8    0.025924    0.047220    0.137152    0.342946 ^ clkbuf_2_2__f_clk/X (sky130_fd_sc_hd__clkbuf_16)
                                                         clknet_2_2__leaf_clk (net)
                      0.047260    0.001218    0.344164 ^ _160_/CLK (sky130_fd_sc_hd__dfrtp_1)
     2    0.005987    0.069475    0.337205    0.681369 ^ _160_/Q (sky130_fd_sc_hd__dfrtp_1)
                                                         mem1[5] (net)
                      0.069476    0.000400    0.681769 ^ _082_/B1 (sky130_fd_sc_hd__a31o_1)
     1    0.005911    0.067131    0.116049    0.797818 ^ _082_/X (sky130_fd_sc_hd__a31o_1)
                                                         net14 (net)
                      0.067133    0.000486    0.798304 ^ output14/A (sky130_fd_sc_hd__buf_2)
     1    0.034469    0.171297    0.206206    1.004509 ^ output14/X (sky130_fd_sc_hd__buf_2)
                                                         seg1[5] (net)
                      0.171370    0.001665    1.006174 ^ seg1[5] (out)
                                              1.006174   data arrival time

                                  0.000000    0.000000   clock clk (rise edge)
                                  0.000000    0.000000   clock network delay (propagated)
                                  0.250000    0.250000   clock uncertainty
                                  0.000000    0.250000   clock reconvergence pessimism
                                 -5.000000   -4.750000   output external delay
                                             -4.750000   data required time
---------------------------------------------------------------------------------------------
                                             -4.750000   data required time
                                             -1.006174   data arrival time
---------------------------------------------------------------------------------------------
                                              5.756175   slack (MET)



%OL_END_REPORT
%OL_CREATE_REPORT max.rpt

===========================================================================
report_checks -path_delay max (Setup)
============================================================================
======================= max_tt_025C_1v80 Corner ===================================

Startpoint: _183_ (rising edge-triggered flip-flop clocked by clk)
Endpoint: seg1[1] (output port clocked by clk)
Path Group: clk
Path Type: max

Fanout         Cap        Slew       Delay        Time   Description
---------------------------------------------------------------------------------------------
                                  0.000000    0.000000   clock clk (rise edge)
                                  0.000000    0.000000   clock source latency
     1    0.014807    0.072589    0.049637    0.049637 ^ clk (in)
                                                         clk (net)
                      0.072599    0.000000    0.049637 ^ clkbuf_0_clk/A (sky130_fd_sc_hd__clkbuf_16)
     4    0.043480    0.062955    0.153571    0.203207 ^ clkbuf_0_clk/X (sky130_fd_sc_hd__clkbuf_16)
                                                         clknet_0_clk (net)
                      0.063179    0.002571    0.205778 ^ clkbuf_2_3__f_clk/A (sky130_fd_sc_hd__clkbuf_16)
    11    0.032427    0.053044    0.142284    0.348062 ^ clkbuf_2_3__f_clk/X (sky130_fd_sc_hd__clkbuf_16)
                                                         clknet_2_3__leaf_clk (net)
                      0.053138    0.002134    0.350196 ^ _183_/CLK (sky130_fd_sc_hd__dfrtp_1)
     2    0.009095    0.066840    0.390487    0.740682 v _183_/Q (sky130_fd_sc_hd__dfrtp_1)
                                                         cnt[1] (net)
                      0.066909    0.000513    0.741195 v fanout30/A (sky130_fd_sc_hd__buf_2)
    10    0.038020    0.095257    0.194593    0.935788 v fanout30/X (sky130_fd_sc_hd__buf_2)
                                                         net30 (net)
                      0.095643    0.004576    0.940364 v _049_/A (sky130_fd_sc_hd__inv_2)
     3    0.017325    0.086603    0.108683    1.049047 ^ _049_/Y (sky130_fd_sc_hd__inv_2)
                                                         _038_ (net)
                      0.086611    0.000693    1.049740 ^ fanout29/A (sky130_fd_sc_hd__buf_2)
    10    0.047620    0.233302    0.253922    1.303661 ^ fanout29/X (sky130_fd_sc_hd__buf_2)
                                                         net29 (net)
                      0.233606    0.006926    1.310587 ^ _074_/A1 (sky130_fd_sc_hd__a31o_1)
     1    0.003649    0.052868    0.178528    1.489115 ^ _074_/X (sky130_fd_sc_hd__a31o_1)
                                                         net10 (net)
                      0.052869    0.000262    1.489377 ^ output10/A (sky130_fd_sc_hd__buf_2)
     1    0.034443    0.171086    0.200890    1.690267 ^ output10/X (sky130_fd_sc_hd__buf_2)
                                                         seg1[1] (net)
                      0.171158    0.001621    1.691888 ^ seg1[1] (out)
                                              1.691888   data arrival time

                                 25.000000   25.000000   clock clk (rise edge)
                                  0.000000   25.000000   clock network delay (propagated)
                                 -0.250000   24.750000   clock uncertainty
                                  0.000000   24.750000   clock reconvergence pessimism
                                 -5.000000   19.750000   output external delay
                                             19.750000   data required time
---------------------------------------------------------------------------------------------
                                             19.750000   data required time
                                             -1.691888   data arrival time
---------------------------------------------------------------------------------------------
                                             18.058111   slack (MET)


Startpoint: _183_ (rising edge-triggered flip-flop clocked by clk)
Endpoint: seg1[3] (output port clocked by clk)
Path Group: clk
Path Type: max

Fanout         Cap        Slew       Delay        Time   Description
---------------------------------------------------------------------------------------------
                                  0.000000    0.000000   clock clk (rise edge)
                                  0.000000    0.000000   clock source latency
     1    0.014807    0.072589    0.049637    0.049637 ^ clk (in)
                                                         clk (net)
                      0.072599    0.000000    0.049637 ^ clkbuf_0_clk/A (sky130_fd_sc_hd__clkbuf_16)
     4    0.043480    0.062955    0.153571    0.203207 ^ clkbuf_0_clk/X (sky130_fd_sc_hd__clkbuf_16)
                                                         clknet_0_clk (net)
                      0.063179    0.002571    0.205778 ^ clkbuf_2_3__f_clk/A (sky130_fd_sc_hd__clkbuf_16)
    11    0.032427    0.053044    0.142284    0.348062 ^ clkbuf_2_3__f_clk/X (sky130_fd_sc_hd__clkbuf_16)
                                                         clknet_2_3__leaf_clk (net)
                      0.053138    0.002134    0.350196 ^ _183_/CLK (sky130_fd_sc_hd__dfrtp_1)
     2    0.009095    0.066840    0.390487    0.740682 v _183_/Q (sky130_fd_sc_hd__dfrtp_1)
                                                         cnt[1] (net)
                      0.066909    0.000513    0.741195 v fanout30/A (sky130_fd_sc_hd__buf_2)
    10    0.038020    0.095257    0.194593    0.935788 v fanout30/X (sky130_fd_sc_hd__buf_2)
                                                         net30 (net)
                      0.095643    0.004576    0.940364 v _049_/A (sky130_fd_sc_hd__inv_2)
     3    0.017325    0.086603    0.108683    1.049047 ^ _049_/Y (sky130_fd_sc_hd__inv_2)
                                                         _038_ (net)
                      0.086611    0.000693    1.049740 ^ fanout29/A (sky130_fd_sc_hd__buf_2)
    10    0.047620    0.233302    0.253922    1.303661 ^ fanout29/X (sky130_fd_sc_hd__buf_2)
                                                         net29 (net)
                      0.233563    0.006433    1.310095 ^ _078_/A1 (sky130_fd_sc_hd__a31o_1)
     1    0.003527    0.051876    0.177706    1.487800 ^ _078_/X (sky130_fd_sc_hd__a31o_1)
                                                         net12 (net)
                      0.051877    0.000148    1.487948 ^ output12/A (sky130_fd_sc_hd__buf_2)
     1    0.034148    0.169718    0.199505    1.687453 ^ output12/X (sky130_fd_sc_hd__buf_2)
                                                         seg1[3] (net)
                      0.169791    0.001649    1.689102 ^ seg1[3] (out)
                                              1.689102   data arrival time

                                 25.000000   25.000000   clock clk (rise edge)
                                  0.000000   25.000000   clock network delay (propagated)
                                 -0.250000   24.750000   clock uncertainty
                                  0.000000   24.750000   clock reconvergence pessimism
                                 -5.000000   19.750000   output external delay
                                             19.750000   data required time
---------------------------------------------------------------------------------------------
                                             19.750000   data required time
                                             -1.689102   data arrival time
---------------------------------------------------------------------------------------------
                                             18.060898   slack (MET)


Startpoint: _183_ (rising edge-triggered flip-flop clocked by clk)
Endpoint: seg0[4] (output port clocked by clk)
Path Group: clk
Path Type: max

Fanout         Cap        Slew       Delay        Time   Description
---------------------------------------------------------------------------------------------
                                  0.000000    0.000000   clock clk (rise edge)
                                  0.000000    0.000000   clock source latency
     1    0.014807    0.072589    0.049637    0.049637 ^ clk (in)
                                                         clk (net)
                      0.072599    0.000000    0.049637 ^ clkbuf_0_clk/A (sky130_fd_sc_hd__clkbuf_16)
     4    0.043480    0.062955    0.153571    0.203207 ^ clkbuf_0_clk/X (sky130_fd_sc_hd__clkbuf_16)
                                                         clknet_0_clk (net)
                      0.063179    0.002571    0.205778 ^ clkbuf_2_3__f_clk/A (sky130_fd_sc_hd__clkbuf_16)
    11    0.032427    0.053044    0.142284    0.348062 ^ clkbuf_2_3__f_clk/X (sky130_fd_sc_hd__clkbuf_16)
                                                         clknet_2_3__leaf_clk (net)
                      0.053138    0.002134    0.350196 ^ _183_/CLK (sky130_fd_sc_hd__dfrtp_1)
     2    0.009095    0.066840    0.390487    0.740682 v _183_/Q (sky130_fd_sc_hd__dfrtp_1)
                                                         cnt[1] (net)
                      0.066909    0.000513    0.741195 v fanout30/A (sky130_fd_sc_hd__buf_2)
    10    0.038020    0.095257    0.194593    0.935788 v fanout30/X (sky130_fd_sc_hd__buf_2)
                                                         net30 (net)
                      0.095643    0.004576    0.940364 v _049_/A (sky130_fd_sc_hd__inv_2)
     3    0.017325    0.086603    0.108683    1.049047 ^ _049_/Y (sky130_fd_sc_hd__inv_2)
                                                         _038_ (net)
                      0.086611    0.000693    1.049740 ^ fanout29/A (sky130_fd_sc_hd__buf_2)
    10    0.047620    0.233302    0.253922    1.303661 ^ fanout29/X (sky130_fd_sc_hd__buf_2)
                                                         net29 (net)
                      0.233459    0.005019    1.308680 ^ _066_/A1 (sky130_fd_sc_hd__a31o_1)
     1    0.003330    0.050249    0.176162    1.484842 ^ _066_/X (sky130_fd_sc_hd__a31o_1)
                                                         net7 (net)
                      0.050250    0.000213    1.485055 ^ output7/A (sky130_fd_sc_hd__buf_2)
     1    0.034638    0.172011    0.200492    1.685547 ^ output7/X (sky130_fd_sc_hd__buf_2)
                                                         seg0[4] (net)
                      0.172085    0.001685    1.687231 ^ seg0[4] (out)
                                              1.687231   data arrival time

                                 25.000000   25.000000   clock clk (rise edge)
                                  0.000000   25.000000   clock network delay (propagated)
                                 -0.250000   24.750000   clock uncertainty
                                  0.000000   24.750000   clock reconvergence pessimism
                                 -5.000000   19.750000   output external delay
                                             19.750000   data required time
---------------------------------------------------------------------------------------------
                                             19.750000   data required time
                                             -1.687231   data arrival time
---------------------------------------------------------------------------------------------
                                             18.062767   slack (MET)


Startpoint: _183_ (rising edge-triggered flip-flop clocked by clk)
Endpoint: seg1[0] (output port clocked by clk)
Path Group: clk
Path Type: max

Fanout         Cap        Slew       Delay        Time   Description
---------------------------------------------------------------------------------------------
                                  0.000000    0.000000   clock clk (rise edge)
                                  0.000000    0.000000   clock source latency
     1    0.014807    0.072589    0.049637    0.049637 ^ clk (in)
                                                         clk (net)
                      0.072599    0.000000    0.049637 ^ clkbuf_0_clk/A (sky130_fd_sc_hd__clkbuf_16)
     4    0.043480    0.062955    0.153571    0.203207 ^ clkbuf_0_clk/X (sky130_fd_sc_hd__clkbuf_16)
                                                         clknet_0_clk (net)
                      0.063179    0.002571    0.205778 ^ clkbuf_2_3__f_clk/A (sky130_fd_sc_hd__clkbuf_16)
    11    0.032427    0.053044    0.142284    0.348062 ^ clkbuf_2_3__f_clk/X (sky130_fd_sc_hd__clkbuf_16)
                                                         clknet_2_3__leaf_clk (net)
                      0.053138    0.002134    0.350196 ^ _183_/CLK (sky130_fd_sc_hd__dfrtp_1)
     2    0.009095    0.066840    0.390487    0.740682 v _183_/Q (sky130_fd_sc_hd__dfrtp_1)
                                                         cnt[1] (net)
                      0.066909    0.000513    0.741195 v fanout30/A (sky130_fd_sc_hd__buf_2)
    10    0.038020    0.095257    0.194593    0.935788 v fanout30/X (sky130_fd_sc_hd__buf_2)
                                                         net30 (net)
                      0.095643    0.004576    0.940364 v _049_/A (sky130_fd_sc_hd__inv_2)
     3    0.017325    0.086603    0.108683    1.049047 ^ _049_/Y (sky130_fd_sc_hd__inv_2)
                                                         _038_ (net)
                      0.086611    0.000693    1.049740 ^ fanout29/A (sky130_fd_sc_hd__buf_2)
    10    0.047620    0.233302    0.253922    1.303661 ^ fanout29/X (sky130_fd_sc_hd__buf_2)
                                                         net29 (net)
                      0.233626    0.007146    1.310807 ^ _072_/A1 (sky130_fd_sc_hd__a31o_1)
     1    0.003216    0.049539    0.175275    1.486082 ^ _072_/X (sky130_fd_sc_hd__a31o_1)
                                                         net9 (net)
                      0.049539    0.000190    1.486272 ^ output9/A (sky130_fd_sc_hd__buf_2)
     1    0.034222    0.170077    0.198816    1.685088 ^ output9/X (sky130_fd_sc_hd__buf_2)
                                                         seg1[0] (net)
                      0.170152    0.001705    1.686792 ^ seg1[0] (out)
                                              1.686792   data arrival time

                                 25.000000   25.000000   clock clk (rise edge)
                                  0.000000   25.000000   clock network delay (propagated)
                                 -0.250000   24.750000   clock uncertainty
                                  0.000000   24.750000   clock reconvergence pessimism
                                 -5.000000   19.750000   output external delay
                                             19.750000   data required time
---------------------------------------------------------------------------------------------
                                             19.750000   data required time
                                             -1.686792   data arrival time
---------------------------------------------------------------------------------------------
                                             18.063206   slack (MET)


Startpoint: _183_ (rising edge-triggered flip-flop clocked by clk)
Endpoint: seg0[0] (output port clocked by clk)
Path Group: clk
Path Type: max

Fanout         Cap        Slew       Delay        Time   Description
---------------------------------------------------------------------------------------------
                                  0.000000    0.000000   clock clk (rise edge)
                                  0.000000    0.000000   clock source latency
     1    0.014807    0.072589    0.049637    0.049637 ^ clk (in)
                                                         clk (net)
                      0.072599    0.000000    0.049637 ^ clkbuf_0_clk/A (sky130_fd_sc_hd__clkbuf_16)
     4    0.043480    0.062955    0.153571    0.203207 ^ clkbuf_0_clk/X (sky130_fd_sc_hd__clkbuf_16)
                                                         clknet_0_clk (net)
                      0.063179    0.002571    0.205778 ^ clkbuf_2_3__f_clk/A (sky130_fd_sc_hd__clkbuf_16)
    11    0.032427    0.053044    0.142284    0.348062 ^ clkbuf_2_3__f_clk/X (sky130_fd_sc_hd__clkbuf_16)
                                                         clknet_2_3__leaf_clk (net)
                      0.053138    0.002134    0.350196 ^ _183_/CLK (sky130_fd_sc_hd__dfrtp_1)
     2    0.009095    0.066840    0.390487    0.740682 v _183_/Q (sky130_fd_sc_hd__dfrtp_1)
                                                         cnt[1] (net)
                      0.066909    0.000513    0.741195 v fanout30/A (sky130_fd_sc_hd__buf_2)
    10    0.038020    0.095257    0.194593    0.935788 v fanout30/X (sky130_fd_sc_hd__buf_2)
                                                         net30 (net)
                      0.095643    0.004576    0.940364 v _049_/A (sky130_fd_sc_hd__inv_2)
     3    0.017325    0.086603    0.108683    1.049047 ^ _049_/Y (sky130_fd_sc_hd__inv_2)
                                                         _038_ (net)
                      0.086611    0.000693    1.049740 ^ fanout29/A (sky130_fd_sc_hd__buf_2)
    10    0.047620    0.233302    0.253922    1.303661 ^ fanout29/X (sky130_fd_sc_hd__buf_2)
                                                         net29 (net)
                      0.233510    0.005763    1.309424 ^ _058_/A1 (sky130_fd_sc_hd__a31o_1)
     1    0.003207    0.049624    0.175164    1.484588 ^ _058_/X (sky130_fd_sc_hd__a31o_1)
                                                         net3 (net)
                      0.049625    0.000201    1.484790 ^ output3/A (sky130_fd_sc_hd__buf_2)
     1    0.034530    0.171519    0.199830    1.684620 ^ output3/X (sky130_fd_sc_hd__buf_2)
                                                         seg0[0] (net)
                      0.171596    0.001760    1.686380 ^ seg0[0] (out)
                                              1.686380   data arrival time

                                 25.000000   25.000000   clock clk (rise edge)
                                  0.000000   25.000000   clock network delay (propagated)
                                 -0.250000   24.750000   clock uncertainty
                                  0.000000   24.750000   clock reconvergence pessimism
                                 -5.000000   19.750000   output external delay
                                             19.750000   data required time
---------------------------------------------------------------------------------------------
                                             19.750000   data required time
                                             -1.686380   data arrival time
---------------------------------------------------------------------------------------------
                                             18.063620   slack (MET)


Startpoint: _183_ (rising edge-triggered flip-flop clocked by clk)
Endpoint: seg0[1] (output port clocked by clk)
Path Group: clk
Path Type: max

Fanout         Cap        Slew       Delay        Time   Description
---------------------------------------------------------------------------------------------
                                  0.000000    0.000000   clock clk (rise edge)
                                  0.000000    0.000000   clock source latency
     1    0.014807    0.072589    0.049637    0.049637 ^ clk (in)
                                                         clk (net)
                      0.072599    0.000000    0.049637 ^ clkbuf_0_clk/A (sky130_fd_sc_hd__clkbuf_16)
     4    0.043480    0.062955    0.153571    0.203207 ^ clkbuf_0_clk/X (sky130_fd_sc_hd__clkbuf_16)
                                                         clknet_0_clk (net)
                      0.063179    0.002571    0.205778 ^ clkbuf_2_3__f_clk/A (sky130_fd_sc_hd__clkbuf_16)
    11    0.032427    0.053044    0.142284    0.348062 ^ clkbuf_2_3__f_clk/X (sky130_fd_sc_hd__clkbuf_16)
                                                         clknet_2_3__leaf_clk (net)
                      0.053138    0.002134    0.350196 ^ _183_/CLK (sky130_fd_sc_hd__dfrtp_1)
     2    0.009095    0.066840    0.390487    0.740682 v _183_/Q (sky130_fd_sc_hd__dfrtp_1)
                                                         cnt[1] (net)
                      0.066909    0.000513    0.741195 v fanout30/A (sky130_fd_sc_hd__buf_2)
    10    0.038020    0.095257    0.194593    0.935788 v fanout30/X (sky130_fd_sc_hd__buf_2)
                                                         net30 (net)
                      0.095643    0.004576    0.940364 v _049_/A (sky130_fd_sc_hd__inv_2)
     3    0.017325    0.086603    0.108683    1.049047 ^ _049_/Y (sky130_fd_sc_hd__inv_2)
                                                         _038_ (net)
                      0.086611    0.000693    1.049740 ^ fanout29/A (sky130_fd_sc_hd__buf_2)
    10    0.047620    0.233302    0.253922    1.303661 ^ fanout29/X (sky130_fd_sc_hd__buf_2)
                                                         net29 (net)
                      0.233507    0.005716    1.309377 ^ _060_/A1 (sky130_fd_sc_hd__a31o_1)
     1    0.002867    0.046804    0.172365    1.481742 ^ _060_/X (sky130_fd_sc_hd__a31o_1)
                                                         net4 (net)
                      0.046804    0.000208    1.481949 ^ output4/A (sky130_fd_sc_hd__buf_2)
     1    0.035144    0.174430    0.200827    1.682777 ^ output4/X (sky130_fd_sc_hd__buf_2)
                                                         seg0[1] (net)
                      0.174454    0.001713    1.684490 ^ seg0[1] (out)
                                              1.684490   data arrival time

                                 25.000000   25.000000   clock clk (rise edge)
                                  0.000000   25.000000   clock network delay (propagated)
                                 -0.250000   24.750000   clock uncertainty
                                  0.000000   24.750000   clock reconvergence pessimism
                                 -5.000000   19.750000   output external delay
                                             19.750000   data required time
---------------------------------------------------------------------------------------------
                                             19.750000   data required time
                                             -1.684490   data arrival time
---------------------------------------------------------------------------------------------
                                             18.065510   slack (MET)


Startpoint: _183_ (rising edge-triggered flip-flop clocked by clk)
Endpoint: seg1[2] (output port clocked by clk)
Path Group: clk
Path Type: max

Fanout         Cap        Slew       Delay        Time   Description
---------------------------------------------------------------------------------------------
                                  0.000000    0.000000   clock clk (rise edge)
                                  0.000000    0.000000   clock source latency
     1    0.014807    0.072589    0.049637    0.049637 ^ clk (in)
                                                         clk (net)
                      0.072599    0.000000    0.049637 ^ clkbuf_0_clk/A (sky130_fd_sc_hd__clkbuf_16)
     4    0.043480    0.062955    0.153571    0.203207 ^ clkbuf_0_clk/X (sky130_fd_sc_hd__clkbuf_16)
                                                         clknet_0_clk (net)
                      0.063179    0.002571    0.205778 ^ clkbuf_2_3__f_clk/A (sky130_fd_sc_hd__clkbuf_16)
    11    0.032427    0.053044    0.142284    0.348062 ^ clkbuf_2_3__f_clk/X (sky130_fd_sc_hd__clkbuf_16)
                                                         clknet_2_3__leaf_clk (net)
                      0.053138    0.002134    0.350196 ^ _183_/CLK (sky130_fd_sc_hd__dfrtp_1)
     2    0.009095    0.066840    0.390487    0.740682 v _183_/Q (sky130_fd_sc_hd__dfrtp_1)
                                                         cnt[1] (net)
                      0.066909    0.000513    0.741195 v fanout30/A (sky130_fd_sc_hd__buf_2)
    10    0.038020    0.095257    0.194593    0.935788 v fanout30/X (sky130_fd_sc_hd__buf_2)
                                                         net30 (net)
                      0.095643    0.004576    0.940364 v _049_/A (sky130_fd_sc_hd__inv_2)
     3    0.017325    0.086603    0.108683    1.049047 ^ _049_/Y (sky130_fd_sc_hd__inv_2)
                                                         _038_ (net)
                      0.086611    0.000693    1.049740 ^ fanout29/A (sky130_fd_sc_hd__buf_2)
    10    0.047620    0.233302    0.253922    1.303661 ^ fanout29/X (sky130_fd_sc_hd__buf_2)
                                                         net29 (net)
                      0.233627    0.007156    1.310817 ^ _076_/A1 (sky130_fd_sc_hd__a31o_1)
     1    0.002906    0.046730    0.172752    1.483569 ^ _076_/X (sky130_fd_sc_hd__a31o_1)
                                                         net11 (net)
                      0.046732    0.000119    1.483688 ^ output11/A (sky130_fd_sc_hd__buf_2)
     1    0.034056    0.169297    0.197245    1.680933 ^ output11/X (sky130_fd_sc_hd__buf_2)
                                                         seg1[2] (net)
                      0.169370    0.001625    1.682558 ^ seg1[2] (out)
                                              1.682558   data arrival time

                                 25.000000   25.000000   clock clk (rise edge)
                                  0.000000   25.000000   clock network delay (propagated)
                                 -0.250000   24.750000   clock uncertainty
                                  0.000000   24.750000   clock reconvergence pessimism
                                 -5.000000   19.750000   output external delay
                                             19.750000   data required time
---------------------------------------------------------------------------------------------
                                             19.750000   data required time
                                             -1.682558   data arrival time
---------------------------------------------------------------------------------------------
                                             18.067442   slack (MET)


Startpoint: _183_ (rising edge-triggered flip-flop clocked by clk)
Endpoint: seg0[3] (output port clocked by clk)
Path Group: clk
Path Type: max

Fanout         Cap        Slew       Delay        Time   Description
---------------------------------------------------------------------------------------------
                                  0.000000    0.000000   clock clk (rise edge)
                                  0.000000    0.000000   clock source latency
     1    0.014807    0.072589    0.049637    0.049637 ^ clk (in)
                                                         clk (net)
                      0.072599    0.000000    0.049637 ^ clkbuf_0_clk/A (sky130_fd_sc_hd__clkbuf_16)
     4    0.043480    0.062955    0.153571    0.203207 ^ clkbuf_0_clk/X (sky130_fd_sc_hd__clkbuf_16)
                                                         clknet_0_clk (net)
                      0.063179    0.002571    0.205778 ^ clkbuf_2_3__f_clk/A (sky130_fd_sc_hd__clkbuf_16)
    11    0.032427    0.053044    0.142284    0.348062 ^ clkbuf_2_3__f_clk/X (sky130_fd_sc_hd__clkbuf_16)
                                                         clknet_2_3__leaf_clk (net)
                      0.053138    0.002134    0.350196 ^ _183_/CLK (sky130_fd_sc_hd__dfrtp_1)
     2    0.009095    0.066840    0.390487    0.740682 v _183_/Q (sky130_fd_sc_hd__dfrtp_1)
                                                         cnt[1] (net)
                      0.066909    0.000513    0.741195 v fanout30/A (sky130_fd_sc_hd__buf_2)
    10    0.038020    0.095257    0.194593    0.935788 v fanout30/X (sky130_fd_sc_hd__buf_2)
                                                         net30 (net)
                      0.095643    0.004576    0.940364 v _049_/A (sky130_fd_sc_hd__inv_2)
     3    0.017325    0.086603    0.108683    1.049047 ^ _049_/Y (sky130_fd_sc_hd__inv_2)
                                                         _038_ (net)
                      0.086611    0.000693    1.049740 ^ fanout29/A (sky130_fd_sc_hd__buf_2)
    10    0.047620    0.233302    0.253922    1.303661 ^ fanout29/X (sky130_fd_sc_hd__buf_2)
                                                         net29 (net)
                      0.233345    0.002651    1.306312 ^ _064_/A1 (sky130_fd_sc_hd__a31o_1)
     1    0.002497    0.043758    0.169317    1.475630 ^ _064_/X (sky130_fd_sc_hd__a31o_1)
                                                         net6 (net)
                      0.043774    0.000164    1.475793 ^ output6/A (sky130_fd_sc_hd__buf_2)
     1    0.035336    0.175344    0.200248    1.676042 ^ output6/X (sky130_fd_sc_hd__buf_2)
                                                         seg0[3] (net)
                      0.175370    0.001800    1.677842 ^ seg0[3] (out)
                                              1.677842   data arrival time

                                 25.000000   25.000000   clock clk (rise edge)
                                  0.000000   25.000000   clock network delay (propagated)
                                 -0.250000   24.750000   clock uncertainty
                                  0.000000   24.750000   clock reconvergence pessimism
                                 -5.000000   19.750000   output external delay
                                             19.750000   data required time
---------------------------------------------------------------------------------------------
                                             19.750000   data required time
                                             -1.677842   data arrival time
---------------------------------------------------------------------------------------------
                                             18.072157   slack (MET)


Startpoint: _182_ (rising edge-triggered flip-flop clocked by clk)
Endpoint: seg2[1] (output port clocked by clk)
Path Group: clk
Path Type: max

Fanout         Cap        Slew       Delay        Time   Description
---------------------------------------------------------------------------------------------
                                  0.000000    0.000000   clock clk (rise edge)
                                  0.000000    0.000000   clock source latency
     1    0.014807    0.072589    0.049637    0.049637 ^ clk (in)
                                                         clk (net)
                      0.072599    0.000000    0.049637 ^ clkbuf_0_clk/A (sky130_fd_sc_hd__clkbuf_16)
     4    0.043480    0.062955    0.153571    0.203207 ^ clkbuf_0_clk/X (sky130_fd_sc_hd__clkbuf_16)
                                                         clknet_0_clk (net)
                      0.063179    0.002571    0.205778 ^ clkbuf_2_3__f_clk/A (sky130_fd_sc_hd__clkbuf_16)
    11    0.032427    0.053044    0.142284    0.348062 ^ clkbuf_2_3__f_clk/X (sky130_fd_sc_hd__clkbuf_16)
                                                         clknet_2_3__leaf_clk (net)
                      0.053133    0.002091    0.350153 ^ _182_/CLK (sky130_fd_sc_hd__dfrtp_1)
     2    0.006088    0.054154    0.374413    0.724566 v _182_/Q (sky130_fd_sc_hd__dfrtp_1)
                                                         cnt[0] (net)
                      0.054154    0.000361    0.724927 v fanout32/A (sky130_fd_sc_hd__buf_2)
    10    0.036499    0.092325    0.187102    0.912029 v fanout32/X (sky130_fd_sc_hd__buf_2)
                                                         net32 (net)
                      0.092429    0.002766    0.914795 v _050_/A (sky130_fd_sc_hd__inv_2)
     3    0.018316    0.090704    0.109774    1.024568 ^ _050_/Y (sky130_fd_sc_hd__inv_2)
                                                         _039_ (net)
                      0.090727    0.001182    1.025751 ^ fanout28/A (sky130_fd_sc_hd__buf_2)
    10    0.047716    0.233560    0.256724    1.282475 ^ fanout28/X (sky130_fd_sc_hd__buf_2)
                                                         net28 (net)
                      0.233596    0.002430    1.284905 ^ _089_/A2 (sky130_fd_sc_hd__a31o_1)
     1    0.004363    0.059126    0.188641    1.473545 ^ _089_/X (sky130_fd_sc_hd__a31o_1)
                                                         net16 (net)
                      0.059127    0.000303    1.473848 ^ output16/A (sky130_fd_sc_hd__buf_2)
     1    0.034141    0.169716    0.202178    1.676026 ^ output16/X (sky130_fd_sc_hd__buf_2)
                                                         seg2[1] (net)
                      0.169788    0.001641    1.677667 ^ seg2[1] (out)
                                              1.677667   data arrival time

                                 25.000000   25.000000   clock clk (rise edge)
                                  0.000000   25.000000   clock network delay (propagated)
                                 -0.250000   24.750000   clock uncertainty
                                  0.000000   24.750000   clock reconvergence pessimism
                                 -5.000000   19.750000   output external delay
                                             19.750000   data required time
---------------------------------------------------------------------------------------------
                                             19.750000   data required time
                                             -1.677667   data arrival time
---------------------------------------------------------------------------------------------
                                             18.072332   slack (MET)


Startpoint: _183_ (rising edge-triggered flip-flop clocked by clk)
Endpoint: seg0[5] (output port clocked by clk)
Path Group: clk
Path Type: max

Fanout         Cap        Slew       Delay        Time   Description
---------------------------------------------------------------------------------------------
                                  0.000000    0.000000   clock clk (rise edge)
                                  0.000000    0.000000   clock source latency
     1    0.014807    0.072589    0.049637    0.049637 ^ clk (in)
                                                         clk (net)
                      0.072599    0.000000    0.049637 ^ clkbuf_0_clk/A (sky130_fd_sc_hd__clkbuf_16)
     4    0.043480    0.062955    0.153571    0.203207 ^ clkbuf_0_clk/X (sky130_fd_sc_hd__clkbuf_16)
                                                         clknet_0_clk (net)
                      0.063179    0.002571    0.205778 ^ clkbuf_2_3__f_clk/A (sky130_fd_sc_hd__clkbuf_16)
    11    0.032427    0.053044    0.142284    0.348062 ^ clkbuf_2_3__f_clk/X (sky130_fd_sc_hd__clkbuf_16)
                                                         clknet_2_3__leaf_clk (net)
                      0.053138    0.002134    0.350196 ^ _183_/CLK (sky130_fd_sc_hd__dfrtp_1)
     2    0.009095    0.066840    0.390487    0.740682 v _183_/Q (sky130_fd_sc_hd__dfrtp_1)
                                                         cnt[1] (net)
                      0.066909    0.000513    0.741195 v fanout30/A (sky130_fd_sc_hd__buf_2)
    10    0.038020    0.095257    0.194593    0.935788 v fanout30/X (sky130_fd_sc_hd__buf_2)
                                                         net30 (net)
                      0.095643    0.004576    0.940364 v _049_/A (sky130_fd_sc_hd__inv_2)
     3    0.017325    0.086603    0.108683    1.049047 ^ _049_/Y (sky130_fd_sc_hd__inv_2)
                                                         _038_ (net)
                      0.086611    0.000693    1.049740 ^ fanout29/A (sky130_fd_sc_hd__buf_2)
    10    0.047620    0.233302    0.253922    1.303661 ^ fanout29/X (sky130_fd_sc_hd__buf_2)
                                                         net29 (net)
                      0.233409    0.004156    1.307817 ^ _068_/A1 (sky130_fd_sc_hd__a31o_1)
     1    0.001932    0.038944    0.164717    1.472534 ^ _068_/X (sky130_fd_sc_hd__a31o_1)
                                                         net8 (net)
                      0.038944    0.000089    1.472623 ^ output8/A (sky130_fd_sc_hd__buf_2)
     1    0.035087    0.174185    0.197590    1.670212 ^ output8/X (sky130_fd_sc_hd__buf_2)
                                                         seg0[5] (net)
                      0.174211    0.001761    1.671973 ^ seg0[5] (out)
                                              1.671973   data arrival time

                                 25.000000   25.000000   clock clk (rise edge)
                                  0.000000   25.000000   clock network delay (propagated)
                                 -0.250000   24.750000   clock uncertainty
                                  0.000000   24.750000   clock reconvergence pessimism
                                 -5.000000   19.750000   output external delay
                                             19.750000   data required time
---------------------------------------------------------------------------------------------
                                             19.750000   data required time
                                             -1.671973   data arrival time
---------------------------------------------------------------------------------------------
                                             18.078026   slack (MET)


Startpoint: _182_ (rising edge-triggered flip-flop clocked by clk)
Endpoint: seg2[3] (output port clocked by clk)
Path Group: clk
Path Type: max

Fanout         Cap        Slew       Delay        Time   Description
---------------------------------------------------------------------------------------------
                                  0.000000    0.000000   clock clk (rise edge)
                                  0.000000    0.000000   clock source latency
     1    0.014807    0.072589    0.049637    0.049637 ^ clk (in)
                                                         clk (net)
                      0.072599    0.000000    0.049637 ^ clkbuf_0_clk/A (sky130_fd_sc_hd__clkbuf_16)
     4    0.043480    0.062955    0.153571    0.203207 ^ clkbuf_0_clk/X (sky130_fd_sc_hd__clkbuf_16)
                                                         clknet_0_clk (net)
                      0.063179    0.002571    0.205778 ^ clkbuf_2_3__f_clk/A (sky130_fd_sc_hd__clkbuf_16)
    11    0.032427    0.053044    0.142284    0.348062 ^ clkbuf_2_3__f_clk/X (sky130_fd_sc_hd__clkbuf_16)
                                                         clknet_2_3__leaf_clk (net)
                      0.053133    0.002091    0.350153 ^ _182_/CLK (sky130_fd_sc_hd__dfrtp_1)
     2    0.006088    0.054154    0.374413    0.724566 v _182_/Q (sky130_fd_sc_hd__dfrtp_1)
                                                         cnt[0] (net)
                      0.054154    0.000361    0.724927 v fanout32/A (sky130_fd_sc_hd__buf_2)
    10    0.036499    0.092325    0.187102    0.912029 v fanout32/X (sky130_fd_sc_hd__buf_2)
                                                         net32 (net)
                      0.092429    0.002766    0.914795 v _050_/A (sky130_fd_sc_hd__inv_2)
     3    0.018316    0.090704    0.109774    1.024568 ^ _050_/Y (sky130_fd_sc_hd__inv_2)
                                                         _039_ (net)
                      0.090727    0.001182    1.025751 ^ fanout28/A (sky130_fd_sc_hd__buf_2)
    10    0.047716    0.233560    0.256724    1.282475 ^ fanout28/X (sky130_fd_sc_hd__buf_2)
                                                         net28 (net)
                      0.233603    0.002626    1.285101 ^ _093_/A2 (sky130_fd_sc_hd__a31o_1)
     1    0.003829    0.054714    0.184888    1.469989 ^ _093_/X (sky130_fd_sc_hd__a31o_1)
                                                         net18 (net)
                      0.054715    0.000261    1.470250 ^ output18/A (sky130_fd_sc_hd__buf_2)
     1    0.033973    0.168903    0.200030    1.670280 ^ output18/X (sky130_fd_sc_hd__buf_2)
                                                         seg2[3] (net)
                      0.168974    0.001589    1.671870 ^ seg2[3] (out)
                                              1.671870   data arrival time

                                 25.000000   25.000000   clock clk (rise edge)
                                  0.000000   25.000000   clock network delay (propagated)
                                 -0.250000   24.750000   clock uncertainty
                                  0.000000   24.750000   clock reconvergence pessimism
                                 -5.000000   19.750000   output external delay
                                             19.750000   data required time
---------------------------------------------------------------------------------------------
                                             19.750000   data required time
                                             -1.671870   data arrival time
---------------------------------------------------------------------------------------------
                                             18.078129   slack (MET)


Startpoint: _183_ (rising edge-triggered flip-flop clocked by clk)
Endpoint: seg0[2] (output port clocked by clk)
Path Group: clk
Path Type: max

Fanout         Cap        Slew       Delay        Time   Description
---------------------------------------------------------------------------------------------
                                  0.000000    0.000000   clock clk (rise edge)
                                  0.000000    0.000000   clock source latency
     1    0.014807    0.072589    0.049637    0.049637 ^ clk (in)
                                                         clk (net)
                      0.072599    0.000000    0.049637 ^ clkbuf_0_clk/A (sky130_fd_sc_hd__clkbuf_16)
     4    0.043480    0.062955    0.153571    0.203207 ^ clkbuf_0_clk/X (sky130_fd_sc_hd__clkbuf_16)
                                                         clknet_0_clk (net)
                      0.063179    0.002571    0.205778 ^ clkbuf_2_3__f_clk/A (sky130_fd_sc_hd__clkbuf_16)
    11    0.032427    0.053044    0.142284    0.348062 ^ clkbuf_2_3__f_clk/X (sky130_fd_sc_hd__clkbuf_16)
                                                         clknet_2_3__leaf_clk (net)
                      0.053138    0.002134    0.350196 ^ _183_/CLK (sky130_fd_sc_hd__dfrtp_1)
     2    0.009095    0.066840    0.390487    0.740682 v _183_/Q (sky130_fd_sc_hd__dfrtp_1)
                                                         cnt[1] (net)
                      0.066909    0.000513    0.741195 v fanout30/A (sky130_fd_sc_hd__buf_2)
    10    0.038020    0.095257    0.194593    0.935788 v fanout30/X (sky130_fd_sc_hd__buf_2)
                                                         net30 (net)
                      0.095643    0.004576    0.940364 v _049_/A (sky130_fd_sc_hd__inv_2)
     3    0.017325    0.086603    0.108683    1.049047 ^ _049_/Y (sky130_fd_sc_hd__inv_2)
                                                         _038_ (net)
                      0.086611    0.000693    1.049740 ^ fanout29/A (sky130_fd_sc_hd__buf_2)
    10    0.047620    0.233302    0.253922    1.303661 ^ fanout29/X (sky130_fd_sc_hd__buf_2)
                                                         net29 (net)
                      0.233312    0.001308    1.304969 ^ _062_/A1 (sky130_fd_sc_hd__a31o_1)
     1    0.001966    0.039585    0.164972    1.469941 ^ _062_/X (sky130_fd_sc_hd__a31o_1)
                                                         net5 (net)
                      0.039585    0.000091    1.470032 ^ output5/A (sky130_fd_sc_hd__buf_2)
     1    0.035173    0.174585    0.198127    1.668160 ^ output5/X (sky130_fd_sc_hd__buf_2)
                                                         seg0[2] (net)
                      0.174610    0.001750    1.669910 ^ seg0[2] (out)
                                              1.669910   data arrival time

                                 25.000000   25.000000   clock clk (rise edge)
                                  0.000000   25.000000   clock network delay (propagated)
                                 -0.250000   24.750000   clock uncertainty
                                  0.000000   24.750000   clock reconvergence pessimism
                                 -5.000000   19.750000   output external delay
                                             19.750000   data required time
---------------------------------------------------------------------------------------------
                                             19.750000   data required time
                                             -1.669910   data arrival time
---------------------------------------------------------------------------------------------
                                             18.080090   slack (MET)


Startpoint: _182_ (rising edge-triggered flip-flop clocked by clk)
Endpoint: seg2[2] (output port clocked by clk)
Path Group: clk
Path Type: max

Fanout         Cap        Slew       Delay        Time   Description
---------------------------------------------------------------------------------------------
                                  0.000000    0.000000   clock clk (rise edge)
                                  0.000000    0.000000   clock source latency
     1    0.014807    0.072589    0.049637    0.049637 ^ clk (in)
                                                         clk (net)
                      0.072599    0.000000    0.049637 ^ clkbuf_0_clk/A (sky130_fd_sc_hd__clkbuf_16)
     4    0.043480    0.062955    0.153571    0.203207 ^ clkbuf_0_clk/X (sky130_fd_sc_hd__clkbuf_16)
                                                         clknet_0_clk (net)
                      0.063179    0.002571    0.205778 ^ clkbuf_2_3__f_clk/A (sky130_fd_sc_hd__clkbuf_16)
    11    0.032427    0.053044    0.142284    0.348062 ^ clkbuf_2_3__f_clk/X (sky130_fd_sc_hd__clkbuf_16)
                                                         clknet_2_3__leaf_clk (net)
                      0.053133    0.002091    0.350153 ^ _182_/CLK (sky130_fd_sc_hd__dfrtp_1)
     2    0.006088    0.054154    0.374413    0.724566 v _182_/Q (sky130_fd_sc_hd__dfrtp_1)
                                                         cnt[0] (net)
                      0.054154    0.000361    0.724927 v fanout32/A (sky130_fd_sc_hd__buf_2)
    10    0.036499    0.092325    0.187102    0.912029 v fanout32/X (sky130_fd_sc_hd__buf_2)
                                                         net32 (net)
                      0.092429    0.002766    0.914795 v _050_/A (sky130_fd_sc_hd__inv_2)
     3    0.018316    0.090704    0.109774    1.024568 ^ _050_/Y (sky130_fd_sc_hd__inv_2)
                                                         _039_ (net)
                      0.090727    0.001182    1.025751 ^ fanout28/A (sky130_fd_sc_hd__buf_2)
    10    0.047716    0.233560    0.256724    1.282475 ^ fanout28/X (sky130_fd_sc_hd__buf_2)
                                                         net28 (net)
                      0.233617    0.003046    1.285521 ^ _091_/A2 (sky130_fd_sc_hd__a31o_1)
     1    0.002766    0.045971    0.176694    1.462215 ^ _091_/X (sky130_fd_sc_hd__a31o_1)
                                                         net17 (net)
                      0.045971    0.000199    1.462414 ^ output17/A (sky130_fd_sc_hd__buf_2)
     1    0.034205    0.170052    0.197392    1.659806 ^ output17/X (sky130_fd_sc_hd__buf_2)
                                                         seg2[2] (net)
                      0.170077    0.001704    1.661510 ^ seg2[2] (out)
                                              1.661510   data arrival time

                                 25.000000   25.000000   clock clk (rise edge)
                                  0.000000   25.000000   clock network delay (propagated)
                                 -0.250000   24.750000   clock uncertainty
                                  0.000000   24.750000   clock reconvergence pessimism
                                 -5.000000   19.750000   output external delay
                                             19.750000   data required time
---------------------------------------------------------------------------------------------
                                             19.750000   data required time
                                             -1.661510   data arrival time
---------------------------------------------------------------------------------------------
                                             18.088490   slack (MET)


Startpoint: _182_ (rising edge-triggered flip-flop clocked by clk)
Endpoint: seg2[0] (output port clocked by clk)
Path Group: clk
Path Type: max

Fanout         Cap        Slew       Delay        Time   Description
---------------------------------------------------------------------------------------------
                                  0.000000    0.000000   clock clk (rise edge)
                                  0.000000    0.000000   clock source latency
     1    0.014807    0.072589    0.049637    0.049637 ^ clk (in)
                                                         clk (net)
                      0.072599    0.000000    0.049637 ^ clkbuf_0_clk/A (sky130_fd_sc_hd__clkbuf_16)
     4    0.043480    0.062955    0.153571    0.203207 ^ clkbuf_0_clk/X (sky130_fd_sc_hd__clkbuf_16)
                                                         clknet_0_clk (net)
                      0.063179    0.002571    0.205778 ^ clkbuf_2_3__f_clk/A (sky130_fd_sc_hd__clkbuf_16)
    11    0.032427    0.053044    0.142284    0.348062 ^ clkbuf_2_3__f_clk/X (sky130_fd_sc_hd__clkbuf_16)
                                                         clknet_2_3__leaf_clk (net)
                      0.053133    0.002091    0.350153 ^ _182_/CLK (sky130_fd_sc_hd__dfrtp_1)
     2    0.006088    0.054154    0.374413    0.724566 v _182_/Q (sky130_fd_sc_hd__dfrtp_1)
                                                         cnt[0] (net)
                      0.054154    0.000361    0.724927 v fanout32/A (sky130_fd_sc_hd__buf_2)
    10    0.036499    0.092325    0.187102    0.912029 v fanout32/X (sky130_fd_sc_hd__buf_2)
                                                         net32 (net)
                      0.092429    0.002766    0.914795 v _050_/A (sky130_fd_sc_hd__inv_2)
     3    0.018316    0.090704    0.109774    1.024568 ^ _050_/Y (sky130_fd_sc_hd__inv_2)
                                                         _039_ (net)
                      0.090727    0.001182    1.025751 ^ fanout28/A (sky130_fd_sc_hd__buf_2)
    10    0.047716    0.233560    0.256724    1.282475 ^ fanout28/X (sky130_fd_sc_hd__buf_2)
                                                         net28 (net)
                      0.233621    0.003150    1.285625 ^ _086_/A2 (sky130_fd_sc_hd__a31o_1)
     1    0.002370    0.042736    0.173482    1.459107 ^ _086_/X (sky130_fd_sc_hd__a31o_1)
                                                         net15 (net)
                      0.042736    0.000173    1.459280 ^ output15/A (sky130_fd_sc_hd__buf_2)
     1    0.034456    0.171237    0.196942    1.656222 ^ output15/X (sky130_fd_sc_hd__buf_2)
                                                         seg2[0] (net)
                      0.171264    0.001774    1.657996 ^ seg2[0] (out)
                                              1.657996   data arrival time

                                 25.000000   25.000000   clock clk (rise edge)
                                  0.000000   25.000000   clock network delay (propagated)
                                 -0.250000   24.750000   clock uncertainty
                                  0.000000   24.750000   clock reconvergence pessimism
                                 -5.000000   19.750000   output external delay
                                             19.750000   data required time
---------------------------------------------------------------------------------------------
                                             19.750000   data required time
                                             -1.657996   data arrival time
---------------------------------------------------------------------------------------------
                                             18.092003   slack (MET)


Startpoint: _182_ (rising edge-triggered flip-flop clocked by clk)
Endpoint: seg2[5] (output port clocked by clk)
Path Group: clk
Path Type: max

Fanout         Cap        Slew       Delay        Time   Description
---------------------------------------------------------------------------------------------
                                  0.000000    0.000000   clock clk (rise edge)
                                  0.000000    0.000000   clock source latency
     1    0.014807    0.072589    0.049637    0.049637 ^ clk (in)
                                                         clk (net)
                      0.072599    0.000000    0.049637 ^ clkbuf_0_clk/A (sky130_fd_sc_hd__clkbuf_16)
     4    0.043480    0.062955    0.153571    0.203207 ^ clkbuf_0_clk/X (sky130_fd_sc_hd__clkbuf_16)
                                                         clknet_0_clk (net)
                      0.063179    0.002571    0.205778 ^ clkbuf_2_3__f_clk/A (sky130_fd_sc_hd__clkbuf_16)
    11    0.032427    0.053044    0.142284    0.348062 ^ clkbuf_2_3__f_clk/X (sky130_fd_sc_hd__clkbuf_16)
                                                         clknet_2_3__leaf_clk (net)
                      0.053133    0.002091    0.350153 ^ _182_/CLK (sky130_fd_sc_hd__dfrtp_1)
     2    0.006088    0.054154    0.374413    0.724566 v _182_/Q (sky130_fd_sc_hd__dfrtp_1)
                                                         cnt[0] (net)
                      0.054154    0.000361    0.724927 v fanout32/A (sky130_fd_sc_hd__buf_2)
    10    0.036499    0.092325    0.187102    0.912029 v fanout32/X (sky130_fd_sc_hd__buf_2)
                                                         net32 (net)
                      0.092429    0.002766    0.914795 v _050_/A (sky130_fd_sc_hd__inv_2)
     3    0.018316    0.090704    0.109774    1.024568 ^ _050_/Y (sky130_fd_sc_hd__inv_2)
                                                         _039_ (net)
                      0.090727    0.001182    1.025751 ^ fanout28/A (sky130_fd_sc_hd__buf_2)
    10    0.047716    0.233560    0.256724    1.282475 ^ fanout28/X (sky130_fd_sc_hd__buf_2)
                                                         net28 (net)
                      0.233733    0.005243    1.287718 ^ _097_/A2 (sky130_fd_sc_hd__a31o_1)
     1    0.001939    0.039374    0.170031    1.457749 ^ _097_/X (sky130_fd_sc_hd__a31o_1)
                                                         net20 (net)
                      0.039374    0.000090    1.457839 ^ output20/A (sky130_fd_sc_hd__buf_2)
     1    0.034908    0.173345    0.197182    1.655021 ^ output20/X (sky130_fd_sc_hd__buf_2)
                                                         seg2[5] (net)
                      0.173370    0.001738    1.656759 ^ seg2[5] (out)
                                              1.656759   data arrival time

                                 25.000000   25.000000   clock clk (rise edge)
                                  0.000000   25.000000   clock network delay (propagated)
                                 -0.250000   24.750000   clock uncertainty
                                  0.000000   24.750000   clock reconvergence pessimism
                                 -5.000000   19.750000   output external delay
                                             19.750000   data required time
---------------------------------------------------------------------------------------------
                                             19.750000   data required time
                                             -1.656759   data arrival time
---------------------------------------------------------------------------------------------
                                             18.093239   slack (MET)


Startpoint: _182_ (rising edge-triggered flip-flop clocked by clk)
Endpoint: seg2[4] (output port clocked by clk)
Path Group: clk
Path Type: max

Fanout         Cap        Slew       Delay        Time   Description
---------------------------------------------------------------------------------------------
                                  0.000000    0.000000   clock clk (rise edge)
                                  0.000000    0.000000   clock source latency
     1    0.014807    0.072589    0.049637    0.049637 ^ clk (in)
                                                         clk (net)
                      0.072599    0.000000    0.049637 ^ clkbuf_0_clk/A (sky130_fd_sc_hd__clkbuf_16)
     4    0.043480    0.062955    0.153571    0.203207 ^ clkbuf_0_clk/X (sky130_fd_sc_hd__clkbuf_16)
                                                         clknet_0_clk (net)
                      0.063179    0.002571    0.205778 ^ clkbuf_2_3__f_clk/A (sky130_fd_sc_hd__clkbuf_16)
    11    0.032427    0.053044    0.142284    0.348062 ^ clkbuf_2_3__f_clk/X (sky130_fd_sc_hd__clkbuf_16)
                                                         clknet_2_3__leaf_clk (net)
                      0.053133    0.002091    0.350153 ^ _182_/CLK (sky130_fd_sc_hd__dfrtp_1)
     2    0.006088    0.054154    0.374413    0.724566 v _182_/Q (sky130_fd_sc_hd__dfrtp_1)
                                                         cnt[0] (net)
                      0.054154    0.000361    0.724927 v fanout32/A (sky130_fd_sc_hd__buf_2)
    10    0.036499    0.092325    0.187102    0.912029 v fanout32/X (sky130_fd_sc_hd__buf_2)
                                                         net32 (net)
                      0.092429    0.002766    0.914795 v _050_/A (sky130_fd_sc_hd__inv_2)
     3    0.018316    0.090704    0.109774    1.024568 ^ _050_/Y (sky130_fd_sc_hd__inv_2)
                                                         _039_ (net)
                      0.090727    0.001182    1.025751 ^ fanout28/A (sky130_fd_sc_hd__buf_2)
    10    0.047716    0.233560    0.256724    1.282475 ^ fanout28/X (sky130_fd_sc_hd__buf_2)
                                                         net28 (net)
                      0.233609    0.002813    1.285288 ^ _095_/A2 (sky130_fd_sc_hd__a31o_1)
     1    0.002108    0.040689    0.171357    1.456645 ^ _095_/X (sky130_fd_sc_hd__a31o_1)
                                                         net19 (net)
                      0.040689    0.000149    1.456795 ^ output19/A (sky130_fd_sc_hd__buf_2)
     1    0.034538    0.171602    0.196540    1.653334 ^ output19/X (sky130_fd_sc_hd__buf_2)
                                                         seg2[4] (net)
                      0.171624    0.001619    1.654953 ^ seg2[4] (out)
                                              1.654953   data arrival time

                                 25.000000   25.000000   clock clk (rise edge)
                                  0.000000   25.000000   clock network delay (propagated)
                                 -0.250000   24.750000   clock uncertainty
                                  0.000000   24.750000   clock reconvergence pessimism
                                 -5.000000   19.750000   output external delay
                                             19.750000   data required time
---------------------------------------------------------------------------------------------
                                             19.750000   data required time
                                             -1.654953   data arrival time
---------------------------------------------------------------------------------------------
                                             18.095045   slack (MET)


Startpoint: _183_ (rising edge-triggered flip-flop clocked by clk)
Endpoint: seg1[5] (output port clocked by clk)
Path Group: clk
Path Type: max

Fanout         Cap        Slew       Delay        Time   Description
---------------------------------------------------------------------------------------------
                                  0.000000    0.000000   clock clk (rise edge)
                                  0.000000    0.000000   clock source latency
     1    0.014807    0.072589    0.049637    0.049637 ^ clk (in)
                                                         clk (net)
                      0.072599    0.000000    0.049637 ^ clkbuf_0_clk/A (sky130_fd_sc_hd__clkbuf_16)
     4    0.043480    0.062955    0.153571    0.203207 ^ clkbuf_0_clk/X (sky130_fd_sc_hd__clkbuf_16)
                                                         clknet_0_clk (net)
                      0.063179    0.002571    0.205778 ^ clkbuf_2_3__f_clk/A (sky130_fd_sc_hd__clkbuf_16)
    11    0.032427    0.053044    0.142284    0.348062 ^ clkbuf_2_3__f_clk/X (sky130_fd_sc_hd__clkbuf_16)
                                                         clknet_2_3__leaf_clk (net)
                      0.053138    0.002134    0.350196 ^ _183_/CLK (sky130_fd_sc_hd__dfrtp_1)
     2    0.009485    0.096156    0.362844    0.713039 ^ _183_/Q (sky130_fd_sc_hd__dfrtp_1)
                                                         cnt[1] (net)
                      0.096157    0.000537    0.713576 ^ fanout30/A (sky130_fd_sc_hd__buf_2)
    10    0.039729    0.195971    0.232714    0.946290 ^ fanout30/X (sky130_fd_sc_hd__buf_2)
                                                         net30 (net)
                      0.196145    0.004807    0.951097 ^ _049_/A (sky130_fd_sc_hd__inv_2)
     3    0.016861    0.068157    0.090194    1.041291 v _049_/Y (sky130_fd_sc_hd__inv_2)
                                                         _038_ (net)
                      0.068193    0.001233    1.042523 v _082_/A1 (sky130_fd_sc_hd__a31o_1)
     1    0.005751    0.050097    0.193211    1.235734 v _082_/X (sky130_fd_sc_hd__a31o_1)
                                                         net14 (net)
                      0.050100    0.000464    1.236198 v output14/A (sky130_fd_sc_hd__buf_2)
     1    0.034469    0.090322    0.181878    1.418077 v output14/X (sky130_fd_sc_hd__buf_2)
                                                         seg1[5] (net)
                      0.090358    0.001663    1.419739 v seg1[5] (out)
                                              1.419739   data arrival time

                                 25.000000   25.000000   clock clk (rise edge)
                                  0.000000   25.000000   clock network delay (propagated)
                                 -0.250000   24.750000   clock uncertainty
                                  0.000000   24.750000   clock reconvergence pessimism
                                 -5.000000   19.750000   output external delay
                                             19.750000   data required time
---------------------------------------------------------------------------------------------
                                             19.750000   data required time
                                             -1.419739   data arrival time
---------------------------------------------------------------------------------------------
                                             18.330261   slack (MET)


Startpoint: _183_ (rising edge-triggered flip-flop clocked by clk)
Endpoint: seg1[4] (output port clocked by clk)
Path Group: clk
Path Type: max

Fanout         Cap        Slew       Delay        Time   Description
---------------------------------------------------------------------------------------------
                                  0.000000    0.000000   clock clk (rise edge)
                                  0.000000    0.000000   clock source latency
     1    0.014807    0.072589    0.049637    0.049637 ^ clk (in)
                                                         clk (net)
                      0.072599    0.000000    0.049637 ^ clkbuf_0_clk/A (sky130_fd_sc_hd__clkbuf_16)
     4    0.043480    0.062955    0.153571    0.203207 ^ clkbuf_0_clk/X (sky130_fd_sc_hd__clkbuf_16)
                                                         clknet_0_clk (net)
                      0.063179    0.002571    0.205778 ^ clkbuf_2_3__f_clk/A (sky130_fd_sc_hd__clkbuf_16)
    11    0.032427    0.053044    0.142284    0.348062 ^ clkbuf_2_3__f_clk/X (sky130_fd_sc_hd__clkbuf_16)
                                                         clknet_2_3__leaf_clk (net)
                      0.053138    0.002134    0.350196 ^ _183_/CLK (sky130_fd_sc_hd__dfrtp_1)
     2    0.009485    0.096156    0.362844    0.713039 ^ _183_/Q (sky130_fd_sc_hd__dfrtp_1)
                                                         cnt[1] (net)
                      0.096157    0.000537    0.713576 ^ fanout30/A (sky130_fd_sc_hd__buf_2)
    10    0.039729    0.195971    0.232714    0.946290 ^ fanout30/X (sky130_fd_sc_hd__buf_2)
                                                         net30 (net)
                      0.196145    0.004807    0.951097 ^ _049_/A (sky130_fd_sc_hd__inv_2)
     3    0.016861    0.068157    0.090194    1.041291 v _049_/Y (sky130_fd_sc_hd__inv_2)
                                                         _038_ (net)
                      0.068189    0.001172    1.042462 v _080_/A1 (sky130_fd_sc_hd__a31o_1)
     1    0.004093    0.042821    0.185168    1.227631 v _080_/X (sky130_fd_sc_hd__a31o_1)
                                                         net13 (net)
                      0.042821    0.000239    1.227870 v output13/A (sky130_fd_sc_hd__buf_2)
     1    0.034222    0.089858    0.178247    1.406117 v output13/X (sky130_fd_sc_hd__buf_2)
                                                         seg1[4] (net)
                      0.089896    0.001702    1.407819 v seg1[4] (out)
                                              1.407819   data arrival time

                                 25.000000   25.000000   clock clk (rise edge)
                                  0.000000   25.000000   clock network delay (propagated)
                                 -0.250000   24.750000   clock uncertainty
                                  0.000000   24.750000   clock reconvergence pessimism
                                 -5.000000   19.750000   output external delay
                                             19.750000   data required time
---------------------------------------------------------------------------------------------
                                             19.750000   data required time
                                             -1.407819   data arrival time
---------------------------------------------------------------------------------------------
                                             18.342180   slack (MET)


Startpoint: _176_ (rising edge-triggered flip-flop clocked by clk)
Endpoint: seg3[0] (output port clocked by clk)
Path Group: clk
Path Type: max

Fanout         Cap        Slew       Delay        Time   Description
---------------------------------------------------------------------------------------------
                                  0.000000    0.000000   clock clk (rise edge)
                                  0.000000    0.000000   clock source latency
     1    0.014807    0.072589    0.049637    0.049637 ^ clk (in)
                                                         clk (net)
                      0.072599    0.000000    0.049637 ^ clkbuf_0_clk/A (sky130_fd_sc_hd__clkbuf_16)
     4    0.043480    0.062955    0.153571    0.203207 ^ clkbuf_0_clk/X (sky130_fd_sc_hd__clkbuf_16)
                                                         clknet_0_clk (net)
                      0.063183    0.002598    0.205806 ^ clkbuf_2_0__f_clk/A (sky130_fd_sc_hd__clkbuf_16)
    10    0.030547    0.051451    0.140963    0.346769 ^ clkbuf_2_0__f_clk/X (sky130_fd_sc_hd__clkbuf_16)
                                                         clknet_2_0__leaf_clk (net)
                      0.051479    0.002080    0.348849 ^ _176_/CLK (sky130_fd_sc_hd__dfstp_2)
     9    0.046372    0.230191    0.660170    1.009019 ^ _176_/Q (sky130_fd_sc_hd__dfstp_2)
                                                         cursor[0] (net)
                      0.230228    0.002925    1.011944 ^ _101_/A3 (sky130_fd_sc_hd__a31o_1)
     1    0.002169    0.040943    0.168136    1.180080 ^ _101_/X (sky130_fd_sc_hd__a31o_1)
                                                         net21 (net)
                      0.040943    0.000156    1.180236 ^ output21/A (sky130_fd_sc_hd__buf_2)
     1    0.034506    0.171457    0.196520    1.376756 ^ output21/X (sky130_fd_sc_hd__buf_2)
                                                         seg3[0] (net)
                      0.171480    0.001639    1.378395 ^ seg3[0] (out)
                                              1.378395   data arrival time

                                 25.000000   25.000000   clock clk (rise edge)
                                  0.000000   25.000000   clock network delay (propagated)
                                 -0.250000   24.750000   clock uncertainty
                                  0.000000   24.750000   clock reconvergence pessimism
                                 -5.000000   19.750000   output external delay
                                             19.750000   data required time
---------------------------------------------------------------------------------------------
                                             19.750000   data required time
                                             -1.378395   data arrival time
---------------------------------------------------------------------------------------------
                                             18.371603   slack (MET)


Startpoint: _183_ (rising edge-triggered flip-flop clocked by clk)
Endpoint: seg3[4] (output port clocked by clk)
Path Group: clk
Path Type: max

Fanout         Cap        Slew       Delay        Time   Description
---------------------------------------------------------------------------------------------
                                  0.000000    0.000000   clock clk (rise edge)
                                  0.000000    0.000000   clock source latency
     1    0.014807    0.072589    0.049637    0.049637 ^ clk (in)
                                                         clk (net)
                      0.072599    0.000000    0.049637 ^ clkbuf_0_clk/A (sky130_fd_sc_hd__clkbuf_16)
     4    0.043480    0.062955    0.153571    0.203207 ^ clkbuf_0_clk/X (sky130_fd_sc_hd__clkbuf_16)
                                                         clknet_0_clk (net)
                      0.063179    0.002571    0.205778 ^ clkbuf_2_3__f_clk/A (sky130_fd_sc_hd__clkbuf_16)
    11    0.032427    0.053044    0.142284    0.348062 ^ clkbuf_2_3__f_clk/X (sky130_fd_sc_hd__clkbuf_16)
                                                         clknet_2_3__leaf_clk (net)
                      0.053138    0.002134    0.350196 ^ _183_/CLK (sky130_fd_sc_hd__dfrtp_1)
     2    0.009095    0.066840    0.390487    0.740682 v _183_/Q (sky130_fd_sc_hd__dfrtp_1)
                                                         cnt[1] (net)
                      0.066910    0.000555    0.741237 v fanout31/A (sky130_fd_sc_hd__clkbuf_2)
     9    0.031027    0.120868    0.187888    0.929125 v fanout31/X (sky130_fd_sc_hd__clkbuf_2)
                                                         net31 (net)
                      0.120921    0.002343    0.931468 v _110_/A1 (sky130_fd_sc_hd__a31o_1)
     1    0.003403    0.040084    0.203668    1.135136 v _110_/X (sky130_fd_sc_hd__a31o_1)
                                                         net25 (net)
                      0.040084    0.000225    1.135362 v output25/A (sky130_fd_sc_hd__buf_2)
     1    0.034160    0.089717    0.177013    1.312375 v output25/X (sky130_fd_sc_hd__buf_2)
                                                         seg3[4] (net)
                      0.089751    0.001623    1.313998 v seg3[4] (out)
                                              1.313998   data arrival time

                                 25.000000   25.000000   clock clk (rise edge)
                                  0.000000   25.000000   clock network delay (propagated)
                                 -0.250000   24.750000   clock uncertainty
                                  0.000000   24.750000   clock reconvergence pessimism
                                 -5.000000   19.750000   output external delay
                                             19.750000   data required time
---------------------------------------------------------------------------------------------
                                             19.750000   data required time
                                             -1.313998   data arrival time
---------------------------------------------------------------------------------------------
                                             18.436001   slack (MET)


Startpoint: _183_ (rising edge-triggered flip-flop clocked by clk)
Endpoint: seg3[5] (output port clocked by clk)
Path Group: clk
Path Type: max

Fanout         Cap        Slew       Delay        Time   Description
---------------------------------------------------------------------------------------------
                                  0.000000    0.000000   clock clk (rise edge)
                                  0.000000    0.000000   clock source latency
     1    0.014807    0.072589    0.049637    0.049637 ^ clk (in)
                                                         clk (net)
                      0.072599    0.000000    0.049637 ^ clkbuf_0_clk/A (sky130_fd_sc_hd__clkbuf_16)
     4    0.043480    0.062955    0.153571    0.203207 ^ clkbuf_0_clk/X (sky130_fd_sc_hd__clkbuf_16)
                                                         clknet_0_clk (net)
                      0.063179    0.002571    0.205778 ^ clkbuf_2_3__f_clk/A (sky130_fd_sc_hd__clkbuf_16)
    11    0.032427    0.053044    0.142284    0.348062 ^ clkbuf_2_3__f_clk/X (sky130_fd_sc_hd__clkbuf_16)
                                                         clknet_2_3__leaf_clk (net)
                      0.053138    0.002134    0.350196 ^ _183_/CLK (sky130_fd_sc_hd__dfrtp_1)
     2    0.009095    0.066840    0.390487    0.740682 v _183_/Q (sky130_fd_sc_hd__dfrtp_1)
                                                         cnt[1] (net)
                      0.066910    0.000555    0.741237 v fanout31/A (sky130_fd_sc_hd__clkbuf_2)
     9    0.031027    0.120868    0.187888    0.929125 v fanout31/X (sky130_fd_sc_hd__clkbuf_2)
                                                         net31 (net)
                      0.120922    0.002363    0.931488 v _112_/A1 (sky130_fd_sc_hd__a31o_1)
     1    0.003199    0.038981    0.202363    1.133851 v _112_/X (sky130_fd_sc_hd__a31o_1)
                                                         net26 (net)
                      0.038981    0.000186    1.134037 v output26/A (sky130_fd_sc_hd__buf_2)
     1    0.034080    0.089548    0.176400    1.310437 v output26/X (sky130_fd_sc_hd__buf_2)
                                                         seg3[5] (net)
                      0.089582    0.001609    1.312046 v seg3[5] (out)
                                              1.312046   data arrival time

                                 25.000000   25.000000   clock clk (rise edge)
                                  0.000000   25.000000   clock network delay (propagated)
                                 -0.250000   24.750000   clock uncertainty
                                  0.000000   24.750000   clock reconvergence pessimism
                                 -5.000000   19.750000   output external delay
                                             19.750000   data required time
---------------------------------------------------------------------------------------------
                                             19.750000   data required time
                                             -1.312046   data arrival time
---------------------------------------------------------------------------------------------
                                             18.437954   slack (MET)


Startpoint: _183_ (rising edge-triggered flip-flop clocked by clk)
Endpoint: seg3[2] (output port clocked by clk)
Path Group: clk
Path Type: max

Fanout         Cap        Slew       Delay        Time   Description
---------------------------------------------------------------------------------------------
                                  0.000000    0.000000   clock clk (rise edge)
                                  0.000000    0.000000   clock source latency
     1    0.014807    0.072589    0.049637    0.049637 ^ clk (in)
                                                         clk (net)
                      0.072599    0.000000    0.049637 ^ clkbuf_0_clk/A (sky130_fd_sc_hd__clkbuf_16)
     4    0.043480    0.062955    0.153571    0.203207 ^ clkbuf_0_clk/X (sky130_fd_sc_hd__clkbuf_16)
                                                         clknet_0_clk (net)
                      0.063179    0.002571    0.205778 ^ clkbuf_2_3__f_clk/A (sky130_fd_sc_hd__clkbuf_16)
    11    0.032427    0.053044    0.142284    0.348062 ^ clkbuf_2_3__f_clk/X (sky130_fd_sc_hd__clkbuf_16)
                                                         clknet_2_3__leaf_clk (net)
                      0.053138    0.002134    0.350196 ^ _183_/CLK (sky130_fd_sc_hd__dfrtp_1)
     2    0.009095    0.066840    0.390487    0.740682 v _183_/Q (sky130_fd_sc_hd__dfrtp_1)
                                                         cnt[1] (net)
                      0.066910    0.000555    0.741237 v fanout31/A (sky130_fd_sc_hd__clkbuf_2)
     9    0.031027    0.120868    0.187888    0.929125 v fanout31/X (sky130_fd_sc_hd__clkbuf_2)
                                                         net31 (net)
                      0.120921    0.002334    0.931459 v _106_/A1 (sky130_fd_sc_hd__a31o_1)
     1    0.003004    0.037937    0.201094    1.132554 v _106_/X (sky130_fd_sc_hd__a31o_1)
                                                         net23 (net)
                      0.037937    0.000188    1.132741 v output23/A (sky130_fd_sc_hd__buf_2)
     1    0.034429    0.090305    0.176602    1.309343 v output23/X (sky130_fd_sc_hd__buf_2)
                                                         seg3[2] (net)
                      0.090339    0.001618    1.310962 v seg3[2] (out)
                                              1.310962   data arrival time

                                 25.000000   25.000000   clock clk (rise edge)
                                  0.000000   25.000000   clock network delay (propagated)
                                 -0.250000   24.750000   clock uncertainty
                                  0.000000   24.750000   clock reconvergence pessimism
                                 -5.000000   19.750000   output external delay
                                             19.750000   data required time
---------------------------------------------------------------------------------------------
                                             19.750000   data required time
                                             -1.310962   data arrival time
---------------------------------------------------------------------------------------------
                                             18.439037   slack (MET)


Startpoint: _183_ (rising edge-triggered flip-flop clocked by clk)
Endpoint: seg3[3] (output port clocked by clk)
Path Group: clk
Path Type: max

Fanout         Cap        Slew       Delay        Time   Description
---------------------------------------------------------------------------------------------
                                  0.000000    0.000000   clock clk (rise edge)
                                  0.000000    0.000000   clock source latency
     1    0.014807    0.072589    0.049637    0.049637 ^ clk (in)
                                                         clk (net)
                      0.072599    0.000000    0.049637 ^ clkbuf_0_clk/A (sky130_fd_sc_hd__clkbuf_16)
     4    0.043480    0.062955    0.153571    0.203207 ^ clkbuf_0_clk/X (sky130_fd_sc_hd__clkbuf_16)
                                                         clknet_0_clk (net)
                      0.063179    0.002571    0.205778 ^ clkbuf_2_3__f_clk/A (sky130_fd_sc_hd__clkbuf_16)
    11    0.032427    0.053044    0.142284    0.348062 ^ clkbuf_2_3__f_clk/X (sky130_fd_sc_hd__clkbuf_16)
                                                         clknet_2_3__leaf_clk (net)
                      0.053138    0.002134    0.350196 ^ _183_/CLK (sky130_fd_sc_hd__dfrtp_1)
     2    0.009095    0.066840    0.390487    0.740682 v _183_/Q (sky130_fd_sc_hd__dfrtp_1)
                                                         cnt[1] (net)
                      0.066910    0.000555    0.741237 v fanout31/A (sky130_fd_sc_hd__clkbuf_2)
     9    0.031027    0.120868    0.187888    0.929125 v fanout31/X (sky130_fd_sc_hd__clkbuf_2)
                                                         net31 (net)
                      0.120906    0.002003    0.931128 v _108_/A1 (sky130_fd_sc_hd__a31o_1)
     1    0.003001    0.037920    0.201043    1.132171 v _108_/X (sky130_fd_sc_hd__a31o_1)
                                                         net24 (net)
                      0.037920    0.000219    1.132390 v output24/A (sky130_fd_sc_hd__buf_2)
     1    0.034468    0.090444    0.176551    1.308942 v output24/X (sky130_fd_sc_hd__buf_2)
                                                         seg3[3] (net)
                      0.090484    0.001755    1.310697 v seg3[3] (out)
                                              1.310697   data arrival time

                                 25.000000   25.000000   clock clk (rise edge)
                                  0.000000   25.000000   clock network delay (propagated)
                                 -0.250000   24.750000   clock uncertainty
                                  0.000000   24.750000   clock reconvergence pessimism
                                 -5.000000   19.750000   output external delay
                                             19.750000   data required time
---------------------------------------------------------------------------------------------
                                             19.750000   data required time
                                             -1.310697   data arrival time
---------------------------------------------------------------------------------------------
                                             18.439302   slack (MET)


Startpoint: _183_ (rising edge-triggered flip-flop clocked by clk)
Endpoint: seg3[1] (output port clocked by clk)
Path Group: clk
Path Type: max

Fanout         Cap        Slew       Delay        Time   Description
---------------------------------------------------------------------------------------------
                                  0.000000    0.000000   clock clk (rise edge)
                                  0.000000    0.000000   clock source latency
     1    0.014807    0.072589    0.049637    0.049637 ^ clk (in)
                                                         clk (net)
                      0.072599    0.000000    0.049637 ^ clkbuf_0_clk/A (sky130_fd_sc_hd__clkbuf_16)
     4    0.043480    0.062955    0.153571    0.203207 ^ clkbuf_0_clk/X (sky130_fd_sc_hd__clkbuf_16)
                                                         clknet_0_clk (net)
                      0.063179    0.002571    0.205778 ^ clkbuf_2_3__f_clk/A (sky130_fd_sc_hd__clkbuf_16)
    11    0.032427    0.053044    0.142284    0.348062 ^ clkbuf_2_3__f_clk/X (sky130_fd_sc_hd__clkbuf_16)
                                                         clknet_2_3__leaf_clk (net)
                      0.053138    0.002134    0.350196 ^ _183_/CLK (sky130_fd_sc_hd__dfrtp_1)
     2    0.009095    0.066840    0.390487    0.740682 v _183_/Q (sky130_fd_sc_hd__dfrtp_1)
                                                         cnt[1] (net)
                      0.066910    0.000555    0.741237 v fanout31/A (sky130_fd_sc_hd__clkbuf_2)
     9    0.031027    0.120868    0.187888    0.929125 v fanout31/X (sky130_fd_sc_hd__clkbuf_2)
                                                         net31 (net)
                      0.120934    0.002570    0.931695 v _104_/A1 (sky130_fd_sc_hd__a31o_1)
     1    0.002603    0.035852    0.198497    1.130192 v _104_/X (sky130_fd_sc_hd__a31o_1)
                                                         net22 (net)
                      0.035852    0.000163    1.130355 v output22/A (sky130_fd_sc_hd__buf_2)
     1    0.034429    0.090320    0.175703    1.306058 v output22/X (sky130_fd_sc_hd__buf_2)
                                                         seg3[1] (net)
                      0.090354    0.001618    1.307677 v seg3[1] (out)
                                              1.307677   data arrival time

                                 25.000000   25.000000   clock clk (rise edge)
                                  0.000000   25.000000   clock network delay (propagated)
                                 -0.250000   24.750000   clock uncertainty
                                  0.000000   24.750000   clock reconvergence pessimism
                                 -5.000000   19.750000   output external delay
                                             19.750000   data required time
---------------------------------------------------------------------------------------------
                                             19.750000   data required time
                                             -1.307677   data arrival time
---------------------------------------------------------------------------------------------
                                             18.442324   slack (MET)


Startpoint: btn (input port clocked by clk)
Endpoint: _173_ (rising edge-triggered flip-flop clocked by clk)
Path Group: clk
Path Type: max

Fanout         Cap        Slew       Delay        Time   Description
---------------------------------------------------------------------------------------------
                                  0.000000    0.000000   clock clk (rise edge)
                                  0.000000    0.000000   clock network delay (propagated)
                                  5.000000    5.000000 ^ input external delay
     1    0.003187    0.021404    0.011720    5.011721 ^ btn (in)
                                                         btn (net)
                      0.021413    0.000000    5.011721 ^ input1/A (sky130_fd_sc_hd__buf_1)
     6    0.017619    0.211353    0.188551    5.200271 ^ input1/X (sky130_fd_sc_hd__buf_1)
                                                         net1 (net)
                      0.211363    0.001230    5.201501 ^ _055_/D_N (sky130_fd_sc_hd__nor4b_1)
     2    0.006138    0.360320    0.352206    5.553707 ^ _055_/Y (sky130_fd_sc_hd__nor4b_1)
                                                         _042_ (net)
                      0.360320    0.000220    5.553927 ^ max_cap27/A (sky130_fd_sc_hd__clkbuf_2)
     6    0.023831    0.136484    0.250457    5.804384 ^ max_cap27/X (sky130_fd_sc_hd__clkbuf_2)
                                                         net27 (net)
                      0.136512    0.001898    5.806282 ^ _069_/A2 (sky130_fd_sc_hd__a21o_1)
     2    0.006298    0.065424    0.150990    5.957271 ^ _069_/X (sky130_fd_sc_hd__a21o_1)
                                                         nxt0[5] (net)
                      0.065425    0.000330    5.957602 ^ _070_/D (sky130_fd_sc_hd__and4_1)
     1    0.003536    0.061177    0.193258    6.150860 ^ _070_/X (sky130_fd_sc_hd__and4_1)
                                                         _044_ (net)
                      0.061178    0.000211    6.151072 ^ _071_/C (sky130_fd_sc_hd__and3_1)
     1    0.002596    0.047616    0.148090    6.299161 ^ _071_/X (sky130_fd_sc_hd__and3_1)
                                                         done_comb[0] (net)
                      0.047616    0.000177    6.299338 ^ _173_/D (sky130_fd_sc_hd__dfrtp_1)
                                              6.299338   data arrival time

                                 25.000000   25.000000   clock clk (rise edge)
                                  0.000000   25.000000   clock source latency
     1    0.014807    0.072589    0.049637   25.049637 ^ clk (in)
                                                         clk (net)
                      0.072599    0.000000   25.049637 ^ clkbuf_0_clk/A (sky130_fd_sc_hd__clkbuf_16)
     4    0.043480    0.062955    0.153571   25.203207 ^ clkbuf_0_clk/X (sky130_fd_sc_hd__clkbuf_16)
                                                         clknet_0_clk (net)
                      0.063200    0.002728   25.205936 ^ clkbuf_2_1__f_clk/A (sky130_fd_sc_hd__clkbuf_16)
    10    0.030077    0.051017    0.140528   25.346464 ^ clkbuf_2_1__f_clk/X (sky130_fd_sc_hd__clkbuf_16)
                                                         clknet_2_1__leaf_clk (net)
                      0.051035    0.001371   25.347836 ^ _173_/CLK (sky130_fd_sc_hd__dfrtp_1)
                                 -0.250000   25.097836   clock uncertainty
                                  0.000000   25.097836   clock reconvergence pessimism
                                 -0.059525   25.038311   library setup time
                                             25.038311   data required time
---------------------------------------------------------------------------------------------
                                             25.038311   data required time
                                             -6.299338   data arrival time
---------------------------------------------------------------------------------------------
                                             18.738974   slack (MET)


Startpoint: btn (input port clocked by clk)
Endpoint: _174_ (rising edge-triggered flip-flop clocked by clk)
Path Group: clk
Path Type: max

Fanout         Cap        Slew       Delay        Time   Description
---------------------------------------------------------------------------------------------
                                  0.000000    0.000000   clock clk (rise edge)
                                  0.000000    0.000000   clock network delay (propagated)
                                  5.000000    5.000000 ^ input external delay
     1    0.003187    0.021404    0.011720    5.011721 ^ btn (in)
                                                         btn (net)
                      0.021413    0.000000    5.011721 ^ input1/A (sky130_fd_sc_hd__buf_1)
     6    0.017619    0.211353    0.188551    5.200271 ^ input1/X (sky130_fd_sc_hd__buf_1)
                                                         net1 (net)
                      0.211370    0.001556    5.201827 ^ _052_/C (sky130_fd_sc_hd__and4bb_2)
     8    0.030184    0.192985    0.376849    5.578676 ^ _052_/X (sky130_fd_sc_hd__and4bb_2)
                                                         _040_ (net)
                      0.192987    0.001045    5.579721 ^ _083_/A2 (sky130_fd_sc_hd__a21o_1)
     2    0.006395    0.066512    0.163906    5.743627 ^ _083_/X (sky130_fd_sc_hd__a21o_1)
                                                         nxt1[5] (net)
                      0.066514    0.000450    5.744077 ^ _084_/D (sky130_fd_sc_hd__and4_1)
     1    0.004897    0.072081    0.204243    5.948320 ^ _084_/X (sky130_fd_sc_hd__and4_1)
                                                         _045_ (net)
                      0.072081    0.000247    5.948567 ^ _085_/C (sky130_fd_sc_hd__and3_1)
     1    0.002855    0.049835    0.152934    6.101501 ^ _085_/X (sky130_fd_sc_hd__and3_1)
                                                         done_comb[1] (net)
                      0.049835    0.000192    6.101694 ^ _174_/D (sky130_fd_sc_hd__dfrtp_1)
                                              6.101694   data arrival time

                                 25.000000   25.000000   clock clk (rise edge)
                                  0.000000   25.000000   clock source latency
     1    0.014807    0.072589    0.049637   25.049637 ^ clk (in)
                                                         clk (net)
                      0.072599    0.000000   25.049637 ^ clkbuf_0_clk/A (sky130_fd_sc_hd__clkbuf_16)
     4    0.043480    0.062955    0.153571   25.203207 ^ clkbuf_0_clk/X (sky130_fd_sc_hd__clkbuf_16)
                                                         clknet_0_clk (net)
                      0.063181    0.002586   25.205793 ^ clkbuf_2_2__f_clk/A (sky130_fd_sc_hd__clkbuf_16)
     8    0.025924    0.047220    0.137151   25.342945 ^ clkbuf_2_2__f_clk/X (sky130_fd_sc_hd__clkbuf_16)
                                                         clknet_2_2__leaf_clk (net)
                      0.047254    0.001137   25.344082 ^ _174_/CLK (sky130_fd_sc_hd__dfrtp_1)
                                 -0.250000   25.094082   clock uncertainty
                                  0.000000   25.094082   clock reconvergence pessimism
                                 -0.060605   25.033476   library setup time
                                             25.033476   data required time
---------------------------------------------------------------------------------------------
                                             25.033476   data required time
                                             -6.101694   data arrival time
---------------------------------------------------------------------------------------------
                                             18.931784   slack (MET)


Startpoint: btn (input port clocked by clk)
Endpoint: _175_ (rising edge-triggered flip-flop clocked by clk)
Path Group: clk
Path Type: max

Fanout         Cap        Slew       Delay        Time   Description
---------------------------------------------------------------------------------------------
                                  0.000000    0.000000   clock clk (rise edge)
                                  0.000000    0.000000   clock network delay (propagated)
                                  5.000000    5.000000 ^ input external delay
     1    0.003187    0.021404    0.011720    5.011721 ^ btn (in)
                                                         btn (net)
                      0.021413    0.000000    5.011721 ^ input1/A (sky130_fd_sc_hd__buf_1)
     6    0.017619    0.211353    0.188551    5.200271 ^ input1/X (sky130_fd_sc_hd__buf_1)
                                                         net1 (net)
                      0.211367    0.001452    5.201723 ^ _087_/C (sky130_fd_sc_hd__and4bb_2)
     6    0.025744    0.169665    0.357678    5.559401 ^ _087_/X (sky130_fd_sc_hd__and4bb_2)
                                                         _046_ (net)
                      0.169682    0.001763    5.561164 ^ _098_/A2 (sky130_fd_sc_hd__a21o_1)
     2    0.006458    0.066814    0.159195    5.720359 ^ _098_/X (sky130_fd_sc_hd__a21o_1)
                                                         nxt2[5] (net)
                      0.066815    0.000386    5.720746 ^ _099_/D (sky130_fd_sc_hd__and4_1)
     1    0.005091    0.073697    0.205827    5.926572 ^ _099_/X (sky130_fd_sc_hd__and4_1)
                                                         _047_ (net)
                      0.073697    0.000291    5.926864 ^ _100_/C (sky130_fd_sc_hd__and3_1)
     1    0.004650    0.064986    0.167368    6.094232 ^ _100_/X (sky130_fd_sc_hd__and3_1)
                                                         done_comb[2] (net)
                      0.064986    0.000271    6.094503 ^ _175_/D (sky130_fd_sc_hd__dfrtp_1)
                                              6.094503   data arrival time

                                 25.000000   25.000000   clock clk (rise edge)
                                  0.000000   25.000000   clock source latency
     1    0.014807    0.072589    0.049637   25.049637 ^ clk (in)
                                                         clk (net)
                      0.072599    0.000000   25.049637 ^ clkbuf_0_clk/A (sky130_fd_sc_hd__clkbuf_16)
     4    0.043480    0.062955    0.153571   25.203207 ^ clkbuf_0_clk/X (sky130_fd_sc_hd__clkbuf_16)
                                                         clknet_0_clk (net)
                      0.063183    0.002597   25.205805 ^ clkbuf_2_0__f_clk/A (sky130_fd_sc_hd__clkbuf_16)
    10    0.030547    0.051451    0.140965   25.346769 ^ clkbuf_2_0__f_clk/X (sky130_fd_sc_hd__clkbuf_16)
                                                         clknet_2_0__leaf_clk (net)
                      0.051464    0.001474   25.348244 ^ _175_/CLK (sky130_fd_sc_hd__dfrtp_1)
                                 -0.250000   25.098244   clock uncertainty
                                  0.000000   25.098244   clock reconvergence pessimism
                                 -0.063466   25.034779   library setup time
                                             25.034779   data required time
---------------------------------------------------------------------------------------------
                                             25.034779   data required time
                                             -6.094503   data arrival time
---------------------------------------------------------------------------------------------
                                             18.940275   slack (MET)


Startpoint: btn (input port clocked by clk)
Endpoint: _151_ (rising edge-triggered flip-flop clocked by clk)
Path Group: clk
Path Type: max

Fanout         Cap        Slew       Delay        Time   Description
---------------------------------------------------------------------------------------------
                                  0.000000    0.000000   clock clk (rise edge)
                                  0.000000    0.000000   clock network delay (propagated)
                                  5.000000    5.000000 ^ input external delay
     1    0.003187    0.021404    0.011720    5.011721 ^ btn (in)
                                                         btn (net)
                      0.021413    0.000000    5.011721 ^ input1/A (sky130_fd_sc_hd__buf_1)
     6    0.017619    0.211353    0.188551    5.200271 ^ input1/X (sky130_fd_sc_hd__buf_1)
                                                         net1 (net)
                      0.211363    0.001230    5.201501 ^ _055_/D_N (sky130_fd_sc_hd__nor4b_1)
     2    0.006138    0.360320    0.352206    5.553707 ^ _055_/Y (sky130_fd_sc_hd__nor4b_1)
                                                         _042_ (net)
                      0.360320    0.000220    5.553927 ^ max_cap27/A (sky130_fd_sc_hd__clkbuf_2)
     6    0.023831    0.136484    0.250457    5.804384 ^ max_cap27/X (sky130_fd_sc_hd__clkbuf_2)
                                                         net27 (net)
                      0.136502    0.001595    5.805979 ^ _063_/A2 (sky130_fd_sc_hd__a21o_1)
     2    0.007033    0.071312    0.155418    5.961397 ^ _063_/X (sky130_fd_sc_hd__a21o_1)
                                                         nxt0[2] (net)
                      0.071313    0.000460    5.961857 ^ _151_/D (sky130_fd_sc_hd__dfrtp_1)
                                              5.961857   data arrival time

                                 25.000000   25.000000   clock clk (rise edge)
                                  0.000000   25.000000   clock source latency
     1    0.014807    0.072589    0.049637   25.049637 ^ clk (in)
                                                         clk (net)
                      0.072599    0.000000   25.049637 ^ clkbuf_0_clk/A (sky130_fd_sc_hd__clkbuf_16)
     4    0.043480    0.062955    0.153571   25.203207 ^ clkbuf_0_clk/X (sky130_fd_sc_hd__clkbuf_16)
                                                         clknet_0_clk (net)
                      0.063200    0.002728   25.205936 ^ clkbuf_2_1__f_clk/A (sky130_fd_sc_hd__clkbuf_16)
    10    0.030077    0.051017    0.140528   25.346464 ^ clkbuf_2_1__f_clk/X (sky130_fd_sc_hd__clkbuf_16)
                                                         clknet_2_1__leaf_clk (net)
                      0.051080    0.002434   25.348898 ^ _151_/CLK (sky130_fd_sc_hd__dfrtp_1)
                                 -0.250000   25.098898   clock uncertainty
                                  0.000000   25.098898   clock reconvergence pessimism
                                 -0.064983   25.033915   library setup time
                                             25.033915   data required time
---------------------------------------------------------------------------------------------
                                             25.033915   data required time
                                             -5.961857   data arrival time
---------------------------------------------------------------------------------------------
                                             19.072058   slack (MET)


Startpoint: btn (input port clocked by clk)
Endpoint: _152_ (rising edge-triggered flip-flop clocked by clk)
Path Group: clk
Path Type: max

Fanout         Cap        Slew       Delay        Time   Description
---------------------------------------------------------------------------------------------
                                  0.000000    0.000000   clock clk (rise edge)
                                  0.000000    0.000000   clock network delay (propagated)
                                  5.000000    5.000000 ^ input external delay
     1    0.003187    0.021404    0.011720    5.011721 ^ btn (in)
                                                         btn (net)
                      0.021413    0.000000    5.011721 ^ input1/A (sky130_fd_sc_hd__buf_1)
     6    0.017619    0.211353    0.188551    5.200271 ^ input1/X (sky130_fd_sc_hd__buf_1)
                                                         net1 (net)
                      0.211363    0.001230    5.201501 ^ _055_/D_N (sky130_fd_sc_hd__nor4b_1)
     2    0.006138    0.360320    0.352206    5.553707 ^ _055_/Y (sky130_fd_sc_hd__nor4b_1)
                                                         _042_ (net)
                      0.360320    0.000220    5.553927 ^ max_cap27/A (sky130_fd_sc_hd__clkbuf_2)
     6    0.023831    0.136484    0.250457    5.804384 ^ max_cap27/X (sky130_fd_sc_hd__clkbuf_2)
                                                         net27 (net)
                      0.136503    0.001637    5.806021 ^ _065_/A2 (sky130_fd_sc_hd__a21o_1)
     2    0.006565    0.067554    0.152550    5.958570 ^ _065_/X (sky130_fd_sc_hd__a21o_1)
                                                         nxt0[3] (net)
                      0.067556    0.000445    5.959016 ^ _152_/D (sky130_fd_sc_hd__dfrtp_1)
                                              5.959016   data arrival time

                                 25.000000   25.000000   clock clk (rise edge)
                                  0.000000   25.000000   clock source latency
     1    0.014807    0.072589    0.049637   25.049637 ^ clk (in)
                                                         clk (net)
                      0.072599    0.000000   25.049637 ^ clkbuf_0_clk/A (sky130_fd_sc_hd__clkbuf_16)
     4    0.043480    0.062955    0.153571   25.203207 ^ clkbuf_0_clk/X (sky130_fd_sc_hd__clkbuf_16)
                                                         clknet_0_clk (net)
                      0.063200    0.002728   25.205936 ^ clkbuf_2_1__f_clk/A (sky130_fd_sc_hd__clkbuf_16)
    10    0.030077    0.051017    0.140528   25.346464 ^ clkbuf_2_1__f_clk/X (sky130_fd_sc_hd__clkbuf_16)
                                                         clknet_2_1__leaf_clk (net)
                      0.051067    0.002313   25.348776 ^ _152_/CLK (sky130_fd_sc_hd__dfrtp_1)
                                 -0.250000   25.098778   clock uncertainty
                                  0.000000   25.098778   clock reconvergence pessimism
                                 -0.064118   25.034660   library setup time
                                             25.034660   data required time
---------------------------------------------------------------------------------------------
                                             25.034660   data required time
                                             -5.959016   data arrival time
---------------------------------------------------------------------------------------------
                                             19.075644   slack (MET)


Startpoint: btn (input port clocked by clk)
Endpoint: _154_ (rising edge-triggered flip-flop clocked by clk)
Path Group: clk
Path Type: max

Fanout         Cap        Slew       Delay        Time   Description
---------------------------------------------------------------------------------------------
                                  0.000000    0.000000   clock clk (rise edge)
                                  0.000000    0.000000   clock network delay (propagated)
                                  5.000000    5.000000 ^ input external delay
     1    0.003187    0.021404    0.011720    5.011721 ^ btn (in)
                                                         btn (net)
                      0.021413    0.000000    5.011721 ^ input1/A (sky130_fd_sc_hd__buf_1)
     6    0.017619    0.211353    0.188551    5.200271 ^ input1/X (sky130_fd_sc_hd__buf_1)
                                                         net1 (net)
                      0.211363    0.001230    5.201501 ^ _055_/D_N (sky130_fd_sc_hd__nor4b_1)
     2    0.006138    0.360320    0.352206    5.553707 ^ _055_/Y (sky130_fd_sc_hd__nor4b_1)
                                                         _042_ (net)
                      0.360320    0.000220    5.553927 ^ max_cap27/A (sky130_fd_sc_hd__clkbuf_2)
     6    0.023831    0.136484    0.250457    5.804384 ^ max_cap27/X (sky130_fd_sc_hd__clkbuf_2)
                                                         net27 (net)
                      0.136512    0.001898    5.806282 ^ _069_/A2 (sky130_fd_sc_hd__a21o_1)
     2    0.006298    0.065424    0.150990    5.957271 ^ _069_/X (sky130_fd_sc_hd__a21o_1)
                                                         nxt0[5] (net)
                      0.065424    0.000248    5.957519 ^ _154_/D (sky130_fd_sc_hd__dfrtp_1)
                                              5.957519   data arrival time

                                 25.000000   25.000000   clock clk (rise edge)
                                  0.000000   25.000000   clock source latency
     1    0.014807    0.072589    0.049637   25.049637 ^ clk (in)
                                                         clk (net)
                      0.072599    0.000000   25.049637 ^ clkbuf_0_clk/A (sky130_fd_sc_hd__clkbuf_16)
     4    0.043480    0.062955    0.153571   25.203207 ^ clkbuf_0_clk/X (sky130_fd_sc_hd__clkbuf_16)
                                                         clknet_0_clk (net)
                      0.063200    0.002728   25.205936 ^ clkbuf_2_1__f_clk/A (sky130_fd_sc_hd__clkbuf_16)
    10    0.030077    0.051017    0.140528   25.346464 ^ clkbuf_2_1__f_clk/X (sky130_fd_sc_hd__clkbuf_16)
                                                         clknet_2_1__leaf_clk (net)
                      0.051078    0.002411   25.348873 ^ _154_/CLK (sky130_fd_sc_hd__dfrtp_1)
                                 -0.250000   25.098875   clock uncertainty
                                  0.000000   25.098875   clock reconvergence pessimism
                                 -0.063625   25.035250   library setup time
                                             25.035250   data required time
---------------------------------------------------------------------------------------------
                                             25.035250   data required time
                                             -5.957519   data arrival time
---------------------------------------------------------------------------------------------
                                             19.077730   slack (MET)


Startpoint: btn (input port clocked by clk)
Endpoint: _153_ (rising edge-triggered flip-flop clocked by clk)
Path Group: clk
Path Type: max

Fanout         Cap        Slew       Delay        Time   Description
---------------------------------------------------------------------------------------------
                                  0.000000    0.000000   clock clk (rise edge)
                                  0.000000    0.000000   clock network delay (propagated)
                                  5.000000    5.000000 ^ input external delay
     1    0.003187    0.021404    0.011720    5.011721 ^ btn (in)
                                                         btn (net)
                      0.021413    0.000000    5.011721 ^ input1/A (sky130_fd_sc_hd__buf_1)
     6    0.017619    0.211353    0.188551    5.200271 ^ input1/X (sky130_fd_sc_hd__buf_1)
                                                         net1 (net)
                      0.211363    0.001230    5.201501 ^ _055_/D_N (sky130_fd_sc_hd__nor4b_1)
     2    0.006138    0.360320    0.352206    5.553707 ^ _055_/Y (sky130_fd_sc_hd__nor4b_1)
                                                         _042_ (net)
                      0.360320    0.000220    5.553927 ^ max_cap27/A (sky130_fd_sc_hd__clkbuf_2)
     6    0.023831    0.136484    0.250457    5.804384 ^ max_cap27/X (sky130_fd_sc_hd__clkbuf_2)
                                                         net27 (net)
                      0.136504    0.001667    5.806051 ^ _067_/A2 (sky130_fd_sc_hd__a21o_1)
     2    0.006018    0.063206    0.149182    5.955233 ^ _067_/X (sky130_fd_sc_hd__a21o_1)
                                                         nxt0[4] (net)
                      0.063208    0.000499    5.955732 ^ _153_/D (sky130_fd_sc_hd__dfrtp_1)
                                              5.955732   data arrival time

                                 25.000000   25.000000   clock clk (rise edge)
                                  0.000000   25.000000   clock source latency
     1    0.014807    0.072589    0.049637   25.049637 ^ clk (in)
                                                         clk (net)
                      0.072599    0.000000   25.049637 ^ clkbuf_0_clk/A (sky130_fd_sc_hd__clkbuf_16)
     4    0.043480    0.062955    0.153571   25.203207 ^ clkbuf_0_clk/X (sky130_fd_sc_hd__clkbuf_16)
                                                         clknet_0_clk (net)
                      0.063200    0.002728   25.205936 ^ clkbuf_2_1__f_clk/A (sky130_fd_sc_hd__clkbuf_16)
    10    0.030077    0.051017    0.140528   25.346464 ^ clkbuf_2_1__f_clk/X (sky130_fd_sc_hd__clkbuf_16)
                                                         clknet_2_1__leaf_clk (net)
                      0.051059    0.002224   25.348688 ^ _153_/CLK (sky130_fd_sc_hd__dfrtp_1)
                                 -0.250000   25.098688   clock uncertainty
                                  0.000000   25.098688   clock reconvergence pessimism
                                 -0.063117   25.035570   library setup time
                                             25.035570   data required time
---------------------------------------------------------------------------------------------
                                             25.035570   data required time
                                             -5.955732   data arrival time
---------------------------------------------------------------------------------------------
                                             19.079838   slack (MET)


Startpoint: btn (input port clocked by clk)
Endpoint: _149_ (rising edge-triggered flip-flop clocked by clk)
Path Group: clk
Path Type: max

Fanout         Cap        Slew       Delay        Time   Description
---------------------------------------------------------------------------------------------
                                  0.000000    0.000000   clock clk (rise edge)
                                  0.000000    0.000000   clock network delay (propagated)
                                  5.000000    5.000000 ^ input external delay
     1    0.003187    0.021404    0.011720    5.011721 ^ btn (in)
                                                         btn (net)
                      0.021413    0.000000    5.011721 ^ input1/A (sky130_fd_sc_hd__buf_1)
     6    0.017619    0.211353    0.188551    5.200271 ^ input1/X (sky130_fd_sc_hd__buf_1)
                                                         net1 (net)
                      0.211363    0.001230    5.201501 ^ _055_/D_N (sky130_fd_sc_hd__nor4b_1)
     2    0.006138    0.360320    0.352206    5.553707 ^ _055_/Y (sky130_fd_sc_hd__nor4b_1)
                                                         _042_ (net)
                      0.360320    0.000220    5.553927 ^ max_cap27/A (sky130_fd_sc_hd__clkbuf_2)
     6    0.023831    0.136484    0.250457    5.804384 ^ max_cap27/X (sky130_fd_sc_hd__clkbuf_2)
                                                         net27 (net)
                      0.136511    0.001888    5.806272 ^ _059_/A2 (sky130_fd_sc_hd__a21o_1)
     2    0.005470    0.059622    0.145944    5.952216 ^ _059_/X (sky130_fd_sc_hd__a21o_1)
                                                         nxt0[0] (net)
                      0.059622    0.000210    5.952426 ^ _149_/D (sky130_fd_sc_hd__dfrtp_1)
                                              5.952426   data arrival time

                                 25.000000   25.000000   clock clk (rise edge)
                                  0.000000   25.000000   clock source latency
     1    0.014807    0.072589    0.049637   25.049637 ^ clk (in)
                                                         clk (net)
                      0.072599    0.000000   25.049637 ^ clkbuf_0_clk/A (sky130_fd_sc_hd__clkbuf_16)
     4    0.043480    0.062955    0.153571   25.203207 ^ clkbuf_0_clk/X (sky130_fd_sc_hd__clkbuf_16)
                                                         clknet_0_clk (net)
                      0.063200    0.002728   25.205936 ^ clkbuf_2_1__f_clk/A (sky130_fd_sc_hd__clkbuf_16)
    10    0.030077    0.051017    0.140528   25.346464 ^ clkbuf_2_1__f_clk/X (sky130_fd_sc_hd__clkbuf_16)
                                                         clknet_2_1__leaf_clk (net)
                      0.051035    0.001348   25.347811 ^ _149_/CLK (sky130_fd_sc_hd__dfrtp_1)
                                 -0.250000   25.097813   clock uncertainty
                                  0.000000   25.097813   clock reconvergence pessimism
                                 -0.062294   25.035519   library setup time
                                             25.035519   data required time
---------------------------------------------------------------------------------------------
                                             25.035519   data required time
                                             -5.952426   data arrival time
---------------------------------------------------------------------------------------------
                                             19.083094   slack (MET)


Startpoint: btn (input port clocked by clk)
Endpoint: _150_ (rising edge-triggered flip-flop clocked by clk)
Path Group: clk
Path Type: max

Fanout         Cap        Slew       Delay        Time   Description
---------------------------------------------------------------------------------------------
                                  0.000000    0.000000   clock clk (rise edge)
                                  0.000000    0.000000   clock network delay (propagated)
                                  5.000000    5.000000 ^ input external delay
     1    0.003187    0.021404    0.011720    5.011721 ^ btn (in)
                                                         btn (net)
                      0.021413    0.000000    5.011721 ^ input1/A (sky130_fd_sc_hd__buf_1)
     6    0.017619    0.211353    0.188551    5.200271 ^ input1/X (sky130_fd_sc_hd__buf_1)
                                                         net1 (net)
                      0.211363    0.001230    5.201501 ^ _055_/D_N (sky130_fd_sc_hd__nor4b_1)
     2    0.006138    0.360320    0.352206    5.553707 ^ _055_/Y (sky130_fd_sc_hd__nor4b_1)
                                                         _042_ (net)
                      0.360320    0.000220    5.553927 ^ max_cap27/A (sky130_fd_sc_hd__clkbuf_2)
     6    0.023831    0.136484    0.250457    5.804384 ^ max_cap27/X (sky130_fd_sc_hd__clkbuf_2)
                                                         net27 (net)
                      0.136490    0.001075    5.805459 ^ _061_/A2 (sky130_fd_sc_hd__a21o_1)
     2    0.004825    0.053724    0.141956    5.947415 ^ _061_/X (sky130_fd_sc_hd__a21o_1)
                                                         nxt0[1] (net)
                      0.053724    0.000269    5.947684 ^ _150_/D (sky130_fd_sc_hd__dfrtp_1)
                                              5.947684   data arrival time

                                 25.000000   25.000000   clock clk (rise edge)
                                  0.000000   25.000000   clock source latency
     1    0.014807    0.072589    0.049637   25.049637 ^ clk (in)
                                                         clk (net)
                      0.072599    0.000000   25.049637 ^ clkbuf_0_clk/A (sky130_fd_sc_hd__clkbuf_16)
     4    0.043480    0.062955    0.153571   25.203207 ^ clkbuf_0_clk/X (sky130_fd_sc_hd__clkbuf_16)
                                                         clknet_0_clk (net)
                      0.063200    0.002728   25.205936 ^ clkbuf_2_1__f_clk/A (sky130_fd_sc_hd__clkbuf_16)
    10    0.030077    0.051017    0.140528   25.346464 ^ clkbuf_2_1__f_clk/X (sky130_fd_sc_hd__clkbuf_16)
                                                         clknet_2_1__leaf_clk (net)
                      0.051035    0.001375   25.347837 ^ _150_/CLK (sky130_fd_sc_hd__dfrtp_1)
                                 -0.250000   25.097839   clock uncertainty
                                  0.000000   25.097839   clock reconvergence pessimism
                                 -0.060933   25.036907   library setup time
                                             25.036907   data required time
---------------------------------------------------------------------------------------------
                                             25.036907   data required time
                                             -5.947684   data arrival time
---------------------------------------------------------------------------------------------
                                             19.089222   slack (MET)


Startpoint: btn (input port clocked by clk)
Endpoint: _182_ (rising edge-triggered flip-flop clocked by clk)
Path Group: clk
Path Type: max

Fanout         Cap        Slew       Delay        Time   Description
---------------------------------------------------------------------------------------------
                                  0.000000    0.000000   clock clk (rise edge)
                                  0.000000    0.000000   clock network delay (propagated)
                                  5.000000    5.000000 ^ input external delay
     1    0.003187    0.021404    0.011720    5.011721 ^ btn (in)
                                                         btn (net)
                      0.021413    0.000000    5.011721 ^ input1/A (sky130_fd_sc_hd__buf_1)
     6    0.017619    0.211353    0.188551    5.200271 ^ input1/X (sky130_fd_sc_hd__buf_1)
                                                         net1 (net)
                      0.211370    0.001556    5.201827 ^ _052_/C (sky130_fd_sc_hd__and4bb_2)
     8    0.030184    0.192985    0.376849    5.578676 ^ _052_/X (sky130_fd_sc_hd__and4bb_2)
                                                         _040_ (net)
                      0.192987    0.000969    5.579645 ^ _057_/A2_N (sky130_fd_sc_hd__o2bb2a_1)
     1    0.002646    0.052097    0.237929    5.817574 v _057_/X (sky130_fd_sc_hd__o2bb2a_1)
                                                         _036_ (net)
                      0.052097    0.000191    5.817764 v _182_/D (sky130_fd_sc_hd__dfrtp_1)
                                              5.817764   data arrival time

                                 25.000000   25.000000   clock clk (rise edge)
                                  0.000000   25.000000   clock source latency
     1    0.014807    0.072589    0.049637   25.049637 ^ clk (in)
                                                         clk (net)
                      0.072599    0.000000   25.049637 ^ clkbuf_0_clk/A (sky130_fd_sc_hd__clkbuf_16)
     4    0.043480    0.062955    0.153571   25.203207 ^ clkbuf_0_clk/X (sky130_fd_sc_hd__clkbuf_16)
                                                         clknet_0_clk (net)
                      0.063179    0.002570   25.205778 ^ clkbuf_2_3__f_clk/A (sky130_fd_sc_hd__clkbuf_16)
    11    0.032427    0.053044    0.142283   25.348061 ^ clkbuf_2_3__f_clk/X (sky130_fd_sc_hd__clkbuf_16)
                                                         clknet_2_3__leaf_clk (net)
                      0.053133    0.002091   25.350151 ^ _182_/CLK (sky130_fd_sc_hd__dfrtp_1)
                                 -0.250000   25.100151   clock uncertainty
                                  0.000000   25.100151   clock reconvergence pessimism
                                 -0.115508   24.984644   library setup time
                                             24.984644   data required time
---------------------------------------------------------------------------------------------
                                             24.984644   data required time
                                             -5.817764   data arrival time
---------------------------------------------------------------------------------------------
                                             19.166880   slack (MET)


Startpoint: btn (input port clocked by clk)
Endpoint: _155_ (rising edge-triggered flip-flop clocked by clk)
Path Group: clk
Path Type: max

Fanout         Cap        Slew       Delay        Time   Description
---------------------------------------------------------------------------------------------
                                  0.000000    0.000000   clock clk (rise edge)
                                  0.000000    0.000000   clock network delay (propagated)
                                  5.000000    5.000000 ^ input external delay
     1    0.003187    0.021404    0.011720    5.011721 ^ btn (in)
                                                         btn (net)
                      0.021413    0.000000    5.011721 ^ input1/A (sky130_fd_sc_hd__buf_1)
     6    0.017619    0.211353    0.188551    5.200271 ^ input1/X (sky130_fd_sc_hd__buf_1)
                                                         net1 (net)
                      0.211370    0.001556    5.201827 ^ _052_/C (sky130_fd_sc_hd__and4bb_2)
     8    0.030184    0.192985    0.376849    5.578676 ^ _052_/X (sky130_fd_sc_hd__and4bb_2)
                                                         _040_ (net)
                      0.193003    0.001957    5.580633 ^ _073_/A2 (sky130_fd_sc_hd__a21o_1)
     2    0.009342    0.090179    0.182052    5.762685 ^ _073_/X (sky130_fd_sc_hd__a21o_1)
                                                         nxt1[0] (net)
                      0.090179    0.000374    5.763059 ^ _155_/D (sky130_fd_sc_hd__dfrtp_1)
                                              5.763059   data arrival time

                                 25.000000   25.000000   clock clk (rise edge)
                                  0.000000   25.000000   clock source latency
     1    0.014807    0.072589    0.049637   25.049637 ^ clk (in)
                                                         clk (net)
                      0.072599    0.000000   25.049637 ^ clkbuf_0_clk/A (sky130_fd_sc_hd__clkbuf_16)
     4    0.043480    0.062955    0.153571   25.203207 ^ clkbuf_0_clk/X (sky130_fd_sc_hd__clkbuf_16)
                                                         clknet_0_clk (net)
                      0.063181    0.002586   25.205793 ^ clkbuf_2_2__f_clk/A (sky130_fd_sc_hd__clkbuf_16)
     8    0.025924    0.047220    0.137151   25.342945 ^ clkbuf_2_2__f_clk/X (sky130_fd_sc_hd__clkbuf_16)
                                                         clknet_2_2__leaf_clk (net)
                      0.047276    0.001405   25.344349 ^ _155_/CLK (sky130_fd_sc_hd__dfrtp_1)
                                 -0.250000   25.094351   clock uncertainty
                                  0.000000   25.094351   clock reconvergence pessimism
                                 -0.069914   25.024437   library setup time
                                             25.024437   data required time
---------------------------------------------------------------------------------------------
                                             25.024437   data required time
                                             -5.763059   data arrival time
---------------------------------------------------------------------------------------------
                                             19.261377   slack (MET)


Startpoint: btn (input port clocked by clk)
Endpoint: _156_ (rising edge-triggered flip-flop clocked by clk)
Path Group: clk
Path Type: max

Fanout         Cap        Slew       Delay        Time   Description
---------------------------------------------------------------------------------------------
                                  0.000000    0.000000   clock clk (rise edge)
                                  0.000000    0.000000   clock network delay (propagated)
                                  5.000000    5.000000 ^ input external delay
     1    0.003187    0.021404    0.011720    5.011721 ^ btn (in)
                                                         btn (net)
                      0.021413    0.000000    5.011721 ^ input1/A (sky130_fd_sc_hd__buf_1)
     6    0.017619    0.211353    0.188551    5.200271 ^ input1/X (sky130_fd_sc_hd__buf_1)
                                                         net1 (net)
                      0.211370    0.001556    5.201827 ^ _052_/C (sky130_fd_sc_hd__and4bb_2)
     8    0.030184    0.192985    0.376849    5.578676 ^ _052_/X (sky130_fd_sc_hd__and4bb_2)
                                                         _040_ (net)
                      0.193001    0.001871    5.580547 ^ _075_/A2 (sky130_fd_sc_hd__a21o_1)
     2    0.007518    0.075469    0.170798    5.751345 ^ _075_/X (sky130_fd_sc_hd__a21o_1)
                                                         nxt1[1] (net)
                      0.075470    0.000443    5.751788 ^ _156_/D (sky130_fd_sc_hd__dfrtp_1)
                                              5.751788   data arrival time

                                 25.000000   25.000000   clock clk (rise edge)
                                  0.000000   25.000000   clock source latency
     1    0.014807    0.072589    0.049637   25.049637 ^ clk (in)
                                                         clk (net)
                      0.072599    0.000000   25.049637 ^ clkbuf_0_clk/A (sky130_fd_sc_hd__clkbuf_16)
     4    0.043480    0.062955    0.153571   25.203207 ^ clkbuf_0_clk/X (sky130_fd_sc_hd__clkbuf_16)
                                                         clknet_0_clk (net)
                      0.063181    0.002586   25.205793 ^ clkbuf_2_2__f_clk/A (sky130_fd_sc_hd__clkbuf_16)
     8    0.025924    0.047220    0.137151   25.342945 ^ clkbuf_2_2__f_clk/X (sky130_fd_sc_hd__clkbuf_16)
                                                         clknet_2_2__leaf_clk (net)
                      0.047267    0.001307   25.344252 ^ _156_/CLK (sky130_fd_sc_hd__dfrtp_1)
                                 -0.250000   25.094254   clock uncertainty
                                  0.000000   25.094254   clock reconvergence pessimism
                                 -0.066521   25.027731   library setup time
                                             25.027731   data required time
---------------------------------------------------------------------------------------------
                                             25.027731   data required time
                                             -5.751788   data arrival time
---------------------------------------------------------------------------------------------
                                             19.275944   slack (MET)


Startpoint: btn (input port clocked by clk)
Endpoint: _159_ (rising edge-triggered flip-flop clocked by clk)
Path Group: clk
Path Type: max

Fanout         Cap        Slew       Delay        Time   Description
---------------------------------------------------------------------------------------------
                                  0.000000    0.000000   clock clk (rise edge)
                                  0.000000    0.000000   clock network delay (propagated)
                                  5.000000    5.000000 ^ input external delay
     1    0.003187    0.021404    0.011720    5.011721 ^ btn (in)
                                                         btn (net)
                      0.021413    0.000000    5.011721 ^ input1/A (sky130_fd_sc_hd__buf_1)
     6    0.017619    0.211353    0.188551    5.200271 ^ input1/X (sky130_fd_sc_hd__buf_1)
                                                         net1 (net)
                      0.211370    0.001556    5.201827 ^ _052_/C (sky130_fd_sc_hd__and4bb_2)
     8    0.030184    0.192985    0.376849    5.578676 ^ _052_/X (sky130_fd_sc_hd__and4bb_2)
                                                         _040_ (net)
                      0.192988    0.001124    5.579800 ^ _081_/A2 (sky130_fd_sc_hd__a21o_1)
     2    0.006588    0.068052    0.165072    5.744872 ^ _081_/X (sky130_fd_sc_hd__a21o_1)
                                                         nxt1[4] (net)
                      0.068053    0.000454    5.745326 ^ _159_/D (sky130_fd_sc_hd__dfrtp_1)
                                              5.745326   data arrival time

                                 25.000000   25.000000   clock clk (rise edge)
                                  0.000000   25.000000   clock source latency
     1    0.014807    0.072589    0.049637   25.049637 ^ clk (in)
                                                         clk (net)
                      0.072599    0.000000   25.049637 ^ clkbuf_0_clk/A (sky130_fd_sc_hd__clkbuf_16)
     4    0.043480    0.062955    0.153571   25.203207 ^ clkbuf_0_clk/X (sky130_fd_sc_hd__clkbuf_16)
                                                         clknet_0_clk (net)
                      0.063181    0.002586   25.205793 ^ clkbuf_2_2__f_clk/A (sky130_fd_sc_hd__clkbuf_16)
     8    0.025924    0.047220    0.137151   25.342945 ^ clkbuf_2_2__f_clk/X (sky130_fd_sc_hd__clkbuf_16)
                                                         clknet_2_2__leaf_clk (net)
                      0.047303    0.001677   25.344622 ^ _159_/CLK (sky130_fd_sc_hd__dfrtp_1)
                                 -0.250000   25.094622   clock uncertainty
                                  0.000000   25.094622   clock reconvergence pessimism
                                 -0.064803   25.029819   library setup time
                                             25.029819   data required time
---------------------------------------------------------------------------------------------
                                             25.029819   data required time
                                             -5.745326   data arrival time
---------------------------------------------------------------------------------------------
                                             19.284492   slack (MET)


Startpoint: btn (input port clocked by clk)
Endpoint: _160_ (rising edge-triggered flip-flop clocked by clk)
Path Group: clk
Path Type: max

Fanout         Cap        Slew       Delay        Time   Description
---------------------------------------------------------------------------------------------
                                  0.000000    0.000000   clock clk (rise edge)
                                  0.000000    0.000000   clock network delay (propagated)
                                  5.000000    5.000000 ^ input external delay
     1    0.003187    0.021404    0.011720    5.011721 ^ btn (in)
                                                         btn (net)
                      0.021413    0.000000    5.011721 ^ input1/A (sky130_fd_sc_hd__buf_1)
     6    0.017619    0.211353    0.188551    5.200271 ^ input1/X (sky130_fd_sc_hd__buf_1)
                                                         net1 (net)
                      0.211370    0.001556    5.201827 ^ _052_/C (sky130_fd_sc_hd__and4bb_2)
     8    0.030184    0.192985    0.376849    5.578676 ^ _052_/X (sky130_fd_sc_hd__and4bb_2)
                                                         _040_ (net)
                      0.192987    0.001045    5.579721 ^ _083_/A2 (sky130_fd_sc_hd__a21o_1)
     2    0.006395    0.066512    0.163906    5.743627 ^ _083_/X (sky130_fd_sc_hd__a21o_1)
                                                         nxt1[5] (net)
                      0.066513    0.000405    5.744031 ^ _160_/D (sky130_fd_sc_hd__dfrtp_1)
                                              5.744031   data arrival time

                                 25.000000   25.000000   clock clk (rise edge)
                                  0.000000   25.000000   clock source latency
     1    0.014807    0.072589    0.049637   25.049637 ^ clk (in)
                                                         clk (net)
                      0.072599    0.000000   25.049637 ^ clkbuf_0_clk/A (sky130_fd_sc_hd__clkbuf_16)
     4    0.043480    0.062955    0.153571   25.203207 ^ clkbuf_0_clk/X (sky130_fd_sc_hd__clkbuf_16)
                                                         clknet_0_clk (net)
                      0.063181    0.002586   25.205793 ^ clkbuf_2_2__f_clk/A (sky130_fd_sc_hd__clkbuf_16)
     8    0.025924    0.047220    0.137151   25.342945 ^ clkbuf_2_2__f_clk/X (sky130_fd_sc_hd__clkbuf_16)
                                                         clknet_2_2__leaf_clk (net)
                      0.047260    0.001219   25.344164 ^ _160_/CLK (sky130_fd_sc_hd__dfrtp_1)
                                 -0.250000   25.094164   clock uncertainty
                                  0.000000   25.094164   clock reconvergence pessimism
                                 -0.064454   25.029711   library setup time
                                             25.029711   data required time
---------------------------------------------------------------------------------------------
                                             25.029711   data required time
                                             -5.744031   data arrival time
---------------------------------------------------------------------------------------------
                                             19.285679   slack (MET)


Startpoint: btn (input port clocked by clk)
Endpoint: _158_ (rising edge-triggered flip-flop clocked by clk)
Path Group: clk
Path Type: max

Fanout         Cap        Slew       Delay        Time   Description
---------------------------------------------------------------------------------------------
                                  0.000000    0.000000   clock clk (rise edge)
                                  0.000000    0.000000   clock network delay (propagated)
                                  5.000000    5.000000 ^ input external delay
     1    0.003187    0.021404    0.011720    5.011721 ^ btn (in)
                                                         btn (net)
                      0.021413    0.000000    5.011721 ^ input1/A (sky130_fd_sc_hd__buf_1)
     6    0.017619    0.211353    0.188551    5.200271 ^ input1/X (sky130_fd_sc_hd__buf_1)
                                                         net1 (net)
                      0.211370    0.001556    5.201827 ^ _052_/C (sky130_fd_sc_hd__and4bb_2)
     8    0.030184    0.192985    0.376849    5.578676 ^ _052_/X (sky130_fd_sc_hd__and4bb_2)
                                                         _040_ (net)
                      0.192998    0.001737    5.580413 ^ _079_/A2 (sky130_fd_sc_hd__a21o_1)
     2    0.005190    0.056990    0.156603    5.737015 ^ _079_/X (sky130_fd_sc_hd__a21o_1)
                                                         nxt1[3] (net)
                      0.056990    0.000259    5.737274 ^ _158_/D (sky130_fd_sc_hd__dfrtp_1)
                                              5.737274   data arrival time

                                 25.000000   25.000000   clock clk (rise edge)
                                  0.000000   25.000000   clock source latency
     1    0.014807    0.072589    0.049637   25.049637 ^ clk (in)
                                                         clk (net)
                      0.072599    0.000000   25.049637 ^ clkbuf_0_clk/A (sky130_fd_sc_hd__clkbuf_16)
     4    0.043480    0.062955    0.153571   25.203207 ^ clkbuf_0_clk/X (sky130_fd_sc_hd__clkbuf_16)
                                                         clknet_0_clk (net)
                      0.063181    0.002586   25.205793 ^ clkbuf_2_2__f_clk/A (sky130_fd_sc_hd__clkbuf_16)
     8    0.025924    0.047220    0.137151   25.342945 ^ clkbuf_2_2__f_clk/X (sky130_fd_sc_hd__clkbuf_16)
                                                         clknet_2_2__leaf_clk (net)
                      0.047303    0.001682   25.344627 ^ _158_/CLK (sky130_fd_sc_hd__dfrtp_1)
                                 -0.250000   25.094627   clock uncertainty
                                  0.000000   25.094627   clock reconvergence pessimism
                                 -0.062249   25.032379   library setup time
                                             25.032379   data required time
---------------------------------------------------------------------------------------------
                                             25.032379   data required time
                                             -5.737274   data arrival time
---------------------------------------------------------------------------------------------
                                             19.295105   slack (MET)


Startpoint: btn (input port clocked by clk)
Endpoint: _157_ (rising edge-triggered flip-flop clocked by clk)
Path Group: clk
Path Type: max

Fanout         Cap        Slew       Delay        Time   Description
---------------------------------------------------------------------------------------------
                                  0.000000    0.000000   clock clk (rise edge)
                                  0.000000    0.000000   clock network delay (propagated)
                                  5.000000    5.000000 ^ input external delay
     1    0.003187    0.021404    0.011720    5.011721 ^ btn (in)
                                                         btn (net)
                      0.021413    0.000000    5.011721 ^ input1/A (sky130_fd_sc_hd__buf_1)
     6    0.017619    0.211353    0.188551    5.200271 ^ input1/X (sky130_fd_sc_hd__buf_1)
                                                         net1 (net)
                      0.211370    0.001556    5.201827 ^ _052_/C (sky130_fd_sc_hd__and4bb_2)
     8    0.030184    0.192985    0.376849    5.578676 ^ _052_/X (sky130_fd_sc_hd__and4bb_2)
                                                         _040_ (net)
                      0.192997    0.001684    5.580360 ^ _077_/A2 (sky130_fd_sc_hd__a21o_1)
     2    0.004831    0.054185    0.154361    5.734721 ^ _077_/X (sky130_fd_sc_hd__a21o_1)
                                                         nxt1[2] (net)
                      0.054186    0.000290    5.735011 ^ _157_/D (sky130_fd_sc_hd__dfrtp_1)
                                              5.735011   data arrival time

                                 25.000000   25.000000   clock clk (rise edge)
                                  0.000000   25.000000   clock source latency
     1    0.014807    0.072589    0.049637   25.049637 ^ clk (in)
                                                         clk (net)
                      0.072599    0.000000   25.049637 ^ clkbuf_0_clk/A (sky130_fd_sc_hd__clkbuf_16)
     4    0.043480    0.062955    0.153571   25.203207 ^ clkbuf_0_clk/X (sky130_fd_sc_hd__clkbuf_16)
                                                         clknet_0_clk (net)
                      0.063181    0.002586   25.205793 ^ clkbuf_2_2__f_clk/A (sky130_fd_sc_hd__clkbuf_16)
     8    0.025924    0.047220    0.137151   25.342945 ^ clkbuf_2_2__f_clk/X (sky130_fd_sc_hd__clkbuf_16)
                                                         clknet_2_2__leaf_clk (net)
                      0.047298    0.001631   25.344576 ^ _157_/CLK (sky130_fd_sc_hd__dfrtp_1)
                                 -0.250000   25.094576   clock uncertainty
                                  0.000000   25.094576   clock reconvergence pessimism
                                 -0.061603   25.032974   library setup time
                                             25.032974   data required time
---------------------------------------------------------------------------------------------
                                             25.032974   data required time
                                             -5.735011   data arrival time
---------------------------------------------------------------------------------------------
                                             19.297962   slack (MET)


Startpoint: btn (input port clocked by clk)
Endpoint: _162_ (rising edge-triggered flip-flop clocked by clk)
Path Group: clk
Path Type: max

Fanout         Cap        Slew       Delay        Time   Description
---------------------------------------------------------------------------------------------
                                  0.000000    0.000000   clock clk (rise edge)
                                  0.000000    0.000000   clock network delay (propagated)
                                  5.000000    5.000000 ^ input external delay
     1    0.003187    0.021404    0.011720    5.011721 ^ btn (in)
                                                         btn (net)
                      0.021413    0.000000    5.011721 ^ input1/A (sky130_fd_sc_hd__buf_1)
     6    0.017619    0.211353    0.188551    5.200271 ^ input1/X (sky130_fd_sc_hd__buf_1)
                                                         net1 (net)
                      0.211367    0.001452    5.201723 ^ _087_/C (sky130_fd_sc_hd__and4bb_2)
     6    0.025744    0.169665    0.357678    5.559401 ^ _087_/X (sky130_fd_sc_hd__and4bb_2)
                                                         _046_ (net)
                      0.169676    0.001502    5.560904 ^ _090_/A2 (sky130_fd_sc_hd__a21o_1)
     2    0.007617    0.076105    0.166158    5.727061 ^ _090_/X (sky130_fd_sc_hd__a21o_1)
                                                         nxt2[1] (net)
                      0.076109    0.000626    5.727687 ^ _162_/D (sky130_fd_sc_hd__dfrtp_1)
                                              5.727687   data arrival time

                                 25.000000   25.000000   clock clk (rise edge)
                                  0.000000   25.000000   clock source latency
     1    0.014807    0.072589    0.049637   25.049637 ^ clk (in)
                                                         clk (net)
                      0.072599    0.000000   25.049637 ^ clkbuf_0_clk/A (sky130_fd_sc_hd__clkbuf_16)
     4    0.043480    0.062955    0.153571   25.203207 ^ clkbuf_0_clk/X (sky130_fd_sc_hd__clkbuf_16)
                                                         clknet_0_clk (net)
                      0.063183    0.002597   25.205805 ^ clkbuf_2_0__f_clk/A (sky130_fd_sc_hd__clkbuf_16)
    10    0.030547    0.051451    0.140965   25.346769 ^ clkbuf_2_0__f_clk/X (sky130_fd_sc_hd__clkbuf_16)
                                                         clknet_2_0__leaf_clk (net)
                      0.051490    0.002231   25.349001 ^ _162_/CLK (sky130_fd_sc_hd__dfrtp_1)
                                 -0.250000   25.099001   clock uncertainty
                                  0.000000   25.099001   clock reconvergence pessimism
                                 -0.066027   25.032974   library setup time
                                             25.032974   data required time
---------------------------------------------------------------------------------------------
                                             25.032974   data required time
                                             -5.727687   data arrival time
---------------------------------------------------------------------------------------------
                                             19.305286   slack (MET)


Startpoint: btn (input port clocked by clk)
Endpoint: _165_ (rising edge-triggered flip-flop clocked by clk)
Path Group: clk
Path Type: max

Fanout         Cap        Slew       Delay        Time   Description
---------------------------------------------------------------------------------------------
                                  0.000000    0.000000   clock clk (rise edge)
                                  0.000000    0.000000   clock network delay (propagated)
                                  5.000000    5.000000 ^ input external delay
     1    0.003187    0.021404    0.011720    5.011721 ^ btn (in)
                                                         btn (net)
                      0.021413    0.000000    5.011721 ^ input1/A (sky130_fd_sc_hd__buf_1)
     6    0.017619    0.211353    0.188551    5.200271 ^ input1/X (sky130_fd_sc_hd__buf_1)
                                                         net1 (net)
                      0.211367    0.001452    5.201723 ^ _087_/C (sky130_fd_sc_hd__and4bb_2)
     6    0.025744    0.169665    0.357678    5.559401 ^ _087_/X (sky130_fd_sc_hd__and4bb_2)
                                                         _046_ (net)
                      0.169683    0.001811    5.561212 ^ _096_/A2 (sky130_fd_sc_hd__a21o_1)
     2    0.006702    0.068754    0.160692    5.721904 ^ _096_/X (sky130_fd_sc_hd__a21o_1)
                                                         nxt2[4] (net)
                      0.068755    0.000392    5.722297 ^ _165_/D (sky130_fd_sc_hd__dfrtp_1)
                                              5.722297   data arrival time

                                 25.000000   25.000000   clock clk (rise edge)
                                  0.000000   25.000000   clock source latency
     1    0.014807    0.072589    0.049637   25.049637 ^ clk (in)
                                                         clk (net)
                      0.072599    0.000000   25.049637 ^ clkbuf_0_clk/A (sky130_fd_sc_hd__clkbuf_16)
     4    0.043480    0.062955    0.153571   25.203207 ^ clkbuf_0_clk/X (sky130_fd_sc_hd__clkbuf_16)
                                                         clknet_0_clk (net)
                      0.063183    0.002597   25.205805 ^ clkbuf_2_0__f_clk/A (sky130_fd_sc_hd__clkbuf_16)
    10    0.030547    0.051451    0.140965   25.346769 ^ clkbuf_2_0__f_clk/X (sky130_fd_sc_hd__clkbuf_16)
                                                         clknet_2_0__leaf_clk (net)
                      0.051518    0.002519   25.349287 ^ _165_/CLK (sky130_fd_sc_hd__dfrtp_1)
                                 -0.250000   25.099289   clock uncertainty
                                  0.000000   25.099289   clock reconvergence pessimism
                                 -0.064327   25.034962   library setup time
                                             25.034962   data required time
---------------------------------------------------------------------------------------------
                                             25.034962   data required time
                                             -5.722297   data arrival time
---------------------------------------------------------------------------------------------
                                             19.312666   slack (MET)


Startpoint: btn (input port clocked by clk)
Endpoint: _166_ (rising edge-triggered flip-flop clocked by clk)
Path Group: clk
Path Type: max

Fanout         Cap        Slew       Delay        Time   Description
---------------------------------------------------------------------------------------------
                                  0.000000    0.000000   clock clk (rise edge)
                                  0.000000    0.000000   clock network delay (propagated)
                                  5.000000    5.000000 ^ input external delay
     1    0.003187    0.021404    0.011720    5.011721 ^ btn (in)
                                                         btn (net)
                      0.021413    0.000000    5.011721 ^ input1/A (sky130_fd_sc_hd__buf_1)
     6    0.017619    0.211353    0.188551    5.200271 ^ input1/X (sky130_fd_sc_hd__buf_1)
                                                         net1 (net)
                      0.211367    0.001452    5.201723 ^ _087_/C (sky130_fd_sc_hd__and4bb_2)
     6    0.025744    0.169665    0.357678    5.559401 ^ _087_/X (sky130_fd_sc_hd__and4bb_2)
                                                         _046_ (net)
                      0.169682    0.001763    5.561164 ^ _098_/A2 (sky130_fd_sc_hd__a21o_1)
     2    0.006458    0.066814    0.159195    5.720359 ^ _098_/X (sky130_fd_sc_hd__a21o_1)
                                                         nxt2[5] (net)
                      0.066814    0.000364    5.720723 ^ _166_/D (sky130_fd_sc_hd__dfrtp_1)
                                              5.720723   data arrival time

                                 25.000000   25.000000   clock clk (rise edge)
                                  0.000000   25.000000   clock source latency
     1    0.014807    0.072589    0.049637   25.049637 ^ clk (in)
                                                         clk (net)
                      0.072599    0.000000   25.049637 ^ clkbuf_0_clk/A (sky130_fd_sc_hd__clkbuf_16)
     4    0.043480    0.062955    0.153571   25.203207 ^ clkbuf_0_clk/X (sky130_fd_sc_hd__clkbuf_16)
                                                         clknet_0_clk (net)
                      0.063183    0.002597   25.205805 ^ clkbuf_2_0__f_clk/A (sky130_fd_sc_hd__clkbuf_16)
    10    0.030547    0.051451    0.140965   25.346769 ^ clkbuf_2_0__f_clk/X (sky130_fd_sc_hd__clkbuf_16)
                                                         clknet_2_0__leaf_clk (net)
                      0.051458    0.001091   25.347860 ^ _166_/CLK (sky130_fd_sc_hd__dfrtp_1)
                                 -0.250000   25.097860   clock uncertainty
                                  0.000000   25.097860   clock reconvergence pessimism
                                 -0.063888   25.033972   library setup time
                                             25.033972   data required time
---------------------------------------------------------------------------------------------
                                             25.033972   data required time
                                             -5.720723   data arrival time
---------------------------------------------------------------------------------------------
                                             19.313248   slack (MET)


Startpoint: btn (input port clocked by clk)
Endpoint: _164_ (rising edge-triggered flip-flop clocked by clk)
Path Group: clk
Path Type: max

Fanout         Cap        Slew       Delay        Time   Description
---------------------------------------------------------------------------------------------
                                  0.000000    0.000000   clock clk (rise edge)
                                  0.000000    0.000000   clock network delay (propagated)
                                  5.000000    5.000000 ^ input external delay
     1    0.003187    0.021404    0.011720    5.011721 ^ btn (in)
                                                         btn (net)
                      0.021413    0.000000    5.011721 ^ input1/A (sky130_fd_sc_hd__buf_1)
     6    0.017619    0.211353    0.188551    5.200271 ^ input1/X (sky130_fd_sc_hd__buf_1)
                                                         net1 (net)
                      0.211367    0.001452    5.201723 ^ _087_/C (sky130_fd_sc_hd__and4bb_2)
     6    0.025744    0.169665    0.357678    5.559401 ^ _087_/X (sky130_fd_sc_hd__and4bb_2)
                                                         _046_ (net)
                      0.169678    0.001607    5.561008 ^ _094_/A2 (sky130_fd_sc_hd__a21o_1)
     2    0.006445    0.066695    0.159168    5.720176 ^ _094_/X (sky130_fd_sc_hd__a21o_1)
                                                         nxt2[3] (net)
                      0.066695    0.000361    5.720536 ^ _164_/D (sky130_fd_sc_hd__dfrtp_1)
                                              5.720536   data arrival time

                                 25.000000   25.000000   clock clk (rise edge)
                                  0.000000   25.000000   clock source latency
     1    0.014807    0.072589    0.049637   25.049637 ^ clk (in)
                                                         clk (net)
                      0.072599    0.000000   25.049637 ^ clkbuf_0_clk/A (sky130_fd_sc_hd__clkbuf_16)
     4    0.043480    0.062955    0.153571   25.203207 ^ clkbuf_0_clk/X (sky130_fd_sc_hd__clkbuf_16)
                                                         clknet_0_clk (net)
                      0.063183    0.002597   25.205805 ^ clkbuf_2_0__f_clk/A (sky130_fd_sc_hd__clkbuf_16)
    10    0.030547    0.051451    0.140965   25.346769 ^ clkbuf_2_0__f_clk/X (sky130_fd_sc_hd__clkbuf_16)
                                                         clknet_2_0__leaf_clk (net)
                      0.051513    0.002474   25.349243 ^ _164_/CLK (sky130_fd_sc_hd__dfrtp_1)
                                 -0.250000   25.099245   clock uncertainty
                                  0.000000   25.099245   clock reconvergence pessimism
                                 -0.063852   25.035391   library setup time
                                             25.035391   data required time
---------------------------------------------------------------------------------------------
                                             25.035391   data required time
                                             -5.720536   data arrival time
---------------------------------------------------------------------------------------------
                                             19.314854   slack (MET)


Startpoint: btn (input port clocked by clk)
Endpoint: _163_ (rising edge-triggered flip-flop clocked by clk)
Path Group: clk
Path Type: max

Fanout         Cap        Slew       Delay        Time   Description
---------------------------------------------------------------------------------------------
                                  0.000000    0.000000   clock clk (rise edge)
                                  0.000000    0.000000   clock network delay (propagated)
                                  5.000000    5.000000 ^ input external delay
     1    0.003187    0.021404    0.011720    5.011721 ^ btn (in)
                                                         btn (net)
                      0.021413    0.000000    5.011721 ^ input1/A (sky130_fd_sc_hd__buf_1)
     6    0.017619    0.211353    0.188551    5.200271 ^ input1/X (sky130_fd_sc_hd__buf_1)
                                                         net1 (net)
                      0.211367    0.001452    5.201723 ^ _087_/C (sky130_fd_sc_hd__and4bb_2)
     6    0.025744    0.169665    0.357678    5.559401 ^ _087_/X (sky130_fd_sc_hd__and4bb_2)
                                                         _046_ (net)
                      0.169682    0.001786    5.561187 ^ _092_/A2 (sky130_fd_sc_hd__a21o_1)
     2    0.006246    0.065120    0.157907    5.719095 ^ _092_/X (sky130_fd_sc_hd__a21o_1)
                                                         nxt2[2] (net)
                      0.065121    0.000343    5.719438 ^ _163_/D (sky130_fd_sc_hd__dfrtp_1)
                                              5.719438   data arrival time

                                 25.000000   25.000000   clock clk (rise edge)
                                  0.000000   25.000000   clock source latency
     1    0.014807    0.072589    0.049637   25.049637 ^ clk (in)
                                                         clk (net)
                      0.072599    0.000000   25.049637 ^ clkbuf_0_clk/A (sky130_fd_sc_hd__clkbuf_16)
     4    0.043480    0.062955    0.153571   25.203207 ^ clkbuf_0_clk/X (sky130_fd_sc_hd__clkbuf_16)
                                                         clknet_0_clk (net)
                      0.063183    0.002597   25.205805 ^ clkbuf_2_0__f_clk/A (sky130_fd_sc_hd__clkbuf_16)
    10    0.030547    0.051451    0.140965   25.346769 ^ clkbuf_2_0__f_clk/X (sky130_fd_sc_hd__clkbuf_16)
                                                         clknet_2_0__leaf_clk (net)
                      0.051512    0.002464   25.349234 ^ _163_/CLK (sky130_fd_sc_hd__dfrtp_1)
                                 -0.250000   25.099234   clock uncertainty
                                  0.000000   25.099234   clock reconvergence pessimism
                                 -0.063489   25.035746   library setup time
                                             25.035746   data required time
---------------------------------------------------------------------------------------------
                                             25.035746   data required time
                                             -5.719438   data arrival time
---------------------------------------------------------------------------------------------
                                             19.316307   slack (MET)


Startpoint: btn (input port clocked by clk)
Endpoint: _183_ (rising edge-triggered flip-flop clocked by clk)
Path Group: clk
Path Type: max

Fanout         Cap        Slew       Delay        Time   Description
---------------------------------------------------------------------------------------------
                                  0.000000    0.000000   clock clk (rise edge)
                                  0.000000    0.000000   clock network delay (propagated)
                                  5.000000    5.000000 ^ input external delay
     1    0.003187    0.021404    0.011720    5.011721 ^ btn (in)
                                                         btn (net)
                      0.021413    0.000000    5.011721 ^ input1/A (sky130_fd_sc_hd__buf_1)
     6    0.017619    0.211353    0.188551    5.200271 ^ input1/X (sky130_fd_sc_hd__buf_1)
                                                         net1 (net)
                      0.211370    0.001556    5.201827 ^ _052_/C (sky130_fd_sc_hd__and4bb_2)
     8    0.030184    0.192985    0.376849    5.578676 ^ _052_/X (sky130_fd_sc_hd__and4bb_2)
                                                         _040_ (net)
                      0.192987    0.000998    5.579674 ^ _053_/A2 (sky130_fd_sc_hd__a21o_1)
     1    0.002676    0.037814    0.140449    5.720123 ^ _053_/X (sky130_fd_sc_hd__a21o_1)
                                                         _037_ (net)
                      0.037815    0.000181    5.720304 ^ _183_/D (sky130_fd_sc_hd__dfrtp_1)
                                              5.720304   data arrival time

                                 25.000000   25.000000   clock clk (rise edge)
                                  0.000000   25.000000   clock source latency
     1    0.014807    0.072589    0.049637   25.049637 ^ clk (in)
                                                         clk (net)
                      0.072599    0.000000   25.049637 ^ clkbuf_0_clk/A (sky130_fd_sc_hd__clkbuf_16)
     4    0.043480    0.062955    0.153571   25.203207 ^ clkbuf_0_clk/X (sky130_fd_sc_hd__clkbuf_16)
                                                         clknet_0_clk (net)
                      0.063179    0.002570   25.205778 ^ clkbuf_2_3__f_clk/A (sky130_fd_sc_hd__clkbuf_16)
    11    0.032427    0.053044    0.142283   25.348061 ^ clkbuf_2_3__f_clk/X (sky130_fd_sc_hd__clkbuf_16)
                                                         clknet_2_3__leaf_clk (net)
                      0.053138    0.002135   25.350195 ^ _183_/CLK (sky130_fd_sc_hd__dfrtp_1)
                                 -0.250000   25.100197   clock uncertainty
                                  0.000000   25.100197   clock reconvergence pessimism
                                 -0.056949   25.043247   library setup time
                                             25.043247   data required time
---------------------------------------------------------------------------------------------
                                             25.043247   data required time
                                             -5.720304   data arrival time
---------------------------------------------------------------------------------------------
                                             19.322943   slack (MET)


Startpoint: btn (input port clocked by clk)
Endpoint: _161_ (rising edge-triggered flip-flop clocked by clk)
Path Group: clk
Path Type: max

Fanout         Cap        Slew       Delay        Time   Description
---------------------------------------------------------------------------------------------
                                  0.000000    0.000000   clock clk (rise edge)
                                  0.000000    0.000000   clock network delay (propagated)
                                  5.000000    5.000000 ^ input external delay
     1    0.003187    0.021404    0.011720    5.011721 ^ btn (in)
                                                         btn (net)
                      0.021413    0.000000    5.011721 ^ input1/A (sky130_fd_sc_hd__buf_1)
     6    0.017619    0.211353    0.188551    5.200271 ^ input1/X (sky130_fd_sc_hd__buf_1)
                                                         net1 (net)
                      0.211367    0.001452    5.201723 ^ _087_/C (sky130_fd_sc_hd__and4bb_2)
     6    0.025744    0.169665    0.357678    5.559401 ^ _087_/X (sky130_fd_sc_hd__and4bb_2)
                                                         _046_ (net)
                      0.169680    0.001677    5.561079 ^ _088_/A2 (sky130_fd_sc_hd__a21o_1)
     2    0.005156    0.057163    0.151293    5.712372 ^ _088_/X (sky130_fd_sc_hd__a21o_1)
                                                         nxt2[0] (net)
                      0.057163    0.000262    5.712634 ^ _161_/D (sky130_fd_sc_hd__dfrtp_1)
                                              5.712634   data arrival time

                                 25.000000   25.000000   clock clk (rise edge)
                                  0.000000   25.000000   clock source latency
     1    0.014807    0.072589    0.049637   25.049637 ^ clk (in)
                                                         clk (net)
                      0.072599    0.000000   25.049637 ^ clkbuf_0_clk/A (sky130_fd_sc_hd__clkbuf_16)
     4    0.043480    0.062955    0.153571   25.203207 ^ clkbuf_0_clk/X (sky130_fd_sc_hd__clkbuf_16)
                                                         clknet_0_clk (net)
                      0.063183    0.002597   25.205805 ^ clkbuf_2_0__f_clk/A (sky130_fd_sc_hd__clkbuf_16)
    10    0.030547    0.051451    0.140965   25.346769 ^ clkbuf_2_0__f_clk/X (sky130_fd_sc_hd__clkbuf_16)
                                                         clknet_2_0__leaf_clk (net)
                      0.051492    0.002252   25.349022 ^ _161_/CLK (sky130_fd_sc_hd__dfrtp_1)
                                 -0.250000   25.099022   clock uncertainty
                                  0.000000   25.099022   clock reconvergence pessimism
                                 -0.061657   25.037365   library setup time
                                             25.037365   data required time
---------------------------------------------------------------------------------------------
                                             25.037365   data required time
                                             -5.712634   data arrival time
---------------------------------------------------------------------------------------------
                                             19.324730   slack (MET)


Startpoint: btn (input port clocked by clk)
Endpoint: _168_ (rising edge-triggered flip-flop clocked by clk)
Path Group: clk
Path Type: max

Fanout         Cap        Slew       Delay        Time   Description
---------------------------------------------------------------------------------------------
                                  0.000000    0.000000   clock clk (rise edge)
                                  0.000000    0.000000   clock network delay (propagated)
                                  5.000000    5.000000 ^ input external delay
     1    0.003187    0.021404    0.011720    5.011721 ^ btn (in)
                                                         btn (net)
                      0.021413    0.000000    5.011721 ^ input1/A (sky130_fd_sc_hd__buf_1)
     6    0.017619    0.211353    0.188551    5.200271 ^ input1/X (sky130_fd_sc_hd__buf_1)
                                                         net1 (net)
                      0.211369    0.001536    5.201807 ^ _102_/B (sky130_fd_sc_hd__and4b_2)
     6    0.023937    0.149840    0.342754    5.544560 ^ _102_/X (sky130_fd_sc_hd__and4b_2)
                                                         _048_ (net)
                      0.149865    0.001942    5.546503 ^ _105_/A2 (sky130_fd_sc_hd__a21o_1)
     1    0.004689    0.052649    0.144061    5.690563 ^ _105_/X (sky130_fd_sc_hd__a21o_1)
                                                         nxt3[1] (net)
                      0.052650    0.000311    5.690874 ^ _168_/D (sky130_fd_sc_hd__dfrtp_1)
                                              5.690874   data arrival time

                                 25.000000   25.000000   clock clk (rise edge)
                                  0.000000   25.000000   clock source latency
     1    0.014807    0.072589    0.049637   25.049637 ^ clk (in)
                                                         clk (net)
                      0.072599    0.000000   25.049637 ^ clkbuf_0_clk/A (sky130_fd_sc_hd__clkbuf_16)
     4    0.043480    0.062955    0.153571   25.203207 ^ clkbuf_0_clk/X (sky130_fd_sc_hd__clkbuf_16)
                                                         clknet_0_clk (net)
                      0.063179    0.002570   25.205778 ^ clkbuf_2_3__f_clk/A (sky130_fd_sc_hd__clkbuf_16)
    11    0.032427    0.053044    0.142283   25.348061 ^ clkbuf_2_3__f_clk/X (sky130_fd_sc_hd__clkbuf_16)
                                                         clknet_2_3__leaf_clk (net)
                      0.053080    0.001579   25.349640 ^ _168_/CLK (sky130_fd_sc_hd__dfrtp_1)
                                 -0.250000   25.099640   clock uncertainty
                                  0.000000   25.099640   clock reconvergence pessimism
                                 -0.060378   25.039263   library setup time
                                             25.039263   data required time
---------------------------------------------------------------------------------------------
                                             25.039263   data required time
                                             -5.690874   data arrival time
---------------------------------------------------------------------------------------------
                                             19.348389   slack (MET)


Startpoint: btn (input port clocked by clk)
Endpoint: _169_ (rising edge-triggered flip-flop clocked by clk)
Path Group: clk
Path Type: max

Fanout         Cap        Slew       Delay        Time   Description
---------------------------------------------------------------------------------------------
                                  0.000000    0.000000   clock clk (rise edge)
                                  0.000000    0.000000   clock network delay (propagated)
                                  5.000000    5.000000 ^ input external delay
     1    0.003187    0.021404    0.011720    5.011721 ^ btn (in)
                                                         btn (net)
                      0.021413    0.000000    5.011721 ^ input1/A (sky130_fd_sc_hd__buf_1)
     6    0.017619    0.211353    0.188551    5.200271 ^ input1/X (sky130_fd_sc_hd__buf_1)
                                                         net1 (net)
                      0.211369    0.001536    5.201807 ^ _102_/B (sky130_fd_sc_hd__and4b_2)
     6    0.023937    0.149840    0.342754    5.544560 ^ _102_/X (sky130_fd_sc_hd__and4b_2)
                                                         _048_ (net)
                      0.149846    0.001149    5.545710 ^ _107_/A2 (sky130_fd_sc_hd__a21o_1)
     1    0.003981    0.047108    0.139748    5.685458 ^ _107_/X (sky130_fd_sc_hd__a21o_1)
                                                         nxt3[2] (net)
                      0.047108    0.000242    5.685699 ^ _169_/D (sky130_fd_sc_hd__dfrtp_1)
                                              5.685699   data arrival time

                                 25.000000   25.000000   clock clk (rise edge)
                                  0.000000   25.000000   clock source latency
     1    0.014807    0.072589    0.049637   25.049637 ^ clk (in)
                                                         clk (net)
                      0.072599    0.000000   25.049637 ^ clkbuf_0_clk/A (sky130_fd_sc_hd__clkbuf_16)
     4    0.043480    0.062955    0.153571   25.203207 ^ clkbuf_0_clk/X (sky130_fd_sc_hd__clkbuf_16)
                                                         clknet_0_clk (net)
                      0.063179    0.002570   25.205778 ^ clkbuf_2_3__f_clk/A (sky130_fd_sc_hd__clkbuf_16)
    11    0.032427    0.053044    0.142283   25.348061 ^ clkbuf_2_3__f_clk/X (sky130_fd_sc_hd__clkbuf_16)
                                                         clknet_2_3__leaf_clk (net)
                      0.053129    0.002052   25.350113 ^ _169_/CLK (sky130_fd_sc_hd__dfrtp_1)
                                 -0.250000   25.100113   clock uncertainty
                                  0.000000   25.100113   clock reconvergence pessimism
                                 -0.059093   25.041021   library setup time
                                             25.041021   data required time
---------------------------------------------------------------------------------------------
                                             25.041021   data required time
                                             -5.685699   data arrival time
---------------------------------------------------------------------------------------------
                                             19.355322   slack (MET)


Startpoint: btn (input port clocked by clk)
Endpoint: _171_ (rising edge-triggered flip-flop clocked by clk)
Path Group: clk
Path Type: max

Fanout         Cap        Slew       Delay        Time   Description
---------------------------------------------------------------------------------------------
                                  0.000000    0.000000   clock clk (rise edge)
                                  0.000000    0.000000   clock network delay (propagated)
                                  5.000000    5.000000 ^ input external delay
     1    0.003187    0.021404    0.011720    5.011721 ^ btn (in)
                                                         btn (net)
                      0.021413    0.000000    5.011721 ^ input1/A (sky130_fd_sc_hd__buf_1)
     6    0.017619    0.211353    0.188551    5.200271 ^ input1/X (sky130_fd_sc_hd__buf_1)
                                                         net1 (net)
                      0.211369    0.001536    5.201807 ^ _102_/B (sky130_fd_sc_hd__and4b_2)
     6    0.023937    0.149840    0.342754    5.544560 ^ _102_/X (sky130_fd_sc_hd__and4b_2)
                                                         _048_ (net)
                      0.149859    0.001738    5.546299 ^ _111_/A2 (sky130_fd_sc_hd__a21o_1)
     1    0.003533    0.043682    0.136994    5.683292 ^ _111_/X (sky130_fd_sc_hd__a21o_1)
                                                         nxt3[4] (net)
                      0.043683    0.000218    5.683510 ^ _171_/D (sky130_fd_sc_hd__dfrtp_1)
                                              5.683510   data arrival time

                                 25.000000   25.000000   clock clk (rise edge)
                                  0.000000   25.000000   clock source latency
     1    0.014807    0.072589    0.049637   25.049637 ^ clk (in)
                                                         clk (net)
                      0.072599    0.000000   25.049637 ^ clkbuf_0_clk/A (sky130_fd_sc_hd__clkbuf_16)
     4    0.043480    0.062955    0.153571   25.203207 ^ clkbuf_0_clk/X (sky130_fd_sc_hd__clkbuf_16)
                                                         clknet_0_clk (net)
                      0.063179    0.002570   25.205778 ^ clkbuf_2_3__f_clk/A (sky130_fd_sc_hd__clkbuf_16)
    11    0.032427    0.053044    0.142283   25.348061 ^ clkbuf_2_3__f_clk/X (sky130_fd_sc_hd__clkbuf_16)
                                                         clknet_2_3__leaf_clk (net)
                      0.053155    0.002293   25.350353 ^ _171_/CLK (sky130_fd_sc_hd__dfrtp_1)
                                 -0.250000   25.100355   clock uncertainty
                                  0.000000   25.100355   clock reconvergence pessimism
                                 -0.058299   25.042055   library setup time
                                             25.042055   data required time
---------------------------------------------------------------------------------------------
                                             25.042055   data required time
                                             -5.683510   data arrival time
---------------------------------------------------------------------------------------------
                                             19.358545   slack (MET)


Startpoint: btn (input port clocked by clk)
Endpoint: _172_ (rising edge-triggered flip-flop clocked by clk)
Path Group: clk
Path Type: max

Fanout         Cap        Slew       Delay        Time   Description
---------------------------------------------------------------------------------------------
                                  0.000000    0.000000   clock clk (rise edge)
                                  0.000000    0.000000   clock network delay (propagated)
                                  5.000000    5.000000 ^ input external delay
     1    0.003187    0.021404    0.011720    5.011721 ^ btn (in)
                                                         btn (net)
                      0.021413    0.000000    5.011721 ^ input1/A (sky130_fd_sc_hd__buf_1)
     6    0.017619    0.211353    0.188551    5.200271 ^ input1/X (sky130_fd_sc_hd__buf_1)
                                                         net1 (net)
                      0.211369    0.001536    5.201807 ^ _102_/B (sky130_fd_sc_hd__and4b_2)
     6    0.023937    0.149840    0.342754    5.544560 ^ _102_/X (sky130_fd_sc_hd__and4b_2)
                                                         _048_ (net)
                      0.149860    0.001765    5.546326 ^ _113_/A2 (sky130_fd_sc_hd__a21o_1)
     1    0.002659    0.037205    0.130953    5.677279 ^ _113_/X (sky130_fd_sc_hd__a21o_1)
                                                         nxt3[5] (net)
                      0.037206    0.000195    5.677474 ^ _172_/D (sky130_fd_sc_hd__dfrtp_1)
                                              5.677474   data arrival time

                                 25.000000   25.000000   clock clk (rise edge)
                                  0.000000   25.000000   clock source latency
     1    0.014807    0.072589    0.049637   25.049637 ^ clk (in)
                                                         clk (net)
                      0.072599    0.000000   25.049637 ^ clkbuf_0_clk/A (sky130_fd_sc_hd__clkbuf_16)
     4    0.043480    0.062955    0.153571   25.203207 ^ clkbuf_0_clk/X (sky130_fd_sc_hd__clkbuf_16)
                                                         clknet_0_clk (net)
                      0.063179    0.002570   25.205778 ^ clkbuf_2_3__f_clk/A (sky130_fd_sc_hd__clkbuf_16)
    11    0.032427    0.053044    0.142283   25.348061 ^ clkbuf_2_3__f_clk/X (sky130_fd_sc_hd__clkbuf_16)
                                                         clknet_2_3__leaf_clk (net)
                      0.053152    0.002265   25.350325 ^ _172_/CLK (sky130_fd_sc_hd__dfrtp_1)
                                 -0.250000   25.100327   clock uncertainty
                                  0.000000   25.100327   clock reconvergence pessimism
                                 -0.056807   25.043520   library setup time
                                             25.043520   data required time
---------------------------------------------------------------------------------------------
                                             25.043520   data required time
                                             -5.677474   data arrival time
---------------------------------------------------------------------------------------------
                                             19.366045   slack (MET)


Startpoint: btn (input port clocked by clk)
Endpoint: _170_ (rising edge-triggered flip-flop clocked by clk)
Path Group: clk
Path Type: max

Fanout         Cap        Slew       Delay        Time   Description
---------------------------------------------------------------------------------------------
                                  0.000000    0.000000   clock clk (rise edge)
                                  0.000000    0.000000   clock network delay (propagated)
                                  5.000000    5.000000 ^ input external delay
     1    0.003187    0.021404    0.011720    5.011721 ^ btn (in)
                                                         btn (net)
                      0.021413    0.000000    5.011721 ^ input1/A (sky130_fd_sc_hd__buf_1)
     6    0.017619    0.211353    0.188551    5.200271 ^ input1/X (sky130_fd_sc_hd__buf_1)
                                                         net1 (net)
                      0.211369    0.001536    5.201807 ^ _102_/B (sky130_fd_sc_hd__and4b_2)
     6    0.023937    0.149840    0.342754    5.544560 ^ _102_/X (sky130_fd_sc_hd__and4b_2)
                                                         _048_ (net)
                      0.149850    0.001352    5.545912 ^ _109_/A2 (sky130_fd_sc_hd__a21o_1)
     1    0.002571    0.036525    0.130352    5.676264 ^ _109_/X (sky130_fd_sc_hd__a21o_1)
                                                         nxt3[3] (net)
                      0.036526    0.000175    5.676440 ^ _170_/D (sky130_fd_sc_hd__dfrtp_1)
                                              5.676440   data arrival time

                                 25.000000   25.000000   clock clk (rise edge)
                                  0.000000   25.000000   clock source latency
     1    0.014807    0.072589    0.049637   25.049637 ^ clk (in)
                                                         clk (net)
                      0.072599    0.000000   25.049637 ^ clkbuf_0_clk/A (sky130_fd_sc_hd__clkbuf_16)
     4    0.043480    0.062955    0.153571   25.203207 ^ clkbuf_0_clk/X (sky130_fd_sc_hd__clkbuf_16)
                                                         clknet_0_clk (net)
                      0.063179    0.002570   25.205778 ^ clkbuf_2_3__f_clk/A (sky130_fd_sc_hd__clkbuf_16)
    11    0.032427    0.053044    0.142283   25.348061 ^ clkbuf_2_3__f_clk/X (sky130_fd_sc_hd__clkbuf_16)
                                                         clknet_2_3__leaf_clk (net)
                      0.053128    0.002045   25.350105 ^ _170_/CLK (sky130_fd_sc_hd__dfrtp_1)
                                 -0.250000   25.100105   clock uncertainty
                                  0.000000   25.100105   clock reconvergence pessimism
                                 -0.056654   25.043453   library setup time
                                             25.043453   data required time
---------------------------------------------------------------------------------------------
                                             25.043453   data required time
                                             -5.676440   data arrival time
---------------------------------------------------------------------------------------------
                                             19.367012   slack (MET)


Startpoint: btn (input port clocked by clk)
Endpoint: _167_ (rising edge-triggered flip-flop clocked by clk)
Path Group: clk
Path Type: max

Fanout         Cap        Slew       Delay        Time   Description
---------------------------------------------------------------------------------------------
                                  0.000000    0.000000   clock clk (rise edge)
                                  0.000000    0.000000   clock network delay (propagated)
                                  5.000000    5.000000 ^ input external delay
     1    0.003187    0.021404    0.011720    5.011721 ^ btn (in)
                                                         btn (net)
                      0.021413    0.000000    5.011721 ^ input1/A (sky130_fd_sc_hd__buf_1)
     6    0.017619    0.211353    0.188551    5.200271 ^ input1/X (sky130_fd_sc_hd__buf_1)
                                                         net1 (net)
                      0.211369    0.001536    5.201807 ^ _102_/B (sky130_fd_sc_hd__and4b_2)
     6    0.023937    0.149840    0.342754    5.544560 ^ _102_/X (sky130_fd_sc_hd__and4b_2)
                                                         _048_ (net)
                      0.149846    0.001143    5.545703 ^ _103_/A2 (sky130_fd_sc_hd__a21o_1)
     1    0.002527    0.037272    0.130046    5.675749 ^ _103_/X (sky130_fd_sc_hd__a21o_1)
                                                         nxt3[0] (net)
                      0.037274    0.000173    5.675922 ^ _167_/D (sky130_fd_sc_hd__dfrtp_1)
                                              5.675922   data arrival time

                                 25.000000   25.000000   clock clk (rise edge)
                                  0.000000   25.000000   clock source latency
     1    0.014807    0.072589    0.049637   25.049637 ^ clk (in)
                                                         clk (net)
                      0.072599    0.000000   25.049637 ^ clkbuf_0_clk/A (sky130_fd_sc_hd__clkbuf_16)
     4    0.043480    0.062955    0.153571   25.203207 ^ clkbuf_0_clk/X (sky130_fd_sc_hd__clkbuf_16)
                                                         clknet_0_clk (net)
                      0.063179    0.002570   25.205778 ^ clkbuf_2_3__f_clk/A (sky130_fd_sc_hd__clkbuf_16)
    11    0.032427    0.053044    0.142283   25.348061 ^ clkbuf_2_3__f_clk/X (sky130_fd_sc_hd__clkbuf_16)
                                                         clknet_2_3__leaf_clk (net)
                      0.053122    0.001982   25.350042 ^ _167_/CLK (sky130_fd_sc_hd__dfrtp_1)
                                 -0.250000   25.100044   clock uncertainty
                                  0.000000   25.100044   clock reconvergence pessimism
                                 -0.056827   25.043217   library setup time
                                             25.043217   data required time
---------------------------------------------------------------------------------------------
                                             25.043217   data required time
                                             -5.675922   data arrival time
---------------------------------------------------------------------------------------------
                                             19.367294   slack (MET)


Startpoint: reset (input port clocked by clk)
Endpoint: _176_ (recovery check against rising-edge clock clk)
Path Group: asynchronous
Path Type: max

Fanout         Cap        Slew       Delay        Time   Description
---------------------------------------------------------------------------------------------
                                  0.000000    0.000000   clock clk (rise edge)
                                  0.000000    0.000000   clock network delay (propagated)
                                  5.000000    5.000000 v input external delay
     1    0.002769    0.008543    0.004421    5.004421 v reset (in)
                                                         reset (net)
                      0.008549    0.000000    5.004421 v input2/A (sky130_fd_sc_hd__buf_1)
     3    0.016770    0.102239    0.132828    5.137249 v input2/X (sky130_fd_sc_hd__buf_1)
                                                         net2 (net)
                      0.102248    0.001018    5.138268 v fanout35/A (sky130_fd_sc_hd__clkbuf_4)
     9    0.053158    0.111186    0.234450    5.372717 v fanout35/X (sky130_fd_sc_hd__clkbuf_4)
                                                         net35 (net)
                      0.111247    0.002510    5.375227 v fanout34/A (sky130_fd_sc_hd__buf_4)
    10    0.056981    0.082009    0.218796    5.594023 v fanout34/X (sky130_fd_sc_hd__buf_4)
                                                         net34 (net)
                      0.082455    0.004824    5.598847 v _140_/A (sky130_fd_sc_hd__inv_2)
     1    0.003943    0.033773    0.058173    5.657020 ^ _140_/Y (sky130_fd_sc_hd__inv_2)
                                                         _027_ (net)
                      0.033773    0.000207    5.657227 ^ _176_/SET_B (sky130_fd_sc_hd__dfstp_2)
                                              5.657227   data arrival time

                                 25.000000   25.000000   clock clk (rise edge)
                                  0.000000   25.000000   clock source latency
     1    0.014807    0.072589    0.049637   25.049637 ^ clk (in)
                                                         clk (net)
                      0.072599    0.000000   25.049637 ^ clkbuf_0_clk/A (sky130_fd_sc_hd__clkbuf_16)
     4    0.043480    0.062955    0.153571   25.203207 ^ clkbuf_0_clk/X (sky130_fd_sc_hd__clkbuf_16)
                                                         clknet_0_clk (net)
                      0.063183    0.002597   25.205805 ^ clkbuf_2_0__f_clk/A (sky130_fd_sc_hd__clkbuf_16)
    10    0.030547    0.051451    0.140965   25.346769 ^ clkbuf_2_0__f_clk/X (sky130_fd_sc_hd__clkbuf_16)
                                                         clknet_2_0__leaf_clk (net)
                      0.051479    0.002078   25.348846 ^ _176_/CLK (sky130_fd_sc_hd__dfstp_2)
                                 -0.250000   25.098848   clock uncertainty
                                  0.000000   25.098848   clock reconvergence pessimism
                                  0.139215   25.238064   library recovery time
                                             25.238064   data required time
---------------------------------------------------------------------------------------------
                                             25.238064   data required time
                                             -5.657227   data arrival time
---------------------------------------------------------------------------------------------
                                             19.580835   slack (MET)


Startpoint: reset (input port clocked by clk)
Endpoint: _180_ (recovery check against rising-edge clock clk)
Path Group: asynchronous
Path Type: max

Fanout         Cap        Slew       Delay        Time   Description
---------------------------------------------------------------------------------------------
                                  0.000000    0.000000   clock clk (rise edge)
                                  0.000000    0.000000   clock network delay (propagated)
                                  5.000000    5.000000 v input external delay
     1    0.002769    0.008543    0.004421    5.004421 v reset (in)
                                                         reset (net)
                      0.008549    0.000000    5.004421 v input2/A (sky130_fd_sc_hd__buf_1)
     3    0.016770    0.102239    0.132828    5.137249 v input2/X (sky130_fd_sc_hd__buf_1)
                                                         net2 (net)
                      0.102248    0.001018    5.138268 v fanout35/A (sky130_fd_sc_hd__clkbuf_4)
     9    0.053158    0.111186    0.234450    5.372717 v fanout35/X (sky130_fd_sc_hd__clkbuf_4)
                                                         net35 (net)
                      0.111247    0.002510    5.375227 v fanout34/A (sky130_fd_sc_hd__buf_4)
    10    0.056981    0.082009    0.218796    5.594023 v fanout34/X (sky130_fd_sc_hd__buf_4)
                                                         net34 (net)
                      0.082104    0.002312    5.596335 v _144_/A (sky130_fd_sc_hd__inv_2)
     1    0.004577    0.035984    0.060724    5.657059 ^ _144_/Y (sky130_fd_sc_hd__inv_2)
                                                         _031_ (net)
                      0.035984    0.000247    5.657306 ^ _180_/RESET_B (sky130_fd_sc_hd__dfrtp_4)
                                              5.657306   data arrival time

                                 25.000000   25.000000   clock clk (rise edge)
                                  0.000000   25.000000   clock source latency
     1    0.014807    0.072589    0.049637   25.049637 ^ clk (in)
                                                         clk (net)
                      0.072599    0.000000   25.049637 ^ clkbuf_0_clk/A (sky130_fd_sc_hd__clkbuf_16)
     4    0.043480    0.062955    0.153571   25.203207 ^ clkbuf_0_clk/X (sky130_fd_sc_hd__clkbuf_16)
                                                         clknet_0_clk (net)
                      0.063183    0.002597   25.205805 ^ clkbuf_2_0__f_clk/A (sky130_fd_sc_hd__clkbuf_16)
    10    0.030547    0.051451    0.140965   25.346769 ^ clkbuf_2_0__f_clk/X (sky130_fd_sc_hd__clkbuf_16)
                                                         clknet_2_0__leaf_clk (net)
                      0.051457    0.000986   25.347755 ^ _180_/CLK (sky130_fd_sc_hd__dfrtp_4)
                                 -0.250000   25.097755   clock uncertainty
                                  0.000000   25.097755   clock reconvergence pessimism
                                  0.222083   25.319839   library recovery time
                                             25.319839   data required time
---------------------------------------------------------------------------------------------
                                             25.319839   data required time
                                             -5.657306   data arrival time
---------------------------------------------------------------------------------------------
                                             19.662533   slack (MET)


Startpoint: reset (input port clocked by clk)
Endpoint: _163_ (recovery check against rising-edge clock clk)
Path Group: asynchronous
Path Type: max

Fanout         Cap        Slew       Delay        Time   Description
---------------------------------------------------------------------------------------------
                                  0.000000    0.000000   clock clk (rise edge)
                                  0.000000    0.000000   clock network delay (propagated)
                                  5.000000    5.000000 v input external delay
     1    0.002769    0.008543    0.004421    5.004421 v reset (in)
                                                         reset (net)
                      0.008549    0.000000    5.004421 v input2/A (sky130_fd_sc_hd__buf_1)
     3    0.016770    0.102239    0.132828    5.137249 v input2/X (sky130_fd_sc_hd__buf_1)
                                                         net2 (net)
                      0.102248    0.001018    5.138268 v fanout35/A (sky130_fd_sc_hd__clkbuf_4)
     9    0.053158    0.111186    0.234450    5.372717 v fanout35/X (sky130_fd_sc_hd__clkbuf_4)
                                                         net35 (net)
                      0.111247    0.002510    5.375227 v fanout34/A (sky130_fd_sc_hd__buf_4)
    10    0.056981    0.082009    0.218796    5.594023 v fanout34/X (sky130_fd_sc_hd__buf_4)
                                                         net34 (net)
                      0.083180    0.007743    5.601766 v _127_/A (sky130_fd_sc_hd__inv_2)
     1    0.005845    0.040586    0.065443    5.667209 ^ _127_/Y (sky130_fd_sc_hd__inv_2)
                                                         _014_ (net)
                      0.040588    0.000319    5.667528 ^ _163_/RESET_B (sky130_fd_sc_hd__dfrtp_1)
                                              5.667528   data arrival time

                                 25.000000   25.000000   clock clk (rise edge)
                                  0.000000   25.000000   clock source latency
     1    0.014807    0.072589    0.049637   25.049637 ^ clk (in)
                                                         clk (net)
                      0.072599    0.000000   25.049637 ^ clkbuf_0_clk/A (sky130_fd_sc_hd__clkbuf_16)
     4    0.043480    0.062955    0.153571   25.203207 ^ clkbuf_0_clk/X (sky130_fd_sc_hd__clkbuf_16)
                                                         clknet_0_clk (net)
                      0.063183    0.002597   25.205805 ^ clkbuf_2_0__f_clk/A (sky130_fd_sc_hd__clkbuf_16)
    10    0.030547    0.051451    0.140965   25.346769 ^ clkbuf_2_0__f_clk/X (sky130_fd_sc_hd__clkbuf_16)
                                                         clknet_2_0__leaf_clk (net)
                      0.051512    0.002464   25.349234 ^ _163_/CLK (sky130_fd_sc_hd__dfrtp_1)
                                 -0.250000   25.099234   clock uncertainty
                                  0.000000   25.099234   clock reconvergence pessimism
                                  0.233470   25.332705   library recovery time
                                             25.332705   data required time
---------------------------------------------------------------------------------------------
                                             25.332705   data required time
                                             -5.667528   data arrival time
---------------------------------------------------------------------------------------------
                                             19.665174   slack (MET)


Startpoint: reset (input port clocked by clk)
Endpoint: _165_ (recovery check against rising-edge clock clk)
Path Group: asynchronous
Path Type: max

Fanout         Cap        Slew       Delay        Time   Description
---------------------------------------------------------------------------------------------
                                  0.000000    0.000000   clock clk (rise edge)
                                  0.000000    0.000000   clock network delay (propagated)
                                  5.000000    5.000000 v input external delay
     1    0.002769    0.008543    0.004421    5.004421 v reset (in)
                                                         reset (net)
                      0.008549    0.000000    5.004421 v input2/A (sky130_fd_sc_hd__buf_1)
     3    0.016770    0.102239    0.132828    5.137249 v input2/X (sky130_fd_sc_hd__buf_1)
                                                         net2 (net)
                      0.102248    0.001018    5.138268 v fanout35/A (sky130_fd_sc_hd__clkbuf_4)
     9    0.053158    0.111186    0.234450    5.372717 v fanout35/X (sky130_fd_sc_hd__clkbuf_4)
                                                         net35 (net)
                      0.111247    0.002510    5.375227 v fanout34/A (sky130_fd_sc_hd__buf_4)
    10    0.056981    0.082009    0.218796    5.594023 v fanout34/X (sky130_fd_sc_hd__buf_4)
                                                         net34 (net)
                      0.083268    0.008030    5.602054 v _129_/A (sky130_fd_sc_hd__inv_2)
     1    0.005779    0.040369    0.065233    5.667286 ^ _129_/Y (sky130_fd_sc_hd__inv_2)
                                                         _016_ (net)
                      0.040372    0.000342    5.667628 ^ _165_/RESET_B (sky130_fd_sc_hd__dfrtp_1)
                                              5.667628   data arrival time

                                 25.000000   25.000000   clock clk (rise edge)
                                  0.000000   25.000000   clock source latency
     1    0.014807    0.072589    0.049637   25.049637 ^ clk (in)
                                                         clk (net)
                      0.072599    0.000000   25.049637 ^ clkbuf_0_clk/A (sky130_fd_sc_hd__clkbuf_16)
     4    0.043480    0.062955    0.153571   25.203207 ^ clkbuf_0_clk/X (sky130_fd_sc_hd__clkbuf_16)
                                                         clknet_0_clk (net)
                      0.063183    0.002597   25.205805 ^ clkbuf_2_0__f_clk/A (sky130_fd_sc_hd__clkbuf_16)
    10    0.030547    0.051451    0.140965   25.346769 ^ clkbuf_2_0__f_clk/X (sky130_fd_sc_hd__clkbuf_16)
                                                         clknet_2_0__leaf_clk (net)
                      0.051518    0.002519   25.349287 ^ _165_/CLK (sky130_fd_sc_hd__dfrtp_1)
                                 -0.250000   25.099289   clock uncertainty
                                  0.000000   25.099289   clock reconvergence pessimism
                                  0.233527   25.332815   library recovery time
                                             25.332815   data required time
---------------------------------------------------------------------------------------------
                                             25.332815   data required time
                                             -5.667628   data arrival time
---------------------------------------------------------------------------------------------
                                             19.665188   slack (MET)


Startpoint: reset (input port clocked by clk)
Endpoint: _179_ (recovery check against rising-edge clock clk)
Path Group: asynchronous
Path Type: max

Fanout         Cap        Slew       Delay        Time   Description
---------------------------------------------------------------------------------------------
                                  0.000000    0.000000   clock clk (rise edge)
                                  0.000000    0.000000   clock network delay (propagated)
                                  5.000000    5.000000 v input external delay
     1    0.002769    0.008543    0.004421    5.004421 v reset (in)
                                                         reset (net)
                      0.008549    0.000000    5.004421 v input2/A (sky130_fd_sc_hd__buf_1)
     3    0.016770    0.102239    0.132828    5.137249 v input2/X (sky130_fd_sc_hd__buf_1)
                                                         net2 (net)
                      0.102248    0.001018    5.138268 v fanout35/A (sky130_fd_sc_hd__clkbuf_4)
     9    0.053158    0.111186    0.234450    5.372717 v fanout35/X (sky130_fd_sc_hd__clkbuf_4)
                                                         net35 (net)
                      0.111247    0.002510    5.375227 v fanout34/A (sky130_fd_sc_hd__buf_4)
    10    0.056981    0.082009    0.218796    5.594023 v fanout34/X (sky130_fd_sc_hd__buf_4)
                                                         net34 (net)
                      0.082044    0.001421    5.595444 v _143_/A (sky130_fd_sc_hd__inv_2)
     1    0.003866    0.033404    0.057669    5.653113 ^ _143_/Y (sky130_fd_sc_hd__inv_2)
                                                         _030_ (net)
                      0.033405    0.000204    5.653317 ^ _179_/RESET_B (sky130_fd_sc_hd__dfrtp_4)
                                              5.653317   data arrival time

                                 25.000000   25.000000   clock clk (rise edge)
                                  0.000000   25.000000   clock source latency
     1    0.014807    0.072589    0.049637   25.049637 ^ clk (in)
                                                         clk (net)
                      0.072599    0.000000   25.049637 ^ clkbuf_0_clk/A (sky130_fd_sc_hd__clkbuf_16)
     4    0.043480    0.062955    0.153571   25.203207 ^ clkbuf_0_clk/X (sky130_fd_sc_hd__clkbuf_16)
                                                         clknet_0_clk (net)
                      0.063200    0.002728   25.205936 ^ clkbuf_2_1__f_clk/A (sky130_fd_sc_hd__clkbuf_16)
    10    0.030077    0.051017    0.140528   25.346464 ^ clkbuf_2_1__f_clk/X (sky130_fd_sc_hd__clkbuf_16)
                                                         clknet_2_1__leaf_clk (net)
                      0.051091    0.002531   25.348995 ^ _179_/CLK (sky130_fd_sc_hd__dfrtp_4)
                                 -0.250000   25.098995   clock uncertainty
                                  0.000000   25.098995   clock reconvergence pessimism
                                  0.222804   25.321798   library recovery time
                                             25.321798   data required time
---------------------------------------------------------------------------------------------
                                             25.321798   data required time
                                             -5.653317   data arrival time
---------------------------------------------------------------------------------------------
                                             19.668480   slack (MET)


Startpoint: reset (input port clocked by clk)
Endpoint: _166_ (recovery check against rising-edge clock clk)
Path Group: asynchronous
Path Type: max

Fanout         Cap        Slew       Delay        Time   Description
---------------------------------------------------------------------------------------------
                                  0.000000    0.000000   clock clk (rise edge)
                                  0.000000    0.000000   clock network delay (propagated)
                                  5.000000    5.000000 v input external delay
     1    0.002769    0.008543    0.004421    5.004421 v reset (in)
                                                         reset (net)
                      0.008549    0.000000    5.004421 v input2/A (sky130_fd_sc_hd__buf_1)
     3    0.016770    0.102239    0.132828    5.137249 v input2/X (sky130_fd_sc_hd__buf_1)
                                                         net2 (net)
                      0.102248    0.001018    5.138268 v fanout35/A (sky130_fd_sc_hd__clkbuf_4)
     9    0.053158    0.111186    0.234450    5.372717 v fanout35/X (sky130_fd_sc_hd__clkbuf_4)
                                                         net35 (net)
                      0.111247    0.002510    5.375227 v fanout34/A (sky130_fd_sc_hd__buf_4)
    10    0.056981    0.082009    0.218796    5.594023 v fanout34/X (sky130_fd_sc_hd__buf_4)
                                                         net34 (net)
                      0.083211    0.007846    5.601870 v _130_/A (sky130_fd_sc_hd__inv_2)
     1    0.004148    0.034696    0.059389    5.661259 ^ _130_/Y (sky130_fd_sc_hd__inv_2)
                                                         _017_ (net)
                      0.034697    0.000222    5.661481 ^ _166_/RESET_B (sky130_fd_sc_hd__dfrtp_1)
                                              5.661481   data arrival time

                                 25.000000   25.000000   clock clk (rise edge)
                                  0.000000   25.000000   clock source latency
     1    0.014807    0.072589    0.049637   25.049637 ^ clk (in)
                                                         clk (net)
                      0.072599    0.000000   25.049637 ^ clkbuf_0_clk/A (sky130_fd_sc_hd__clkbuf_16)
     4    0.043480    0.062955    0.153571   25.203207 ^ clkbuf_0_clk/X (sky130_fd_sc_hd__clkbuf_16)
                                                         clknet_0_clk (net)
                      0.063183    0.002597   25.205805 ^ clkbuf_2_0__f_clk/A (sky130_fd_sc_hd__clkbuf_16)
    10    0.030547    0.051451    0.140965   25.346769 ^ clkbuf_2_0__f_clk/X (sky130_fd_sc_hd__clkbuf_16)
                                                         clknet_2_0__leaf_clk (net)
                      0.051458    0.001091   25.347860 ^ _166_/CLK (sky130_fd_sc_hd__dfrtp_1)
                                 -0.250000   25.097860   clock uncertainty
                                  0.000000   25.097860   clock reconvergence pessimism
                                  0.234977   25.332836   library recovery time
                                             25.332836   data required time
---------------------------------------------------------------------------------------------
                                             25.332836   data required time
                                             -5.661481   data arrival time
---------------------------------------------------------------------------------------------
                                             19.671354   slack (MET)


Startpoint: reset (input port clocked by clk)
Endpoint: _162_ (recovery check against rising-edge clock clk)
Path Group: asynchronous
Path Type: max

Fanout         Cap        Slew       Delay        Time   Description
---------------------------------------------------------------------------------------------
                                  0.000000    0.000000   clock clk (rise edge)
                                  0.000000    0.000000   clock network delay (propagated)
                                  5.000000    5.000000 v input external delay
     1    0.002769    0.008543    0.004421    5.004421 v reset (in)
                                                         reset (net)
                      0.008549    0.000000    5.004421 v input2/A (sky130_fd_sc_hd__buf_1)
     3    0.016770    0.102239    0.132828    5.137249 v input2/X (sky130_fd_sc_hd__buf_1)
                                                         net2 (net)
                      0.102248    0.001018    5.138268 v fanout35/A (sky130_fd_sc_hd__clkbuf_4)
     9    0.053158    0.111186    0.234450    5.372717 v fanout35/X (sky130_fd_sc_hd__clkbuf_4)
                                                         net35 (net)
                      0.111247    0.002510    5.375227 v fanout34/A (sky130_fd_sc_hd__buf_4)
    10    0.056981    0.082009    0.218796    5.594023 v fanout34/X (sky130_fd_sc_hd__buf_4)
                                                         net34 (net)
                      0.082636    0.005688    5.599711 v _126_/A (sky130_fd_sc_hd__inv_2)
     1    0.004322    0.035221    0.059976    5.659687 ^ _126_/Y (sky130_fd_sc_hd__inv_2)
                                                         _013_ (net)
                      0.035222    0.000237    5.659924 ^ _162_/RESET_B (sky130_fd_sc_hd__dfrtp_1)
                                              5.659924   data arrival time

                                 25.000000   25.000000   clock clk (rise edge)
                                  0.000000   25.000000   clock source latency
     1    0.014807    0.072589    0.049637   25.049637 ^ clk (in)
                                                         clk (net)
                      0.072599    0.000000   25.049637 ^ clkbuf_0_clk/A (sky130_fd_sc_hd__clkbuf_16)
     4    0.043480    0.062955    0.153571   25.203207 ^ clkbuf_0_clk/X (sky130_fd_sc_hd__clkbuf_16)
                                                         clknet_0_clk (net)
                      0.063183    0.002597   25.205805 ^ clkbuf_2_0__f_clk/A (sky130_fd_sc_hd__clkbuf_16)
    10    0.030547    0.051451    0.140965   25.346769 ^ clkbuf_2_0__f_clk/X (sky130_fd_sc_hd__clkbuf_16)
                                                         clknet_2_0__leaf_clk (net)
                      0.051490    0.002231   25.349001 ^ _162_/CLK (sky130_fd_sc_hd__dfrtp_1)
                                 -0.250000   25.099001   clock uncertainty
                                  0.000000   25.099001   clock reconvergence pessimism
                                  0.234851   25.333851   library recovery time
                                             25.333851   data required time
---------------------------------------------------------------------------------------------
                                             25.333851   data required time
                                             -5.659924   data arrival time
---------------------------------------------------------------------------------------------
                                             19.673927   slack (MET)


Startpoint: reset (input port clocked by clk)
Endpoint: _161_ (recovery check against rising-edge clock clk)
Path Group: asynchronous
Path Type: max

Fanout         Cap        Slew       Delay        Time   Description
---------------------------------------------------------------------------------------------
                                  0.000000    0.000000   clock clk (rise edge)
                                  0.000000    0.000000   clock network delay (propagated)
                                  5.000000    5.000000 v input external delay
     1    0.002769    0.008543    0.004421    5.004421 v reset (in)
                                                         reset (net)
                      0.008549    0.000000    5.004421 v input2/A (sky130_fd_sc_hd__buf_1)
     3    0.016770    0.102239    0.132828    5.137249 v input2/X (sky130_fd_sc_hd__buf_1)
                                                         net2 (net)
                      0.102248    0.001018    5.138268 v fanout35/A (sky130_fd_sc_hd__clkbuf_4)
     9    0.053158    0.111186    0.234450    5.372717 v fanout35/X (sky130_fd_sc_hd__clkbuf_4)
                                                         net35 (net)
                      0.111247    0.002510    5.375227 v fanout34/A (sky130_fd_sc_hd__buf_4)
    10    0.056981    0.082009    0.218796    5.594023 v fanout34/X (sky130_fd_sc_hd__buf_4)
                                                         net34 (net)
                      0.082797    0.006359    5.600382 v _125_/A (sky130_fd_sc_hd__inv_2)
     1    0.004121    0.034503    0.059166    5.659548 ^ _125_/Y (sky130_fd_sc_hd__inv_2)
                                                         _012_ (net)
                      0.034503    0.000103    5.659651 ^ _161_/RESET_B (sky130_fd_sc_hd__dfrtp_1)
                                              5.659651   data arrival time

                                 25.000000   25.000000   clock clk (rise edge)
                                  0.000000   25.000000   clock source latency
     1    0.014807    0.072589    0.049637   25.049637 ^ clk (in)
                                                         clk (net)
                      0.072599    0.000000   25.049637 ^ clkbuf_0_clk/A (sky130_fd_sc_hd__clkbuf_16)
     4    0.043480    0.062955    0.153571   25.203207 ^ clkbuf_0_clk/X (sky130_fd_sc_hd__clkbuf_16)
                                                         clknet_0_clk (net)
                      0.063183    0.002597   25.205805 ^ clkbuf_2_0__f_clk/A (sky130_fd_sc_hd__clkbuf_16)
    10    0.030547    0.051451    0.140965   25.346769 ^ clkbuf_2_0__f_clk/X (sky130_fd_sc_hd__clkbuf_16)
                                                         clknet_2_0__leaf_clk (net)
                      0.051492    0.002252   25.349022 ^ _161_/CLK (sky130_fd_sc_hd__dfrtp_1)
                                 -0.250000   25.099022   clock uncertainty
                                  0.000000   25.099022   clock reconvergence pessimism
                                  0.235037   25.334059   library recovery time
                                             25.334059   data required time
---------------------------------------------------------------------------------------------
                                             25.334059   data required time
                                             -5.659651   data arrival time
---------------------------------------------------------------------------------------------
                                             19.674408   slack (MET)


Startpoint: reset (input port clocked by clk)
Endpoint: _164_ (recovery check against rising-edge clock clk)
Path Group: asynchronous
Path Type: max

Fanout         Cap        Slew       Delay        Time   Description
---------------------------------------------------------------------------------------------
                                  0.000000    0.000000   clock clk (rise edge)
                                  0.000000    0.000000   clock network delay (propagated)
                                  5.000000    5.000000 v input external delay
     1    0.002769    0.008543    0.004421    5.004421 v reset (in)
                                                         reset (net)
                      0.008549    0.000000    5.004421 v input2/A (sky130_fd_sc_hd__buf_1)
     3    0.016770    0.102239    0.132828    5.137249 v input2/X (sky130_fd_sc_hd__buf_1)
                                                         net2 (net)
                      0.102248    0.001018    5.138268 v fanout35/A (sky130_fd_sc_hd__clkbuf_4)
     9    0.053158    0.111186    0.234450    5.372717 v fanout35/X (sky130_fd_sc_hd__clkbuf_4)
                                                         net35 (net)
                      0.111247    0.002510    5.375227 v fanout34/A (sky130_fd_sc_hd__buf_4)
    10    0.056981    0.082009    0.218796    5.594023 v fanout34/X (sky130_fd_sc_hd__buf_4)
                                                         net34 (net)
                      0.083068    0.007363    5.601387 v _128_/A (sky130_fd_sc_hd__inv_2)
     1    0.003819    0.033451    0.057816    5.659203 ^ _128_/Y (sky130_fd_sc_hd__inv_2)
                                                         _015_ (net)
                      0.033451    0.000202    5.659405 ^ _164_/RESET_B (sky130_fd_sc_hd__dfrtp_1)
                                              5.659405   data arrival time

                                 25.000000   25.000000   clock clk (rise edge)
                                  0.000000   25.000000   clock source latency
     1    0.014807    0.072589    0.049637   25.049637 ^ clk (in)
                                                         clk (net)
                      0.072599    0.000000   25.049637 ^ clkbuf_0_clk/A (sky130_fd_sc_hd__clkbuf_16)
     4    0.043480    0.062955    0.153571   25.203207 ^ clkbuf_0_clk/X (sky130_fd_sc_hd__clkbuf_16)
                                                         clknet_0_clk (net)
                      0.063183    0.002597   25.205805 ^ clkbuf_2_0__f_clk/A (sky130_fd_sc_hd__clkbuf_16)
    10    0.030547    0.051451    0.140965   25.346769 ^ clkbuf_2_0__f_clk/X (sky130_fd_sc_hd__clkbuf_16)
                                                         clknet_2_0__leaf_clk (net)
                      0.051513    0.002474   25.349243 ^ _164_/CLK (sky130_fd_sc_hd__dfrtp_1)
                                 -0.250000   25.099245   clock uncertainty
                                  0.000000   25.099245   clock reconvergence pessimism
                                  0.235316   25.334560   library recovery time
                                             25.334560   data required time
---------------------------------------------------------------------------------------------
                                             25.334560   data required time
                                             -5.659405   data arrival time
---------------------------------------------------------------------------------------------
                                             19.675156   slack (MET)


Startpoint: reset (input port clocked by clk)
Endpoint: _175_ (recovery check against rising-edge clock clk)
Path Group: asynchronous
Path Type: max

Fanout         Cap        Slew       Delay        Time   Description
---------------------------------------------------------------------------------------------
                                  0.000000    0.000000   clock clk (rise edge)
                                  0.000000    0.000000   clock network delay (propagated)
                                  5.000000    5.000000 v input external delay
     1    0.002769    0.008543    0.004421    5.004421 v reset (in)
                                                         reset (net)
                      0.008549    0.000000    5.004421 v input2/A (sky130_fd_sc_hd__buf_1)
     3    0.016770    0.102239    0.132828    5.137249 v input2/X (sky130_fd_sc_hd__buf_1)
                                                         net2 (net)
                      0.102248    0.001018    5.138268 v fanout35/A (sky130_fd_sc_hd__clkbuf_4)
     9    0.053158    0.111186    0.234450    5.372717 v fanout35/X (sky130_fd_sc_hd__clkbuf_4)
                                                         net35 (net)
                      0.111247    0.002510    5.375227 v fanout34/A (sky130_fd_sc_hd__buf_4)
    10    0.056981    0.082009    0.218796    5.594023 v fanout34/X (sky130_fd_sc_hd__buf_4)
                                                         net34 (net)
                      0.082202    0.003242    5.597265 v _139_/A (sky130_fd_sc_hd__inv_2)
     1    0.004045    0.034092    0.058599    5.655864 ^ _139_/Y (sky130_fd_sc_hd__inv_2)
                                                         _026_ (net)
                      0.034093    0.000103    5.655967 ^ _175_/RESET_B (sky130_fd_sc_hd__dfrtp_1)
                                              5.655967   data arrival time

                                 25.000000   25.000000   clock clk (rise edge)
                                  0.000000   25.000000   clock source latency
     1    0.014807    0.072589    0.049637   25.049637 ^ clk (in)
                                                         clk (net)
                      0.072599    0.000000   25.049637 ^ clkbuf_0_clk/A (sky130_fd_sc_hd__clkbuf_16)
     4    0.043480    0.062955    0.153571   25.203207 ^ clkbuf_0_clk/X (sky130_fd_sc_hd__clkbuf_16)
                                                         clknet_0_clk (net)
                      0.063183    0.002597   25.205805 ^ clkbuf_2_0__f_clk/A (sky130_fd_sc_hd__clkbuf_16)
    10    0.030547    0.051451    0.140965   25.346769 ^ clkbuf_2_0__f_clk/X (sky130_fd_sc_hd__clkbuf_16)
                                                         clknet_2_0__leaf_clk (net)
                      0.051464    0.001474   25.348244 ^ _175_/CLK (sky130_fd_sc_hd__dfrtp_1)
                                 -0.250000   25.098244   clock uncertainty
                                  0.000000   25.098244   clock reconvergence pessimism
                                  0.235135   25.333378   library recovery time
                                             25.333378   data required time
---------------------------------------------------------------------------------------------
                                             25.333378   data required time
                                             -5.655967   data arrival time
---------------------------------------------------------------------------------------------
                                             19.677412   slack (MET)


Startpoint: btn (input port clocked by clk)
Endpoint: _184_ (rising edge-triggered flip-flop clocked by clk)
Path Group: clk
Path Type: max

Fanout         Cap        Slew       Delay        Time   Description
---------------------------------------------------------------------------------------------
                                  0.000000    0.000000   clock clk (rise edge)
                                  0.000000    0.000000   clock network delay (propagated)
                                  5.000000    5.000000 ^ input external delay
     1    0.003187    0.021404    0.011720    5.011721 ^ btn (in)
                                                         btn (net)
                      0.021413    0.000000    5.011721 ^ input1/A (sky130_fd_sc_hd__buf_1)
     6    0.017619    0.211353    0.188551    5.200271 ^ input1/X (sky130_fd_sc_hd__buf_1)
                                                         net1 (net)
                      0.211367    0.001446    5.201717 ^ _184_/D (sky130_fd_sc_hd__dfrtp_1)
                                              5.201717   data arrival time

                                 25.000000   25.000000   clock clk (rise edge)
                                  0.000000   25.000000   clock source latency
     1    0.014807    0.072589    0.049637   25.049637 ^ clk (in)
                                                         clk (net)
                      0.072599    0.000000   25.049637 ^ clkbuf_0_clk/A (sky130_fd_sc_hd__clkbuf_16)
     4    0.043480    0.062955    0.153571   25.203207 ^ clkbuf_0_clk/X (sky130_fd_sc_hd__clkbuf_16)
                                                         clknet_0_clk (net)
                      0.063200    0.002728   25.205936 ^ clkbuf_2_1__f_clk/A (sky130_fd_sc_hd__clkbuf_16)
    10    0.030077    0.051017    0.140528   25.346464 ^ clkbuf_2_1__f_clk/X (sky130_fd_sc_hd__clkbuf_16)
                                                         clknet_2_1__leaf_clk (net)
                      0.051098    0.002595   25.349058 ^ _184_/CLK (sky130_fd_sc_hd__dfrtp_1)
                                 -0.250000   25.099060   clock uncertainty
                                  0.000000   25.099060   clock reconvergence pessimism
                                 -0.097279   25.001781   library setup time
                                             25.001781   data required time
---------------------------------------------------------------------------------------------
                                             25.001781   data required time
                                             -5.201717   data arrival time
---------------------------------------------------------------------------------------------
                                             19.800062   slack (MET)


Startpoint: reset (input port clocked by clk)
Endpoint: _159_ (recovery check against rising-edge clock clk)
Path Group: asynchronous
Path Type: max

Fanout         Cap        Slew       Delay        Time   Description
---------------------------------------------------------------------------------------------
                                  0.000000    0.000000   clock clk (rise edge)
                                  0.000000    0.000000   clock network delay (propagated)
                                  5.000000    5.000000 v input external delay
     1    0.002769    0.008543    0.004421    5.004421 v reset (in)
                                                         reset (net)
                      0.008549    0.000000    5.004421 v input2/A (sky130_fd_sc_hd__buf_1)
     3    0.016770    0.102239    0.132828    5.137249 v input2/X (sky130_fd_sc_hd__buf_1)
                                                         net2 (net)
                      0.102248    0.001018    5.138268 v fanout35/A (sky130_fd_sc_hd__clkbuf_4)
     9    0.053158    0.111186    0.234450    5.372717 v fanout35/X (sky130_fd_sc_hd__clkbuf_4)
                                                         net35 (net)
                      0.111605    0.005176    5.377893 v _123_/A (sky130_fd_sc_hd__inv_2)
     1    0.005591    0.045441    0.075469    5.453362 ^ _123_/Y (sky130_fd_sc_hd__inv_2)
                                                         _010_ (net)
                      0.045441    0.000332    5.453694 ^ _159_/RESET_B (sky130_fd_sc_hd__dfrtp_1)
                                              5.453694   data arrival time

                                 25.000000   25.000000   clock clk (rise edge)
                                  0.000000   25.000000   clock source latency
     1    0.014807    0.072589    0.049637   25.049637 ^ clk (in)
                                                         clk (net)
                      0.072599    0.000000   25.049637 ^ clkbuf_0_clk/A (sky130_fd_sc_hd__clkbuf_16)
     4    0.043480    0.062955    0.153571   25.203207 ^ clkbuf_0_clk/X (sky130_fd_sc_hd__clkbuf_16)
                                                         clknet_0_clk (net)
                      0.063181    0.002586   25.205793 ^ clkbuf_2_2__f_clk/A (sky130_fd_sc_hd__clkbuf_16)
     8    0.025924    0.047220    0.137151   25.342945 ^ clkbuf_2_2__f_clk/X (sky130_fd_sc_hd__clkbuf_16)
                                                         clknet_2_2__leaf_clk (net)
                      0.047303    0.001677   25.344622 ^ _159_/CLK (sky130_fd_sc_hd__dfrtp_1)
                                 -0.250000   25.094622   clock uncertainty
                                  0.000000   25.094622   clock reconvergence pessimism
                                  0.230924   25.325546   library recovery time
                                             25.325546   data required time
---------------------------------------------------------------------------------------------
                                             25.325546   data required time
                                             -5.453694   data arrival time
---------------------------------------------------------------------------------------------
                                             19.871853   slack (MET)


Startpoint: reset (input port clocked by clk)
Endpoint: _158_ (recovery check against rising-edge clock clk)
Path Group: asynchronous
Path Type: max

Fanout         Cap        Slew       Delay        Time   Description
---------------------------------------------------------------------------------------------
                                  0.000000    0.000000   clock clk (rise edge)
                                  0.000000    0.000000   clock network delay (propagated)
                                  5.000000    5.000000 v input external delay
     1    0.002769    0.008543    0.004421    5.004421 v reset (in)
                                                         reset (net)
                      0.008549    0.000000    5.004421 v input2/A (sky130_fd_sc_hd__buf_1)
     3    0.016770    0.102239    0.132828    5.137249 v input2/X (sky130_fd_sc_hd__buf_1)
                                                         net2 (net)
                      0.102248    0.001018    5.138268 v fanout35/A (sky130_fd_sc_hd__clkbuf_4)
     9    0.053158    0.111186    0.234450    5.372717 v fanout35/X (sky130_fd_sc_hd__clkbuf_4)
                                                         net35 (net)
                      0.111653    0.005490    5.378207 v _122_/A (sky130_fd_sc_hd__inv_2)
     1    0.004933    0.043501    0.073076    5.451283 ^ _122_/Y (sky130_fd_sc_hd__inv_2)
                                                         _009_ (net)
                      0.043502    0.000273    5.451556 ^ _158_/RESET_B (sky130_fd_sc_hd__dfrtp_1)
                                              5.451556   data arrival time

                                 25.000000   25.000000   clock clk (rise edge)
                                  0.000000   25.000000   clock source latency
     1    0.014807    0.072589    0.049637   25.049637 ^ clk (in)
                                                         clk (net)
                      0.072599    0.000000   25.049637 ^ clkbuf_0_clk/A (sky130_fd_sc_hd__clkbuf_16)
     4    0.043480    0.062955    0.153571   25.203207 ^ clkbuf_0_clk/X (sky130_fd_sc_hd__clkbuf_16)
                                                         clknet_0_clk (net)
                      0.063181    0.002586   25.205793 ^ clkbuf_2_2__f_clk/A (sky130_fd_sc_hd__clkbuf_16)
     8    0.025924    0.047220    0.137151   25.342945 ^ clkbuf_2_2__f_clk/X (sky130_fd_sc_hd__clkbuf_16)
                                                         clknet_2_2__leaf_clk (net)
                      0.047303    0.001682   25.344627 ^ _158_/CLK (sky130_fd_sc_hd__dfrtp_1)
                                 -0.250000   25.094627   clock uncertainty
                                  0.000000   25.094627   clock reconvergence pessimism
                                  0.231426   25.326054   library recovery time
                                             25.326054   data required time
---------------------------------------------------------------------------------------------
                                             25.326054   data required time
                                             -5.451556   data arrival time
---------------------------------------------------------------------------------------------
                                             19.874496   slack (MET)


Startpoint: reset (input port clocked by clk)
Endpoint: _181_ (recovery check against rising-edge clock clk)
Path Group: asynchronous
Path Type: max

Fanout         Cap        Slew       Delay        Time   Description
---------------------------------------------------------------------------------------------
                                  0.000000    0.000000   clock clk (rise edge)
                                  0.000000    0.000000   clock network delay (propagated)
                                  5.000000    5.000000 v input external delay
     1    0.002769    0.008543    0.004421    5.004421 v reset (in)
                                                         reset (net)
                      0.008549    0.000000    5.004421 v input2/A (sky130_fd_sc_hd__buf_1)
     3    0.016770    0.102239    0.132828    5.137249 v input2/X (sky130_fd_sc_hd__buf_1)
                                                         net2 (net)
                      0.102248    0.001018    5.138268 v fanout35/A (sky130_fd_sc_hd__clkbuf_4)
     9    0.053158    0.111186    0.234450    5.372717 v fanout35/X (sky130_fd_sc_hd__clkbuf_4)
                                                         net35 (net)
                      0.111240    0.002382    5.375099 v _145_/A (sky130_fd_sc_hd__inv_2)
     1    0.003984    0.040067    0.068679    5.443779 ^ _145_/Y (sky130_fd_sc_hd__inv_2)
                                                         _032_ (net)
                      0.040067    0.000209    5.443987 ^ _181_/RESET_B (sky130_fd_sc_hd__dfrtp_4)
                                              5.443987   data arrival time

                                 25.000000   25.000000   clock clk (rise edge)
                                  0.000000   25.000000   clock source latency
     1    0.014807    0.072589    0.049637   25.049637 ^ clk (in)
                                                         clk (net)
                      0.072599    0.000000   25.049637 ^ clkbuf_0_clk/A (sky130_fd_sc_hd__clkbuf_16)
     4    0.043480    0.062955    0.153571   25.203207 ^ clkbuf_0_clk/X (sky130_fd_sc_hd__clkbuf_16)
                                                         clknet_0_clk (net)
                      0.063183    0.002597   25.205805 ^ clkbuf_2_0__f_clk/A (sky130_fd_sc_hd__clkbuf_16)
    10    0.030547    0.051451    0.140965   25.346769 ^ clkbuf_2_0__f_clk/X (sky130_fd_sc_hd__clkbuf_16)
                                                         clknet_2_0__leaf_clk (net)
                      0.051458    0.001032   25.347801 ^ _181_/CLK (sky130_fd_sc_hd__dfrtp_4)
                                 -0.250000   25.097801   clock uncertainty
                                  0.000000   25.097801   clock reconvergence pessimism
                                  0.220764   25.318565   library recovery time
                                             25.318565   data required time
---------------------------------------------------------------------------------------------
                                             25.318565   data required time
                                             -5.443987   data arrival time
---------------------------------------------------------------------------------------------
                                             19.874578   slack (MET)


Startpoint: reset (input port clocked by clk)
Endpoint: _155_ (recovery check against rising-edge clock clk)
Path Group: asynchronous
Path Type: max

Fanout         Cap        Slew       Delay        Time   Description
---------------------------------------------------------------------------------------------
                                  0.000000    0.000000   clock clk (rise edge)
                                  0.000000    0.000000   clock network delay (propagated)
                                  5.000000    5.000000 v input external delay
     1    0.002769    0.008543    0.004421    5.004421 v reset (in)
                                                         reset (net)
                      0.008549    0.000000    5.004421 v input2/A (sky130_fd_sc_hd__buf_1)
     3    0.016770    0.102239    0.132828    5.137249 v input2/X (sky130_fd_sc_hd__buf_1)
                                                         net2 (net)
                      0.102248    0.001018    5.138268 v fanout35/A (sky130_fd_sc_hd__clkbuf_4)
     9    0.053158    0.111186    0.234450    5.372717 v fanout35/X (sky130_fd_sc_hd__clkbuf_4)
                                                         net35 (net)
                      0.111618    0.005265    5.377982 v _119_/A (sky130_fd_sc_hd__inv_2)
     1    0.004432    0.042014    0.071220    5.449202 ^ _119_/Y (sky130_fd_sc_hd__inv_2)
                                                         _006_ (net)
                      0.042015    0.000247    5.449449 ^ _155_/RESET_B (sky130_fd_sc_hd__dfrtp_1)
                                              5.449449   data arrival time

                                 25.000000   25.000000   clock clk (rise edge)
                                  0.000000   25.000000   clock source latency
     1    0.014807    0.072589    0.049637   25.049637 ^ clk (in)
                                                         clk (net)
                      0.072599    0.000000   25.049637 ^ clkbuf_0_clk/A (sky130_fd_sc_hd__clkbuf_16)
     4    0.043480    0.062955    0.153571   25.203207 ^ clkbuf_0_clk/X (sky130_fd_sc_hd__clkbuf_16)
                                                         clknet_0_clk (net)
                      0.063181    0.002586   25.205793 ^ clkbuf_2_2__f_clk/A (sky130_fd_sc_hd__clkbuf_16)
     8    0.025924    0.047220    0.137151   25.342945 ^ clkbuf_2_2__f_clk/X (sky130_fd_sc_hd__clkbuf_16)
                                                         clknet_2_2__leaf_clk (net)
                      0.047276    0.001405   25.344349 ^ _155_/CLK (sky130_fd_sc_hd__dfrtp_1)
                                 -0.250000   25.094351   clock uncertainty
                                  0.000000   25.094351   clock reconvergence pessimism
                                  0.231802   25.326153   library recovery time
                                             25.326153   data required time
---------------------------------------------------------------------------------------------
                                             25.326153   data required time
                                             -5.449449   data arrival time
---------------------------------------------------------------------------------------------
                                             19.876703   slack (MET)


Startpoint: reset (input port clocked by clk)
Endpoint: _174_ (recovery check against rising-edge clock clk)
Path Group: asynchronous
Path Type: max

Fanout         Cap        Slew       Delay        Time   Description
---------------------------------------------------------------------------------------------
                                  0.000000    0.000000   clock clk (rise edge)
                                  0.000000    0.000000   clock network delay (propagated)
                                  5.000000    5.000000 v input external delay
     1    0.002769    0.008543    0.004421    5.004421 v reset (in)
                                                         reset (net)
                      0.008549    0.000000    5.004421 v input2/A (sky130_fd_sc_hd__buf_1)
     3    0.016770    0.102239    0.132828    5.137249 v input2/X (sky130_fd_sc_hd__buf_1)
                                                         net2 (net)
                      0.102248    0.001018    5.138268 v fanout35/A (sky130_fd_sc_hd__clkbuf_4)
     9    0.053158    0.111186    0.234450    5.372717 v fanout35/X (sky130_fd_sc_hd__clkbuf_4)
                                                         net35 (net)
                      0.111561    0.004863    5.377580 v _138_/A (sky130_fd_sc_hd__inv_2)
     1    0.004203    0.041082    0.070017    5.447598 ^ _138_/Y (sky130_fd_sc_hd__inv_2)
                                                         _025_ (net)
                      0.041082    0.000226    5.447824 ^ _174_/RESET_B (sky130_fd_sc_hd__dfrtp_1)
                                              5.447824   data arrival time

                                 25.000000   25.000000   clock clk (rise edge)
                                  0.000000   25.000000   clock source latency
     1    0.014807    0.072589    0.049637   25.049637 ^ clk (in)
                                                         clk (net)
                      0.072599    0.000000   25.049637 ^ clkbuf_0_clk/A (sky130_fd_sc_hd__clkbuf_16)
     4    0.043480    0.062955    0.153571   25.203207 ^ clkbuf_0_clk/X (sky130_fd_sc_hd__clkbuf_16)
                                                         clknet_0_clk (net)
                      0.063181    0.002586   25.205793 ^ clkbuf_2_2__f_clk/A (sky130_fd_sc_hd__clkbuf_16)
     8    0.025924    0.047220    0.137151   25.342945 ^ clkbuf_2_2__f_clk/X (sky130_fd_sc_hd__clkbuf_16)
                                                         clknet_2_2__leaf_clk (net)
                      0.047254    0.001137   25.344082 ^ _174_/CLK (sky130_fd_sc_hd__dfrtp_1)
                                 -0.250000   25.094082   clock uncertainty
                                  0.000000   25.094082   clock reconvergence pessimism
                                  0.232037   25.326118   library recovery time
                                             25.326118   data required time
---------------------------------------------------------------------------------------------
                                             25.326118   data required time
                                             -5.447824   data arrival time
---------------------------------------------------------------------------------------------
                                             19.878296   slack (MET)


Startpoint: reset (input port clocked by clk)
Endpoint: _160_ (recovery check against rising-edge clock clk)
Path Group: asynchronous
Path Type: max

Fanout         Cap        Slew       Delay        Time   Description
---------------------------------------------------------------------------------------------
                                  0.000000    0.000000   clock clk (rise edge)
                                  0.000000    0.000000   clock network delay (propagated)
                                  5.000000    5.000000 v input external delay
     1    0.002769    0.008543    0.004421    5.004421 v reset (in)
                                                         reset (net)
                      0.008549    0.000000    5.004421 v input2/A (sky130_fd_sc_hd__buf_1)
     3    0.016770    0.102239    0.132828    5.137249 v input2/X (sky130_fd_sc_hd__buf_1)
                                                         net2 (net)
                      0.102248    0.001018    5.138268 v fanout35/A (sky130_fd_sc_hd__clkbuf_4)
     9    0.053158    0.111186    0.234450    5.372717 v fanout35/X (sky130_fd_sc_hd__clkbuf_4)
                                                         net35 (net)
                      0.111476    0.004183    5.376900 v _124_/A (sky130_fd_sc_hd__inv_2)
     1    0.004326    0.041607    0.070736    5.447637 ^ _124_/Y (sky130_fd_sc_hd__inv_2)
                                                         _011_ (net)
                      0.041607    0.000110    5.447747 ^ _160_/RESET_B (sky130_fd_sc_hd__dfrtp_1)
                                              5.447747   data arrival time

                                 25.000000   25.000000   clock clk (rise edge)
                                  0.000000   25.000000   clock source latency
     1    0.014807    0.072589    0.049637   25.049637 ^ clk (in)
                                                         clk (net)
                      0.072599    0.000000   25.049637 ^ clkbuf_0_clk/A (sky130_fd_sc_hd__clkbuf_16)
     4    0.043480    0.062955    0.153571   25.203207 ^ clkbuf_0_clk/X (sky130_fd_sc_hd__clkbuf_16)
                                                         clknet_0_clk (net)
                      0.063181    0.002586   25.205793 ^ clkbuf_2_2__f_clk/A (sky130_fd_sc_hd__clkbuf_16)
     8    0.025924    0.047220    0.137151   25.342945 ^ clkbuf_2_2__f_clk/X (sky130_fd_sc_hd__clkbuf_16)
                                                         clknet_2_2__leaf_clk (net)
                      0.047260    0.001219   25.344164 ^ _160_/CLK (sky130_fd_sc_hd__dfrtp_1)
                                 -0.250000   25.094164   clock uncertainty
                                  0.000000   25.094164   clock reconvergence pessimism
                                  0.231903   25.326067   library recovery time
                                             25.326067   data required time
---------------------------------------------------------------------------------------------
                                             25.326067   data required time
                                             -5.447747   data arrival time
---------------------------------------------------------------------------------------------
                                             19.878321   slack (MET)


Startpoint: reset (input port clocked by clk)
Endpoint: _177_ (recovery check against rising-edge clock clk)
Path Group: asynchronous
Path Type: max

Fanout         Cap        Slew       Delay        Time   Description
---------------------------------------------------------------------------------------------
                                  0.000000    0.000000   clock clk (rise edge)
                                  0.000000    0.000000   clock network delay (propagated)
                                  5.000000    5.000000 v input external delay
     1    0.002769    0.008543    0.004421    5.004421 v reset (in)
                                                         reset (net)
                      0.008549    0.000000    5.004421 v input2/A (sky130_fd_sc_hd__buf_1)
     3    0.016770    0.102239    0.132828    5.137249 v input2/X (sky130_fd_sc_hd__buf_1)
                                                         net2 (net)
                      0.102250    0.001103    5.138352 v fanout37/A (sky130_fd_sc_hd__clkbuf_4)
     8    0.048596    0.105577    0.229435    5.367787 v fanout37/X (sky130_fd_sc_hd__clkbuf_4)
                                                         net37 (net)
                      0.105622    0.002022    5.369810 v _141_/A (sky130_fd_sc_hd__inv_2)
     1    0.005045    0.042559    0.071210    5.441020 ^ _141_/Y (sky130_fd_sc_hd__inv_2)
                                                         _028_ (net)
                      0.042560    0.000275    5.441295 ^ _177_/RESET_B (sky130_fd_sc_hd__dfrtp_4)
                                              5.441295   data arrival time

                                 25.000000   25.000000   clock clk (rise edge)
                                  0.000000   25.000000   clock source latency
     1    0.014807    0.072589    0.049637   25.049637 ^ clk (in)
                                                         clk (net)
                      0.072599    0.000000   25.049637 ^ clkbuf_0_clk/A (sky130_fd_sc_hd__clkbuf_16)
     4    0.043480    0.062955    0.153571   25.203207 ^ clkbuf_0_clk/X (sky130_fd_sc_hd__clkbuf_16)
                                                         clknet_0_clk (net)
                      0.063179    0.002570   25.205778 ^ clkbuf_2_3__f_clk/A (sky130_fd_sc_hd__clkbuf_16)
    11    0.032427    0.053044    0.142283   25.348061 ^ clkbuf_2_3__f_clk/X (sky130_fd_sc_hd__clkbuf_16)
                                                         clknet_2_3__leaf_clk (net)
                      0.053121    0.001979   25.350039 ^ _177_/CLK (sky130_fd_sc_hd__dfrtp_4)
                                 -0.250000   25.100040   clock uncertainty
                                  0.000000   25.100040   clock reconvergence pessimism
                                  0.220472   25.320513   library recovery time
                                             25.320513   data required time
---------------------------------------------------------------------------------------------
                                             25.320513   data required time
                                             -5.441295   data arrival time
---------------------------------------------------------------------------------------------
                                             19.879217   slack (MET)


Startpoint: reset (input port clocked by clk)
Endpoint: _156_ (recovery check against rising-edge clock clk)
Path Group: asynchronous
Path Type: max

Fanout         Cap        Slew       Delay        Time   Description
---------------------------------------------------------------------------------------------
                                  0.000000    0.000000   clock clk (rise edge)
                                  0.000000    0.000000   clock network delay (propagated)
                                  5.000000    5.000000 v input external delay
     1    0.002769    0.008543    0.004421    5.004421 v reset (in)
                                                         reset (net)
                      0.008549    0.000000    5.004421 v input2/A (sky130_fd_sc_hd__buf_1)
     3    0.016770    0.102239    0.132828    5.137249 v input2/X (sky130_fd_sc_hd__buf_1)
                                                         net2 (net)
                      0.102248    0.001018    5.138268 v fanout35/A (sky130_fd_sc_hd__clkbuf_4)
     9    0.053158    0.111186    0.234450    5.372717 v fanout35/X (sky130_fd_sc_hd__clkbuf_4)
                                                         net35 (net)
                      0.111587    0.005049    5.377767 v _120_/A (sky130_fd_sc_hd__inv_2)
     1    0.003996    0.040189    0.068925    5.446692 ^ _120_/Y (sky130_fd_sc_hd__inv_2)
                                                         _007_ (net)
                      0.040189    0.000097    5.446789 ^ _156_/RESET_B (sky130_fd_sc_hd__dfrtp_1)
                                              5.446789   data arrival time

                                 25.000000   25.000000   clock clk (rise edge)
                                  0.000000   25.000000   clock source latency
     1    0.014807    0.072589    0.049637   25.049637 ^ clk (in)
                                                         clk (net)
                      0.072599    0.000000   25.049637 ^ clkbuf_0_clk/A (sky130_fd_sc_hd__clkbuf_16)
     4    0.043480    0.062955    0.153571   25.203207 ^ clkbuf_0_clk/X (sky130_fd_sc_hd__clkbuf_16)
                                                         clknet_0_clk (net)
                      0.063181    0.002586   25.205793 ^ clkbuf_2_2__f_clk/A (sky130_fd_sc_hd__clkbuf_16)
     8    0.025924    0.047220    0.137151   25.342945 ^ clkbuf_2_2__f_clk/X (sky130_fd_sc_hd__clkbuf_16)
                                                         clknet_2_2__leaf_clk (net)
                      0.047267    0.001307   25.344252 ^ _156_/CLK (sky130_fd_sc_hd__dfrtp_1)
                                 -0.250000   25.094254   clock uncertainty
                                  0.000000   25.094254   clock reconvergence pessimism
                                  0.232272   25.326525   library recovery time
                                             25.326525   data required time
---------------------------------------------------------------------------------------------
                                             25.326525   data required time
                                             -5.446789   data arrival time
---------------------------------------------------------------------------------------------
                                             19.879736   slack (MET)


Startpoint: reset (input port clocked by clk)
Endpoint: _157_ (recovery check against rising-edge clock clk)
Path Group: asynchronous
Path Type: max

Fanout         Cap        Slew       Delay        Time   Description
---------------------------------------------------------------------------------------------
                                  0.000000    0.000000   clock clk (rise edge)
                                  0.000000    0.000000   clock network delay (propagated)
                                  5.000000    5.000000 v input external delay
     1    0.002769    0.008543    0.004421    5.004421 v reset (in)
                                                         reset (net)
                      0.008549    0.000000    5.004421 v input2/A (sky130_fd_sc_hd__buf_1)
     3    0.016770    0.102239    0.132828    5.137249 v input2/X (sky130_fd_sc_hd__buf_1)
                                                         net2 (net)
                      0.102248    0.001018    5.138268 v fanout35/A (sky130_fd_sc_hd__clkbuf_4)
     9    0.053158    0.111186    0.234450    5.372717 v fanout35/X (sky130_fd_sc_hd__clkbuf_4)
                                                         net35 (net)
                      0.111628    0.005329    5.378046 v _121_/A (sky130_fd_sc_hd__inv_2)
     1    0.003972    0.040100    0.068752    5.446798 ^ _121_/Y (sky130_fd_sc_hd__inv_2)
                                                         _008_ (net)
                      0.040100    0.000210    5.447009 ^ _157_/RESET_B (sky130_fd_sc_hd__dfrtp_1)
                                              5.447009   data arrival time

                                 25.000000   25.000000   clock clk (rise edge)
                                  0.000000   25.000000   clock source latency
     1    0.014807    0.072589    0.049637   25.049637 ^ clk (in)
                                                         clk (net)
                      0.072599    0.000000   25.049637 ^ clkbuf_0_clk/A (sky130_fd_sc_hd__clkbuf_16)
     4    0.043480    0.062955    0.153571   25.203207 ^ clkbuf_0_clk/X (sky130_fd_sc_hd__clkbuf_16)
                                                         clknet_0_clk (net)
                      0.063181    0.002586   25.205793 ^ clkbuf_2_2__f_clk/A (sky130_fd_sc_hd__clkbuf_16)
     8    0.025924    0.047220    0.137151   25.342945 ^ clkbuf_2_2__f_clk/X (sky130_fd_sc_hd__clkbuf_16)
                                                         clknet_2_2__leaf_clk (net)
                      0.047298    0.001631   25.344576 ^ _157_/CLK (sky130_fd_sc_hd__dfrtp_1)
                                 -0.250000   25.094576   clock uncertainty
                                  0.000000   25.094576   clock reconvergence pessimism
                                  0.232305   25.326881   library recovery time
                                             25.326881   data required time
---------------------------------------------------------------------------------------------
                                             25.326881   data required time
                                             -5.447009   data arrival time
---------------------------------------------------------------------------------------------
                                             19.879873   slack (MET)


Startpoint: reset (input port clocked by clk)
Endpoint: _178_ (recovery check against rising-edge clock clk)
Path Group: asynchronous
Path Type: max

Fanout         Cap        Slew       Delay        Time   Description
---------------------------------------------------------------------------------------------
                                  0.000000    0.000000   clock clk (rise edge)
                                  0.000000    0.000000   clock network delay (propagated)
                                  5.000000    5.000000 v input external delay
     1    0.002769    0.008543    0.004421    5.004421 v reset (in)
                                                         reset (net)
                      0.008549    0.000000    5.004421 v input2/A (sky130_fd_sc_hd__buf_1)
     3    0.016770    0.102239    0.132828    5.137249 v input2/X (sky130_fd_sc_hd__buf_1)
                                                         net2 (net)
                      0.102250    0.001103    5.138352 v fanout37/A (sky130_fd_sc_hd__clkbuf_4)
     8    0.048596    0.105577    0.229435    5.367787 v fanout37/X (sky130_fd_sc_hd__clkbuf_4)
                                                         net37 (net)
                      0.105623    0.002035    5.369822 v _142_/A (sky130_fd_sc_hd__inv_2)
     1    0.004145    0.039544    0.067535    5.437357 ^ _142_/Y (sky130_fd_sc_hd__inv_2)
                                                         _029_ (net)
                      0.039545    0.000221    5.437578 ^ _178_/RESET_B (sky130_fd_sc_hd__dfrtp_4)
                                              5.437578   data arrival time

                                 25.000000   25.000000   clock clk (rise edge)
                                  0.000000   25.000000   clock source latency
     1    0.014807    0.072589    0.049637   25.049637 ^ clk (in)
                                                         clk (net)
                      0.072599    0.000000   25.049637 ^ clkbuf_0_clk/A (sky130_fd_sc_hd__clkbuf_16)
     4    0.043480    0.062955    0.153571   25.203207 ^ clkbuf_0_clk/X (sky130_fd_sc_hd__clkbuf_16)
                                                         clknet_0_clk (net)
                      0.063179    0.002570   25.205778 ^ clkbuf_2_3__f_clk/A (sky130_fd_sc_hd__clkbuf_16)
    11    0.032427    0.053044    0.142283   25.348061 ^ clkbuf_2_3__f_clk/X (sky130_fd_sc_hd__clkbuf_16)
                                                         clknet_2_3__leaf_clk (net)
                      0.053089    0.001666   25.349726 ^ _178_/CLK (sky130_fd_sc_hd__dfrtp_4)
                                 -0.250000   25.099728   clock uncertainty
                                  0.000000   25.099728   clock reconvergence pessimism
                                  0.221437   25.321165   library recovery time
                                             25.321165   data required time
---------------------------------------------------------------------------------------------
                                             25.321165   data required time
                                             -5.437578   data arrival time
---------------------------------------------------------------------------------------------
                                             19.883587   slack (MET)


Startpoint: reset (input port clocked by clk)
Endpoint: _172_ (recovery check against rising-edge clock clk)
Path Group: asynchronous
Path Type: max

Fanout         Cap        Slew       Delay        Time   Description
---------------------------------------------------------------------------------------------
                                  0.000000    0.000000   clock clk (rise edge)
                                  0.000000    0.000000   clock network delay (propagated)
                                  5.000000    5.000000 v input external delay
     1    0.002769    0.008543    0.004421    5.004421 v reset (in)
                                                         reset (net)
                      0.008549    0.000000    5.004421 v input2/A (sky130_fd_sc_hd__buf_1)
     3    0.016770    0.102239    0.132828    5.137249 v input2/X (sky130_fd_sc_hd__buf_1)
                                                         net2 (net)
                      0.102250    0.001103    5.138352 v fanout37/A (sky130_fd_sc_hd__clkbuf_4)
     8    0.048596    0.105577    0.229435    5.367787 v fanout37/X (sky130_fd_sc_hd__clkbuf_4)
                                                         net37 (net)
                      0.105613    0.001836    5.369624 v _136_/A (sky130_fd_sc_hd__inv_2)
     1    0.005523    0.044018    0.072939    5.442563 ^ _136_/Y (sky130_fd_sc_hd__inv_2)
                                                         _023_ (net)
                      0.044019    0.000304    5.442867 ^ _172_/RESET_B (sky130_fd_sc_hd__dfrtp_1)
                                              5.442867   data arrival time

                                 25.000000   25.000000   clock clk (rise edge)
                                  0.000000   25.000000   clock source latency
     1    0.014807    0.072589    0.049637   25.049637 ^ clk (in)
                                                         clk (net)
                      0.072599    0.000000   25.049637 ^ clkbuf_0_clk/A (sky130_fd_sc_hd__clkbuf_16)
     4    0.043480    0.062955    0.153571   25.203207 ^ clkbuf_0_clk/X (sky130_fd_sc_hd__clkbuf_16)
                                                         clknet_0_clk (net)
                      0.063179    0.002570   25.205778 ^ clkbuf_2_3__f_clk/A (sky130_fd_sc_hd__clkbuf_16)
    11    0.032427    0.053044    0.142283   25.348061 ^ clkbuf_2_3__f_clk/X (sky130_fd_sc_hd__clkbuf_16)
                                                         clknet_2_3__leaf_clk (net)
                      0.053152    0.002265   25.350325 ^ _172_/CLK (sky130_fd_sc_hd__dfrtp_1)
                                 -0.250000   25.100327   clock uncertainty
                                  0.000000   25.100327   clock reconvergence pessimism
                                  0.233085   25.333410   library recovery time
                                             25.333410   data required time
---------------------------------------------------------------------------------------------
                                             25.333410   data required time
                                             -5.442867   data arrival time
---------------------------------------------------------------------------------------------
                                             19.890543   slack (MET)


Startpoint: reset (input port clocked by clk)
Endpoint: _183_ (recovery check against rising-edge clock clk)
Path Group: asynchronous
Path Type: max

Fanout         Cap        Slew       Delay        Time   Description
---------------------------------------------------------------------------------------------
                                  0.000000    0.000000   clock clk (rise edge)
                                  0.000000    0.000000   clock network delay (propagated)
                                  5.000000    5.000000 v input external delay
     1    0.002769    0.008543    0.004421    5.004421 v reset (in)
                                                         reset (net)
                      0.008549    0.000000    5.004421 v input2/A (sky130_fd_sc_hd__buf_1)
     3    0.016770    0.102239    0.132828    5.137249 v input2/X (sky130_fd_sc_hd__buf_1)
                                                         net2 (net)
                      0.102250    0.001103    5.138352 v fanout37/A (sky130_fd_sc_hd__clkbuf_4)
     8    0.048596    0.105577    0.229435    5.367787 v fanout37/X (sky130_fd_sc_hd__clkbuf_4)
                                                         net37 (net)
                      0.105613    0.001836    5.369624 v _147_/A (sky130_fd_sc_hd__inv_2)
     1    0.004813    0.041847    0.070366    5.439990 ^ _147_/Y (sky130_fd_sc_hd__inv_2)
                                                         _034_ (net)
                      0.041848    0.000260    5.440249 ^ _183_/RESET_B (sky130_fd_sc_hd__dfrtp_1)
                                              5.440249   data arrival time

                                 25.000000   25.000000   clock clk (rise edge)
                                  0.000000   25.000000   clock source latency
     1    0.014807    0.072589    0.049637   25.049637 ^ clk (in)
                                                         clk (net)
                      0.072599    0.000000   25.049637 ^ clkbuf_0_clk/A (sky130_fd_sc_hd__clkbuf_16)
     4    0.043480    0.062955    0.153571   25.203207 ^ clkbuf_0_clk/X (sky130_fd_sc_hd__clkbuf_16)
                                                         clknet_0_clk (net)
                      0.063179    0.002570   25.205778 ^ clkbuf_2_3__f_clk/A (sky130_fd_sc_hd__clkbuf_16)
    11    0.032427    0.053044    0.142283   25.348061 ^ clkbuf_2_3__f_clk/X (sky130_fd_sc_hd__clkbuf_16)
                                                         clknet_2_3__leaf_clk (net)
                      0.053138    0.002135   25.350195 ^ _183_/CLK (sky130_fd_sc_hd__dfrtp_1)
                                 -0.250000   25.100197   clock uncertainty
                                  0.000000   25.100197   clock reconvergence pessimism
                                  0.233642   25.333839   library recovery time
                                             25.333839   data required time
---------------------------------------------------------------------------------------------
                                             25.333839   data required time
                                             -5.440249   data arrival time
---------------------------------------------------------------------------------------------
                                             19.893589   slack (MET)


Startpoint: reset (input port clocked by clk)
Endpoint: _170_ (recovery check against rising-edge clock clk)
Path Group: asynchronous
Path Type: max

Fanout         Cap        Slew       Delay        Time   Description
---------------------------------------------------------------------------------------------
                                  0.000000    0.000000   clock clk (rise edge)
                                  0.000000    0.000000   clock network delay (propagated)
                                  5.000000    5.000000 v input external delay
     1    0.002769    0.008543    0.004421    5.004421 v reset (in)
                                                         reset (net)
                      0.008549    0.000000    5.004421 v input2/A (sky130_fd_sc_hd__buf_1)
     3    0.016770    0.102239    0.132828    5.137249 v input2/X (sky130_fd_sc_hd__buf_1)
                                                         net2 (net)
                      0.102250    0.001103    5.138352 v fanout37/A (sky130_fd_sc_hd__clkbuf_4)
     8    0.048596    0.105577    0.229435    5.367787 v fanout37/X (sky130_fd_sc_hd__clkbuf_4)
                                                         net37 (net)
                      0.105594    0.001321    5.369108 v _134_/A (sky130_fd_sc_hd__inv_2)
     1    0.004416    0.040634    0.068919    5.438026 ^ _134_/Y (sky130_fd_sc_hd__inv_2)
                                                         _021_ (net)
                      0.040634    0.000245    5.438272 ^ _170_/RESET_B (sky130_fd_sc_hd__dfrtp_1)
                                              5.438272   data arrival time

                                 25.000000   25.000000   clock clk (rise edge)
                                  0.000000   25.000000   clock source latency
     1    0.014807    0.072589    0.049637   25.049637 ^ clk (in)
                                                         clk (net)
                      0.072599    0.000000   25.049637 ^ clkbuf_0_clk/A (sky130_fd_sc_hd__clkbuf_16)
     4    0.043480    0.062955    0.153571   25.203207 ^ clkbuf_0_clk/X (sky130_fd_sc_hd__clkbuf_16)
                                                         clknet_0_clk (net)
                      0.063179    0.002570   25.205778 ^ clkbuf_2_3__f_clk/A (sky130_fd_sc_hd__clkbuf_16)
    11    0.032427    0.053044    0.142283   25.348061 ^ clkbuf_2_3__f_clk/X (sky130_fd_sc_hd__clkbuf_16)
                                                         clknet_2_3__leaf_clk (net)
                      0.053128    0.002045   25.350105 ^ _170_/CLK (sky130_fd_sc_hd__dfrtp_1)
                                 -0.250000   25.100105   clock uncertainty
                                  0.000000   25.100105   clock reconvergence pessimism
                                  0.233953   25.334059   library recovery time
                                             25.334059   data required time
---------------------------------------------------------------------------------------------
                                             25.334059   data required time
                                             -5.438272   data arrival time
---------------------------------------------------------------------------------------------
                                             19.895786   slack (MET)


Startpoint: reset (input port clocked by clk)
Endpoint: _182_ (recovery check against rising-edge clock clk)
Path Group: asynchronous
Path Type: max

Fanout         Cap        Slew       Delay        Time   Description
---------------------------------------------------------------------------------------------
                                  0.000000    0.000000   clock clk (rise edge)
                                  0.000000    0.000000   clock network delay (propagated)
                                  5.000000    5.000000 v input external delay
     1    0.002769    0.008543    0.004421    5.004421 v reset (in)
                                                         reset (net)
                      0.008549    0.000000    5.004421 v input2/A (sky130_fd_sc_hd__buf_1)
     3    0.016770    0.102239    0.132828    5.137249 v input2/X (sky130_fd_sc_hd__buf_1)
                                                         net2 (net)
                      0.102250    0.001103    5.138352 v fanout37/A (sky130_fd_sc_hd__clkbuf_4)
     8    0.048596    0.105577    0.229435    5.367787 v fanout37/X (sky130_fd_sc_hd__clkbuf_4)
                                                         net37 (net)
                      0.105617    0.001918    5.369705 v _146_/A (sky130_fd_sc_hd__inv_2)
     1    0.004232    0.039909    0.068002    5.437707 ^ _146_/Y (sky130_fd_sc_hd__inv_2)
                                                         _033_ (net)
                      0.039909    0.000223    5.437930 ^ _182_/RESET_B (sky130_fd_sc_hd__dfrtp_1)
                                              5.437930   data arrival time

                                 25.000000   25.000000   clock clk (rise edge)
                                  0.000000   25.000000   clock source latency
     1    0.014807    0.072589    0.049637   25.049637 ^ clk (in)
                                                         clk (net)
                      0.072599    0.000000   25.049637 ^ clkbuf_0_clk/A (sky130_fd_sc_hd__clkbuf_16)
     4    0.043480    0.062955    0.153571   25.203207 ^ clkbuf_0_clk/X (sky130_fd_sc_hd__clkbuf_16)
                                                         clknet_0_clk (net)
                      0.063179    0.002570   25.205778 ^ clkbuf_2_3__f_clk/A (sky130_fd_sc_hd__clkbuf_16)
    11    0.032427    0.053044    0.142283   25.348061 ^ clkbuf_2_3__f_clk/X (sky130_fd_sc_hd__clkbuf_16)
                                                         clknet_2_3__leaf_clk (net)
                      0.053133    0.002091   25.350151 ^ _182_/CLK (sky130_fd_sc_hd__dfrtp_1)
                                 -0.250000   25.100151   clock uncertainty
                                  0.000000   25.100151   clock reconvergence pessimism
                                  0.234142   25.334293   library recovery time
                                             25.334293   data required time
---------------------------------------------------------------------------------------------
                                             25.334293   data required time
                                             -5.437930   data arrival time
---------------------------------------------------------------------------------------------
                                             19.896364   slack (MET)


Startpoint: reset (input port clocked by clk)
Endpoint: _171_ (recovery check against rising-edge clock clk)
Path Group: asynchronous
Path Type: max

Fanout         Cap        Slew       Delay        Time   Description
---------------------------------------------------------------------------------------------
                                  0.000000    0.000000   clock clk (rise edge)
                                  0.000000    0.000000   clock network delay (propagated)
                                  5.000000    5.000000 v input external delay
     1    0.002769    0.008543    0.004421    5.004421 v reset (in)
                                                         reset (net)
                      0.008549    0.000000    5.004421 v input2/A (sky130_fd_sc_hd__buf_1)
     3    0.016770    0.102239    0.132828    5.137249 v input2/X (sky130_fd_sc_hd__buf_1)
                                                         net2 (net)
                      0.102250    0.001103    5.138352 v fanout37/A (sky130_fd_sc_hd__clkbuf_4)
     8    0.048596    0.105577    0.229435    5.367787 v fanout37/X (sky130_fd_sc_hd__clkbuf_4)
                                                         net37 (net)
                      0.105606    0.001659    5.369446 v _135_/A (sky130_fd_sc_hd__inv_2)
     1    0.004294    0.040175    0.068336    5.437783 ^ _135_/Y (sky130_fd_sc_hd__inv_2)
                                                         _022_ (net)
                      0.040176    0.000228    5.438011 ^ _171_/RESET_B (sky130_fd_sc_hd__dfrtp_1)
                                              5.438011   data arrival time

                                 25.000000   25.000000   clock clk (rise edge)
                                  0.000000   25.000000   clock source latency
     1    0.014807    0.072589    0.049637   25.049637 ^ clk (in)
                                                         clk (net)
                      0.072599    0.000000   25.049637 ^ clkbuf_0_clk/A (sky130_fd_sc_hd__clkbuf_16)
     4    0.043480    0.062955    0.153571   25.203207 ^ clkbuf_0_clk/X (sky130_fd_sc_hd__clkbuf_16)
                                                         clknet_0_clk (net)
                      0.063179    0.002570   25.205778 ^ clkbuf_2_3__f_clk/A (sky130_fd_sc_hd__clkbuf_16)
    11    0.032427    0.053044    0.142283   25.348061 ^ clkbuf_2_3__f_clk/X (sky130_fd_sc_hd__clkbuf_16)
                                                         clknet_2_3__leaf_clk (net)
                      0.053155    0.002293   25.350353 ^ _171_/CLK (sky130_fd_sc_hd__dfrtp_1)
                                 -0.250000   25.100355   clock uncertainty
                                  0.000000   25.100355   clock reconvergence pessimism
                                  0.234080   25.334435   library recovery time
                                             25.334435   data required time
---------------------------------------------------------------------------------------------
                                             25.334435   data required time
                                             -5.438011   data arrival time
---------------------------------------------------------------------------------------------
                                             19.896423   slack (MET)


Startpoint: reset (input port clocked by clk)
Endpoint: _169_ (recovery check against rising-edge clock clk)
Path Group: asynchronous
Path Type: max

Fanout         Cap        Slew       Delay        Time   Description
---------------------------------------------------------------------------------------------
                                  0.000000    0.000000   clock clk (rise edge)
                                  0.000000    0.000000   clock network delay (propagated)
                                  5.000000    5.000000 v input external delay
     1    0.002769    0.008543    0.004421    5.004421 v reset (in)
                                                         reset (net)
                      0.008549    0.000000    5.004421 v input2/A (sky130_fd_sc_hd__buf_1)
     3    0.016770    0.102239    0.132828    5.137249 v input2/X (sky130_fd_sc_hd__buf_1)
                                                         net2 (net)
                      0.102250    0.001103    5.138352 v fanout37/A (sky130_fd_sc_hd__clkbuf_4)
     8    0.048596    0.105577    0.229435    5.367787 v fanout37/X (sky130_fd_sc_hd__clkbuf_4)
                                                         net37 (net)
                      0.105625    0.002068    5.369855 v _133_/A (sky130_fd_sc_hd__inv_2)
     1    0.003933    0.038659    0.066391    5.436246 ^ _133_/Y (sky130_fd_sc_hd__inv_2)
                                                         _020_ (net)
                      0.038660    0.000210    5.436456 ^ _169_/RESET_B (sky130_fd_sc_hd__dfrtp_1)
                                              5.436456   data arrival time

                                 25.000000   25.000000   clock clk (rise edge)
                                  0.000000   25.000000   clock source latency
     1    0.014807    0.072589    0.049637   25.049637 ^ clk (in)
                                                         clk (net)
                      0.072599    0.000000   25.049637 ^ clkbuf_0_clk/A (sky130_fd_sc_hd__clkbuf_16)
     4    0.043480    0.062955    0.153571   25.203207 ^ clkbuf_0_clk/X (sky130_fd_sc_hd__clkbuf_16)
                                                         clknet_0_clk (net)
                      0.063179    0.002570   25.205778 ^ clkbuf_2_3__f_clk/A (sky130_fd_sc_hd__clkbuf_16)
    11    0.032427    0.053044    0.142283   25.348061 ^ clkbuf_2_3__f_clk/X (sky130_fd_sc_hd__clkbuf_16)
                                                         clknet_2_3__leaf_clk (net)
                      0.053129    0.002052   25.350113 ^ _169_/CLK (sky130_fd_sc_hd__dfrtp_1)
                                 -0.250000   25.100113   clock uncertainty
                                  0.000000   25.100113   clock reconvergence pessimism
                                  0.234464   25.334576   library recovery time
                                             25.334576   data required time
---------------------------------------------------------------------------------------------
                                             25.334576   data required time
                                             -5.436456   data arrival time
---------------------------------------------------------------------------------------------
                                             19.898121   slack (MET)


Startpoint: reset (input port clocked by clk)
Endpoint: _184_ (recovery check against rising-edge clock clk)
Path Group: asynchronous
Path Type: max

Fanout         Cap        Slew       Delay        Time   Description
---------------------------------------------------------------------------------------------
                                  0.000000    0.000000   clock clk (rise edge)
                                  0.000000    0.000000   clock network delay (propagated)
                                  5.000000    5.000000 v input external delay
     1    0.002769    0.008543    0.004421    5.004421 v reset (in)
                                                         reset (net)
                      0.008549    0.000000    5.004421 v input2/A (sky130_fd_sc_hd__buf_1)
     3    0.016770    0.102239    0.132828    5.137249 v input2/X (sky130_fd_sc_hd__buf_1)
                                                         net2 (net)
                      0.102244    0.000842    5.138091 v fanout36/A (sky130_fd_sc_hd__buf_4)
    10    0.058737    0.083819    0.216846    5.354937 v fanout36/X (sky130_fd_sc_hd__buf_4)
                                                         net36 (net)
                      0.084514    0.005726    5.360663 v _148_/A (sky130_fd_sc_hd__inv_2)
     1    0.004880    0.037535    0.062649    5.423312 ^ _148_/Y (sky130_fd_sc_hd__inv_2)
                                                         _035_ (net)
                      0.037536    0.000281    5.423593 ^ _184_/RESET_B (sky130_fd_sc_hd__dfrtp_1)
                                              5.423593   data arrival time

                                 25.000000   25.000000   clock clk (rise edge)
                                  0.000000   25.000000   clock source latency
     1    0.014807    0.072589    0.049637   25.049637 ^ clk (in)
                                                         clk (net)
                      0.072599    0.000000   25.049637 ^ clkbuf_0_clk/A (sky130_fd_sc_hd__clkbuf_16)
     4    0.043480    0.062955    0.153571   25.203207 ^ clkbuf_0_clk/X (sky130_fd_sc_hd__clkbuf_16)
                                                         clknet_0_clk (net)
                      0.063200    0.002728   25.205936 ^ clkbuf_2_1__f_clk/A (sky130_fd_sc_hd__clkbuf_16)
    10    0.030077    0.051017    0.140528   25.346464 ^ clkbuf_2_1__f_clk/X (sky130_fd_sc_hd__clkbuf_16)
                                                         clknet_2_1__leaf_clk (net)
                      0.051098    0.002595   25.349058 ^ _184_/CLK (sky130_fd_sc_hd__dfrtp_1)
                                 -0.250000   25.099060   clock uncertainty
                                  0.000000   25.099060   clock reconvergence pessimism
                                  0.234132   25.333193   library recovery time
                                             25.333193   data required time
---------------------------------------------------------------------------------------------
                                             25.333193   data required time
                                             -5.423593   data arrival time
---------------------------------------------------------------------------------------------
                                             19.909599   slack (MET)


Startpoint: reset (input port clocked by clk)
Endpoint: _173_ (recovery check against rising-edge clock clk)
Path Group: asynchronous
Path Type: max

Fanout         Cap        Slew       Delay        Time   Description
---------------------------------------------------------------------------------------------
                                  0.000000    0.000000   clock clk (rise edge)
                                  0.000000    0.000000   clock network delay (propagated)
                                  5.000000    5.000000 v input external delay
     1    0.002769    0.008543    0.004421    5.004421 v reset (in)
                                                         reset (net)
                      0.008549    0.000000    5.004421 v input2/A (sky130_fd_sc_hd__buf_1)
     3    0.016770    0.102239    0.132828    5.137249 v input2/X (sky130_fd_sc_hd__buf_1)
                                                         net2 (net)
                      0.102244    0.000842    5.138091 v fanout36/A (sky130_fd_sc_hd__buf_4)
    10    0.058737    0.083819    0.216846    5.354937 v fanout36/X (sky130_fd_sc_hd__buf_4)
                                                         net36 (net)
                      0.084606    0.006131    5.361068 v _137_/A (sky130_fd_sc_hd__inv_2)
     1    0.004406    0.035954    0.061073    5.422142 ^ _137_/Y (sky130_fd_sc_hd__inv_2)
                                                         _024_ (net)
                      0.035955    0.000240    5.422382 ^ _173_/RESET_B (sky130_fd_sc_hd__dfrtp_1)
                                              5.422382   data arrival time

                                 25.000000   25.000000   clock clk (rise edge)
                                  0.000000   25.000000   clock source latency
     1    0.014807    0.072589    0.049637   25.049637 ^ clk (in)
                                                         clk (net)
                      0.072599    0.000000   25.049637 ^ clkbuf_0_clk/A (sky130_fd_sc_hd__clkbuf_16)
     4    0.043480    0.062955    0.153571   25.203207 ^ clkbuf_0_clk/X (sky130_fd_sc_hd__clkbuf_16)
                                                         clknet_0_clk (net)
                      0.063200    0.002728   25.205936 ^ clkbuf_2_1__f_clk/A (sky130_fd_sc_hd__clkbuf_16)
    10    0.030077    0.051017    0.140528   25.346464 ^ clkbuf_2_1__f_clk/X (sky130_fd_sc_hd__clkbuf_16)
                                                         clknet_2_1__leaf_clk (net)
                      0.051035    0.001371   25.347836 ^ _173_/CLK (sky130_fd_sc_hd__dfrtp_1)
                                 -0.250000   25.097836   clock uncertainty
                                  0.000000   25.097836   clock reconvergence pessimism
                                  0.234522   25.332357   library recovery time
                                             25.332357   data required time
---------------------------------------------------------------------------------------------
                                             25.332357   data required time
                                             -5.422382   data arrival time
---------------------------------------------------------------------------------------------
                                             19.909977   slack (MET)


Startpoint: reset (input port clocked by clk)
Endpoint: _150_ (recovery check against rising-edge clock clk)
Path Group: asynchronous
Path Type: max

Fanout         Cap        Slew       Delay        Time   Description
---------------------------------------------------------------------------------------------
                                  0.000000    0.000000   clock clk (rise edge)
                                  0.000000    0.000000   clock network delay (propagated)
                                  5.000000    5.000000 v input external delay
     1    0.002769    0.008543    0.004421    5.004421 v reset (in)
                                                         reset (net)
                      0.008549    0.000000    5.004421 v input2/A (sky130_fd_sc_hd__buf_1)
     3    0.016770    0.102239    0.132828    5.137249 v input2/X (sky130_fd_sc_hd__buf_1)
                                                         net2 (net)
                      0.102244    0.000842    5.138091 v fanout36/A (sky130_fd_sc_hd__buf_4)
    10    0.058737    0.083819    0.216846    5.354937 v fanout36/X (sky130_fd_sc_hd__buf_4)
                                                         net36 (net)
                      0.084380    0.005085    5.360022 v _114_/A (sky130_fd_sc_hd__inv_2)
     1    0.004284    0.035462    0.060452    5.420474 ^ _114_/Y (sky130_fd_sc_hd__inv_2)
                                                         _001_ (net)
                      0.035462    0.000227    5.420701 ^ _150_/RESET_B (sky130_fd_sc_hd__dfrtp_1)
                                              5.420701   data arrival time

                                 25.000000   25.000000   clock clk (rise edge)
                                  0.000000   25.000000   clock source latency
     1    0.014807    0.072589    0.049637   25.049637 ^ clk (in)
                                                         clk (net)
                      0.072599    0.000000   25.049637 ^ clkbuf_0_clk/A (sky130_fd_sc_hd__clkbuf_16)
     4    0.043480    0.062955    0.153571   25.203207 ^ clkbuf_0_clk/X (sky130_fd_sc_hd__clkbuf_16)
                                                         clknet_0_clk (net)
                      0.063200    0.002728   25.205936 ^ clkbuf_2_1__f_clk/A (sky130_fd_sc_hd__clkbuf_16)
    10    0.030077    0.051017    0.140528   25.346464 ^ clkbuf_2_1__f_clk/X (sky130_fd_sc_hd__clkbuf_16)
                                                         clknet_2_1__leaf_clk (net)
                      0.051035    0.001375   25.347837 ^ _150_/CLK (sky130_fd_sc_hd__dfrtp_1)
                                 -0.250000   25.097839   clock uncertainty
                                  0.000000   25.097839   clock reconvergence pessimism
                                  0.234649   25.332489   library recovery time
                                             25.332489   data required time
---------------------------------------------------------------------------------------------
                                             25.332489   data required time
                                             -5.420701   data arrival time
---------------------------------------------------------------------------------------------
                                             19.911789   slack (MET)


Startpoint: reset (input port clocked by clk)
Endpoint: _152_ (recovery check against rising-edge clock clk)
Path Group: asynchronous
Path Type: max

Fanout         Cap        Slew       Delay        Time   Description
---------------------------------------------------------------------------------------------
                                  0.000000    0.000000   clock clk (rise edge)
                                  0.000000    0.000000   clock network delay (propagated)
                                  5.000000    5.000000 v input external delay
     1    0.002769    0.008543    0.004421    5.004421 v reset (in)
                                                         reset (net)
                      0.008549    0.000000    5.004421 v input2/A (sky130_fd_sc_hd__buf_1)
     3    0.016770    0.102239    0.132828    5.137249 v input2/X (sky130_fd_sc_hd__buf_1)
                                                         net2 (net)
                      0.102244    0.000842    5.138091 v fanout36/A (sky130_fd_sc_hd__buf_4)
    10    0.058737    0.083819    0.216846    5.354937 v fanout36/X (sky130_fd_sc_hd__buf_4)
                                                         net36 (net)
                      0.084691    0.006483    5.361420 v _116_/A (sky130_fd_sc_hd__inv_2)
     1    0.004112    0.034879    0.059761    5.421181 ^ _116_/Y (sky130_fd_sc_hd__inv_2)
                                                         _003_ (net)
                      0.034880    0.000215    5.421396 ^ _152_/RESET_B (sky130_fd_sc_hd__dfrtp_1)
                                              5.421396   data arrival time

                                 25.000000   25.000000   clock clk (rise edge)
                                  0.000000   25.000000   clock source latency
     1    0.014807    0.072589    0.049637   25.049637 ^ clk (in)
                                                         clk (net)
                      0.072599    0.000000   25.049637 ^ clkbuf_0_clk/A (sky130_fd_sc_hd__clkbuf_16)
     4    0.043480    0.062955    0.153571   25.203207 ^ clkbuf_0_clk/X (sky130_fd_sc_hd__clkbuf_16)
                                                         clknet_0_clk (net)
                      0.063200    0.002728   25.205936 ^ clkbuf_2_1__f_clk/A (sky130_fd_sc_hd__clkbuf_16)
    10    0.030077    0.051017    0.140528   25.346464 ^ clkbuf_2_1__f_clk/X (sky130_fd_sc_hd__clkbuf_16)
                                                         clknet_2_1__leaf_clk (net)
                      0.051067    0.002313   25.348776 ^ _152_/CLK (sky130_fd_sc_hd__dfrtp_1)
                                 -0.250000   25.098778   clock uncertainty
                                  0.000000   25.098778   clock reconvergence pessimism
                                  0.234810   25.333586   library recovery time
                                             25.333586   data required time
---------------------------------------------------------------------------------------------
                                             25.333586   data required time
                                             -5.421396   data arrival time
---------------------------------------------------------------------------------------------
                                             19.912189   slack (MET)


Startpoint: reset (input port clocked by clk)
Endpoint: _153_ (recovery check against rising-edge clock clk)
Path Group: asynchronous
Path Type: max

Fanout         Cap        Slew       Delay        Time   Description
---------------------------------------------------------------------------------------------
                                  0.000000    0.000000   clock clk (rise edge)
                                  0.000000    0.000000   clock network delay (propagated)
                                  5.000000    5.000000 v input external delay
     1    0.002769    0.008543    0.004421    5.004421 v reset (in)
                                                         reset (net)
                      0.008549    0.000000    5.004421 v input2/A (sky130_fd_sc_hd__buf_1)
     3    0.016770    0.102239    0.132828    5.137249 v input2/X (sky130_fd_sc_hd__buf_1)
                                                         net2 (net)
                      0.102244    0.000842    5.138091 v fanout36/A (sky130_fd_sc_hd__buf_4)
    10    0.058737    0.083819    0.216846    5.354937 v fanout36/X (sky130_fd_sc_hd__buf_4)
                                                         net36 (net)
                      0.084008    0.002512    5.357449 v _117_/A (sky130_fd_sc_hd__inv_2)
     1    0.005001    0.037845    0.062926    5.420375 ^ _117_/Y (sky130_fd_sc_hd__inv_2)
                                                         _004_ (net)
                      0.037845    0.000144    5.420519 ^ _153_/RESET_B (sky130_fd_sc_hd__dfrtp_1)
                                              5.420519   data arrival time

                                 25.000000   25.000000   clock clk (rise edge)
                                  0.000000   25.000000   clock source latency
     1    0.014807    0.072589    0.049637   25.049637 ^ clk (in)
                                                         clk (net)
                      0.072599    0.000000   25.049637 ^ clkbuf_0_clk/A (sky130_fd_sc_hd__clkbuf_16)
     4    0.043480    0.062955    0.153571   25.203207 ^ clkbuf_0_clk/X (sky130_fd_sc_hd__clkbuf_16)
                                                         clknet_0_clk (net)
                      0.063200    0.002728   25.205936 ^ clkbuf_2_1__f_clk/A (sky130_fd_sc_hd__clkbuf_16)
    10    0.030077    0.051017    0.140528   25.346464 ^ clkbuf_2_1__f_clk/X (sky130_fd_sc_hd__clkbuf_16)
                                                         clknet_2_1__leaf_clk (net)
                      0.051059    0.002224   25.348688 ^ _153_/CLK (sky130_fd_sc_hd__dfrtp_1)
                                 -0.250000   25.098688   clock uncertainty
                                  0.000000   25.098688   clock reconvergence pessimism
                                  0.234041   25.332729   library recovery time
                                             25.332729   data required time
---------------------------------------------------------------------------------------------
                                             25.332729   data required time
                                             -5.420519   data arrival time
---------------------------------------------------------------------------------------------
                                             19.912209   slack (MET)


Startpoint: reset (input port clocked by clk)
Endpoint: _149_ (recovery check against rising-edge clock clk)
Path Group: asynchronous
Path Type: max

Fanout         Cap        Slew       Delay        Time   Description
---------------------------------------------------------------------------------------------
                                  0.000000    0.000000   clock clk (rise edge)
                                  0.000000    0.000000   clock network delay (propagated)
                                  5.000000    5.000000 v input external delay
     1    0.002769    0.008543    0.004421    5.004421 v reset (in)
                                                         reset (net)
                      0.008549    0.000000    5.004421 v input2/A (sky130_fd_sc_hd__buf_1)
     3    0.016770    0.102239    0.132828    5.137249 v input2/X (sky130_fd_sc_hd__buf_1)
                                                         net2 (net)
                      0.102244    0.000842    5.138091 v fanout36/A (sky130_fd_sc_hd__buf_4)
    10    0.058737    0.083819    0.216846    5.354937 v fanout36/X (sky130_fd_sc_hd__buf_4)
                                                         net36 (net)
                      0.084096    0.003316    5.358253 v _051_/A (sky130_fd_sc_hd__inv_2)
     1    0.004476    0.036078    0.061124    5.419377 ^ _051_/Y (sky130_fd_sc_hd__inv_2)
                                                         _000_ (net)
                      0.036078    0.000239    5.419616 ^ _149_/RESET_B (sky130_fd_sc_hd__dfrtp_1)
                                              5.419616   data arrival time

                                 25.000000   25.000000   clock clk (rise edge)
                                  0.000000   25.000000   clock source latency
     1    0.014807    0.072589    0.049637   25.049637 ^ clk (in)
                                                         clk (net)
                      0.072599    0.000000   25.049637 ^ clkbuf_0_clk/A (sky130_fd_sc_hd__clkbuf_16)
     4    0.043480    0.062955    0.153571   25.203207 ^ clkbuf_0_clk/X (sky130_fd_sc_hd__clkbuf_16)
                                                         clknet_0_clk (net)
                      0.063200    0.002728   25.205936 ^ clkbuf_2_1__f_clk/A (sky130_fd_sc_hd__clkbuf_16)
    10    0.030077    0.051017    0.140528   25.346464 ^ clkbuf_2_1__f_clk/X (sky130_fd_sc_hd__clkbuf_16)
                                                         clknet_2_1__leaf_clk (net)
                      0.051035    0.001348   25.347811 ^ _149_/CLK (sky130_fd_sc_hd__dfrtp_1)
                                 -0.250000   25.097813   clock uncertainty
                                  0.000000   25.097813   clock reconvergence pessimism
                                  0.234490   25.332302   library recovery time
                                             25.332302   data required time
---------------------------------------------------------------------------------------------
                                             25.332302   data required time
                                             -5.419616   data arrival time
---------------------------------------------------------------------------------------------
                                             19.912687   slack (MET)


Startpoint: reset (input port clocked by clk)
Endpoint: _151_ (recovery check against rising-edge clock clk)
Path Group: asynchronous
Path Type: max

Fanout         Cap        Slew       Delay        Time   Description
---------------------------------------------------------------------------------------------
                                  0.000000    0.000000   clock clk (rise edge)
                                  0.000000    0.000000   clock network delay (propagated)
                                  5.000000    5.000000 v input external delay
     1    0.002769    0.008543    0.004421    5.004421 v reset (in)
                                                         reset (net)
                      0.008549    0.000000    5.004421 v input2/A (sky130_fd_sc_hd__buf_1)
     3    0.016770    0.102239    0.132828    5.137249 v input2/X (sky130_fd_sc_hd__buf_1)
                                                         net2 (net)
                      0.102244    0.000842    5.138091 v fanout36/A (sky130_fd_sc_hd__buf_4)
    10    0.058737    0.083819    0.216846    5.354937 v fanout36/X (sky130_fd_sc_hd__buf_4)
                                                         net36 (net)
                      0.084776    0.006818    5.361755 v _115_/A (sky130_fd_sc_hd__inv_2)
     1    0.003937    0.034244    0.058970    5.420725 ^ _115_/Y (sky130_fd_sc_hd__inv_2)
                                                         _002_ (net)
                      0.034244    0.000210    5.420935 ^ _151_/RESET_B (sky130_fd_sc_hd__dfrtp_1)
                                              5.420935   data arrival time

                                 25.000000   25.000000   clock clk (rise edge)
                                  0.000000   25.000000   clock source latency
     1    0.014807    0.072589    0.049637   25.049637 ^ clk (in)
                                                         clk (net)
                      0.072599    0.000000   25.049637 ^ clkbuf_0_clk/A (sky130_fd_sc_hd__clkbuf_16)
     4    0.043480    0.062955    0.153571   25.203207 ^ clkbuf_0_clk/X (sky130_fd_sc_hd__clkbuf_16)
                                                         clknet_0_clk (net)
                      0.063200    0.002728   25.205936 ^ clkbuf_2_1__f_clk/A (sky130_fd_sc_hd__clkbuf_16)
    10    0.030077    0.051017    0.140528   25.346464 ^ clkbuf_2_1__f_clk/X (sky130_fd_sc_hd__clkbuf_16)
                                                         clknet_2_1__leaf_clk (net)
                      0.051080    0.002434   25.348898 ^ _151_/CLK (sky130_fd_sc_hd__dfrtp_1)
                                 -0.250000   25.098898   clock uncertainty
                                  0.000000   25.098898   clock reconvergence pessimism
                                  0.234978   25.333876   library recovery time
                                             25.333876   data required time
---------------------------------------------------------------------------------------------
                                             25.333876   data required time
                                             -5.420935   data arrival time
---------------------------------------------------------------------------------------------
                                             19.912941   slack (MET)


Startpoint: reset (input port clocked by clk)
Endpoint: _167_ (recovery check against rising-edge clock clk)
Path Group: asynchronous
Path Type: max

Fanout         Cap        Slew       Delay        Time   Description
---------------------------------------------------------------------------------------------
                                  0.000000    0.000000   clock clk (rise edge)
                                  0.000000    0.000000   clock network delay (propagated)
                                  5.000000    5.000000 v input external delay
     1    0.002769    0.008543    0.004421    5.004421 v reset (in)
                                                         reset (net)
                      0.008549    0.000000    5.004421 v input2/A (sky130_fd_sc_hd__buf_1)
     3    0.016770    0.102239    0.132828    5.137249 v input2/X (sky130_fd_sc_hd__buf_1)
                                                         net2 (net)
                      0.102244    0.000842    5.138091 v fanout36/A (sky130_fd_sc_hd__buf_4)
    10    0.058737    0.083819    0.216846    5.354937 v fanout36/X (sky130_fd_sc_hd__buf_4)
                                                         net36 (net)
                      0.084366    0.005008    5.359945 v _131_/A (sky130_fd_sc_hd__inv_2)
     1    0.004530    0.036321    0.061404    5.421350 ^ _131_/Y (sky130_fd_sc_hd__inv_2)
                                                         _018_ (net)
                      0.036321    0.000255    5.421605 ^ _167_/RESET_B (sky130_fd_sc_hd__dfrtp_1)
                                              5.421605   data arrival time

                                 25.000000   25.000000   clock clk (rise edge)
                                  0.000000   25.000000   clock source latency
     1    0.014807    0.072589    0.049637   25.049637 ^ clk (in)
                                                         clk (net)
                      0.072599    0.000000   25.049637 ^ clkbuf_0_clk/A (sky130_fd_sc_hd__clkbuf_16)
     4    0.043480    0.062955    0.153571   25.203207 ^ clkbuf_0_clk/X (sky130_fd_sc_hd__clkbuf_16)
                                                         clknet_0_clk (net)
                      0.063179    0.002570   25.205778 ^ clkbuf_2_3__f_clk/A (sky130_fd_sc_hd__clkbuf_16)
    11    0.032427    0.053044    0.142283   25.348061 ^ clkbuf_2_3__f_clk/X (sky130_fd_sc_hd__clkbuf_16)
                                                         clknet_2_3__leaf_clk (net)
                      0.053122    0.001982   25.350042 ^ _167_/CLK (sky130_fd_sc_hd__dfrtp_1)
                                 -0.250000   25.100044   clock uncertainty
                                  0.000000   25.100044   clock reconvergence pessimism
                                  0.235066   25.335112   library recovery time
                                             25.335112   data required time
---------------------------------------------------------------------------------------------
                                             25.335112   data required time
                                             -5.421605   data arrival time
---------------------------------------------------------------------------------------------
                                             19.913506   slack (MET)


Startpoint: reset (input port clocked by clk)
Endpoint: _168_ (recovery check against rising-edge clock clk)
Path Group: asynchronous
Path Type: max

Fanout         Cap        Slew       Delay        Time   Description
---------------------------------------------------------------------------------------------
                                  0.000000    0.000000   clock clk (rise edge)
                                  0.000000    0.000000   clock network delay (propagated)
                                  5.000000    5.000000 v input external delay
     1    0.002769    0.008543    0.004421    5.004421 v reset (in)
                                                         reset (net)
                      0.008549    0.000000    5.004421 v input2/A (sky130_fd_sc_hd__buf_1)
     3    0.016770    0.102239    0.132828    5.137249 v input2/X (sky130_fd_sc_hd__buf_1)
                                                         net2 (net)
                      0.102244    0.000842    5.138091 v fanout36/A (sky130_fd_sc_hd__buf_4)
    10    0.058737    0.083819    0.216846    5.354937 v fanout36/X (sky130_fd_sc_hd__buf_4)
                                                         net36 (net)
                      0.084368    0.005019    5.359956 v _132_/A (sky130_fd_sc_hd__inv_2)
     1    0.004365    0.035769    0.060881    5.420837 ^ _132_/Y (sky130_fd_sc_hd__inv_2)
                                                         _019_ (net)
                      0.035769    0.000114    5.420951 ^ _168_/RESET_B (sky130_fd_sc_hd__dfrtp_1)
                                              5.420951   data arrival time

                                 25.000000   25.000000   clock clk (rise edge)
                                  0.000000   25.000000   clock source latency
     1    0.014807    0.072589    0.049637   25.049637 ^ clk (in)
                                                         clk (net)
                      0.072599    0.000000   25.049637 ^ clkbuf_0_clk/A (sky130_fd_sc_hd__clkbuf_16)
     4    0.043480    0.062955    0.153571   25.203207 ^ clkbuf_0_clk/X (sky130_fd_sc_hd__clkbuf_16)
                                                         clknet_0_clk (net)
                      0.063179    0.002570   25.205778 ^ clkbuf_2_3__f_clk/A (sky130_fd_sc_hd__clkbuf_16)
    11    0.032427    0.053044    0.142283   25.348061 ^ clkbuf_2_3__f_clk/X (sky130_fd_sc_hd__clkbuf_16)
                                                         clknet_2_3__leaf_clk (net)
                      0.053080    0.001579   25.349640 ^ _168_/CLK (sky130_fd_sc_hd__dfrtp_1)
                                 -0.250000   25.099640   clock uncertainty
                                  0.000000   25.099640   clock reconvergence pessimism
                                  0.235196   25.334837   library recovery time
                                             25.334837   data required time
---------------------------------------------------------------------------------------------
                                             25.334837   data required time
                                             -5.420951   data arrival time
---------------------------------------------------------------------------------------------
                                             19.913887   slack (MET)


Startpoint: reset (input port clocked by clk)
Endpoint: _154_ (recovery check against rising-edge clock clk)
Path Group: asynchronous
Path Type: max

Fanout         Cap        Slew       Delay        Time   Description
---------------------------------------------------------------------------------------------
                                  0.000000    0.000000   clock clk (rise edge)
                                  0.000000    0.000000   clock network delay (propagated)
                                  5.000000    5.000000 v input external delay
     1    0.002769    0.008543    0.004421    5.004421 v reset (in)
                                                         reset (net)
                      0.008549    0.000000    5.004421 v input2/A (sky130_fd_sc_hd__buf_1)
     3    0.016770    0.102239    0.132828    5.137249 v input2/X (sky130_fd_sc_hd__buf_1)
                                                         net2 (net)
                      0.102244    0.000842    5.138091 v fanout36/A (sky130_fd_sc_hd__buf_4)
    10    0.058737    0.083819    0.216846    5.354937 v fanout36/X (sky130_fd_sc_hd__buf_4)
                                                         net36 (net)
                      0.084010    0.002525    5.357462 v _118_/A (sky130_fd_sc_hd__inv_2)
     1    0.003946    0.034115    0.058738    5.416200 ^ _118_/Y (sky130_fd_sc_hd__inv_2)
                                                         _005_ (net)
                      0.034116    0.000210    5.416410 ^ _154_/RESET_B (sky130_fd_sc_hd__dfrtp_1)
                                              5.416410   data arrival time

                                 25.000000   25.000000   clock clk (rise edge)
                                  0.000000   25.000000   clock source latency
     1    0.014807    0.072589    0.049637   25.049637 ^ clk (in)
                                                         clk (net)
                      0.072599    0.000000   25.049637 ^ clkbuf_0_clk/A (sky130_fd_sc_hd__clkbuf_16)
     4    0.043480    0.062955    0.153571   25.203207 ^ clkbuf_0_clk/X (sky130_fd_sc_hd__clkbuf_16)
                                                         clknet_0_clk (net)
                      0.063200    0.002728   25.205936 ^ clkbuf_2_1__f_clk/A (sky130_fd_sc_hd__clkbuf_16)
    10    0.030077    0.051017    0.140528   25.346464 ^ clkbuf_2_1__f_clk/X (sky130_fd_sc_hd__clkbuf_16)
                                                         clknet_2_1__leaf_clk (net)
                      0.051078    0.002411   25.348873 ^ _154_/CLK (sky130_fd_sc_hd__dfrtp_1)
                                 -0.250000   25.098875   clock uncertainty
                                  0.000000   25.098875   clock reconvergence pessimism
                                  0.235011   25.333885   library recovery time
                                             25.333885   data required time
---------------------------------------------------------------------------------------------
                                             25.333885   data required time
                                             -5.416410   data arrival time
---------------------------------------------------------------------------------------------
                                             19.917475   slack (MET)


Startpoint: _176_ (rising edge-triggered flip-flop clocked by clk)
Endpoint: _177_ (rising edge-triggered flip-flop clocked by clk)
Path Group: clk
Path Type: max

Fanout         Cap        Slew       Delay        Time   Description
---------------------------------------------------------------------------------------------
                                  0.000000    0.000000   clock clk (rise edge)
                                  0.000000    0.000000   clock source latency
     1    0.014807    0.072589    0.049637    0.049637 ^ clk (in)
                                                         clk (net)
                      0.072599    0.000000    0.049637 ^ clkbuf_0_clk/A (sky130_fd_sc_hd__clkbuf_16)
     4    0.043480    0.062955    0.153571    0.203207 ^ clkbuf_0_clk/X (sky130_fd_sc_hd__clkbuf_16)
                                                         clknet_0_clk (net)
                      0.063183    0.002598    0.205806 ^ clkbuf_2_0__f_clk/A (sky130_fd_sc_hd__clkbuf_16)
    10    0.030547    0.051451    0.140963    0.346769 ^ clkbuf_2_0__f_clk/X (sky130_fd_sc_hd__clkbuf_16)
                                                         clknet_2_0__leaf_clk (net)
                      0.051479    0.002080    0.348849 ^ _176_/CLK (sky130_fd_sc_hd__dfstp_2)
     9    0.046372    0.230191    0.660170    1.009019 ^ _176_/Q (sky130_fd_sc_hd__dfstp_2)
                                                         cursor[0] (net)
                      0.230218    0.002570    1.011589 ^ hold25/A (sky130_fd_sc_hd__dlygate4sd3_1)
     1    0.004769    0.070028    0.596331    1.607920 ^ hold25/X (sky130_fd_sc_hd__dlygate4sd3_1)
                                                         net66 (net)
                      0.070028    0.000339    1.608259 ^ _177_/D (sky130_fd_sc_hd__dfrtp_4)
                                              1.608259   data arrival time

                                 25.000000   25.000000   clock clk (rise edge)
                                  0.000000   25.000000   clock source latency
     1    0.014807    0.072589    0.049637   25.049637 ^ clk (in)
                                                         clk (net)
                      0.072599    0.000000   25.049637 ^ clkbuf_0_clk/A (sky130_fd_sc_hd__clkbuf_16)
     4    0.043480    0.062955    0.153571   25.203207 ^ clkbuf_0_clk/X (sky130_fd_sc_hd__clkbuf_16)
                                                         clknet_0_clk (net)
                      0.063179    0.002570   25.205778 ^ clkbuf_2_3__f_clk/A (sky130_fd_sc_hd__clkbuf_16)
    11    0.032427    0.053044    0.142283   25.348061 ^ clkbuf_2_3__f_clk/X (sky130_fd_sc_hd__clkbuf_16)
                                                         clknet_2_3__leaf_clk (net)
                      0.053121    0.001979   25.350039 ^ _177_/CLK (sky130_fd_sc_hd__dfrtp_4)
                                 -0.250000   25.100040   clock uncertainty
                                  0.000000   25.100040   clock reconvergence pessimism
                                 -0.068094   25.031944   library setup time
                                             25.031944   data required time
---------------------------------------------------------------------------------------------
                                             25.031944   data required time
                                             -1.608259   data arrival time
---------------------------------------------------------------------------------------------
                                             23.423687   slack (MET)


Startpoint: _178_ (rising edge-triggered flip-flop clocked by clk)
Endpoint: _179_ (rising edge-triggered flip-flop clocked by clk)
Path Group: clk
Path Type: max

Fanout         Cap        Slew       Delay        Time   Description
---------------------------------------------------------------------------------------------
                                  0.000000    0.000000   clock clk (rise edge)
                                  0.000000    0.000000   clock source latency
     1    0.014807    0.072589    0.049637    0.049637 ^ clk (in)
                                                         clk (net)
                      0.072599    0.000000    0.049637 ^ clkbuf_0_clk/A (sky130_fd_sc_hd__clkbuf_16)
     4    0.043480    0.062955    0.153571    0.203207 ^ clkbuf_0_clk/X (sky130_fd_sc_hd__clkbuf_16)
                                                         clknet_0_clk (net)
                      0.063179    0.002571    0.205778 ^ clkbuf_2_3__f_clk/A (sky130_fd_sc_hd__clkbuf_16)
    11    0.032427    0.053044    0.142284    0.348062 ^ clkbuf_2_3__f_clk/X (sky130_fd_sc_hd__clkbuf_16)
                                                         clknet_2_3__leaf_clk (net)
                      0.053089    0.001665    0.349727 ^ _178_/CLK (sky130_fd_sc_hd__dfrtp_4)
     9    0.040246    0.107109    0.535461    0.885189 v _178_/Q (sky130_fd_sc_hd__dfrtp_4)
                                                         cursor[2] (net)
                      0.107131    0.001510    0.886699 v hold31/A (sky130_fd_sc_hd__dlygate4sd3_1)
     1    0.004566    0.062036    0.588743    1.475442 v hold31/X (sky130_fd_sc_hd__dlygate4sd3_1)
                                                         net72 (net)
                      0.062042    0.000334    1.475776 v _179_/D (sky130_fd_sc_hd__dfrtp_4)
                                              1.475776   data arrival time

                                 25.000000   25.000000   clock clk (rise edge)
                                  0.000000   25.000000   clock source latency
     1    0.014807    0.072589    0.049637   25.049637 ^ clk (in)
                                                         clk (net)
                      0.072599    0.000000   25.049637 ^ clkbuf_0_clk/A (sky130_fd_sc_hd__clkbuf_16)
     4    0.043480    0.062955    0.153571   25.203207 ^ clkbuf_0_clk/X (sky130_fd_sc_hd__clkbuf_16)
                                                         clknet_0_clk (net)
                      0.063200    0.002728   25.205936 ^ clkbuf_2_1__f_clk/A (sky130_fd_sc_hd__clkbuf_16)
    10    0.030077    0.051017    0.140528   25.346464 ^ clkbuf_2_1__f_clk/X (sky130_fd_sc_hd__clkbuf_16)
                                                         clknet_2_1__leaf_clk (net)
                      0.051091    0.002531   25.348995 ^ _179_/CLK (sky130_fd_sc_hd__dfrtp_4)
                                 -0.250000   25.098995   clock uncertainty
                                  0.000000   25.098995   clock reconvergence pessimism
                                 -0.120313   24.978683   library setup time
                                             24.978683   data required time
---------------------------------------------------------------------------------------------
                                             24.978683   data required time
                                             -1.475776   data arrival time
---------------------------------------------------------------------------------------------
                                             23.502907   slack (MET)


Startpoint: _177_ (rising edge-triggered flip-flop clocked by clk)
Endpoint: _178_ (rising edge-triggered flip-flop clocked by clk)
Path Group: clk
Path Type: max

Fanout         Cap        Slew       Delay        Time   Description
---------------------------------------------------------------------------------------------
                                  0.000000    0.000000   clock clk (rise edge)
                                  0.000000    0.000000   clock source latency
     1    0.014807    0.072589    0.049637    0.049637 ^ clk (in)
                                                         clk (net)
                      0.072599    0.000000    0.049637 ^ clkbuf_0_clk/A (sky130_fd_sc_hd__clkbuf_16)
     4    0.043480    0.062955    0.153571    0.203207 ^ clkbuf_0_clk/X (sky130_fd_sc_hd__clkbuf_16)
                                                         clknet_0_clk (net)
                      0.063179    0.002571    0.205778 ^ clkbuf_2_3__f_clk/A (sky130_fd_sc_hd__clkbuf_16)
    11    0.032427    0.053044    0.142284    0.348062 ^ clkbuf_2_3__f_clk/X (sky130_fd_sc_hd__clkbuf_16)
                                                         clknet_2_3__leaf_clk (net)
                      0.053121    0.001978    0.350039 ^ _177_/CLK (sky130_fd_sc_hd__dfrtp_4)
     9    0.039909    0.106983    0.533892    0.883931 v _177_/Q (sky130_fd_sc_hd__dfrtp_4)
                                                         cursor[1] (net)
                      0.107005    0.001638    0.885569 v hold28/A (sky130_fd_sc_hd__dlygate4sd3_1)
     1    0.003405    0.056961    0.581235    1.466803 v hold28/X (sky130_fd_sc_hd__dlygate4sd3_1)
                                                         net69 (net)
                      0.056961    0.000213    1.467017 v _178_/D (sky130_fd_sc_hd__dfrtp_4)
                                              1.467017   data arrival time

                                 25.000000   25.000000   clock clk (rise edge)
                                  0.000000   25.000000   clock source latency
     1    0.014807    0.072589    0.049637   25.049637 ^ clk (in)
                                                         clk (net)
                      0.072599    0.000000   25.049637 ^ clkbuf_0_clk/A (sky130_fd_sc_hd__clkbuf_16)
     4    0.043480    0.062955    0.153571   25.203207 ^ clkbuf_0_clk/X (sky130_fd_sc_hd__clkbuf_16)
                                                         clknet_0_clk (net)
                      0.063179    0.002570   25.205778 ^ clkbuf_2_3__f_clk/A (sky130_fd_sc_hd__clkbuf_16)
    11    0.032427    0.053044    0.142283   25.348061 ^ clkbuf_2_3__f_clk/X (sky130_fd_sc_hd__clkbuf_16)
                                                         clknet_2_3__leaf_clk (net)
                      0.053089    0.001666   25.349726 ^ _178_/CLK (sky130_fd_sc_hd__dfrtp_4)
                                 -0.250000   25.099728   clock uncertainty
                                  0.000000   25.099728   clock reconvergence pessimism
                                 -0.117639   24.982088   library setup time
                                             24.982088   data required time
---------------------------------------------------------------------------------------------
                                             24.982088   data required time
                                             -1.467017   data arrival time
---------------------------------------------------------------------------------------------
                                             23.515072   slack (MET)


Startpoint: _180_ (rising edge-triggered flip-flop clocked by clk)
Endpoint: _181_ (rising edge-triggered flip-flop clocked by clk)
Path Group: clk
Path Type: max

Fanout         Cap        Slew       Delay        Time   Description
---------------------------------------------------------------------------------------------
                                  0.000000    0.000000   clock clk (rise edge)
                                  0.000000    0.000000   clock source latency
     1    0.014807    0.072589    0.049637    0.049637 ^ clk (in)
                                                         clk (net)
                      0.072599    0.000000    0.049637 ^ clkbuf_0_clk/A (sky130_fd_sc_hd__clkbuf_16)
     4    0.043480    0.062955    0.153571    0.203207 ^ clkbuf_0_clk/X (sky130_fd_sc_hd__clkbuf_16)
                                                         clknet_0_clk (net)
                      0.063183    0.002598    0.205806 ^ clkbuf_2_0__f_clk/A (sky130_fd_sc_hd__clkbuf_16)
    10    0.030547    0.051451    0.140963    0.346769 ^ clkbuf_2_0__f_clk/X (sky130_fd_sc_hd__clkbuf_16)
                                                         clknet_2_0__leaf_clk (net)
                      0.051457    0.000987    0.347756 ^ _180_/CLK (sky130_fd_sc_hd__dfrtp_4)
     9    0.040755    0.108153    0.535360    0.883116 v _180_/Q (sky130_fd_sc_hd__dfrtp_4)
                                                         cursor[4] (net)
                      0.108182    0.001735    0.884851 v hold29/A (sky130_fd_sc_hd__dlygate4sd3_1)
     1    0.002897    0.053585    0.577211    1.462062 v hold29/X (sky130_fd_sc_hd__dlygate4sd3_1)
                                                         net70 (net)
                      0.053585    0.000183    1.462245 v _181_/D (sky130_fd_sc_hd__dfrtp_4)
                                              1.462245   data arrival time

                                 25.000000   25.000000   clock clk (rise edge)
                                  0.000000   25.000000   clock source latency
     1    0.014807    0.072589    0.049637   25.049637 ^ clk (in)
                                                         clk (net)
                      0.072599    0.000000   25.049637 ^ clkbuf_0_clk/A (sky130_fd_sc_hd__clkbuf_16)
     4    0.043480    0.062955    0.153571   25.203207 ^ clkbuf_0_clk/X (sky130_fd_sc_hd__clkbuf_16)
                                                         clknet_0_clk (net)
                      0.063183    0.002597   25.205805 ^ clkbuf_2_0__f_clk/A (sky130_fd_sc_hd__clkbuf_16)
    10    0.030547    0.051451    0.140965   25.346769 ^ clkbuf_2_0__f_clk/X (sky130_fd_sc_hd__clkbuf_16)
                                                         clknet_2_0__leaf_clk (net)
                      0.051458    0.001032   25.347801 ^ _181_/CLK (sky130_fd_sc_hd__dfrtp_4)
                                 -0.250000   25.097801   clock uncertainty
                                  0.000000   25.097801   clock reconvergence pessimism
                                 -0.116540   24.981262   library setup time
                                             24.981262   data required time
---------------------------------------------------------------------------------------------
                                             24.981262   data required time
                                             -1.462245   data arrival time
---------------------------------------------------------------------------------------------
                                             23.519016   slack (MET)


Startpoint: _179_ (rising edge-triggered flip-flop clocked by clk)
Endpoint: _180_ (rising edge-triggered flip-flop clocked by clk)
Path Group: clk
Path Type: max

Fanout         Cap        Slew       Delay        Time   Description
---------------------------------------------------------------------------------------------
                                  0.000000    0.000000   clock clk (rise edge)
                                  0.000000    0.000000   clock source latency
     1    0.014807    0.072589    0.049637    0.049637 ^ clk (in)
                                                         clk (net)
                      0.072599    0.000000    0.049637 ^ clkbuf_0_clk/A (sky130_fd_sc_hd__clkbuf_16)
     4    0.043480    0.062955    0.153571    0.203207 ^ clkbuf_0_clk/X (sky130_fd_sc_hd__clkbuf_16)
                                                         clknet_0_clk (net)
                      0.063200    0.002729    0.205937 ^ clkbuf_2_1__f_clk/A (sky130_fd_sc_hd__clkbuf_16)
    10    0.030077    0.051017    0.140527    0.346463 ^ clkbuf_2_1__f_clk/X (sky130_fd_sc_hd__clkbuf_16)
                                                         clknet_2_1__leaf_clk (net)
                      0.051091    0.002532    0.348996 ^ _179_/CLK (sky130_fd_sc_hd__dfrtp_4)
     9    0.040169    0.106889    0.534763    0.883758 v _179_/Q (sky130_fd_sc_hd__dfrtp_4)
                                                         cursor[3] (net)
                      0.106902    0.001232    0.884990 v hold27/A (sky130_fd_sc_hd__dlygate4sd3_1)
     1    0.002448    0.050913    0.572560    1.457550 v hold27/X (sky130_fd_sc_hd__dlygate4sd3_1)
                                                         net68 (net)
                      0.050913    0.000169    1.457719 v _180_/D (sky130_fd_sc_hd__dfrtp_4)
                                              1.457719   data arrival time

                                 25.000000   25.000000   clock clk (rise edge)
                                  0.000000   25.000000   clock source latency
     1    0.014807    0.072589    0.049637   25.049637 ^ clk (in)
                                                         clk (net)
                      0.072599    0.000000   25.049637 ^ clkbuf_0_clk/A (sky130_fd_sc_hd__clkbuf_16)
     4    0.043480    0.062955    0.153571   25.203207 ^ clkbuf_0_clk/X (sky130_fd_sc_hd__clkbuf_16)
                                                         clknet_0_clk (net)
                      0.063183    0.002597   25.205805 ^ clkbuf_2_0__f_clk/A (sky130_fd_sc_hd__clkbuf_16)
    10    0.030547    0.051451    0.140965   25.346769 ^ clkbuf_2_0__f_clk/X (sky130_fd_sc_hd__clkbuf_16)
                                                         clknet_2_0__leaf_clk (net)
                      0.051457    0.000986   25.347755 ^ _180_/CLK (sky130_fd_sc_hd__dfrtp_4)
                                 -0.250000   25.097755   clock uncertainty
                                  0.000000   25.097755   clock reconvergence pessimism
                                 -0.115375   24.982382   library setup time
                                             24.982382   data required time
---------------------------------------------------------------------------------------------
                                             24.982382   data required time
                                             -1.457719   data arrival time
---------------------------------------------------------------------------------------------
                                             23.524662   slack (MET)


Startpoint: _181_ (rising edge-triggered flip-flop clocked by clk)
Endpoint: _176_ (rising edge-triggered flip-flop clocked by clk)
Path Group: clk
Path Type: max

Fanout         Cap        Slew       Delay        Time   Description
---------------------------------------------------------------------------------------------
                                  0.000000    0.000000   clock clk (rise edge)
                                  0.000000    0.000000   clock source latency
     1    0.014807    0.072589    0.049637    0.049637 ^ clk (in)
                                                         clk (net)
                      0.072599    0.000000    0.049637 ^ clkbuf_0_clk/A (sky130_fd_sc_hd__clkbuf_16)
     4    0.043480    0.062955    0.153571    0.203207 ^ clkbuf_0_clk/X (sky130_fd_sc_hd__clkbuf_16)
                                                         clknet_0_clk (net)
                      0.063183    0.002598    0.205806 ^ clkbuf_2_0__f_clk/A (sky130_fd_sc_hd__clkbuf_16)
    10    0.030547    0.051451    0.140963    0.346769 ^ clkbuf_2_0__f_clk/X (sky130_fd_sc_hd__clkbuf_16)
                                                         clknet_2_0__leaf_clk (net)
                      0.051458    0.001033    0.347803 ^ _181_/CLK (sky130_fd_sc_hd__dfrtp_4)
     9    0.041009    0.108369    0.536004    0.883806 v _181_/Q (sky130_fd_sc_hd__dfrtp_4)
                                                         cursor[5] (net)
                      0.108426    0.002312    0.886118 v hold30/A (sky130_fd_sc_hd__dlygate4sd3_1)
     1    0.004101    0.059426    0.586358    1.472476 v hold30/X (sky130_fd_sc_hd__dlygate4sd3_1)
                                                         net71 (net)
                      0.059426    0.000258    1.472734 v _176_/D (sky130_fd_sc_hd__dfstp_2)
                                              1.472734   data arrival time

                                 25.000000   25.000000   clock clk (rise edge)
                                  0.000000   25.000000   clock source latency
     1    0.014807    0.072589    0.049637   25.049637 ^ clk (in)
                                                         clk (net)
                      0.072599    0.000000   25.049637 ^ clkbuf_0_clk/A (sky130_fd_sc_hd__clkbuf_16)
     4    0.043480    0.062955    0.153571   25.203207 ^ clkbuf_0_clk/X (sky130_fd_sc_hd__clkbuf_16)
                                                         clknet_0_clk (net)
                      0.063183    0.002597   25.205805 ^ clkbuf_2_0__f_clk/A (sky130_fd_sc_hd__clkbuf_16)
    10    0.030547    0.051451    0.140965   25.346769 ^ clkbuf_2_0__f_clk/X (sky130_fd_sc_hd__clkbuf_16)
                                                         clknet_2_0__leaf_clk (net)
                      0.051479    0.002078   25.348846 ^ _176_/CLK (sky130_fd_sc_hd__dfstp_2)
                                 -0.250000   25.098848   clock uncertainty
                                  0.000000   25.098848   clock reconvergence pessimism
                                 -0.075178   25.023670   library setup time
                                             25.023670   data required time
---------------------------------------------------------------------------------------------
                                             25.023670   data required time
                                             -1.472734   data arrival time
---------------------------------------------------------------------------------------------
                                             23.550936   slack (MET)



%OL_END_REPORT
%OL_CREATE_REPORT checks.rpt

===========================================================================
report_checks -unconstrained
===========================================================================
======================= max_tt_025C_1v80 Corner ===================================

Startpoint: reset (input port clocked by clk)
Endpoint: _176_ (recovery check against rising-edge clock clk)
Path Group: asynchronous
Path Type: max

Fanout         Cap        Slew       Delay        Time   Description
---------------------------------------------------------------------------------------------
                                  0.000000    0.000000   clock clk (rise edge)
                                  0.000000    0.000000   clock network delay (propagated)
                                  5.000000    5.000000 v input external delay
     1    0.002769    0.008543    0.004421    5.004421 v reset (in)
                                                         reset (net)
                      0.008549    0.000000    5.004421 v input2/A (sky130_fd_sc_hd__buf_1)
     3    0.016770    0.102239    0.132828    5.137249 v input2/X (sky130_fd_sc_hd__buf_1)
                                                         net2 (net)
                      0.102248    0.001018    5.138268 v fanout35/A (sky130_fd_sc_hd__clkbuf_4)
     9    0.053158    0.111186    0.234450    5.372717 v fanout35/X (sky130_fd_sc_hd__clkbuf_4)
                                                         net35 (net)
                      0.111247    0.002510    5.375227 v fanout34/A (sky130_fd_sc_hd__buf_4)
    10    0.056981    0.082009    0.218796    5.594023 v fanout34/X (sky130_fd_sc_hd__buf_4)
                                                         net34 (net)
                      0.082455    0.004824    5.598847 v _140_/A (sky130_fd_sc_hd__inv_2)
     1    0.003943    0.033773    0.058173    5.657020 ^ _140_/Y (sky130_fd_sc_hd__inv_2)
                                                         _027_ (net)
                      0.033773    0.000207    5.657227 ^ _176_/SET_B (sky130_fd_sc_hd__dfstp_2)
                                              5.657227   data arrival time

                                 25.000000   25.000000   clock clk (rise edge)
                                  0.000000   25.000000   clock source latency
     1    0.014807    0.072589    0.049637   25.049637 ^ clk (in)
                                                         clk (net)
                      0.072599    0.000000   25.049637 ^ clkbuf_0_clk/A (sky130_fd_sc_hd__clkbuf_16)
     4    0.043480    0.062955    0.153571   25.203207 ^ clkbuf_0_clk/X (sky130_fd_sc_hd__clkbuf_16)
                                                         clknet_0_clk (net)
                      0.063183    0.002597   25.205805 ^ clkbuf_2_0__f_clk/A (sky130_fd_sc_hd__clkbuf_16)
    10    0.030547    0.051451    0.140965   25.346769 ^ clkbuf_2_0__f_clk/X (sky130_fd_sc_hd__clkbuf_16)
                                                         clknet_2_0__leaf_clk (net)
                      0.051479    0.002078   25.348846 ^ _176_/CLK (sky130_fd_sc_hd__dfstp_2)
                                 -0.250000   25.098848   clock uncertainty
                                  0.000000   25.098848   clock reconvergence pessimism
                                  0.139215   25.238064   library recovery time
                                             25.238064   data required time
---------------------------------------------------------------------------------------------
                                             25.238064   data required time
                                             -5.657227   data arrival time
---------------------------------------------------------------------------------------------
                                             19.580835   slack (MET)


Startpoint: _183_ (rising edge-triggered flip-flop clocked by clk)
Endpoint: seg1[1] (output port clocked by clk)
Path Group: clk
Path Type: max

Fanout         Cap        Slew       Delay        Time   Description
---------------------------------------------------------------------------------------------
                                  0.000000    0.000000   clock clk (rise edge)
                                  0.000000    0.000000   clock source latency
     1    0.014807    0.072589    0.049637    0.049637 ^ clk (in)
                                                         clk (net)
                      0.072599    0.000000    0.049637 ^ clkbuf_0_clk/A (sky130_fd_sc_hd__clkbuf_16)
     4    0.043480    0.062955    0.153571    0.203207 ^ clkbuf_0_clk/X (sky130_fd_sc_hd__clkbuf_16)
                                                         clknet_0_clk (net)
                      0.063179    0.002571    0.205778 ^ clkbuf_2_3__f_clk/A (sky130_fd_sc_hd__clkbuf_16)
    11    0.032427    0.053044    0.142284    0.348062 ^ clkbuf_2_3__f_clk/X (sky130_fd_sc_hd__clkbuf_16)
                                                         clknet_2_3__leaf_clk (net)
                      0.053138    0.002134    0.350196 ^ _183_/CLK (sky130_fd_sc_hd__dfrtp_1)
     2    0.009095    0.066840    0.390487    0.740682 v _183_/Q (sky130_fd_sc_hd__dfrtp_1)
                                                         cnt[1] (net)
                      0.066909    0.000513    0.741195 v fanout30/A (sky130_fd_sc_hd__buf_2)
    10    0.038020    0.095257    0.194593    0.935788 v fanout30/X (sky130_fd_sc_hd__buf_2)
                                                         net30 (net)
                      0.095643    0.004576    0.940364 v _049_/A (sky130_fd_sc_hd__inv_2)
     3    0.017325    0.086603    0.108683    1.049047 ^ _049_/Y (sky130_fd_sc_hd__inv_2)
                                                         _038_ (net)
                      0.086611    0.000693    1.049740 ^ fanout29/A (sky130_fd_sc_hd__buf_2)
    10    0.047620    0.233302    0.253922    1.303661 ^ fanout29/X (sky130_fd_sc_hd__buf_2)
                                                         net29 (net)
                      0.233606    0.006926    1.310587 ^ _074_/A1 (sky130_fd_sc_hd__a31o_1)
     1    0.003649    0.052868    0.178528    1.489115 ^ _074_/X (sky130_fd_sc_hd__a31o_1)
                                                         net10 (net)
                      0.052869    0.000262    1.489377 ^ output10/A (sky130_fd_sc_hd__buf_2)
     1    0.034443    0.171086    0.200890    1.690267 ^ output10/X (sky130_fd_sc_hd__buf_2)
                                                         seg1[1] (net)
                      0.171158    0.001621    1.691888 ^ seg1[1] (out)
                                              1.691888   data arrival time

                                 25.000000   25.000000   clock clk (rise edge)
                                  0.000000   25.000000   clock network delay (propagated)
                                 -0.250000   24.750000   clock uncertainty
                                  0.000000   24.750000   clock reconvergence pessimism
                                 -5.000000   19.750000   output external delay
                                             19.750000   data required time
---------------------------------------------------------------------------------------------
                                             19.750000   data required time
                                             -1.691888   data arrival time
---------------------------------------------------------------------------------------------
                                             18.058111   slack (MET)




===========================================================================
report_checks --slack_max -0.01
============================================================================
======================= max_tt_025C_1v80 Corner ===================================

No paths found.


===========================================================================
 report_check_types -max_slew -max_cap -max_fanout -violators
============================================================================
======================= max_tt_025C_1v80 Corner ===================================

max fanout

Pin                                   Limit Fanout  Slack
---------------------------------------------------------
clkbuf_2_3__f_clk/X                      10     11        (VIOLATED)



===========================================================================
report_parasitic_annotation -report_unannotated
============================================================================
Found 7 unannotated drivers.
 clkload0/X
 clkload1/Y
 clkload2/X
 mini_light_up_game_38/HI
 mini_light_up_game_39/HI
 mini_light_up_game_40/HI
 mini_light_up_game_41/HI
Found 0 partially unannotated drivers.

===========================================================================
max slew violation count 0
%OL_METRIC_I design__max_slew_violation__count__corner:max_tt_025C_1v80 0
max fanout violation count 1
%OL_METRIC_I design__max_fanout_violation__count__corner:max_tt_025C_1v80 1
max cap violation count 0
%OL_METRIC_I design__max_cap_violation__count__corner:max_tt_025C_1v80 0
============================================================================

===========================================================================
check_setup -verbose -unconstrained_endpoints -multiple_clock -no_clock -no_input_delay -loops -generated_clocks
===========================================================================
Warning: There are 4 unconstrained endpoints.
  seg0[6]
  seg1[6]
  seg2[6]
  seg3[6]
%OL_END_REPORT
%OL_CREATE_REPORT power.rpt

===========================================================================
 report_power
============================================================================
======================= max_tt_025C_1v80 Corner ===================================

Group                    Internal    Switching      Leakage        Total
                            Power        Power        Power        Power (Watts)
------------------------------------------------------------------------
Sequential           5.842566e-05 9.094112e-08 4.871853e-10 5.851709e-05  47.8%
Combinational        1.172787e-06 2.956353e-06 9.756107e-10 4.130115e-06   3.4%
Clock                3.881137e-05 2.105419e-05 3.890117e-10 5.986595e-05  48.9%
Macro                0.000000e+00 0.000000e+00 0.000000e+00 0.000000e+00   0.0%
Pad                  0.000000e+00 0.000000e+00 0.000000e+00 0.000000e+00   0.0%
------------------------------------------------------------------------
Total                9.840983e-05 2.410149e-05 1.851806e-09 1.225132e-04 100.0%
                            80.3%        19.7%         0.0%
%OL_METRIC_F power__internal__total 9.840982966125011e-5
%OL_METRIC_F power__switching__total 2.4101485905703157e-5
%OL_METRIC_F power__leakage__total 1.8518057087746342e-9
%OL_METRIC_F power__total 0.0001225131709361449

%OL_END_REPORT
%OL_CREATE_REPORT skew.min.rpt

===========================================================================
Clock Skew (Hold)
============================================================================
%OL_METRIC_F clock__skew__worst_hold__corner:max_tt_025C_1v80 -0.2561130269243524
======================= max_tt_025C_1v80 Corner ===================================

Clock clk
0.344083 source latency _174_/CLK ^
-0.350196 target latency _183_/CLK ^
-0.250000 clock uncertainty
0.000000 CRPR
--------------
-0.256113 hold skew

%OL_END_REPORT
%OL_CREATE_REPORT skew.max.rpt

===========================================================================
Clock Skew (Setup)
============================================================================
%OL_METRIC_F clock__skew__worst_setup__corner:max_tt_025C_1v80 0.2561130269243524
======================= max_tt_025C_1v80 Corner ===================================

Clock clk
0.350196 source latency _183_/CLK ^
-0.344083 target latency _174_/CLK ^
0.250000 clock uncertainty
0.000000 CRPR
--------------
0.256113 setup skew

%OL_END_REPORT
%OL_CREATE_REPORT ws.min.rpt

===========================================================================
Worst Slack (Hold)
============================================================================
%OL_METRIC_F timing__hold__ws__corner:max_tt_025C_1v80 0.31535908110834454
max_tt_025C_1v80: 0.31535908110834454
%OL_END_REPORT
%OL_CREATE_REPORT ws.max.rpt

===========================================================================
Worst Slack (Setup)
============================================================================
%OL_METRIC_F timing__setup__ws__corner:max_tt_025C_1v80 18.058111961332262
max_tt_025C_1v80: 18.058111961332262
%OL_END_REPORT
%OL_CREATE_REPORT tns.min.rpt

===========================================================================
Total Negative Slack (Hold)
============================================================================
%OL_METRIC_F timing__hold__tns__corner:max_tt_025C_1v80 0.0
max_tt_025C_1v80: 0.0
%OL_END_REPORT
%OL_CREATE_REPORT tns.max.rpt

===========================================================================
Total Negative Slack (Setup)
============================================================================
%OL_METRIC_F timing__setup__tns__corner:max_tt_025C_1v80 0.0
max_tt_025C_1v80: 0.0
%OL_END_REPORT
%OL_CREATE_REPORT wns.min.rpt

===========================================================================
Worst Negative Slack (Hold)
============================================================================
%OL_METRIC_F timing__hold__wns__corner:max_tt_025C_1v80 0
max_tt_025C_1v80: 0
%OL_END_REPORT
%OL_CREATE_REPORT wns.max.rpt

===========================================================================
Worst Negative Slack (Setup)
============================================================================
%OL_METRIC_F timing__setup__wns__corner:max_tt_025C_1v80 0.0
max_tt_025C_1v80: 0.0
%OL_END_REPORT
%OL_CREATE_REPORT violator_list.rpt

===========================================================================
Violator List
============================================================================
%OL_METRIC_I timing__hold_vio__count__corner:max_tt_025C_1v80 0
%OL_METRIC_F timing__hold_r2r__ws__corner:max_tt_025C_1v80 0.315359
%OL_METRIC_I timing__hold_r2r_vio__count__corner:max_tt_025C_1v80 0
%OL_METRIC_I timing__setup_vio__count__corner:max_tt_025C_1v80 0
%OL_METRIC_F timing__setup_r2r__ws__corner:max_tt_025C_1v80 23.423687
%OL_METRIC_I timing__setup_r2r_vio__count__corner:max_tt_025C_1v80 0
%OL_END_REPORT
%OL_CREATE_REPORT unpropagated.rpt
%OL_END_REPORT
%OL_CREATE_REPORT clock.rpt
Clock: clk
Sources: clk 
Generated: no
Virtual: yes
Propagated: no
Period: 25.000000

===========================================================================
report_clock_properties
============================================================================
Clock                   Period          Waveform
----------------------------------------------------
clk                  25.000000    0.000000 12.500000

===========================================================================
report_clock_latency
============================================================================
Clock clk
rise -> rise
    min     max
0.000000 0.000000 source latency
0.344083         network latency _174_/CLK
        0.350354 network latency _171_/CLK
---------------
0.344083 0.350354 latency
        0.006272 skew

fall -> fall
    min     max
0.000000 0.000000 source latency
0.329782         network latency _174_/CLK
        0.335371 network latency _171_/CLK
---------------
0.329782 0.335371 latency
        0.005588 skew



===========================================================================
report_clock_min_period
============================================================================
clk period_min = 2.05 fmax = 488.78
%OL_END_REPORT
Writing SDF files for all corners…
Removing Clock latencies before writing libs…
Writing timing models for all corners…
Writing timing models for the max_tt_025C_1v80 corner to /mnt/c/Users/felix/Documents/Master_1ECAM/microelec/projet_microelec/src/runs/RUN_2026-04-28_09-54-31/54-openroad-stapostpnr/max_tt_025C_1v80/mini_light_up_game__max_tt_025C_1v80.lib…
