Reading timing models for corner nom_ff_n40C_1v95…
Reading cell library for the 'nom_ff_n40C_1v95' corner at '/home/felix/.ciel/ciel/sky130/versions/0fe599b2afb6708d281543108caf8310912f54af/sky130A/libs.ref/sky130_fd_sc_hd/lib/sky130_fd_sc_hd__ff_n40C_1v95.lib'…
Reading top-level netlist at '/mnt/c/Users/felix/Documents/Master_1ECAM/microelec/projet_microelec/src/runs/RUN_2026-04-28_09-54-31/51-openroad-fillinsertion/mini_light_up_game.nl.v'…
Linking design 'mini_light_up_game' from netlist…
Warning: /mnt/c/Users/felix/Documents/Master_1ECAM/microelec/projet_microelec/src/runs/RUN_2026-04-28_09-54-31/51-openroad-fillinsertion/mini_light_up_game.nl.v line 754, module sky130_fd_sc_hd__tapvpwrvgnd_1 not found. Creating black box for TAP_TAPCELL_ROW_0_42.
Warning: /mnt/c/Users/felix/Documents/Master_1ECAM/microelec/projet_microelec/src/runs/RUN_2026-04-28_09-54-31/51-openroad-fillinsertion/mini_light_up_game.nl.v line 948, module sky130_ef_sc_hd__decap_12 not found. Creating black box for FILLER_0_3.
Warning: /mnt/c/Users/felix/Documents/Master_1ECAM/microelec/projet_microelec/src/runs/RUN_2026-04-28_09-54-31/51-openroad-fillinsertion/mini_light_up_game.nl.v line 950, module sky130_fd_sc_hd__fill_1 not found. Creating black box for FILLER_0_27.
Warning: /mnt/c/Users/felix/Documents/Master_1ECAM/microelec/projet_microelec/src/runs/RUN_2026-04-28_09-54-31/51-openroad-fillinsertion/mini_light_up_game.nl.v line 951, module sky130_fd_sc_hd__fill_2 not found. Creating black box for FILLER_0_29.
Reading design constraints file at '/nix/store/p32knifc9l2cvqzrxkf9hcjphzkhn19d-python3-3.11.9-env/lib/python3.11/site-packages/librelane/scripts/base.sdc'…
[INFO] Using clock clk…
[INFO] Setting output delay to: 5
[INFO] Setting input delay to: 5
[INFO] Setting load to: 0.033442
[INFO] Setting clock uncertainty to: 0.25
[INFO] Setting clock transition to: 0.1499999999999999944488848768742172978818416595458984375
[INFO] Setting timing derate to: 5%
Reading top-level design parasitics for the 'nom_ff_n40C_1v95' corner at '/mnt/c/Users/felix/Documents/Master_1ECAM/microelec/projet_microelec/src/runs/RUN_2026-04-28_09-54-31/53-openroad-rcx/nom/mini_light_up_game.nom.spef'…
%OL_CREATE_REPORT min.rpt

===========================================================================
report_checks -path_delay min (Hold)
============================================================================
======================= nom_ff_n40C_1v95 Corner ===================================

Startpoint: _174_ (rising edge-triggered flip-flop clocked by clk)
Endpoint: _182_ (rising edge-triggered flip-flop clocked by clk)
Path Group: clk
Path Type: min

Fanout         Cap        Slew       Delay        Time   Description
---------------------------------------------------------------------------------------------
                                  0.000000    0.000000   clock clk (rise edge)
                                  0.000000    0.000000   clock source latency
     1    0.014197    0.052609    0.035369    0.035369 ^ clk (in)
                                                         clk (net)
                      0.052614    0.000000    0.035369 ^ clkbuf_0_clk/A (sky130_fd_sc_hd__clkbuf_16)
     4    0.042619    0.046937    0.104375    0.139744 ^ clkbuf_0_clk/X (sky130_fd_sc_hd__clkbuf_16)
                                                         clknet_0_clk (net)
                      0.046972    0.001119    0.140863 ^ clkbuf_2_2__f_clk/A (sky130_fd_sc_hd__clkbuf_16)
     8    0.025763    0.035118    0.092912    0.233775 ^ clkbuf_2_2__f_clk/X (sky130_fd_sc_hd__clkbuf_16)
                                                         clknet_2_2__leaf_clk (net)
                      0.035124    0.000439    0.234214 ^ _174_/CLK (sky130_fd_sc_hd__dfrtp_1)
     2    0.004120    0.039145    0.205098    0.439312 ^ _174_/Q (sky130_fd_sc_hd__dfrtp_1)
                                                         done_ff[1] (net)
                      0.039145    0.000062    0.439375 ^ _057_/A1_N (sky130_fd_sc_hd__o2bb2a_1)
     1    0.002659    0.024767    0.122646    0.562020 v _057_/X (sky130_fd_sc_hd__o2bb2a_1)
                                                         _036_ (net)
                      0.024767    0.000077    0.562097 v _182_/D (sky130_fd_sc_hd__dfrtp_1)
                                              0.562097   data arrival time

                                  0.000000    0.000000   clock clk (rise edge)
                                  0.000000    0.000000   clock source latency
     1    0.014197    0.052609    0.035369    0.035369 ^ clk (in)
                                                         clk (net)
                      0.052614    0.000000    0.035369 ^ clkbuf_0_clk/A (sky130_fd_sc_hd__clkbuf_16)
     4    0.042619    0.046937    0.104375    0.139744 ^ clkbuf_0_clk/X (sky130_fd_sc_hd__clkbuf_16)
                                                         clknet_0_clk (net)
                      0.046971    0.001106    0.140850 ^ clkbuf_2_3__f_clk/A (sky130_fd_sc_hd__clkbuf_16)
    11    0.032212    0.039728    0.097173    0.238023 ^ clkbuf_2_3__f_clk/X (sky130_fd_sc_hd__clkbuf_16)
                                                         clknet_2_3__leaf_clk (net)
                      0.039734    0.000848    0.238871 ^ _182_/CLK (sky130_fd_sc_hd__dfrtp_1)
                                  0.250000    0.488871   clock uncertainty
                                  0.000000    0.488871   clock reconvergence pessimism
                                 -0.029172    0.459699   library hold time
                                              0.459699   data required time
---------------------------------------------------------------------------------------------
                                              0.459699   data required time
                                             -0.562097   data arrival time
---------------------------------------------------------------------------------------------
                                              0.102398   slack (MET)


Startpoint: _179_ (rising edge-triggered flip-flop clocked by clk)
Endpoint: _170_ (rising edge-triggered flip-flop clocked by clk)
Path Group: clk
Path Type: min

Fanout         Cap        Slew       Delay        Time   Description
---------------------------------------------------------------------------------------------
                                  0.000000    0.000000   clock clk (rise edge)
                                  0.000000    0.000000   clock source latency
     1    0.014197    0.052609    0.035369    0.035369 ^ clk (in)
                                                         clk (net)
                      0.052614    0.000000    0.035369 ^ clkbuf_0_clk/A (sky130_fd_sc_hd__clkbuf_16)
     4    0.042619    0.046937    0.104375    0.139744 ^ clkbuf_0_clk/X (sky130_fd_sc_hd__clkbuf_16)
                                                         clknet_0_clk (net)
                      0.046972    0.001114    0.140858 ^ clkbuf_2_1__f_clk/A (sky130_fd_sc_hd__clkbuf_16)
    10    0.029711    0.037945    0.095462    0.236320 ^ clkbuf_2_1__f_clk/X (sky130_fd_sc_hd__clkbuf_16)
                                                         clknet_2_1__leaf_clk (net)
                      0.037984    0.001064    0.237383 ^ _179_/CLK (sky130_fd_sc_hd__dfrtp_4)
     9    0.040207    0.100230    0.306389    0.543772 ^ _179_/Q (sky130_fd_sc_hd__dfrtp_4)
                                                         cursor[3] (net)
                      0.100233    0.000746    0.544518 ^ _109_/A1 (sky130_fd_sc_hd__a21o_1)
     1    0.002622    0.024363    0.071520    0.616038 ^ _109_/X (sky130_fd_sc_hd__a21o_1)
                                                         nxt3[3] (net)
                      0.024363    0.000075    0.616113 ^ _170_/D (sky130_fd_sc_hd__dfrtp_1)
                                              0.616113   data arrival time

                                  0.000000    0.000000   clock clk (rise edge)
                                  0.000000    0.000000   clock source latency
     1    0.014197    0.052609    0.035369    0.035369 ^ clk (in)
                                                         clk (net)
                      0.052614    0.000000    0.035369 ^ clkbuf_0_clk/A (sky130_fd_sc_hd__clkbuf_16)
     4    0.042619    0.046937    0.104375    0.139744 ^ clkbuf_0_clk/X (sky130_fd_sc_hd__clkbuf_16)
                                                         clknet_0_clk (net)
                      0.046971    0.001106    0.140850 ^ clkbuf_2_3__f_clk/A (sky130_fd_sc_hd__clkbuf_16)
    11    0.032212    0.039728    0.097173    0.238023 ^ clkbuf_2_3__f_clk/X (sky130_fd_sc_hd__clkbuf_16)
                                                         clknet_2_3__leaf_clk (net)
                      0.039733    0.000817    0.238840 ^ _170_/CLK (sky130_fd_sc_hd__dfrtp_1)
                                  0.250000    0.488840   clock uncertainty
                                  0.000000    0.488840   clock reconvergence pessimism
                                 -0.019059    0.469780   library hold time
                                              0.469780   data required time
---------------------------------------------------------------------------------------------
                                              0.469780   data required time
                                             -0.616113   data arrival time
---------------------------------------------------------------------------------------------
                                              0.146333   slack (MET)


Startpoint: _181_ (rising edge-triggered flip-flop clocked by clk)
Endpoint: _172_ (rising edge-triggered flip-flop clocked by clk)
Path Group: clk
Path Type: min

Fanout         Cap        Slew       Delay        Time   Description
---------------------------------------------------------------------------------------------
                                  0.000000    0.000000   clock clk (rise edge)
                                  0.000000    0.000000   clock source latency
     1    0.014197    0.052609    0.035369    0.035369 ^ clk (in)
                                                         clk (net)
                      0.052614    0.000000    0.035369 ^ clkbuf_0_clk/A (sky130_fd_sc_hd__clkbuf_16)
     4    0.042619    0.046937    0.104375    0.139744 ^ clkbuf_0_clk/X (sky130_fd_sc_hd__clkbuf_16)
                                                         clknet_0_clk (net)
                      0.046972    0.001118    0.140862 ^ clkbuf_2_0__f_clk/A (sky130_fd_sc_hd__clkbuf_16)
    10    0.030183    0.038278    0.095834    0.236696 ^ clkbuf_2_0__f_clk/X (sky130_fd_sc_hd__clkbuf_16)
                                                         clknet_2_0__leaf_clk (net)
                      0.038282    0.000450    0.237146 ^ _181_/CLK (sky130_fd_sc_hd__dfrtp_4)
     9    0.041211    0.102214    0.307843    0.544989 ^ _181_/Q (sky130_fd_sc_hd__dfrtp_4)
                                                         cursor[5] (net)
                      0.102244    0.001679    0.546669 ^ _113_/A1 (sky130_fd_sc_hd__a21o_1)
     1    0.002674    0.024605    0.072039    0.618707 ^ _113_/X (sky130_fd_sc_hd__a21o_1)
                                                         nxt3[5] (net)
                      0.024605    0.000080    0.618787 ^ _172_/D (sky130_fd_sc_hd__dfrtp_1)
                                              0.618787   data arrival time

                                  0.000000    0.000000   clock clk (rise edge)
                                  0.000000    0.000000   clock source latency
     1    0.014197    0.052609    0.035369    0.035369 ^ clk (in)
                                                         clk (net)
                      0.052614    0.000000    0.035369 ^ clkbuf_0_clk/A (sky130_fd_sc_hd__clkbuf_16)
     4    0.042619    0.046937    0.104375    0.139744 ^ clkbuf_0_clk/X (sky130_fd_sc_hd__clkbuf_16)
                                                         clknet_0_clk (net)
                      0.046971    0.001106    0.140850 ^ clkbuf_2_3__f_clk/A (sky130_fd_sc_hd__clkbuf_16)
    11    0.032212    0.039728    0.097173    0.238023 ^ clkbuf_2_3__f_clk/X (sky130_fd_sc_hd__clkbuf_16)
                                                         clknet_2_3__leaf_clk (net)
                      0.039735    0.000918    0.238941 ^ _172_/CLK (sky130_fd_sc_hd__dfrtp_1)
                                  0.250000    0.488941   clock uncertainty
                                  0.000000    0.488941   clock reconvergence pessimism
                                 -0.019078    0.469864   library hold time
                                              0.469864   data required time
---------------------------------------------------------------------------------------------
                                              0.469864   data required time
                                             -0.618787   data arrival time
---------------------------------------------------------------------------------------------
                                              0.148924   slack (MET)


Startpoint: _180_ (rising edge-triggered flip-flop clocked by clk)
Endpoint: _171_ (rising edge-triggered flip-flop clocked by clk)
Path Group: clk
Path Type: min

Fanout         Cap        Slew       Delay        Time   Description
---------------------------------------------------------------------------------------------
                                  0.000000    0.000000   clock clk (rise edge)
                                  0.000000    0.000000   clock source latency
     1    0.014197    0.052609    0.035369    0.035369 ^ clk (in)
                                                         clk (net)
                      0.052614    0.000000    0.035369 ^ clkbuf_0_clk/A (sky130_fd_sc_hd__clkbuf_16)
     4    0.042619    0.046937    0.104375    0.139744 ^ clkbuf_0_clk/X (sky130_fd_sc_hd__clkbuf_16)
                                                         clknet_0_clk (net)
                      0.046972    0.001118    0.140862 ^ clkbuf_2_0__f_clk/A (sky130_fd_sc_hd__clkbuf_16)
    10    0.030183    0.038278    0.095834    0.236696 ^ clkbuf_2_0__f_clk/X (sky130_fd_sc_hd__clkbuf_16)
                                                         clknet_2_0__leaf_clk (net)
                      0.038281    0.000413    0.237109 ^ _180_/CLK (sky130_fd_sc_hd__dfrtp_4)
     9    0.041271    0.102334    0.307930    0.545040 ^ _180_/Q (sky130_fd_sc_hd__dfrtp_4)
                                                         cursor[4] (net)
                      0.102355    0.001428    0.546467 ^ _111_/A1 (sky130_fd_sc_hd__a21o_1)
     1    0.003532    0.029780    0.076264    0.622731 ^ _111_/X (sky130_fd_sc_hd__a21o_1)
                                                         nxt3[4] (net)
                      0.029780    0.000107    0.622838 ^ _171_/D (sky130_fd_sc_hd__dfrtp_1)
                                              0.622838   data arrival time

                                  0.000000    0.000000   clock clk (rise edge)
                                  0.000000    0.000000   clock source latency
     1    0.014197    0.052609    0.035369    0.035369 ^ clk (in)
                                                         clk (net)
                      0.052614    0.000000    0.035369 ^ clkbuf_0_clk/A (sky130_fd_sc_hd__clkbuf_16)
     4    0.042619    0.046937    0.104375    0.139744 ^ clkbuf_0_clk/X (sky130_fd_sc_hd__clkbuf_16)
                                                         clknet_0_clk (net)
                      0.046971    0.001106    0.140850 ^ clkbuf_2_3__f_clk/A (sky130_fd_sc_hd__clkbuf_16)
    11    0.032212    0.039728    0.097173    0.238023 ^ clkbuf_2_3__f_clk/X (sky130_fd_sc_hd__clkbuf_16)
                                                         clknet_2_3__leaf_clk (net)
                      0.039735    0.000933    0.238956 ^ _171_/CLK (sky130_fd_sc_hd__dfrtp_1)
                                  0.250000    0.488956   clock uncertainty
                                  0.000000    0.488956   clock reconvergence pessimism
                                 -0.019468    0.469488   library hold time
                                              0.469488   data required time
---------------------------------------------------------------------------------------------
                                              0.469488   data required time
                                             -0.622838   data arrival time
---------------------------------------------------------------------------------------------
                                              0.153350   slack (MET)


Startpoint: _178_ (rising edge-triggered flip-flop clocked by clk)
Endpoint: _169_ (rising edge-triggered flip-flop clocked by clk)
Path Group: clk
Path Type: min

Fanout         Cap        Slew       Delay        Time   Description
---------------------------------------------------------------------------------------------
                                  0.000000    0.000000   clock clk (rise edge)
                                  0.000000    0.000000   clock source latency
     1    0.014197    0.052609    0.035369    0.035369 ^ clk (in)
                                                         clk (net)
                      0.052614    0.000000    0.035369 ^ clkbuf_0_clk/A (sky130_fd_sc_hd__clkbuf_16)
     4    0.042619    0.046937    0.104375    0.139744 ^ clkbuf_0_clk/X (sky130_fd_sc_hd__clkbuf_16)
                                                         clknet_0_clk (net)
                      0.046971    0.001106    0.140850 ^ clkbuf_2_3__f_clk/A (sky130_fd_sc_hd__clkbuf_16)
    11    0.032212    0.039728    0.097173    0.238023 ^ clkbuf_2_3__f_clk/X (sky130_fd_sc_hd__clkbuf_16)
                                                         clknet_2_3__leaf_clk (net)
                      0.039732    0.000683    0.238706 ^ _178_/CLK (sky130_fd_sc_hd__dfrtp_4)
     9    0.040115    0.100078    0.306705    0.545411 ^ _178_/Q (sky130_fd_sc_hd__dfrtp_4)
                                                         cursor[2] (net)
                      0.100081    0.000725    0.546136 ^ _107_/A1 (sky130_fd_sc_hd__a21o_1)
     1    0.003882    0.031925    0.077675    0.623810 ^ _107_/X (sky130_fd_sc_hd__a21o_1)
                                                         nxt3[2] (net)
                      0.031925    0.000124    0.623935 ^ _169_/D (sky130_fd_sc_hd__dfrtp_1)
                                              0.623935   data arrival time

                                  0.000000    0.000000   clock clk (rise edge)
                                  0.000000    0.000000   clock source latency
     1    0.014197    0.052609    0.035369    0.035369 ^ clk (in)
                                                         clk (net)
                      0.052614    0.000000    0.035369 ^ clkbuf_0_clk/A (sky130_fd_sc_hd__clkbuf_16)
     4    0.042619    0.046937    0.104375    0.139744 ^ clkbuf_0_clk/X (sky130_fd_sc_hd__clkbuf_16)
                                                         clknet_0_clk (net)
                      0.046971    0.001106    0.140850 ^ clkbuf_2_3__f_clk/A (sky130_fd_sc_hd__clkbuf_16)
    11    0.032212    0.039728    0.097173    0.238023 ^ clkbuf_2_3__f_clk/X (sky130_fd_sc_hd__clkbuf_16)
                                                         clknet_2_3__leaf_clk (net)
                      0.039734    0.000840    0.238864 ^ _169_/CLK (sky130_fd_sc_hd__dfrtp_1)
                                  0.250000    0.488864   clock uncertainty
                                  0.000000    0.488864   clock reconvergence pessimism
                                 -0.019630    0.469233   library hold time
                                              0.469233   data required time
---------------------------------------------------------------------------------------------
                                              0.469233   data required time
                                             -0.623935   data arrival time
---------------------------------------------------------------------------------------------
                                              0.154701   slack (MET)


Startpoint: _177_ (rising edge-triggered flip-flop clocked by clk)
Endpoint: _168_ (rising edge-triggered flip-flop clocked by clk)
Path Group: clk
Path Type: min

Fanout         Cap        Slew       Delay        Time   Description
---------------------------------------------------------------------------------------------
                                  0.000000    0.000000   clock clk (rise edge)
                                  0.000000    0.000000   clock source latency
     1    0.014197    0.052609    0.035369    0.035369 ^ clk (in)
                                                         clk (net)
                      0.052614    0.000000    0.035369 ^ clkbuf_0_clk/A (sky130_fd_sc_hd__clkbuf_16)
     4    0.042619    0.046937    0.104375    0.139744 ^ clkbuf_0_clk/X (sky130_fd_sc_hd__clkbuf_16)
                                                         clknet_0_clk (net)
                      0.046971    0.001106    0.140850 ^ clkbuf_2_3__f_clk/A (sky130_fd_sc_hd__clkbuf_16)
    11    0.032212    0.039728    0.097173    0.238023 ^ clkbuf_2_3__f_clk/X (sky130_fd_sc_hd__clkbuf_16)
                                                         clknet_2_3__leaf_clk (net)
                      0.039733    0.000811    0.238834 ^ _177_/CLK (sky130_fd_sc_hd__dfrtp_4)
     9    0.040349    0.100350    0.306654    0.545488 ^ _177_/Q (sky130_fd_sc_hd__dfrtp_4)
                                                         cursor[1] (net)
                      0.100352    0.000749    0.546237 ^ _105_/A1 (sky130_fd_sc_hd__a21o_1)
     1    0.004606    0.036353    0.080992    0.627229 ^ _105_/X (sky130_fd_sc_hd__a21o_1)
                                                         nxt3[1] (net)
                      0.036353    0.000156    0.627385 ^ _168_/D (sky130_fd_sc_hd__dfrtp_1)
                                              0.627385   data arrival time

                                  0.000000    0.000000   clock clk (rise edge)
                                  0.000000    0.000000   clock source latency
     1    0.014197    0.052609    0.035369    0.035369 ^ clk (in)
                                                         clk (net)
                      0.052614    0.000000    0.035369 ^ clkbuf_0_clk/A (sky130_fd_sc_hd__clkbuf_16)
     4    0.042619    0.046937    0.104375    0.139744 ^ clkbuf_0_clk/X (sky130_fd_sc_hd__clkbuf_16)
                                                         clknet_0_clk (net)
                      0.046971    0.001106    0.140850 ^ clkbuf_2_3__f_clk/A (sky130_fd_sc_hd__clkbuf_16)
    11    0.032212    0.039728    0.097173    0.238023 ^ clkbuf_2_3__f_clk/X (sky130_fd_sc_hd__clkbuf_16)
                                                         clknet_2_3__leaf_clk (net)
                      0.039731    0.000609    0.238632 ^ _168_/CLK (sky130_fd_sc_hd__dfrtp_1)
                                  0.250000    0.488632   clock uncertainty
                                  0.000000    0.488632   clock reconvergence pessimism
                                 -0.019965    0.468668   library hold time
                                              0.468668   data required time
---------------------------------------------------------------------------------------------
                                              0.468668   data required time
                                             -0.627385   data arrival time
---------------------------------------------------------------------------------------------
                                              0.158718   slack (MET)


Startpoint: _176_ (rising edge-triggered flip-flop clocked by clk)
Endpoint: _167_ (rising edge-triggered flip-flop clocked by clk)
Path Group: clk
Path Type: min

Fanout         Cap        Slew       Delay        Time   Description
---------------------------------------------------------------------------------------------
                                  0.000000    0.000000   clock clk (rise edge)
                                  0.000000    0.000000   clock source latency
     1    0.014197    0.052609    0.035369    0.035369 ^ clk (in)
                                                         clk (net)
                      0.052614    0.000000    0.035369 ^ clkbuf_0_clk/A (sky130_fd_sc_hd__clkbuf_16)
     4    0.042619    0.046937    0.104375    0.139744 ^ clkbuf_0_clk/X (sky130_fd_sc_hd__clkbuf_16)
                                                         clknet_0_clk (net)
                      0.046972    0.001118    0.140862 ^ clkbuf_2_0__f_clk/A (sky130_fd_sc_hd__clkbuf_16)
    10    0.030183    0.038278    0.095834    0.236696 ^ clkbuf_2_0__f_clk/X (sky130_fd_sc_hd__clkbuf_16)
                                                         clknet_2_0__leaf_clk (net)
                      0.038297    0.000795    0.237491 ^ _176_/CLK (sky130_fd_sc_hd__dfstp_2)
     9    0.042557    0.073041    0.275636    0.513127 v _176_/Q (sky130_fd_sc_hd__dfstp_2)
                                                         cursor[0] (net)
                      0.073065    0.001247    0.514374 v _103_/A1 (sky130_fd_sc_hd__a21o_1)
     1    0.002518    0.018180    0.109025    0.623399 v _103_/X (sky130_fd_sc_hd__a21o_1)
                                                         nxt3[0] (net)
                      0.018180    0.000072    0.623471 v _167_/D (sky130_fd_sc_hd__dfrtp_1)
                                              0.623471   data arrival time

                                  0.000000    0.000000   clock clk (rise edge)
                                  0.000000    0.000000   clock source latency
     1    0.014197    0.052609    0.035369    0.035369 ^ clk (in)
                                                         clk (net)
                      0.052614    0.000000    0.035369 ^ clkbuf_0_clk/A (sky130_fd_sc_hd__clkbuf_16)
     4    0.042619    0.046937    0.104375    0.139744 ^ clkbuf_0_clk/X (sky130_fd_sc_hd__clkbuf_16)
                                                         clknet_0_clk (net)
                      0.046971    0.001106    0.140850 ^ clkbuf_2_3__f_clk/A (sky130_fd_sc_hd__clkbuf_16)
    11    0.032212    0.039728    0.097173    0.238023 ^ clkbuf_2_3__f_clk/X (sky130_fd_sc_hd__clkbuf_16)
                                                         clknet_2_3__leaf_clk (net)
                      0.039733    0.000807    0.238830 ^ _167_/CLK (sky130_fd_sc_hd__dfrtp_1)
                                  0.250000    0.488830   clock uncertainty
                                  0.000000    0.488830   clock reconvergence pessimism
                                 -0.027031    0.461799   library hold time
                                              0.461799   data required time
---------------------------------------------------------------------------------------------
                                              0.461799   data required time
                                             -0.623471   data arrival time
---------------------------------------------------------------------------------------------
                                              0.161671   slack (MET)


Startpoint: _177_ (rising edge-triggered flip-flop clocked by clk)
Endpoint: _150_ (rising edge-triggered flip-flop clocked by clk)
Path Group: clk
Path Type: min

Fanout         Cap        Slew       Delay        Time   Description
---------------------------------------------------------------------------------------------
                                  0.000000    0.000000   clock clk (rise edge)
                                  0.000000    0.000000   clock source latency
     1    0.014197    0.052609    0.035369    0.035369 ^ clk (in)
                                                         clk (net)
                      0.052614    0.000000    0.035369 ^ clkbuf_0_clk/A (sky130_fd_sc_hd__clkbuf_16)
     4    0.042619    0.046937    0.104375    0.139744 ^ clkbuf_0_clk/X (sky130_fd_sc_hd__clkbuf_16)
                                                         clknet_0_clk (net)
                      0.046971    0.001106    0.140850 ^ clkbuf_2_3__f_clk/A (sky130_fd_sc_hd__clkbuf_16)
    11    0.032212    0.039728    0.097173    0.238023 ^ clkbuf_2_3__f_clk/X (sky130_fd_sc_hd__clkbuf_16)
                                                         clknet_2_3__leaf_clk (net)
                      0.039733    0.000811    0.238834 ^ _177_/CLK (sky130_fd_sc_hd__dfrtp_4)
     9    0.040349    0.100350    0.306654    0.545488 ^ _177_/Q (sky130_fd_sc_hd__dfrtp_4)
                                                         cursor[1] (net)
                      0.100409    0.002252    0.547740 ^ _061_/A1 (sky130_fd_sc_hd__a21o_1)
     2    0.004843    0.037844    0.082093    0.629833 ^ _061_/X (sky130_fd_sc_hd__a21o_1)
                                                         nxt0[1] (net)
                      0.037844    0.000106    0.629939 ^ _150_/D (sky130_fd_sc_hd__dfrtp_1)
                                              0.629939   data arrival time

                                  0.000000    0.000000   clock clk (rise edge)
                                  0.000000    0.000000   clock source latency
     1    0.014197    0.052609    0.035369    0.035369 ^ clk (in)
                                                         clk (net)
                      0.052614    0.000000    0.035369 ^ clkbuf_0_clk/A (sky130_fd_sc_hd__clkbuf_16)
     4    0.042619    0.046937    0.104375    0.139744 ^ clkbuf_0_clk/X (sky130_fd_sc_hd__clkbuf_16)
                                                         clknet_0_clk (net)
                      0.046972    0.001114    0.140858 ^ clkbuf_2_1__f_clk/A (sky130_fd_sc_hd__clkbuf_16)
    10    0.029711    0.037945    0.095462    0.236320 ^ clkbuf_2_1__f_clk/X (sky130_fd_sc_hd__clkbuf_16)
                                                         clknet_2_1__leaf_clk (net)
                      0.037953    0.000561    0.236880 ^ _150_/CLK (sky130_fd_sc_hd__dfrtp_1)
                                  0.250000    0.486880   clock uncertainty
                                  0.000000    0.486880   clock reconvergence pessimism
                                 -0.020125    0.466756   library hold time
                                              0.466756   data required time
---------------------------------------------------------------------------------------------
                                              0.466756   data required time
                                             -0.629939   data arrival time
---------------------------------------------------------------------------------------------
                                              0.163184   slack (MET)


Startpoint: _178_ (rising edge-triggered flip-flop clocked by clk)
Endpoint: _157_ (rising edge-triggered flip-flop clocked by clk)
Path Group: clk
Path Type: min

Fanout         Cap        Slew       Delay        Time   Description
---------------------------------------------------------------------------------------------
                                  0.000000    0.000000   clock clk (rise edge)
                                  0.000000    0.000000   clock source latency
     1    0.014197    0.052609    0.035369    0.035369 ^ clk (in)
                                                         clk (net)
                      0.052614    0.000000    0.035369 ^ clkbuf_0_clk/A (sky130_fd_sc_hd__clkbuf_16)
     4    0.042619    0.046937    0.104375    0.139744 ^ clkbuf_0_clk/X (sky130_fd_sc_hd__clkbuf_16)
                                                         clknet_0_clk (net)
                      0.046971    0.001106    0.140850 ^ clkbuf_2_3__f_clk/A (sky130_fd_sc_hd__clkbuf_16)
    11    0.032212    0.039728    0.097173    0.238023 ^ clkbuf_2_3__f_clk/X (sky130_fd_sc_hd__clkbuf_16)
                                                         clknet_2_3__leaf_clk (net)
                      0.039732    0.000683    0.238706 ^ _178_/CLK (sky130_fd_sc_hd__dfrtp_4)
     9    0.040115    0.100078    0.306705    0.545411 ^ _178_/Q (sky130_fd_sc_hd__dfrtp_4)
                                                         cursor[2] (net)
                      0.100085    0.000925    0.546335 ^ _077_/A1 (sky130_fd_sc_hd__a21o_1)
     2    0.004890    0.038148    0.082262    0.628597 ^ _077_/X (sky130_fd_sc_hd__a21o_1)
                                                         nxt1[2] (net)
                      0.038148    0.000113    0.628711 ^ _157_/D (sky130_fd_sc_hd__dfrtp_1)
                                              0.628711   data arrival time

                                  0.000000    0.000000   clock clk (rise edge)
                                  0.000000    0.000000   clock source latency
     1    0.014197    0.052609    0.035369    0.035369 ^ clk (in)
                                                         clk (net)
                      0.052614    0.000000    0.035369 ^ clkbuf_0_clk/A (sky130_fd_sc_hd__clkbuf_16)
     4    0.042619    0.046937    0.104375    0.139744 ^ clkbuf_0_clk/X (sky130_fd_sc_hd__clkbuf_16)
                                                         clknet_0_clk (net)
                      0.046972    0.001119    0.140863 ^ clkbuf_2_2__f_clk/A (sky130_fd_sc_hd__clkbuf_16)
     8    0.025763    0.035118    0.092912    0.233775 ^ clkbuf_2_2__f_clk/X (sky130_fd_sc_hd__clkbuf_16)
                                                         clknet_2_2__leaf_clk (net)
                      0.035136    0.000690    0.234465 ^ _157_/CLK (sky130_fd_sc_hd__dfrtp_1)
                                  0.250000    0.484465   clock uncertainty
                                  0.000000    0.484465   clock reconvergence pessimism
                                 -0.020222    0.464242   library hold time
                                              0.464242   data required time
---------------------------------------------------------------------------------------------
                                              0.464242   data required time
                                             -0.628711   data arrival time
---------------------------------------------------------------------------------------------
                                              0.164469   slack (MET)


Startpoint: _179_ (rising edge-triggered flip-flop clocked by clk)
Endpoint: _158_ (rising edge-triggered flip-flop clocked by clk)
Path Group: clk
Path Type: min

Fanout         Cap        Slew       Delay        Time   Description
---------------------------------------------------------------------------------------------
                                  0.000000    0.000000   clock clk (rise edge)
                                  0.000000    0.000000   clock source latency
     1    0.014197    0.052609    0.035369    0.035369 ^ clk (in)
                                                         clk (net)
                      0.052614    0.000000    0.035369 ^ clkbuf_0_clk/A (sky130_fd_sc_hd__clkbuf_16)
     4    0.042619    0.046937    0.104375    0.139744 ^ clkbuf_0_clk/X (sky130_fd_sc_hd__clkbuf_16)
                                                         clknet_0_clk (net)
                      0.046972    0.001114    0.140858 ^ clkbuf_2_1__f_clk/A (sky130_fd_sc_hd__clkbuf_16)
    10    0.029711    0.037945    0.095462    0.236320 ^ clkbuf_2_1__f_clk/X (sky130_fd_sc_hd__clkbuf_16)
                                                         clknet_2_1__leaf_clk (net)
                      0.037984    0.001064    0.237383 ^ _179_/CLK (sky130_fd_sc_hd__dfrtp_4)
     9    0.040207    0.100230    0.306389    0.543772 ^ _179_/Q (sky130_fd_sc_hd__dfrtp_4)
                                                         cursor[3] (net)
                      0.100245    0.001230    0.545003 ^ _079_/A1 (sky130_fd_sc_hd__a21o_1)
     2    0.005206    0.040111    0.083729    0.628732 ^ _079_/X (sky130_fd_sc_hd__a21o_1)
                                                         nxt1[3] (net)
                      0.040111    0.000109    0.628841 ^ _158_/D (sky130_fd_sc_hd__dfrtp_1)
                                              0.628841   data arrival time

                                  0.000000    0.000000   clock clk (rise edge)
                                  0.000000    0.000000   clock source latency
     1    0.014197    0.052609    0.035369    0.035369 ^ clk (in)
                                                         clk (net)
                      0.052614    0.000000    0.035369 ^ clkbuf_0_clk/A (sky130_fd_sc_hd__clkbuf_16)
     4    0.042619    0.046937    0.104375    0.139744 ^ clkbuf_0_clk/X (sky130_fd_sc_hd__clkbuf_16)
                                                         clknet_0_clk (net)
                      0.046972    0.001119    0.140863 ^ clkbuf_2_2__f_clk/A (sky130_fd_sc_hd__clkbuf_16)
     8    0.025763    0.035118    0.092912    0.233775 ^ clkbuf_2_2__f_clk/X (sky130_fd_sc_hd__clkbuf_16)
                                                         clknet_2_2__leaf_clk (net)
                      0.035139    0.000732    0.234507 ^ _158_/CLK (sky130_fd_sc_hd__dfrtp_1)
                                  0.250000    0.484507   clock uncertainty
                                  0.000000    0.484507   clock reconvergence pessimism
                                 -0.020371    0.464136   library hold time
                                              0.464136   data required time
---------------------------------------------------------------------------------------------
                                              0.464136   data required time
                                             -0.628841   data arrival time
---------------------------------------------------------------------------------------------
                                              0.164705   slack (MET)


Startpoint: _179_ (rising edge-triggered flip-flop clocked by clk)
Endpoint: _164_ (rising edge-triggered flip-flop clocked by clk)
Path Group: clk
Path Type: min

Fanout         Cap        Slew       Delay        Time   Description
---------------------------------------------------------------------------------------------
                                  0.000000    0.000000   clock clk (rise edge)
                                  0.000000    0.000000   clock source latency
     1    0.014197    0.052609    0.035369    0.035369 ^ clk (in)
                                                         clk (net)
                      0.052614    0.000000    0.035369 ^ clkbuf_0_clk/A (sky130_fd_sc_hd__clkbuf_16)
     4    0.042619    0.046937    0.104375    0.139744 ^ clkbuf_0_clk/X (sky130_fd_sc_hd__clkbuf_16)
                                                         clknet_0_clk (net)
                      0.046972    0.001114    0.140858 ^ clkbuf_2_1__f_clk/A (sky130_fd_sc_hd__clkbuf_16)
    10    0.029711    0.037945    0.095462    0.236320 ^ clkbuf_2_1__f_clk/X (sky130_fd_sc_hd__clkbuf_16)
                                                         clknet_2_1__leaf_clk (net)
                      0.037984    0.001064    0.237383 ^ _179_/CLK (sky130_fd_sc_hd__dfrtp_4)
     9    0.040207    0.100230    0.306389    0.543772 ^ _179_/Q (sky130_fd_sc_hd__dfrtp_4)
                                                         cursor[3] (net)
                      0.100233    0.000708    0.544480 ^ _094_/A1 (sky130_fd_sc_hd__a21o_1)
     2    0.006412    0.047673    0.089189    0.633669 ^ _094_/X (sky130_fd_sc_hd__a21o_1)
                                                         nxt2[3] (net)
                      0.047673    0.000179    0.633849 ^ _164_/D (sky130_fd_sc_hd__dfrtp_1)
                                              0.633849   data arrival time

                                  0.000000    0.000000   clock clk (rise edge)
                                  0.000000    0.000000   clock source latency
     1    0.014197    0.052609    0.035369    0.035369 ^ clk (in)
                                                         clk (net)
                      0.052614    0.000000    0.035369 ^ clkbuf_0_clk/A (sky130_fd_sc_hd__clkbuf_16)
     4    0.042619    0.046937    0.104375    0.139744 ^ clkbuf_0_clk/X (sky130_fd_sc_hd__clkbuf_16)
                                                         clknet_0_clk (net)
                      0.046972    0.001118    0.140862 ^ clkbuf_2_0__f_clk/A (sky130_fd_sc_hd__clkbuf_16)
    10    0.030183    0.038278    0.095834    0.236696 ^ clkbuf_2_0__f_clk/X (sky130_fd_sc_hd__clkbuf_16)
                                                         clknet_2_0__leaf_clk (net)
                      0.038316    0.001061    0.237757 ^ _164_/CLK (sky130_fd_sc_hd__dfrtp_1)
                                  0.250000    0.487757   clock uncertainty
                                  0.000000    0.487757   clock reconvergence pessimism
                                 -0.020857    0.466899   library hold time
                                              0.466899   data required time
---------------------------------------------------------------------------------------------
                                              0.466899   data required time
                                             -0.633849   data arrival time
---------------------------------------------------------------------------------------------
                                              0.166949   slack (MET)


Startpoint: _180_ (rising edge-triggered flip-flop clocked by clk)
Endpoint: _153_ (rising edge-triggered flip-flop clocked by clk)
Path Group: clk
Path Type: min

Fanout         Cap        Slew       Delay        Time   Description
---------------------------------------------------------------------------------------------
                                  0.000000    0.000000   clock clk (rise edge)
                                  0.000000    0.000000   clock source latency
     1    0.014197    0.052609    0.035369    0.035369 ^ clk (in)
                                                         clk (net)
                      0.052614    0.000000    0.035369 ^ clkbuf_0_clk/A (sky130_fd_sc_hd__clkbuf_16)
     4    0.042619    0.046937    0.104375    0.139744 ^ clkbuf_0_clk/X (sky130_fd_sc_hd__clkbuf_16)
                                                         clknet_0_clk (net)
                      0.046972    0.001118    0.140862 ^ clkbuf_2_0__f_clk/A (sky130_fd_sc_hd__clkbuf_16)
    10    0.030183    0.038278    0.095834    0.236696 ^ clkbuf_2_0__f_clk/X (sky130_fd_sc_hd__clkbuf_16)
                                                         clknet_2_0__leaf_clk (net)
                      0.038281    0.000413    0.237109 ^ _180_/CLK (sky130_fd_sc_hd__dfrtp_4)
     9    0.041271    0.102334    0.307930    0.545040 ^ _180_/Q (sky130_fd_sc_hd__dfrtp_4)
                                                         cursor[4] (net)
                      0.102350    0.001270    0.546310 ^ _067_/A1 (sky130_fd_sc_hd__a21o_1)
     2    0.005976    0.044933    0.087468    0.633778 ^ _067_/X (sky130_fd_sc_hd__a21o_1)
                                                         nxt0[4] (net)
                      0.044933    0.000206    0.633984 ^ _153_/D (sky130_fd_sc_hd__dfrtp_1)
                                              0.633984   data arrival time

                                  0.000000    0.000000   clock clk (rise edge)
                                  0.000000    0.000000   clock source latency
     1    0.014197    0.052609    0.035369    0.035369 ^ clk (in)
                                                         clk (net)
                      0.052614    0.000000    0.035369 ^ clkbuf_0_clk/A (sky130_fd_sc_hd__clkbuf_16)
     4    0.042619    0.046937    0.104375    0.139744 ^ clkbuf_0_clk/X (sky130_fd_sc_hd__clkbuf_16)
                                                         clknet_0_clk (net)
                      0.046972    0.001114    0.140858 ^ clkbuf_2_1__f_clk/A (sky130_fd_sc_hd__clkbuf_16)
    10    0.029711    0.037945    0.095462    0.236320 ^ clkbuf_2_1__f_clk/X (sky130_fd_sc_hd__clkbuf_16)
                                                         clknet_2_1__leaf_clk (net)
                      0.037972    0.000904    0.237223 ^ _153_/CLK (sky130_fd_sc_hd__dfrtp_1)
                                  0.250000    0.487223   clock uncertainty
                                  0.000000    0.487223   clock reconvergence pessimism
                                 -0.020660    0.466564   library hold time
                                              0.466564   data required time
---------------------------------------------------------------------------------------------
                                              0.466564   data required time
                                             -0.633984   data arrival time
---------------------------------------------------------------------------------------------
                                              0.167420   slack (MET)


Startpoint: _179_ (rising edge-triggered flip-flop clocked by clk)
Endpoint: _152_ (rising edge-triggered flip-flop clocked by clk)
Path Group: clk
Path Type: min

Fanout         Cap        Slew       Delay        Time   Description
---------------------------------------------------------------------------------------------
                                  0.000000    0.000000   clock clk (rise edge)
                                  0.000000    0.000000   clock source latency
     1    0.014197    0.052609    0.035369    0.035369 ^ clk (in)
                                                         clk (net)
                      0.052614    0.000000    0.035369 ^ clkbuf_0_clk/A (sky130_fd_sc_hd__clkbuf_16)
     4    0.042619    0.046937    0.104375    0.139744 ^ clkbuf_0_clk/X (sky130_fd_sc_hd__clkbuf_16)
                                                         clknet_0_clk (net)
                      0.046972    0.001114    0.140858 ^ clkbuf_2_1__f_clk/A (sky130_fd_sc_hd__clkbuf_16)
    10    0.029711    0.037945    0.095462    0.236320 ^ clkbuf_2_1__f_clk/X (sky130_fd_sc_hd__clkbuf_16)
                                                         clknet_2_1__leaf_clk (net)
                      0.037984    0.001064    0.237383 ^ _179_/CLK (sky130_fd_sc_hd__dfrtp_4)
     9    0.040207    0.100230    0.306389    0.543772 ^ _179_/Q (sky130_fd_sc_hd__dfrtp_4)
                                                         cursor[3] (net)
                      0.100232    0.000624    0.544396 ^ _065_/A1 (sky130_fd_sc_hd__a21o_1)
     2    0.006494    0.048193    0.089543    0.633939 ^ _065_/X (sky130_fd_sc_hd__a21o_1)
                                                         nxt0[3] (net)
                      0.048193    0.000198    0.634138 ^ _152_/D (sky130_fd_sc_hd__dfrtp_1)
                                              0.634138   data arrival time

                                  0.000000    0.000000   clock clk (rise edge)
                                  0.000000    0.000000   clock source latency
     1    0.014197    0.052609    0.035369    0.035369 ^ clk (in)
                                                         clk (net)
                      0.052614    0.000000    0.035369 ^ clkbuf_0_clk/A (sky130_fd_sc_hd__clkbuf_16)
     4    0.042619    0.046937    0.104375    0.139744 ^ clkbuf_0_clk/X (sky130_fd_sc_hd__clkbuf_16)
                                                         clknet_0_clk (net)
                      0.046972    0.001114    0.140858 ^ clkbuf_2_1__f_clk/A (sky130_fd_sc_hd__clkbuf_16)
    10    0.029711    0.037945    0.095462    0.236320 ^ clkbuf_2_1__f_clk/X (sky130_fd_sc_hd__clkbuf_16)
                                                         clknet_2_1__leaf_clk (net)
                      0.037976    0.000959    0.237279 ^ _152_/CLK (sky130_fd_sc_hd__dfrtp_1)
                                  0.250000    0.487279   clock uncertainty
                                  0.000000    0.487279   clock reconvergence pessimism
                                 -0.020906    0.466373   library hold time
                                              0.466373   data required time
---------------------------------------------------------------------------------------------
                                              0.466373   data required time
                                             -0.634138   data arrival time
---------------------------------------------------------------------------------------------
                                              0.167764   slack (MET)


Startpoint: _181_ (rising edge-triggered flip-flop clocked by clk)
Endpoint: _154_ (rising edge-triggered flip-flop clocked by clk)
Path Group: clk
Path Type: min

Fanout         Cap        Slew       Delay        Time   Description
---------------------------------------------------------------------------------------------
                                  0.000000    0.000000   clock clk (rise edge)
                                  0.000000    0.000000   clock source latency
     1    0.014197    0.052609    0.035369    0.035369 ^ clk (in)
                                                         clk (net)
                      0.052614    0.000000    0.035369 ^ clkbuf_0_clk/A (sky130_fd_sc_hd__clkbuf_16)
     4    0.042619    0.046937    0.104375    0.139744 ^ clkbuf_0_clk/X (sky130_fd_sc_hd__clkbuf_16)
                                                         clknet_0_clk (net)
                      0.046972    0.001118    0.140862 ^ clkbuf_2_0__f_clk/A (sky130_fd_sc_hd__clkbuf_16)
    10    0.030183    0.038278    0.095834    0.236696 ^ clkbuf_2_0__f_clk/X (sky130_fd_sc_hd__clkbuf_16)
                                                         clknet_2_0__leaf_clk (net)
                      0.038282    0.000450    0.237146 ^ _181_/CLK (sky130_fd_sc_hd__dfrtp_4)
     9    0.041211    0.102214    0.307843    0.544989 ^ _181_/Q (sky130_fd_sc_hd__dfrtp_4)
                                                         cursor[5] (net)
                      0.102216    0.000705    0.545694 ^ _069_/A1 (sky130_fd_sc_hd__a21o_1)
     2    0.006240    0.046591    0.088669    0.634363 ^ _069_/X (sky130_fd_sc_hd__a21o_1)
                                                         nxt0[5] (net)
                      0.046591    0.000132    0.634496 ^ _154_/D (sky130_fd_sc_hd__dfrtp_1)
                                              0.634496   data arrival time

                                  0.000000    0.000000   clock clk (rise edge)
                                  0.000000    0.000000   clock source latency
     1    0.014197    0.052609    0.035369    0.035369 ^ clk (in)
                                                         clk (net)
                      0.052614    0.000000    0.035369 ^ clkbuf_0_clk/A (sky130_fd_sc_hd__clkbuf_16)
     4    0.042619    0.046937    0.104375    0.139744 ^ clkbuf_0_clk/X (sky130_fd_sc_hd__clkbuf_16)
                                                         clknet_0_clk (net)
                      0.046972    0.001114    0.140858 ^ clkbuf_2_1__f_clk/A (sky130_fd_sc_hd__clkbuf_16)
    10    0.029711    0.037945    0.095462    0.236320 ^ clkbuf_2_1__f_clk/X (sky130_fd_sc_hd__clkbuf_16)
                                                         clknet_2_1__leaf_clk (net)
                      0.037977    0.000975    0.237295 ^ _154_/CLK (sky130_fd_sc_hd__dfrtp_1)
                                  0.250000    0.487295   clock uncertainty
                                  0.000000    0.487295   clock reconvergence pessimism
                                 -0.020785    0.466510   library hold time
                                              0.466510   data required time
---------------------------------------------------------------------------------------------
                                              0.466510   data required time
                                             -0.634496   data arrival time
---------------------------------------------------------------------------------------------
                                              0.167985   slack (MET)


Startpoint: _178_ (rising edge-triggered flip-flop clocked by clk)
Endpoint: _163_ (rising edge-triggered flip-flop clocked by clk)
Path Group: clk
Path Type: min

Fanout         Cap        Slew       Delay        Time   Description
---------------------------------------------------------------------------------------------
                                  0.000000    0.000000   clock clk (rise edge)
                                  0.000000    0.000000   clock source latency
     1    0.014197    0.052609    0.035369    0.035369 ^ clk (in)
                                                         clk (net)
                      0.052614    0.000000    0.035369 ^ clkbuf_0_clk/A (sky130_fd_sc_hd__clkbuf_16)
     4    0.042619    0.046937    0.104375    0.139744 ^ clkbuf_0_clk/X (sky130_fd_sc_hd__clkbuf_16)
                                                         clknet_0_clk (net)
                      0.046971    0.001106    0.140850 ^ clkbuf_2_3__f_clk/A (sky130_fd_sc_hd__clkbuf_16)
    11    0.032212    0.039728    0.097173    0.238023 ^ clkbuf_2_3__f_clk/X (sky130_fd_sc_hd__clkbuf_16)
                                                         clknet_2_3__leaf_clk (net)
                      0.039732    0.000683    0.238706 ^ _178_/CLK (sky130_fd_sc_hd__dfrtp_4)
     9    0.040115    0.100078    0.306705    0.545411 ^ _178_/Q (sky130_fd_sc_hd__dfrtp_4)
                                                         cursor[2] (net)
                      0.100094    0.001245    0.546656 ^ _092_/A1 (sky130_fd_sc_hd__a21o_1)
     2    0.006201    0.046354    0.088208    0.634864 ^ _092_/X (sky130_fd_sc_hd__a21o_1)
                                                         nxt2[2] (net)
                      0.046354    0.000143    0.635007 ^ _163_/D (sky130_fd_sc_hd__dfrtp_1)
                                              0.635007   data arrival time

                                  0.000000    0.000000   clock clk (rise edge)
                                  0.000000    0.000000   clock source latency
     1    0.014197    0.052609    0.035369    0.035369 ^ clk (in)
                                                         clk (net)
                      0.052614    0.000000    0.035369 ^ clkbuf_0_clk/A (sky130_fd_sc_hd__clkbuf_16)
     4    0.042619    0.046937    0.104375    0.139744 ^ clkbuf_0_clk/X (sky130_fd_sc_hd__clkbuf_16)
                                                         clknet_0_clk (net)
                      0.046972    0.001118    0.140862 ^ clkbuf_2_0__f_clk/A (sky130_fd_sc_hd__clkbuf_16)
    10    0.030183    0.038278    0.095834    0.236696 ^ clkbuf_2_0__f_clk/X (sky130_fd_sc_hd__clkbuf_16)
                                                         clknet_2_0__leaf_clk (net)
                      0.038315    0.001051    0.237747 ^ _163_/CLK (sky130_fd_sc_hd__dfrtp_1)
                                  0.250000    0.487747   clock uncertainty
                                  0.000000    0.487747   clock reconvergence pessimism
                                 -0.020758    0.466989   library hold time
                                              0.466989   data required time
---------------------------------------------------------------------------------------------
                                              0.466989   data required time
                                             -0.635007   data arrival time
---------------------------------------------------------------------------------------------
                                              0.168018   slack (MET)


Startpoint: _181_ (rising edge-triggered flip-flop clocked by clk)
Endpoint: _166_ (rising edge-triggered flip-flop clocked by clk)
Path Group: clk
Path Type: min

Fanout         Cap        Slew       Delay        Time   Description
---------------------------------------------------------------------------------------------
                                  0.000000    0.000000   clock clk (rise edge)
                                  0.000000    0.000000   clock source latency
     1    0.014197    0.052609    0.035369    0.035369 ^ clk (in)
                                                         clk (net)
                      0.052614    0.000000    0.035369 ^ clkbuf_0_clk/A (sky130_fd_sc_hd__clkbuf_16)
     4    0.042619    0.046937    0.104375    0.139744 ^ clkbuf_0_clk/X (sky130_fd_sc_hd__clkbuf_16)
                                                         clknet_0_clk (net)
                      0.046972    0.001118    0.140862 ^ clkbuf_2_0__f_clk/A (sky130_fd_sc_hd__clkbuf_16)
    10    0.030183    0.038278    0.095834    0.236696 ^ clkbuf_2_0__f_clk/X (sky130_fd_sc_hd__clkbuf_16)
                                                         clknet_2_0__leaf_clk (net)
                      0.038282    0.000450    0.237146 ^ _181_/CLK (sky130_fd_sc_hd__dfrtp_4)
     9    0.041211    0.102214    0.307843    0.544989 ^ _181_/Q (sky130_fd_sc_hd__dfrtp_4)
                                                         cursor[5] (net)
                      0.102216    0.000685    0.545674 ^ _098_/A1 (sky130_fd_sc_hd__a21o_1)
     2    0.006231    0.046544    0.088628    0.634303 ^ _098_/X (sky130_fd_sc_hd__a21o_1)
                                                         nxt2[5] (net)
                      0.046544    0.000139    0.634442 ^ _166_/D (sky130_fd_sc_hd__dfrtp_1)
                                              0.634442   data arrival time

                                  0.000000    0.000000   clock clk (rise edge)
                                  0.000000    0.000000   clock source latency
     1    0.014197    0.052609    0.035369    0.035369 ^ clk (in)
                                                         clk (net)
                      0.052614    0.000000    0.035369 ^ clkbuf_0_clk/A (sky130_fd_sc_hd__clkbuf_16)
     4    0.042619    0.046937    0.104375    0.139744 ^ clkbuf_0_clk/X (sky130_fd_sc_hd__clkbuf_16)
                                                         clknet_0_clk (net)
                      0.046972    0.001118    0.140862 ^ clkbuf_2_0__f_clk/A (sky130_fd_sc_hd__clkbuf_16)
    10    0.030183    0.038278    0.095834    0.236696 ^ clkbuf_2_0__f_clk/X (sky130_fd_sc_hd__clkbuf_16)
                                                         clknet_2_0__leaf_clk (net)
                      0.038283    0.000483    0.237179 ^ _166_/CLK (sky130_fd_sc_hd__dfrtp_1)
                                  0.250000    0.487179   clock uncertainty
                                  0.000000    0.487179   clock reconvergence pessimism
                                 -0.020773    0.466406   library hold time
                                              0.466406   data required time
---------------------------------------------------------------------------------------------
                                              0.466406   data required time
                                             -0.634442   data arrival time
---------------------------------------------------------------------------------------------
                                              0.168036   slack (MET)


Startpoint: _180_ (rising edge-triggered flip-flop clocked by clk)
Endpoint: _165_ (rising edge-triggered flip-flop clocked by clk)
Path Group: clk
Path Type: min

Fanout         Cap        Slew       Delay        Time   Description
---------------------------------------------------------------------------------------------
                                  0.000000    0.000000   clock clk (rise edge)
                                  0.000000    0.000000   clock source latency
     1    0.014197    0.052609    0.035369    0.035369 ^ clk (in)
                                                         clk (net)
                      0.052614    0.000000    0.035369 ^ clkbuf_0_clk/A (sky130_fd_sc_hd__clkbuf_16)
     4    0.042619    0.046937    0.104375    0.139744 ^ clkbuf_0_clk/X (sky130_fd_sc_hd__clkbuf_16)
                                                         clknet_0_clk (net)
                      0.046972    0.001118    0.140862 ^ clkbuf_2_0__f_clk/A (sky130_fd_sc_hd__clkbuf_16)
    10    0.030183    0.038278    0.095834    0.236696 ^ clkbuf_2_0__f_clk/X (sky130_fd_sc_hd__clkbuf_16)
                                                         clknet_2_0__leaf_clk (net)
                      0.038281    0.000413    0.237109 ^ _180_/CLK (sky130_fd_sc_hd__dfrtp_4)
     9    0.041271    0.102334    0.307930    0.545040 ^ _180_/Q (sky130_fd_sc_hd__dfrtp_4)
                                                         cursor[4] (net)
                      0.102341    0.000932    0.545971 ^ _096_/A1 (sky130_fd_sc_hd__a21o_1)
     2    0.006554    0.048575    0.090106    0.636077 ^ _096_/X (sky130_fd_sc_hd__a21o_1)
                                                         nxt2[4] (net)
                      0.048575    0.000163    0.636241 ^ _165_/D (sky130_fd_sc_hd__dfrtp_1)
                                              0.636241   data arrival time

                                  0.000000    0.000000   clock clk (rise edge)
                                  0.000000    0.000000   clock source latency
     1    0.014197    0.052609    0.035369    0.035369 ^ clk (in)
                                                         clk (net)
                      0.052614    0.000000    0.035369 ^ clkbuf_0_clk/A (sky130_fd_sc_hd__clkbuf_16)
     4    0.042619    0.046937    0.104375    0.139744 ^ clkbuf_0_clk/X (sky130_fd_sc_hd__clkbuf_16)
                                                         clknet_0_clk (net)
                      0.046972    0.001118    0.140862 ^ clkbuf_2_0__f_clk/A (sky130_fd_sc_hd__clkbuf_16)
    10    0.030183    0.038278    0.095834    0.236696 ^ clkbuf_2_0__f_clk/X (sky130_fd_sc_hd__clkbuf_16)
                                                         clknet_2_0__leaf_clk (net)
                      0.038319    0.001088    0.237784 ^ _165_/CLK (sky130_fd_sc_hd__dfrtp_1)
                                  0.250000    0.487784   clock uncertainty
                                  0.000000    0.487784   clock reconvergence pessimism
                                 -0.020925    0.466859   library hold time
                                              0.466859   data required time
---------------------------------------------------------------------------------------------
                                              0.466859   data required time
                                             -0.636241   data arrival time
---------------------------------------------------------------------------------------------
                                              0.169382   slack (MET)


Startpoint: _178_ (rising edge-triggered flip-flop clocked by clk)
Endpoint: _151_ (rising edge-triggered flip-flop clocked by clk)
Path Group: clk
Path Type: min

Fanout         Cap        Slew       Delay        Time   Description
---------------------------------------------------------------------------------------------
                                  0.000000    0.000000   clock clk (rise edge)
                                  0.000000    0.000000   clock source latency
     1    0.014197    0.052609    0.035369    0.035369 ^ clk (in)
                                                         clk (net)
                      0.052614    0.000000    0.035369 ^ clkbuf_0_clk/A (sky130_fd_sc_hd__clkbuf_16)
     4    0.042619    0.046937    0.104375    0.139744 ^ clkbuf_0_clk/X (sky130_fd_sc_hd__clkbuf_16)
                                                         clknet_0_clk (net)
                      0.046971    0.001106    0.140850 ^ clkbuf_2_3__f_clk/A (sky130_fd_sc_hd__clkbuf_16)
    11    0.032212    0.039728    0.097173    0.238023 ^ clkbuf_2_3__f_clk/X (sky130_fd_sc_hd__clkbuf_16)
                                                         clknet_2_3__leaf_clk (net)
                      0.039732    0.000683    0.238706 ^ _178_/CLK (sky130_fd_sc_hd__dfrtp_4)
     9    0.040115    0.100078    0.306705    0.545411 ^ _178_/Q (sky130_fd_sc_hd__dfrtp_4)
                                                         cursor[2] (net)
                      0.100086    0.000984    0.546394 ^ _063_/A1 (sky130_fd_sc_hd__a21o_1)
     2    0.006818    0.050237    0.090999    0.637393 ^ _063_/X (sky130_fd_sc_hd__a21o_1)
                                                         nxt0[2] (net)
                      0.050237    0.000207    0.637600 ^ _151_/D (sky130_fd_sc_hd__dfrtp_1)
                                              0.637600   data arrival time

                                  0.000000    0.000000   clock clk (rise edge)
                                  0.000000    0.000000   clock source latency
     1    0.014197    0.052609    0.035369    0.035369 ^ clk (in)
                                                         clk (net)
                      0.052614    0.000000    0.035369 ^ clkbuf_0_clk/A (sky130_fd_sc_hd__clkbuf_16)
     4    0.042619    0.046937    0.104375    0.139744 ^ clkbuf_0_clk/X (sky130_fd_sc_hd__clkbuf_16)
                                                         clknet_0_clk (net)
                      0.046972    0.001114    0.140858 ^ clkbuf_2_1__f_clk/A (sky130_fd_sc_hd__clkbuf_16)
    10    0.029711    0.037945    0.095462    0.236320 ^ clkbuf_2_1__f_clk/X (sky130_fd_sc_hd__clkbuf_16)
                                                         clknet_2_1__leaf_clk (net)
                      0.037978    0.000988    0.237308 ^ _151_/CLK (sky130_fd_sc_hd__dfrtp_1)
                                  0.250000    0.487308   clock uncertainty
                                  0.000000    0.487308   clock reconvergence pessimism
                                 -0.021060    0.466248   library hold time
                                              0.466248   data required time
---------------------------------------------------------------------------------------------
                                              0.466248   data required time
                                             -0.637600   data arrival time
---------------------------------------------------------------------------------------------
                                              0.171352   slack (MET)


Startpoint: _181_ (rising edge-triggered flip-flop clocked by clk)
Endpoint: _160_ (rising edge-triggered flip-flop clocked by clk)
Path Group: clk
Path Type: min

Fanout         Cap        Slew       Delay        Time   Description
---------------------------------------------------------------------------------------------
                                  0.000000    0.000000   clock clk (rise edge)
                                  0.000000    0.000000   clock source latency
     1    0.014197    0.052609    0.035369    0.035369 ^ clk (in)
                                                         clk (net)
                      0.052614    0.000000    0.035369 ^ clkbuf_0_clk/A (sky130_fd_sc_hd__clkbuf_16)
     4    0.042619    0.046937    0.104375    0.139744 ^ clkbuf_0_clk/X (sky130_fd_sc_hd__clkbuf_16)
                                                         clknet_0_clk (net)
                      0.046972    0.001118    0.140862 ^ clkbuf_2_0__f_clk/A (sky130_fd_sc_hd__clkbuf_16)
    10    0.030183    0.038278    0.095834    0.236696 ^ clkbuf_2_0__f_clk/X (sky130_fd_sc_hd__clkbuf_16)
                                                         clknet_2_0__leaf_clk (net)
                      0.038282    0.000450    0.237146 ^ _181_/CLK (sky130_fd_sc_hd__dfrtp_4)
     9    0.041211    0.102214    0.307843    0.544989 ^ _181_/Q (sky130_fd_sc_hd__dfrtp_4)
                                                         cursor[5] (net)
                      0.102228    0.001246    0.546235 ^ _083_/A1 (sky130_fd_sc_hd__a21o_1)
     2    0.006324    0.047130    0.089032    0.635267 ^ _083_/X (sky130_fd_sc_hd__a21o_1)
                                                         nxt1[5] (net)
                      0.047130    0.000170    0.635437 ^ _160_/D (sky130_fd_sc_hd__dfrtp_1)
                                              0.635437   data arrival time

                                  0.000000    0.000000   clock clk (rise edge)
                                  0.000000    0.000000   clock source latency
     1    0.014197    0.052609    0.035369    0.035369 ^ clk (in)
                                                         clk (net)
                      0.052614    0.000000    0.035369 ^ clkbuf_0_clk/A (sky130_fd_sc_hd__clkbuf_16)
     4    0.042619    0.046937    0.104375    0.139744 ^ clkbuf_0_clk/X (sky130_fd_sc_hd__clkbuf_16)
                                                         clknet_0_clk (net)
                      0.046972    0.001119    0.140863 ^ clkbuf_2_2__f_clk/A (sky130_fd_sc_hd__clkbuf_16)
     8    0.025763    0.035118    0.092912    0.233775 ^ clkbuf_2_2__f_clk/X (sky130_fd_sc_hd__clkbuf_16)
                                                         clknet_2_2__leaf_clk (net)
                      0.035125    0.000469    0.234244 ^ _160_/CLK (sky130_fd_sc_hd__dfrtp_1)
                                  0.250000    0.484244   clock uncertainty
                                  0.000000    0.484244   clock reconvergence pessimism
                                 -0.020902    0.463342   library hold time
                                              0.463342   data required time
---------------------------------------------------------------------------------------------
                                              0.463342   data required time
                                             -0.635437   data arrival time
---------------------------------------------------------------------------------------------
                                              0.172095   slack (MET)


Startpoint: _180_ (rising edge-triggered flip-flop clocked by clk)
Endpoint: _159_ (rising edge-triggered flip-flop clocked by clk)
Path Group: clk
Path Type: min

Fanout         Cap        Slew       Delay        Time   Description
---------------------------------------------------------------------------------------------
                                  0.000000    0.000000   clock clk (rise edge)
                                  0.000000    0.000000   clock source latency
     1    0.014197    0.052609    0.035369    0.035369 ^ clk (in)
                                                         clk (net)
                      0.052614    0.000000    0.035369 ^ clkbuf_0_clk/A (sky130_fd_sc_hd__clkbuf_16)
     4    0.042619    0.046937    0.104375    0.139744 ^ clkbuf_0_clk/X (sky130_fd_sc_hd__clkbuf_16)
                                                         clknet_0_clk (net)
                      0.046972    0.001118    0.140862 ^ clkbuf_2_0__f_clk/A (sky130_fd_sc_hd__clkbuf_16)
    10    0.030183    0.038278    0.095834    0.236696 ^ clkbuf_2_0__f_clk/X (sky130_fd_sc_hd__clkbuf_16)
                                                         clknet_2_0__leaf_clk (net)
                      0.038281    0.000413    0.237109 ^ _180_/CLK (sky130_fd_sc_hd__dfrtp_4)
     9    0.041271    0.102334    0.307930    0.545040 ^ _180_/Q (sky130_fd_sc_hd__dfrtp_4)
                                                         cursor[4] (net)
                      0.102342    0.001002    0.546042 ^ _081_/A1 (sky130_fd_sc_hd__a21o_1)
     2    0.006537    0.048459    0.090017    0.636059 ^ _081_/X (sky130_fd_sc_hd__a21o_1)
                                                         nxt1[4] (net)
                      0.048459    0.000188    0.636247 ^ _159_/D (sky130_fd_sc_hd__dfrtp_1)
                                              0.636247   data arrival time

                                  0.000000    0.000000   clock clk (rise edge)
                                  0.000000    0.000000   clock source latency
     1    0.014197    0.052609    0.035369    0.035369 ^ clk (in)
                                                         clk (net)
                      0.052614    0.000000    0.035369 ^ clkbuf_0_clk/A (sky130_fd_sc_hd__clkbuf_16)
     4    0.042619    0.046937    0.104375    0.139744 ^ clkbuf_0_clk/X (sky130_fd_sc_hd__clkbuf_16)
                                                         clknet_0_clk (net)
                      0.046972    0.001119    0.140863 ^ clkbuf_2_2__f_clk/A (sky130_fd_sc_hd__clkbuf_16)
     8    0.025763    0.035118    0.092912    0.233775 ^ clkbuf_2_2__f_clk/X (sky130_fd_sc_hd__clkbuf_16)
                                                         clknet_2_2__leaf_clk (net)
                      0.035139    0.000729    0.234504 ^ _159_/CLK (sky130_fd_sc_hd__dfrtp_1)
                                  0.250000    0.484504   clock uncertainty
                                  0.000000    0.484504   clock reconvergence pessimism
                                 -0.021002    0.463502   library hold time
                                              0.463502   data required time
---------------------------------------------------------------------------------------------
                                              0.463502   data required time
                                             -0.636247   data arrival time
---------------------------------------------------------------------------------------------
                                              0.172745   slack (MET)


Startpoint: _176_ (rising edge-triggered flip-flop clocked by clk)
Endpoint: _161_ (rising edge-triggered flip-flop clocked by clk)
Path Group: clk
Path Type: min

Fanout         Cap        Slew       Delay        Time   Description
---------------------------------------------------------------------------------------------
                                  0.000000    0.000000   clock clk (rise edge)
                                  0.000000    0.000000   clock source latency
     1    0.014197    0.052609    0.035369    0.035369 ^ clk (in)
                                                         clk (net)
                      0.052614    0.000000    0.035369 ^ clkbuf_0_clk/A (sky130_fd_sc_hd__clkbuf_16)
     4    0.042619    0.046937    0.104375    0.139744 ^ clkbuf_0_clk/X (sky130_fd_sc_hd__clkbuf_16)
                                                         clknet_0_clk (net)
                      0.046972    0.001118    0.140862 ^ clkbuf_2_0__f_clk/A (sky130_fd_sc_hd__clkbuf_16)
    10    0.030183    0.038278    0.095834    0.236696 ^ clkbuf_2_0__f_clk/X (sky130_fd_sc_hd__clkbuf_16)
                                                         clknet_2_0__leaf_clk (net)
                      0.038297    0.000795    0.237491 ^ _176_/CLK (sky130_fd_sc_hd__dfstp_2)
     9    0.042557    0.073041    0.275636    0.513127 v _176_/Q (sky130_fd_sc_hd__dfstp_2)
                                                         cursor[0] (net)
                      0.073090    0.001716    0.514843 v _088_/A1 (sky130_fd_sc_hd__a21o_1)
     2    0.005119    0.025597    0.118347    0.633190 v _088_/X (sky130_fd_sc_hd__a21o_1)
                                                         nxt2[0] (net)
                      0.025598    0.000119    0.633309 v _161_/D (sky130_fd_sc_hd__dfrtp_1)
                                              0.633309   data arrival time

                                  0.000000    0.000000   clock clk (rise edge)
                                  0.000000    0.000000   clock source latency
     1    0.014197    0.052609    0.035369    0.035369 ^ clk (in)
                                                         clk (net)
                      0.052614    0.000000    0.035369 ^ clkbuf_0_clk/A (sky130_fd_sc_hd__clkbuf_16)
     4    0.042619    0.046937    0.104375    0.139744 ^ clkbuf_0_clk/X (sky130_fd_sc_hd__clkbuf_16)
                                                         clknet_0_clk (net)
                      0.046972    0.001118    0.140862 ^ clkbuf_2_0__f_clk/A (sky130_fd_sc_hd__clkbuf_16)
    10    0.030183    0.038278    0.095834    0.236696 ^ clkbuf_2_0__f_clk/X (sky130_fd_sc_hd__clkbuf_16)
                                                         clknet_2_0__leaf_clk (net)
                      0.038307    0.000947    0.237643 ^ _161_/CLK (sky130_fd_sc_hd__dfrtp_1)
                                  0.250000    0.487643   clock uncertainty
                                  0.000000    0.487643   clock reconvergence pessimism
                                 -0.029582    0.458060   library hold time
                                              0.458060   data required time
---------------------------------------------------------------------------------------------
                                              0.458060   data required time
                                             -0.633309   data arrival time
---------------------------------------------------------------------------------------------
                                              0.175249   slack (MET)


Startpoint: _177_ (rising edge-triggered flip-flop clocked by clk)
Endpoint: _162_ (rising edge-triggered flip-flop clocked by clk)
Path Group: clk
Path Type: min

Fanout         Cap        Slew       Delay        Time   Description
---------------------------------------------------------------------------------------------
                                  0.000000    0.000000   clock clk (rise edge)
                                  0.000000    0.000000   clock source latency
     1    0.014197    0.052609    0.035369    0.035369 ^ clk (in)
                                                         clk (net)
                      0.052614    0.000000    0.035369 ^ clkbuf_0_clk/A (sky130_fd_sc_hd__clkbuf_16)
     4    0.042619    0.046937    0.104375    0.139744 ^ clkbuf_0_clk/X (sky130_fd_sc_hd__clkbuf_16)
                                                         clknet_0_clk (net)
                      0.046971    0.001106    0.140850 ^ clkbuf_2_3__f_clk/A (sky130_fd_sc_hd__clkbuf_16)
    11    0.032212    0.039728    0.097173    0.238023 ^ clkbuf_2_3__f_clk/X (sky130_fd_sc_hd__clkbuf_16)
                                                         clknet_2_3__leaf_clk (net)
                      0.039733    0.000811    0.238834 ^ _177_/CLK (sky130_fd_sc_hd__dfrtp_4)
     9    0.040349    0.100350    0.306654    0.545488 ^ _177_/Q (sky130_fd_sc_hd__dfrtp_4)
                                                         cursor[1] (net)
                      0.100403    0.002156    0.547643 ^ _090_/A1 (sky130_fd_sc_hd__a21o_1)
     2    0.007431    0.054105    0.093775    0.641419 ^ _090_/X (sky130_fd_sc_hd__a21o_1)
                                                         nxt2[1] (net)
                      0.054105    0.000242    0.641661 ^ _162_/D (sky130_fd_sc_hd__dfrtp_1)
                                              0.641661   data arrival time

                                  0.000000    0.000000   clock clk (rise edge)
                                  0.000000    0.000000   clock source latency
     1    0.014197    0.052609    0.035369    0.035369 ^ clk (in)
                                                         clk (net)
                      0.052614    0.000000    0.035369 ^ clkbuf_0_clk/A (sky130_fd_sc_hd__clkbuf_16)
     4    0.042619    0.046937    0.104375    0.139744 ^ clkbuf_0_clk/X (sky130_fd_sc_hd__clkbuf_16)
                                                         clknet_0_clk (net)
                      0.046972    0.001118    0.140862 ^ clkbuf_2_0__f_clk/A (sky130_fd_sc_hd__clkbuf_16)
    10    0.030183    0.038278    0.095834    0.236696 ^ clkbuf_2_0__f_clk/X (sky130_fd_sc_hd__clkbuf_16)
                                                         clknet_2_0__leaf_clk (net)
                      0.038304    0.000895    0.237591 ^ _162_/CLK (sky130_fd_sc_hd__dfrtp_1)
                                  0.250000    0.487591   clock uncertainty
                                  0.000000    0.487591   clock reconvergence pessimism
                                 -0.021344    0.466247   library hold time
                                              0.466247   data required time
---------------------------------------------------------------------------------------------
                                              0.466247   data required time
                                             -0.641661   data arrival time
---------------------------------------------------------------------------------------------
                                              0.175413   slack (MET)


Startpoint: _176_ (rising edge-triggered flip-flop clocked by clk)
Endpoint: _149_ (rising edge-triggered flip-flop clocked by clk)
Path Group: clk
Path Type: min

Fanout         Cap        Slew       Delay        Time   Description
---------------------------------------------------------------------------------------------
                                  0.000000    0.000000   clock clk (rise edge)
                                  0.000000    0.000000   clock source latency
     1    0.014197    0.052609    0.035369    0.035369 ^ clk (in)
                                                         clk (net)
                      0.052614    0.000000    0.035369 ^ clkbuf_0_clk/A (sky130_fd_sc_hd__clkbuf_16)
     4    0.042619    0.046937    0.104375    0.139744 ^ clkbuf_0_clk/X (sky130_fd_sc_hd__clkbuf_16)
                                                         clknet_0_clk (net)
                      0.046972    0.001118    0.140862 ^ clkbuf_2_0__f_clk/A (sky130_fd_sc_hd__clkbuf_16)
    10    0.030183    0.038278    0.095834    0.236696 ^ clkbuf_2_0__f_clk/X (sky130_fd_sc_hd__clkbuf_16)
                                                         clknet_2_0__leaf_clk (net)
                      0.038297    0.000795    0.237491 ^ _176_/CLK (sky130_fd_sc_hd__dfstp_2)
     9    0.042557    0.073041    0.275636    0.513127 v _176_/Q (sky130_fd_sc_hd__dfstp_2)
                                                         cursor[0] (net)
                      0.073046    0.000610    0.513737 v _059_/A1 (sky130_fd_sc_hd__a21o_1)
     2    0.005372    0.026302    0.119094    0.632831 v _059_/X (sky130_fd_sc_hd__a21o_1)
                                                         nxt0[0] (net)
                      0.026302    0.000109    0.632939 v _149_/D (sky130_fd_sc_hd__dfrtp_1)
                                              0.632939   data arrival time

                                  0.000000    0.000000   clock clk (rise edge)
                                  0.000000    0.000000   clock source latency
     1    0.014197    0.052609    0.035369    0.035369 ^ clk (in)
                                                         clk (net)
                      0.052614    0.000000    0.035369 ^ clkbuf_0_clk/A (sky130_fd_sc_hd__clkbuf_16)
     4    0.042619    0.046937    0.104375    0.139744 ^ clkbuf_0_clk/X (sky130_fd_sc_hd__clkbuf_16)
                                                         clknet_0_clk (net)
                      0.046972    0.001114    0.140858 ^ clkbuf_2_1__f_clk/A (sky130_fd_sc_hd__clkbuf_16)
    10    0.029711    0.037945    0.095462    0.236320 ^ clkbuf_2_1__f_clk/X (sky130_fd_sc_hd__clkbuf_16)
                                                         clknet_2_1__leaf_clk (net)
                      0.037953    0.000549    0.236869 ^ _149_/CLK (sky130_fd_sc_hd__dfrtp_1)
                                  0.250000    0.486869   clock uncertainty
                                  0.000000    0.486869   clock reconvergence pessimism
                                 -0.029846    0.457022   library hold time
                                              0.457022   data required time
---------------------------------------------------------------------------------------------
                                              0.457022   data required time
                                             -0.632939   data arrival time
---------------------------------------------------------------------------------------------
                                              0.175917   slack (MET)


Startpoint: _177_ (rising edge-triggered flip-flop clocked by clk)
Endpoint: _156_ (rising edge-triggered flip-flop clocked by clk)
Path Group: clk
Path Type: min

Fanout         Cap        Slew       Delay        Time   Description
---------------------------------------------------------------------------------------------
                                  0.000000    0.000000   clock clk (rise edge)
                                  0.000000    0.000000   clock source latency
     1    0.014197    0.052609    0.035369    0.035369 ^ clk (in)
                                                         clk (net)
                      0.052614    0.000000    0.035369 ^ clkbuf_0_clk/A (sky130_fd_sc_hd__clkbuf_16)
     4    0.042619    0.046937    0.104375    0.139744 ^ clkbuf_0_clk/X (sky130_fd_sc_hd__clkbuf_16)
                                                         clknet_0_clk (net)
                      0.046971    0.001106    0.140850 ^ clkbuf_2_3__f_clk/A (sky130_fd_sc_hd__clkbuf_16)
    11    0.032212    0.039728    0.097173    0.238023 ^ clkbuf_2_3__f_clk/X (sky130_fd_sc_hd__clkbuf_16)
                                                         clknet_2_3__leaf_clk (net)
                      0.039733    0.000811    0.238834 ^ _177_/CLK (sky130_fd_sc_hd__dfrtp_4)
     9    0.040349    0.100350    0.306654    0.545488 ^ _177_/Q (sky130_fd_sc_hd__dfrtp_4)
                                                         cursor[1] (net)
                      0.100370    0.001462    0.546950 ^ _075_/A1 (sky130_fd_sc_hd__a21o_1)
     2    0.007220    0.052771    0.092864    0.639814 ^ _075_/X (sky130_fd_sc_hd__a21o_1)
                                                         nxt1[1] (net)
                      0.052771    0.000179    0.639993 ^ _156_/D (sky130_fd_sc_hd__dfrtp_1)
                                              0.639993   data arrival time

                                  0.000000    0.000000   clock clk (rise edge)
                                  0.000000    0.000000   clock source latency
     1    0.014197    0.052609    0.035369    0.035369 ^ clk (in)
                                                         clk (net)
                      0.052614    0.000000    0.035369 ^ clkbuf_0_clk/A (sky130_fd_sc_hd__clkbuf_16)
     4    0.042619    0.046937    0.104375    0.139744 ^ clkbuf_0_clk/X (sky130_fd_sc_hd__clkbuf_16)
                                                         clknet_0_clk (net)
                      0.046972    0.001119    0.140863 ^ clkbuf_2_2__f_clk/A (sky130_fd_sc_hd__clkbuf_16)
     8    0.025763    0.035118    0.092912    0.233775 ^ clkbuf_2_2__f_clk/X (sky130_fd_sc_hd__clkbuf_16)
                                                         clknet_2_2__leaf_clk (net)
                      0.035126    0.000492    0.234267 ^ _156_/CLK (sky130_fd_sc_hd__dfrtp_1)
                                  0.250000    0.484267   clock uncertainty
                                  0.000000    0.484267   clock reconvergence pessimism
                                 -0.021328    0.462939   library hold time
                                              0.462939   data required time
---------------------------------------------------------------------------------------------
                                              0.462939   data required time
                                             -0.639993   data arrival time
---------------------------------------------------------------------------------------------
                                              0.177054   slack (MET)


Startpoint: _176_ (rising edge-triggered flip-flop clocked by clk)
Endpoint: _155_ (rising edge-triggered flip-flop clocked by clk)
Path Group: clk
Path Type: min

Fanout         Cap        Slew       Delay        Time   Description
---------------------------------------------------------------------------------------------
                                  0.000000    0.000000   clock clk (rise edge)
                                  0.000000    0.000000   clock source latency
     1    0.014197    0.052609    0.035369    0.035369 ^ clk (in)
                                                         clk (net)
                      0.052614    0.000000    0.035369 ^ clkbuf_0_clk/A (sky130_fd_sc_hd__clkbuf_16)
     4    0.042619    0.046937    0.104375    0.139744 ^ clkbuf_0_clk/X (sky130_fd_sc_hd__clkbuf_16)
                                                         clknet_0_clk (net)
                      0.046972    0.001118    0.140862 ^ clkbuf_2_0__f_clk/A (sky130_fd_sc_hd__clkbuf_16)
    10    0.030183    0.038278    0.095834    0.236696 ^ clkbuf_2_0__f_clk/X (sky130_fd_sc_hd__clkbuf_16)
                                                         clknet_2_0__leaf_clk (net)
                      0.038297    0.000795    0.237491 ^ _176_/CLK (sky130_fd_sc_hd__dfstp_2)
     9    0.042557    0.073041    0.275636    0.513127 v _176_/Q (sky130_fd_sc_hd__dfstp_2)
                                                         cursor[0] (net)
                      0.073079    0.001518    0.514645 v _073_/A1 (sky130_fd_sc_hd__a21o_1)
     2    0.008846    0.036467    0.129626    0.644270 v _073_/X (sky130_fd_sc_hd__a21o_1)
                                                         nxt1[0] (net)
                      0.036467    0.000159    0.644430 v _155_/D (sky130_fd_sc_hd__dfrtp_1)
                                              0.644430   data arrival time

                                  0.000000    0.000000   clock clk (rise edge)
                                  0.000000    0.000000   clock source latency
     1    0.014197    0.052609    0.035369    0.035369 ^ clk (in)
                                                         clk (net)
                      0.052614    0.000000    0.035369 ^ clkbuf_0_clk/A (sky130_fd_sc_hd__clkbuf_16)
     4    0.042619    0.046937    0.104375    0.139744 ^ clkbuf_0_clk/X (sky130_fd_sc_hd__clkbuf_16)
                                                         clknet_0_clk (net)
                      0.046972    0.001119    0.140863 ^ clkbuf_2_2__f_clk/A (sky130_fd_sc_hd__clkbuf_16)
     8    0.025763    0.035118    0.092912    0.233775 ^ clkbuf_2_2__f_clk/X (sky130_fd_sc_hd__clkbuf_16)
                                                         clknet_2_2__leaf_clk (net)
                      0.035130    0.000578    0.234353 ^ _155_/CLK (sky130_fd_sc_hd__dfrtp_1)
                                  0.250000    0.484353   clock uncertainty
                                  0.000000    0.484353   clock reconvergence pessimism
                                 -0.033429    0.450924   library hold time
                                              0.450924   data required time
---------------------------------------------------------------------------------------------
                                              0.450924   data required time
                                             -0.644430   data arrival time
---------------------------------------------------------------------------------------------
                                              0.193505   slack (MET)


Startpoint: _183_ (rising edge-triggered flip-flop clocked by clk)
Endpoint: _183_ (rising edge-triggered flip-flop clocked by clk)
Path Group: clk
Path Type: min

Fanout         Cap        Slew       Delay        Time   Description
---------------------------------------------------------------------------------------------
                                  0.000000    0.000000   clock clk (rise edge)
                                  0.000000    0.000000   clock source latency
     1    0.014197    0.052609    0.035369    0.035369 ^ clk (in)
                                                         clk (net)
                      0.052614    0.000000    0.035369 ^ clkbuf_0_clk/A (sky130_fd_sc_hd__clkbuf_16)
     4    0.042619    0.046937    0.104375    0.139744 ^ clkbuf_0_clk/X (sky130_fd_sc_hd__clkbuf_16)
                                                         clknet_0_clk (net)
                      0.046971    0.001106    0.140850 ^ clkbuf_2_3__f_clk/A (sky130_fd_sc_hd__clkbuf_16)
    11    0.032212    0.039728    0.097173    0.238023 ^ clkbuf_2_3__f_clk/X (sky130_fd_sc_hd__clkbuf_16)
                                                         clknet_2_3__leaf_clk (net)
                      0.039734    0.000863    0.238886 ^ _183_/CLK (sky130_fd_sc_hd__dfrtp_1)
     2    0.009064    0.068831    0.230190    0.469076 ^ _183_/Q (sky130_fd_sc_hd__dfrtp_1)
                                                         cnt[1] (net)
                      0.068831    0.000240    0.469316 ^ fanout31/A (sky130_fd_sc_hd__clkbuf_2)
     9    0.031804    0.135165    0.148802    0.618118 ^ fanout31/X (sky130_fd_sc_hd__clkbuf_2)
                                                         net31 (net)
                      0.135171    0.000753    0.618871 ^ _053_/B1 (sky130_fd_sc_hd__a21o_1)
     1    0.002684    0.026183    0.052551    0.671422 ^ _053_/X (sky130_fd_sc_hd__a21o_1)
                                                         _037_ (net)
                      0.026183    0.000079    0.671501 ^ _183_/D (sky130_fd_sc_hd__dfrtp_1)
                                              0.671501   data arrival time

                                  0.000000    0.000000   clock clk (rise edge)
                                  0.000000    0.000000   clock source latency
     1    0.014197    0.052609    0.035369    0.035369 ^ clk (in)
                                                         clk (net)
                      0.052614    0.000000    0.035369 ^ clkbuf_0_clk/A (sky130_fd_sc_hd__clkbuf_16)
     4    0.042619    0.046937    0.104375    0.139744 ^ clkbuf_0_clk/X (sky130_fd_sc_hd__clkbuf_16)
                                                         clknet_0_clk (net)
                      0.046971    0.001106    0.140850 ^ clkbuf_2_3__f_clk/A (sky130_fd_sc_hd__clkbuf_16)
    11    0.032212    0.039728    0.097173    0.238023 ^ clkbuf_2_3__f_clk/X (sky130_fd_sc_hd__clkbuf_16)
                                                         clknet_2_3__leaf_clk (net)
                      0.039734    0.000863    0.238886 ^ _183_/CLK (sky130_fd_sc_hd__dfrtp_1)
                                  0.250000    0.488886   clock uncertainty
                                  0.000000    0.488886   clock reconvergence pessimism
                                 -0.019197    0.469689   library hold time
                                              0.469689   data required time
---------------------------------------------------------------------------------------------
                                              0.469689   data required time
                                             -0.671501   data arrival time
---------------------------------------------------------------------------------------------
                                              0.201812   slack (MET)


Startpoint: _177_ (rising edge-triggered flip-flop clocked by clk)
Endpoint: _173_ (rising edge-triggered flip-flop clocked by clk)
Path Group: clk
Path Type: min

Fanout         Cap        Slew       Delay        Time   Description
---------------------------------------------------------------------------------------------
                                  0.000000    0.000000   clock clk (rise edge)
                                  0.000000    0.000000   clock source latency
     1    0.014197    0.052609    0.035369    0.035369 ^ clk (in)
                                                         clk (net)
                      0.052614    0.000000    0.035369 ^ clkbuf_0_clk/A (sky130_fd_sc_hd__clkbuf_16)
     4    0.042619    0.046937    0.104375    0.139744 ^ clkbuf_0_clk/X (sky130_fd_sc_hd__clkbuf_16)
                                                         clknet_0_clk (net)
                      0.046971    0.001106    0.140850 ^ clkbuf_2_3__f_clk/A (sky130_fd_sc_hd__clkbuf_16)
    11    0.032212    0.039728    0.097173    0.238023 ^ clkbuf_2_3__f_clk/X (sky130_fd_sc_hd__clkbuf_16)
                                                         clknet_2_3__leaf_clk (net)
                      0.039733    0.000811    0.238834 ^ _177_/CLK (sky130_fd_sc_hd__dfrtp_4)
     9    0.040349    0.100350    0.306654    0.545488 ^ _177_/Q (sky130_fd_sc_hd__dfrtp_4)
                                                         cursor[1] (net)
                      0.100409    0.002252    0.547740 ^ _061_/A1 (sky130_fd_sc_hd__a21o_1)
     2    0.004843    0.037844    0.082093    0.629833 ^ _061_/X (sky130_fd_sc_hd__a21o_1)
                                                         nxt0[1] (net)
                      0.037844    0.000115    0.629948 ^ _071_/B (sky130_fd_sc_hd__and3_1)
     1    0.002626    0.032986    0.085094    0.715042 ^ _071_/X (sky130_fd_sc_hd__and3_1)
                                                         done_comb[0] (net)
                      0.032986    0.000076    0.715118 ^ _173_/D (sky130_fd_sc_hd__dfrtp_1)
                                              0.715118   data arrival time

                                  0.000000    0.000000   clock clk (rise edge)
                                  0.000000    0.000000   clock source latency
     1    0.014197    0.052609    0.035369    0.035369 ^ clk (in)
                                                         clk (net)
                      0.052614    0.000000    0.035369 ^ clkbuf_0_clk/A (sky130_fd_sc_hd__clkbuf_16)
     4    0.042619    0.046937    0.104375    0.139744 ^ clkbuf_0_clk/X (sky130_fd_sc_hd__clkbuf_16)
                                                         clknet_0_clk (net)
                      0.046972    0.001114    0.140858 ^ clkbuf_2_1__f_clk/A (sky130_fd_sc_hd__clkbuf_16)
    10    0.029711    0.037945    0.095462    0.236320 ^ clkbuf_2_1__f_clk/X (sky130_fd_sc_hd__clkbuf_16)
                                                         clknet_2_1__leaf_clk (net)
                      0.037953    0.000558    0.236878 ^ _173_/CLK (sky130_fd_sc_hd__dfrtp_1)
                                  0.250000    0.486878   clock uncertainty
                                  0.000000    0.486878   clock reconvergence pessimism
                                 -0.019758    0.467120   library hold time
                                              0.467120   data required time
---------------------------------------------------------------------------------------------
                                              0.467120   data required time
                                             -0.715118   data arrival time
---------------------------------------------------------------------------------------------
                                              0.247998   slack (MET)


Startpoint: _177_ (rising edge-triggered flip-flop clocked by clk)
Endpoint: _174_ (rising edge-triggered flip-flop clocked by clk)
Path Group: clk
Path Type: min

Fanout         Cap        Slew       Delay        Time   Description
---------------------------------------------------------------------------------------------
                                  0.000000    0.000000   clock clk (rise edge)
                                  0.000000    0.000000   clock source latency
     1    0.014197    0.052609    0.035369    0.035369 ^ clk (in)
                                                         clk (net)
                      0.052614    0.000000    0.035369 ^ clkbuf_0_clk/A (sky130_fd_sc_hd__clkbuf_16)
     4    0.042619    0.046937    0.104375    0.139744 ^ clkbuf_0_clk/X (sky130_fd_sc_hd__clkbuf_16)
                                                         clknet_0_clk (net)
                      0.046971    0.001106    0.140850 ^ clkbuf_2_3__f_clk/A (sky130_fd_sc_hd__clkbuf_16)
    11    0.032212    0.039728    0.097173    0.238023 ^ clkbuf_2_3__f_clk/X (sky130_fd_sc_hd__clkbuf_16)
                                                         clknet_2_3__leaf_clk (net)
                      0.039733    0.000811    0.238834 ^ _177_/CLK (sky130_fd_sc_hd__dfrtp_4)
     9    0.040349    0.100350    0.306654    0.545488 ^ _177_/Q (sky130_fd_sc_hd__dfrtp_4)
                                                         cursor[1] (net)
                      0.100370    0.001462    0.546950 ^ _075_/A1 (sky130_fd_sc_hd__a21o_1)
     2    0.007220    0.052771    0.092864    0.639814 ^ _075_/X (sky130_fd_sc_hd__a21o_1)
                                                         nxt1[1] (net)
                      0.052771    0.000183    0.639997 ^ _085_/B (sky130_fd_sc_hd__and3_1)
     1    0.002843    0.034357    0.090030    0.730027 ^ _085_/X (sky130_fd_sc_hd__and3_1)
                                                         done_comb[1] (net)
                      0.034357    0.000084    0.730111 ^ _174_/D (sky130_fd_sc_hd__dfrtp_1)
                                              0.730111   data arrival time

                                  0.000000    0.000000   clock clk (rise edge)
                                  0.000000    0.000000   clock source latency
     1    0.014197    0.052609    0.035369    0.035369 ^ clk (in)
                                                         clk (net)
                      0.052614    0.000000    0.035369 ^ clkbuf_0_clk/A (sky130_fd_sc_hd__clkbuf_16)
     4    0.042619    0.046937    0.104375    0.139744 ^ clkbuf_0_clk/X (sky130_fd_sc_hd__clkbuf_16)
                                                         clknet_0_clk (net)
                      0.046972    0.001119    0.140863 ^ clkbuf_2_2__f_clk/A (sky130_fd_sc_hd__clkbuf_16)
     8    0.025763    0.035118    0.092912    0.233775 ^ clkbuf_2_2__f_clk/X (sky130_fd_sc_hd__clkbuf_16)
                                                         clknet_2_2__leaf_clk (net)
                      0.035124    0.000439    0.234214 ^ _174_/CLK (sky130_fd_sc_hd__dfrtp_1)
                                  0.250000    0.484214   clock uncertainty
                                  0.000000    0.484214   clock reconvergence pessimism
                                 -0.019936    0.464278   library hold time
                                              0.464278   data required time
---------------------------------------------------------------------------------------------
                                              0.464278   data required time
                                             -0.730111   data arrival time
---------------------------------------------------------------------------------------------
                                              0.265834   slack (MET)


Startpoint: _176_ (rising edge-triggered flip-flop clocked by clk)
Endpoint: _175_ (rising edge-triggered flip-flop clocked by clk)
Path Group: clk
Path Type: min

Fanout         Cap        Slew       Delay        Time   Description
---------------------------------------------------------------------------------------------
                                  0.000000    0.000000   clock clk (rise edge)
                                  0.000000    0.000000   clock source latency
     1    0.014197    0.052609    0.035369    0.035369 ^ clk (in)
                                                         clk (net)
                      0.052614    0.000000    0.035369 ^ clkbuf_0_clk/A (sky130_fd_sc_hd__clkbuf_16)
     4    0.042619    0.046937    0.104375    0.139744 ^ clkbuf_0_clk/X (sky130_fd_sc_hd__clkbuf_16)
                                                         clknet_0_clk (net)
                      0.046972    0.001118    0.140862 ^ clkbuf_2_0__f_clk/A (sky130_fd_sc_hd__clkbuf_16)
    10    0.030183    0.038278    0.095834    0.236696 ^ clkbuf_2_0__f_clk/X (sky130_fd_sc_hd__clkbuf_16)
                                                         clknet_2_0__leaf_clk (net)
                      0.038297    0.000795    0.237491 ^ _176_/CLK (sky130_fd_sc_hd__dfstp_2)
     9    0.042557    0.073041    0.275636    0.513127 v _176_/Q (sky130_fd_sc_hd__dfstp_2)
                                                         cursor[0] (net)
                      0.073090    0.001716    0.514843 v _088_/A1 (sky130_fd_sc_hd__a21o_1)
     2    0.005119    0.025597    0.118347    0.633190 v _088_/X (sky130_fd_sc_hd__a21o_1)
                                                         nxt2[0] (net)
                      0.025597    0.000082    0.633272 v _100_/A (sky130_fd_sc_hd__and3_1)
     1    0.004470    0.028551    0.091073    0.724345 v _100_/X (sky130_fd_sc_hd__and3_1)
                                                         done_comb[2] (net)
                      0.028551    0.000132    0.724477 v _175_/D (sky130_fd_sc_hd__dfrtp_1)
                                              0.724477   data arrival time

                                  0.000000    0.000000   clock clk (rise edge)
                                  0.000000    0.000000   clock source latency
     1    0.014197    0.052609    0.035369    0.035369 ^ clk (in)
                                                         clk (net)
                      0.052614    0.000000    0.035369 ^ clkbuf_0_clk/A (sky130_fd_sc_hd__clkbuf_16)
     4    0.042619    0.046937    0.104375    0.139744 ^ clkbuf_0_clk/X (sky130_fd_sc_hd__clkbuf_16)
                                                         clknet_0_clk (net)
                      0.046972    0.001118    0.140862 ^ clkbuf_2_0__f_clk/A (sky130_fd_sc_hd__clkbuf_16)
    10    0.030183    0.038278    0.095834    0.236696 ^ clkbuf_2_0__f_clk/X (sky130_fd_sc_hd__clkbuf_16)
                                                         clknet_2_0__leaf_clk (net)
                      0.038286    0.000574    0.237270 ^ _175_/CLK (sky130_fd_sc_hd__dfrtp_1)
                                  0.250000    0.487270   clock uncertainty
                                  0.000000    0.487270   clock reconvergence pessimism
                                 -0.030545    0.456726   library hold time
                                              0.456726   data required time
---------------------------------------------------------------------------------------------
                                              0.456726   data required time
                                             -0.724477   data arrival time
---------------------------------------------------------------------------------------------
                                              0.267751   slack (MET)


Startpoint: _176_ (rising edge-triggered flip-flop clocked by clk)
Endpoint: _177_ (rising edge-triggered flip-flop clocked by clk)
Path Group: clk
Path Type: min

Fanout         Cap        Slew       Delay        Time   Description
---------------------------------------------------------------------------------------------
                                  0.000000    0.000000   clock clk (rise edge)
                                  0.000000    0.000000   clock source latency
     1    0.014197    0.052609    0.035369    0.035369 ^ clk (in)
                                                         clk (net)
                      0.052614    0.000000    0.035369 ^ clkbuf_0_clk/A (sky130_fd_sc_hd__clkbuf_16)
     4    0.042619    0.046937    0.104375    0.139744 ^ clkbuf_0_clk/X (sky130_fd_sc_hd__clkbuf_16)
                                                         clknet_0_clk (net)
                      0.046972    0.001118    0.140862 ^ clkbuf_2_0__f_clk/A (sky130_fd_sc_hd__clkbuf_16)
    10    0.030183    0.038278    0.095834    0.236696 ^ clkbuf_2_0__f_clk/X (sky130_fd_sc_hd__clkbuf_16)
                                                         clknet_2_0__leaf_clk (net)
                      0.038297    0.000795    0.237491 ^ _176_/CLK (sky130_fd_sc_hd__dfstp_2)
     9    0.042557    0.073041    0.275636    0.513127 v _176_/Q (sky130_fd_sc_hd__dfstp_2)
                                                         cursor[0] (net)
                      0.073060    0.001127    0.514254 v hold25/A (sky130_fd_sc_hd__dlygate4sd3_1)
     1    0.004493    0.044055    0.385308    0.899562 v hold25/X (sky130_fd_sc_hd__dlygate4sd3_1)
                                                         net66 (net)
                      0.044055    0.000166    0.899728 v _177_/D (sky130_fd_sc_hd__dfrtp_4)
                                              0.899728   data arrival time

                                  0.000000    0.000000   clock clk (rise edge)
                                  0.000000    0.000000   clock source latency
     1    0.014197    0.052609    0.035369    0.035369 ^ clk (in)
                                                         clk (net)
                      0.052614    0.000000    0.035369 ^ clkbuf_0_clk/A (sky130_fd_sc_hd__clkbuf_16)
     4    0.042619    0.046937    0.104375    0.139744 ^ clkbuf_0_clk/X (sky130_fd_sc_hd__clkbuf_16)
                                                         clknet_0_clk (net)
                      0.046971    0.001106    0.140850 ^ clkbuf_2_3__f_clk/A (sky130_fd_sc_hd__clkbuf_16)
    11    0.032212    0.039728    0.097173    0.238023 ^ clkbuf_2_3__f_clk/X (sky130_fd_sc_hd__clkbuf_16)
                                                         clknet_2_3__leaf_clk (net)
                      0.039733    0.000811    0.238834 ^ _177_/CLK (sky130_fd_sc_hd__dfrtp_4)
                                  0.250000    0.488834   clock uncertainty
                                  0.000000    0.488834   clock reconvergence pessimism
                                 -0.031696    0.457138   library hold time
                                              0.457138   data required time
---------------------------------------------------------------------------------------------
                                              0.457138   data required time
                                             -0.899728   data arrival time
---------------------------------------------------------------------------------------------
                                              0.442590   slack (MET)


Startpoint: _179_ (rising edge-triggered flip-flop clocked by clk)
Endpoint: _180_ (rising edge-triggered flip-flop clocked by clk)
Path Group: clk
Path Type: min

Fanout         Cap        Slew       Delay        Time   Description
---------------------------------------------------------------------------------------------
                                  0.000000    0.000000   clock clk (rise edge)
                                  0.000000    0.000000   clock source latency
     1    0.014197    0.052609    0.035369    0.035369 ^ clk (in)
                                                         clk (net)
                      0.052614    0.000000    0.035369 ^ clkbuf_0_clk/A (sky130_fd_sc_hd__clkbuf_16)
     4    0.042619    0.046937    0.104375    0.139744 ^ clkbuf_0_clk/X (sky130_fd_sc_hd__clkbuf_16)
                                                         clknet_0_clk (net)
                      0.046972    0.001114    0.140858 ^ clkbuf_2_1__f_clk/A (sky130_fd_sc_hd__clkbuf_16)
    10    0.029711    0.037945    0.095462    0.236320 ^ clkbuf_2_1__f_clk/X (sky130_fd_sc_hd__clkbuf_16)
                                                         clknet_2_1__leaf_clk (net)
                      0.037984    0.001064    0.237383 ^ _179_/CLK (sky130_fd_sc_hd__dfrtp_4)
     9    0.040207    0.100230    0.306389    0.543772 ^ _179_/Q (sky130_fd_sc_hd__dfrtp_4)
                                                         cursor[3] (net)
                      0.100232    0.000630    0.544402 ^ hold27/A (sky130_fd_sc_hd__dlygate4sd3_1)
     1    0.002525    0.035643    0.381160    0.925563 ^ hold27/X (sky130_fd_sc_hd__dlygate4sd3_1)
                                                         net68 (net)
                      0.035643    0.000073    0.925635 ^ _180_/D (sky130_fd_sc_hd__dfrtp_4)
                                              0.925635   data arrival time

                                  0.000000    0.000000   clock clk (rise edge)
                                  0.000000    0.000000   clock source latency
     1    0.014197    0.052609    0.035369    0.035369 ^ clk (in)
                                                         clk (net)
                      0.052614    0.000000    0.035369 ^ clkbuf_0_clk/A (sky130_fd_sc_hd__clkbuf_16)
     4    0.042619    0.046937    0.104375    0.139744 ^ clkbuf_0_clk/X (sky130_fd_sc_hd__clkbuf_16)
                                                         clknet_0_clk (net)
                      0.046972    0.001118    0.140862 ^ clkbuf_2_0__f_clk/A (sky130_fd_sc_hd__clkbuf_16)
    10    0.030183    0.038278    0.095834    0.236696 ^ clkbuf_2_0__f_clk/X (sky130_fd_sc_hd__clkbuf_16)
                                                         clknet_2_0__leaf_clk (net)
                      0.038281    0.000413    0.237109 ^ _180_/CLK (sky130_fd_sc_hd__dfrtp_4)
                                  0.250000    0.487109   clock uncertainty
                                  0.000000    0.487109   clock reconvergence pessimism
                                 -0.019950    0.467160   library hold time
                                              0.467160   data required time
---------------------------------------------------------------------------------------------
                                              0.467160   data required time
                                             -0.925635   data arrival time
---------------------------------------------------------------------------------------------
                                              0.458476   slack (MET)


Startpoint: _180_ (rising edge-triggered flip-flop clocked by clk)
Endpoint: _181_ (rising edge-triggered flip-flop clocked by clk)
Path Group: clk
Path Type: min

Fanout         Cap        Slew       Delay        Time   Description
---------------------------------------------------------------------------------------------
                                  0.000000    0.000000   clock clk (rise edge)
                                  0.000000    0.000000   clock source latency
     1    0.014197    0.052609    0.035369    0.035369 ^ clk (in)
                                                         clk (net)
                      0.052614    0.000000    0.035369 ^ clkbuf_0_clk/A (sky130_fd_sc_hd__clkbuf_16)
     4    0.042619    0.046937    0.104375    0.139744 ^ clkbuf_0_clk/X (sky130_fd_sc_hd__clkbuf_16)
                                                         clknet_0_clk (net)
                      0.046972    0.001118    0.140862 ^ clkbuf_2_0__f_clk/A (sky130_fd_sc_hd__clkbuf_16)
    10    0.030183    0.038278    0.095834    0.236696 ^ clkbuf_2_0__f_clk/X (sky130_fd_sc_hd__clkbuf_16)
                                                         clknet_2_0__leaf_clk (net)
                      0.038281    0.000413    0.237109 ^ _180_/CLK (sky130_fd_sc_hd__dfrtp_4)
     9    0.041271    0.102334    0.307930    0.545040 ^ _180_/Q (sky130_fd_sc_hd__dfrtp_4)
                                                         cursor[4] (net)
                      0.102337    0.000710    0.545749 ^ hold29/A (sky130_fd_sc_hd__dlygate4sd3_1)
     1    0.002966    0.038345    0.384336    0.930085 ^ hold29/X (sky130_fd_sc_hd__dlygate4sd3_1)
                                                         net70 (net)
                      0.038345    0.000085    0.930170 ^ _181_/D (sky130_fd_sc_hd__dfrtp_4)
                                              0.930170   data arrival time

                                  0.000000    0.000000   clock clk (rise edge)
                                  0.000000    0.000000   clock source latency
     1    0.014197    0.052609    0.035369    0.035369 ^ clk (in)
                                                         clk (net)
                      0.052614    0.000000    0.035369 ^ clkbuf_0_clk/A (sky130_fd_sc_hd__clkbuf_16)
     4    0.042619    0.046937    0.104375    0.139744 ^ clkbuf_0_clk/X (sky130_fd_sc_hd__clkbuf_16)
                                                         clknet_0_clk (net)
                      0.046972    0.001118    0.140862 ^ clkbuf_2_0__f_clk/A (sky130_fd_sc_hd__clkbuf_16)
    10    0.030183    0.038278    0.095834    0.236696 ^ clkbuf_2_0__f_clk/X (sky130_fd_sc_hd__clkbuf_16)
                                                         clknet_2_0__leaf_clk (net)
                      0.038282    0.000450    0.237146 ^ _181_/CLK (sky130_fd_sc_hd__dfrtp_4)
                                  0.250000    0.487146   clock uncertainty
                                  0.000000    0.487146   clock reconvergence pessimism
                                 -0.020154    0.466992   library hold time
                                              0.466992   data required time
---------------------------------------------------------------------------------------------
                                              0.466992   data required time
                                             -0.930170   data arrival time
---------------------------------------------------------------------------------------------
                                              0.463177   slack (MET)


Startpoint: _177_ (rising edge-triggered flip-flop clocked by clk)
Endpoint: _178_ (rising edge-triggered flip-flop clocked by clk)
Path Group: clk
Path Type: min

Fanout         Cap        Slew       Delay        Time   Description
---------------------------------------------------------------------------------------------
                                  0.000000    0.000000   clock clk (rise edge)
                                  0.000000    0.000000   clock source latency
     1    0.014197    0.052609    0.035369    0.035369 ^ clk (in)
                                                         clk (net)
                      0.052614    0.000000    0.035369 ^ clkbuf_0_clk/A (sky130_fd_sc_hd__clkbuf_16)
     4    0.042619    0.046937    0.104375    0.139744 ^ clkbuf_0_clk/X (sky130_fd_sc_hd__clkbuf_16)
                                                         clknet_0_clk (net)
                      0.046971    0.001106    0.140850 ^ clkbuf_2_3__f_clk/A (sky130_fd_sc_hd__clkbuf_16)
    11    0.032212    0.039728    0.097173    0.238023 ^ clkbuf_2_3__f_clk/X (sky130_fd_sc_hd__clkbuf_16)
                                                         clknet_2_3__leaf_clk (net)
                      0.039733    0.000811    0.238834 ^ _177_/CLK (sky130_fd_sc_hd__dfrtp_4)
     9    0.040349    0.100350    0.306654    0.545488 ^ _177_/Q (sky130_fd_sc_hd__dfrtp_4)
                                                         cursor[1] (net)
                      0.100351    0.000637    0.546125 ^ hold28/A (sky130_fd_sc_hd__dlygate4sd3_1)
     1    0.003402    0.041164    0.386828    0.932953 ^ hold28/X (sky130_fd_sc_hd__dlygate4sd3_1)
                                                         net69 (net)
                      0.041164    0.000108    0.933061 ^ _178_/D (sky130_fd_sc_hd__dfrtp_4)
                                              0.933061   data arrival time

                                  0.000000    0.000000   clock clk (rise edge)
                                  0.000000    0.000000   clock source latency
     1    0.014197    0.052609    0.035369    0.035369 ^ clk (in)
                                                         clk (net)
                      0.052614    0.000000    0.035369 ^ clkbuf_0_clk/A (sky130_fd_sc_hd__clkbuf_16)
     4    0.042619    0.046937    0.104375    0.139744 ^ clkbuf_0_clk/X (sky130_fd_sc_hd__clkbuf_16)
                                                         clknet_0_clk (net)
                      0.046971    0.001106    0.140850 ^ clkbuf_2_3__f_clk/A (sky130_fd_sc_hd__clkbuf_16)
    11    0.032212    0.039728    0.097173    0.238023 ^ clkbuf_2_3__f_clk/X (sky130_fd_sc_hd__clkbuf_16)
                                                         clknet_2_3__leaf_clk (net)
                      0.039732    0.000683    0.238706 ^ _178_/CLK (sky130_fd_sc_hd__dfrtp_4)
                                  0.250000    0.488706   clock uncertainty
                                  0.000000    0.488706   clock reconvergence pessimism
                                 -0.020328    0.468378   library hold time
                                              0.468378   data required time
---------------------------------------------------------------------------------------------
                                              0.468378   data required time
                                             -0.933061   data arrival time
---------------------------------------------------------------------------------------------
                                              0.464683   slack (MET)


Startpoint: _181_ (rising edge-triggered flip-flop clocked by clk)
Endpoint: _176_ (rising edge-triggered flip-flop clocked by clk)
Path Group: clk
Path Type: min

Fanout         Cap        Slew       Delay        Time   Description
---------------------------------------------------------------------------------------------
                                  0.000000    0.000000   clock clk (rise edge)
                                  0.000000    0.000000   clock source latency
     1    0.014197    0.052609    0.035369    0.035369 ^ clk (in)
                                                         clk (net)
                      0.052614    0.000000    0.035369 ^ clkbuf_0_clk/A (sky130_fd_sc_hd__clkbuf_16)
     4    0.042619    0.046937    0.104375    0.139744 ^ clkbuf_0_clk/X (sky130_fd_sc_hd__clkbuf_16)
                                                         clknet_0_clk (net)
                      0.046972    0.001118    0.140862 ^ clkbuf_2_0__f_clk/A (sky130_fd_sc_hd__clkbuf_16)
    10    0.030183    0.038278    0.095834    0.236696 ^ clkbuf_2_0__f_clk/X (sky130_fd_sc_hd__clkbuf_16)
                                                         clknet_2_0__leaf_clk (net)
                      0.038282    0.000450    0.237146 ^ _181_/CLK (sky130_fd_sc_hd__dfrtp_4)
     9    0.041211    0.102214    0.307843    0.544989 ^ _181_/Q (sky130_fd_sc_hd__dfrtp_4)
                                                         cursor[5] (net)
                      0.102227    0.001205    0.546194 ^ hold30/A (sky130_fd_sc_hd__dlygate4sd3_1)
     1    0.004221    0.046972    0.391868    0.938062 ^ hold30/X (sky130_fd_sc_hd__dlygate4sd3_1)
                                                         net71 (net)
                      0.046972    0.000137    0.938199 ^ _176_/D (sky130_fd_sc_hd__dfstp_2)
                                              0.938199   data arrival time

                                  0.000000    0.000000   clock clk (rise edge)
                                  0.000000    0.000000   clock source latency
     1    0.014197    0.052609    0.035369    0.035369 ^ clk (in)
                                                         clk (net)
                      0.052614    0.000000    0.035369 ^ clkbuf_0_clk/A (sky130_fd_sc_hd__clkbuf_16)
     4    0.042619    0.046937    0.104375    0.139744 ^ clkbuf_0_clk/X (sky130_fd_sc_hd__clkbuf_16)
                                                         clknet_0_clk (net)
                      0.046972    0.001118    0.140862 ^ clkbuf_2_0__f_clk/A (sky130_fd_sc_hd__clkbuf_16)
    10    0.030183    0.038278    0.095834    0.236696 ^ clkbuf_2_0__f_clk/X (sky130_fd_sc_hd__clkbuf_16)
                                                         clknet_2_0__leaf_clk (net)
                      0.038297    0.000795    0.237491 ^ _176_/CLK (sky130_fd_sc_hd__dfstp_2)
                                  0.250000    0.487491   clock uncertainty
                                  0.000000    0.487491   clock reconvergence pessimism
                                 -0.019801    0.467690   library hold time
                                              0.467690   data required time
---------------------------------------------------------------------------------------------
                                              0.467690   data required time
                                             -0.938199   data arrival time
---------------------------------------------------------------------------------------------
                                              0.470509   slack (MET)


Startpoint: _178_ (rising edge-triggered flip-flop clocked by clk)
Endpoint: _179_ (rising edge-triggered flip-flop clocked by clk)
Path Group: clk
Path Type: min

Fanout         Cap        Slew       Delay        Time   Description
---------------------------------------------------------------------------------------------
                                  0.000000    0.000000   clock clk (rise edge)
                                  0.000000    0.000000   clock source latency
     1    0.014197    0.052609    0.035369    0.035369 ^ clk (in)
                                                         clk (net)
                      0.052614    0.000000    0.035369 ^ clkbuf_0_clk/A (sky130_fd_sc_hd__clkbuf_16)
     4    0.042619    0.046937    0.104375    0.139744 ^ clkbuf_0_clk/X (sky130_fd_sc_hd__clkbuf_16)
                                                         clknet_0_clk (net)
                      0.046971    0.001106    0.140850 ^ clkbuf_2_3__f_clk/A (sky130_fd_sc_hd__clkbuf_16)
    11    0.032212    0.039728    0.097173    0.238023 ^ clkbuf_2_3__f_clk/X (sky130_fd_sc_hd__clkbuf_16)
                                                         clknet_2_3__leaf_clk (net)
                      0.039732    0.000683    0.238706 ^ _178_/CLK (sky130_fd_sc_hd__dfrtp_4)
     9    0.040115    0.100078    0.306705    0.545411 ^ _178_/Q (sky130_fd_sc_hd__dfrtp_4)
                                                         cursor[2] (net)
                      0.100081    0.000671    0.546082 ^ hold31/A (sky130_fd_sc_hd__dlygate4sd3_1)
     1    0.004411    0.048214    0.392555    0.938637 ^ hold31/X (sky130_fd_sc_hd__dlygate4sd3_1)
                                                         net72 (net)
                      0.048214    0.000162    0.938798 ^ _179_/D (sky130_fd_sc_hd__dfrtp_4)
                                              0.938798   data arrival time

                                  0.000000    0.000000   clock clk (rise edge)
                                  0.000000    0.000000   clock source latency
     1    0.014197    0.052609    0.035369    0.035369 ^ clk (in)
                                                         clk (net)
                      0.052614    0.000000    0.035369 ^ clkbuf_0_clk/A (sky130_fd_sc_hd__clkbuf_16)
     4    0.042619    0.046937    0.104375    0.139744 ^ clkbuf_0_clk/X (sky130_fd_sc_hd__clkbuf_16)
                                                         clknet_0_clk (net)
                      0.046972    0.001114    0.140858 ^ clkbuf_2_1__f_clk/A (sky130_fd_sc_hd__clkbuf_16)
    10    0.029711    0.037945    0.095462    0.236320 ^ clkbuf_2_1__f_clk/X (sky130_fd_sc_hd__clkbuf_16)
                                                         clknet_2_1__leaf_clk (net)
                      0.037984    0.001064    0.237383 ^ _179_/CLK (sky130_fd_sc_hd__dfrtp_4)
                                  0.250000    0.487383   clock uncertainty
                                  0.000000    0.487383   clock reconvergence pessimism
                                 -0.020907    0.466476   library hold time
                                              0.466476   data required time
---------------------------------------------------------------------------------------------
                                              0.466476   data required time
                                             -0.938798   data arrival time
---------------------------------------------------------------------------------------------
                                              0.472322   slack (MET)


Startpoint: reset (input port clocked by clk)
Endpoint: _154_ (removal check against rising-edge clock clk)
Path Group: asynchronous
Path Type: min

Fanout         Cap        Slew       Delay        Time   Description
---------------------------------------------------------------------------------------------
                                  0.000000    0.000000   clock clk (rise edge)
                                  0.000000    0.000000   clock network delay (propagated)
                                  5.000000    5.000000 v input external delay
     1    0.002765    0.004670    0.002246    5.002246 v reset (in)
                                                         reset (net)
                      0.004670    0.000000    5.002246 v input2/A (sky130_fd_sc_hd__buf_1)
     3    0.015923    0.065825    0.086036    5.088282 v input2/X (sky130_fd_sc_hd__buf_1)
                                                         net2 (net)
                      0.065826    0.000357    5.088639 v fanout36/A (sky130_fd_sc_hd__buf_4)
    10    0.057100    0.061707    0.141710    5.230349 v fanout36/X (sky130_fd_sc_hd__buf_4)
                                                         net36 (net)
                      0.061721    0.000915    5.231265 v _118_/A (sky130_fd_sc_hd__inv_2)
     1    0.003898    0.025381    0.041105    5.272369 ^ _118_/Y (sky130_fd_sc_hd__inv_2)
                                                         _005_ (net)
                      0.025381    0.000077    5.272446 ^ _154_/RESET_B (sky130_fd_sc_hd__dfrtp_1)
                                              5.272446   data arrival time

                                  0.000000    0.000000   clock clk (rise edge)
                                  0.000000    0.000000   clock source latency
     1    0.014197    0.052609    0.035369    0.035369 ^ clk (in)
                                                         clk (net)
                      0.052614    0.000000    0.035369 ^ clkbuf_0_clk/A (sky130_fd_sc_hd__clkbuf_16)
     4    0.042619    0.046937    0.104375    0.139744 ^ clkbuf_0_clk/X (sky130_fd_sc_hd__clkbuf_16)
                                                         clknet_0_clk (net)
                      0.046972    0.001114    0.140858 ^ clkbuf_2_1__f_clk/A (sky130_fd_sc_hd__clkbuf_16)
    10    0.029711    0.037945    0.095462    0.236320 ^ clkbuf_2_1__f_clk/X (sky130_fd_sc_hd__clkbuf_16)
                                                         clknet_2_1__leaf_clk (net)
                      0.037977    0.000975    0.237295 ^ _154_/CLK (sky130_fd_sc_hd__dfrtp_1)
                                  0.250000    0.487295   clock uncertainty
                                  0.000000    0.487295   clock reconvergence pessimism
                                  0.196633    0.683928   library removal time
                                              0.683928   data required time
---------------------------------------------------------------------------------------------
                                              0.683928   data required time
                                             -5.272446   data arrival time
---------------------------------------------------------------------------------------------
                                              4.588518   slack (MET)


Startpoint: reset (input port clocked by clk)
Endpoint: _168_ (removal check against rising-edge clock clk)
Path Group: asynchronous
Path Type: min

Fanout         Cap        Slew       Delay        Time   Description
---------------------------------------------------------------------------------------------
                                  0.000000    0.000000   clock clk (rise edge)
                                  0.000000    0.000000   clock network delay (propagated)
                                  5.000000    5.000000 v input external delay
     1    0.002765    0.004670    0.002246    5.002246 v reset (in)
                                                         reset (net)
                      0.004670    0.000000    5.002246 v input2/A (sky130_fd_sc_hd__buf_1)
     3    0.015923    0.065825    0.086036    5.088282 v input2/X (sky130_fd_sc_hd__buf_1)
                                                         net2 (net)
                      0.065826    0.000357    5.088639 v fanout36/A (sky130_fd_sc_hd__buf_4)
    10    0.057100    0.061707    0.141710    5.230349 v fanout36/X (sky130_fd_sc_hd__buf_4)
                                                         net36 (net)
                      0.061811    0.002249    5.232598 v _132_/A (sky130_fd_sc_hd__inv_2)
     1    0.004325    0.026513    0.042629    5.275227 ^ _132_/Y (sky130_fd_sc_hd__inv_2)
                                                         _019_ (net)
                      0.026513    0.000054    5.275280 ^ _168_/RESET_B (sky130_fd_sc_hd__dfrtp_1)
                                              5.275280   data arrival time

                                  0.000000    0.000000   clock clk (rise edge)
                                  0.000000    0.000000   clock source latency
     1    0.014197    0.052609    0.035369    0.035369 ^ clk (in)
                                                         clk (net)
                      0.052614    0.000000    0.035369 ^ clkbuf_0_clk/A (sky130_fd_sc_hd__clkbuf_16)
     4    0.042619    0.046937    0.104375    0.139744 ^ clkbuf_0_clk/X (sky130_fd_sc_hd__clkbuf_16)
                                                         clknet_0_clk (net)
                      0.046971    0.001106    0.140850 ^ clkbuf_2_3__f_clk/A (sky130_fd_sc_hd__clkbuf_16)
    11    0.032212    0.039728    0.097173    0.238023 ^ clkbuf_2_3__f_clk/X (sky130_fd_sc_hd__clkbuf_16)
                                                         clknet_2_3__leaf_clk (net)
                      0.039731    0.000609    0.238632 ^ _168_/CLK (sky130_fd_sc_hd__dfrtp_1)
                                  0.250000    0.488632   clock uncertainty
                                  0.000000    0.488632   clock reconvergence pessimism
                                  0.197170    0.685802   library removal time
                                              0.685802   data required time
---------------------------------------------------------------------------------------------
                                              0.685802   data required time
                                             -5.275280   data arrival time
---------------------------------------------------------------------------------------------
                                              4.589478   slack (MET)


Startpoint: reset (input port clocked by clk)
Endpoint: _167_ (removal check against rising-edge clock clk)
Path Group: asynchronous
Path Type: min

Fanout         Cap        Slew       Delay        Time   Description
---------------------------------------------------------------------------------------------
                                  0.000000    0.000000   clock clk (rise edge)
                                  0.000000    0.000000   clock network delay (propagated)
                                  5.000000    5.000000 v input external delay
     1    0.002765    0.004670    0.002246    5.002246 v reset (in)
                                                         reset (net)
                      0.004670    0.000000    5.002246 v input2/A (sky130_fd_sc_hd__buf_1)
     3    0.015923    0.065825    0.086036    5.088282 v input2/X (sky130_fd_sc_hd__buf_1)
                                                         net2 (net)
                      0.065826    0.000357    5.088639 v fanout36/A (sky130_fd_sc_hd__buf_4)
    10    0.057100    0.061707    0.141710    5.230349 v fanout36/X (sky130_fd_sc_hd__buf_4)
                                                         net36 (net)
                      0.061810    0.002242    5.232591 v _131_/A (sky130_fd_sc_hd__inv_2)
     1    0.004434    0.026821    0.042987    5.275578 ^ _131_/Y (sky130_fd_sc_hd__inv_2)
                                                         _018_ (net)
                      0.026821    0.000100    5.275678 ^ _167_/RESET_B (sky130_fd_sc_hd__dfrtp_1)
                                              5.275678   data arrival time

                                  0.000000    0.000000   clock clk (rise edge)
                                  0.000000    0.000000   clock source latency
     1    0.014197    0.052609    0.035369    0.035369 ^ clk (in)
                                                         clk (net)
                      0.052614    0.000000    0.035369 ^ clkbuf_0_clk/A (sky130_fd_sc_hd__clkbuf_16)
     4    0.042619    0.046937    0.104375    0.139744 ^ clkbuf_0_clk/X (sky130_fd_sc_hd__clkbuf_16)
                                                         clknet_0_clk (net)
                      0.046971    0.001106    0.140850 ^ clkbuf_2_3__f_clk/A (sky130_fd_sc_hd__clkbuf_16)
    11    0.032212    0.039728    0.097173    0.238023 ^ clkbuf_2_3__f_clk/X (sky130_fd_sc_hd__clkbuf_16)
                                                         clknet_2_3__leaf_clk (net)
                      0.039733    0.000807    0.238830 ^ _167_/CLK (sky130_fd_sc_hd__dfrtp_1)
                                  0.250000    0.488830   clock uncertainty
                                  0.000000    0.488830   clock reconvergence pessimism
                                  0.197250    0.686080   library removal time
                                              0.686080   data required time
---------------------------------------------------------------------------------------------
                                              0.686080   data required time
                                             -5.275678   data arrival time
---------------------------------------------------------------------------------------------
                                              4.589599   slack (MET)


Startpoint: reset (input port clocked by clk)
Endpoint: _149_ (removal check against rising-edge clock clk)
Path Group: asynchronous
Path Type: min

Fanout         Cap        Slew       Delay        Time   Description
---------------------------------------------------------------------------------------------
                                  0.000000    0.000000   clock clk (rise edge)
                                  0.000000    0.000000   clock network delay (propagated)
                                  5.000000    5.000000 v input external delay
     1    0.002765    0.004670    0.002246    5.002246 v reset (in)
                                                         reset (net)
                      0.004670    0.000000    5.002246 v input2/A (sky130_fd_sc_hd__buf_1)
     3    0.015923    0.065825    0.086036    5.088282 v input2/X (sky130_fd_sc_hd__buf_1)
                                                         net2 (net)
                      0.065826    0.000357    5.088639 v fanout36/A (sky130_fd_sc_hd__buf_4)
    10    0.057100    0.061707    0.141710    5.230349 v fanout36/X (sky130_fd_sc_hd__buf_4)
                                                         net36 (net)
                      0.061736    0.001261    5.231610 v _051_/A (sky130_fd_sc_hd__inv_2)
     1    0.004374    0.026635    0.042759    5.274369 ^ _051_/Y (sky130_fd_sc_hd__inv_2)
                                                         _000_ (net)
                      0.026635    0.000091    5.274460 ^ _149_/RESET_B (sky130_fd_sc_hd__dfrtp_1)
                                              5.274460   data arrival time

                                  0.000000    0.000000   clock clk (rise edge)
                                  0.000000    0.000000   clock source latency
     1    0.014197    0.052609    0.035369    0.035369 ^ clk (in)
                                                         clk (net)
                      0.052614    0.000000    0.035369 ^ clkbuf_0_clk/A (sky130_fd_sc_hd__clkbuf_16)
     4    0.042619    0.046937    0.104375    0.139744 ^ clkbuf_0_clk/X (sky130_fd_sc_hd__clkbuf_16)
                                                         clknet_0_clk (net)
                      0.046972    0.001114    0.140858 ^ clkbuf_2_1__f_clk/A (sky130_fd_sc_hd__clkbuf_16)
    10    0.029711    0.037945    0.095462    0.236320 ^ clkbuf_2_1__f_clk/X (sky130_fd_sc_hd__clkbuf_16)
                                                         clknet_2_1__leaf_clk (net)
                      0.037953    0.000549    0.236869 ^ _149_/CLK (sky130_fd_sc_hd__dfrtp_1)
                                  0.250000    0.486869   clock uncertainty
                                  0.000000    0.486869   clock reconvergence pessimism
                                  0.196956    0.683825   library removal time
                                              0.683825   data required time
---------------------------------------------------------------------------------------------
                                              0.683825   data required time
                                             -5.274460   data arrival time
---------------------------------------------------------------------------------------------
                                              4.590636   slack (MET)


Startpoint: reset (input port clocked by clk)
Endpoint: _151_ (removal check against rising-edge clock clk)
Path Group: asynchronous
Path Type: min

Fanout         Cap        Slew       Delay        Time   Description
---------------------------------------------------------------------------------------------
                                  0.000000    0.000000   clock clk (rise edge)
                                  0.000000    0.000000   clock network delay (propagated)
                                  5.000000    5.000000 v input external delay
     1    0.002765    0.004670    0.002246    5.002246 v reset (in)
                                                         reset (net)
                      0.004670    0.000000    5.002246 v input2/A (sky130_fd_sc_hd__buf_1)
     3    0.015923    0.065825    0.086036    5.088282 v input2/X (sky130_fd_sc_hd__buf_1)
                                                         net2 (net)
                      0.065826    0.000357    5.088639 v fanout36/A (sky130_fd_sc_hd__buf_4)
    10    0.057100    0.061707    0.141710    5.230349 v fanout36/X (sky130_fd_sc_hd__buf_4)
                                                         net36 (net)
                      0.061907    0.003029    5.233378 v _115_/A (sky130_fd_sc_hd__inv_2)
     1    0.003891    0.025397    0.041132    5.274509 ^ _115_/Y (sky130_fd_sc_hd__inv_2)
                                                         _002_ (net)
                      0.025397    0.000078    5.274587 ^ _151_/RESET_B (sky130_fd_sc_hd__dfrtp_1)
                                              5.274587   data arrival time

                                  0.000000    0.000000   clock clk (rise edge)
                                  0.000000    0.000000   clock source latency
     1    0.014197    0.052609    0.035369    0.035369 ^ clk (in)
                                                         clk (net)
                      0.052614    0.000000    0.035369 ^ clkbuf_0_clk/A (sky130_fd_sc_hd__clkbuf_16)
     4    0.042619    0.046937    0.104375    0.139744 ^ clkbuf_0_clk/X (sky130_fd_sc_hd__clkbuf_16)
                                                         clknet_0_clk (net)
                      0.046972    0.001114    0.140858 ^ clkbuf_2_1__f_clk/A (sky130_fd_sc_hd__clkbuf_16)
    10    0.029711    0.037945    0.095462    0.236320 ^ clkbuf_2_1__f_clk/X (sky130_fd_sc_hd__clkbuf_16)
                                                         clknet_2_1__leaf_clk (net)
                      0.037978    0.000988    0.237308 ^ _151_/CLK (sky130_fd_sc_hd__dfrtp_1)
                                  0.250000    0.487308   clock uncertainty
                                  0.000000    0.487308   clock reconvergence pessimism
                                  0.196638    0.683946   library removal time
                                              0.683946   data required time
---------------------------------------------------------------------------------------------
                                              0.683946   data required time
                                             -5.274587   data arrival time
---------------------------------------------------------------------------------------------
                                              4.590641   slack (MET)


Startpoint: reset (input port clocked by clk)
Endpoint: _152_ (removal check against rising-edge clock clk)
Path Group: asynchronous
Path Type: min

Fanout         Cap        Slew       Delay        Time   Description
---------------------------------------------------------------------------------------------
                                  0.000000    0.000000   clock clk (rise edge)
                                  0.000000    0.000000   clock network delay (propagated)
                                  5.000000    5.000000 v input external delay
     1    0.002765    0.004670    0.002246    5.002246 v reset (in)
                                                         reset (net)
                      0.004670    0.000000    5.002246 v input2/A (sky130_fd_sc_hd__buf_1)
     3    0.015923    0.065825    0.086036    5.088282 v input2/X (sky130_fd_sc_hd__buf_1)
                                                         net2 (net)
                      0.065826    0.000357    5.088639 v fanout36/A (sky130_fd_sc_hd__buf_4)
    10    0.057100    0.061707    0.141710    5.230349 v fanout36/X (sky130_fd_sc_hd__buf_4)
                                                         net36 (net)
                      0.061879    0.002831    5.233180 v _116_/A (sky130_fd_sc_hd__inv_2)
     1    0.004041    0.025774    0.041644    5.274824 ^ _116_/Y (sky130_fd_sc_hd__inv_2)
                                                         _003_ (net)
                      0.025774    0.000080    5.274904 ^ _152_/RESET_B (sky130_fd_sc_hd__dfrtp_1)
                                              5.274904   data arrival time

                                  0.000000    0.000000   clock clk (rise edge)
                                  0.000000    0.000000   clock source latency
     1    0.014197    0.052609    0.035369    0.035369 ^ clk (in)
                                                         clk (net)
                      0.052614    0.000000    0.035369 ^ clkbuf_0_clk/A (sky130_fd_sc_hd__clkbuf_16)
     4    0.042619    0.046937    0.104375    0.139744 ^ clkbuf_0_clk/X (sky130_fd_sc_hd__clkbuf_16)
                                                         clknet_0_clk (net)
                      0.046972    0.001114    0.140858 ^ clkbuf_2_1__f_clk/A (sky130_fd_sc_hd__clkbuf_16)
    10    0.029711    0.037945    0.095462    0.236320 ^ clkbuf_2_1__f_clk/X (sky130_fd_sc_hd__clkbuf_16)
                                                         clknet_2_1__leaf_clk (net)
                      0.037976    0.000959    0.237279 ^ _152_/CLK (sky130_fd_sc_hd__dfrtp_1)
                                  0.250000    0.487279   clock uncertainty
                                  0.000000    0.487279   clock reconvergence pessimism
                                  0.196735    0.684014   library removal time
                                              0.684014   data required time
---------------------------------------------------------------------------------------------
                                              0.684014   data required time
                                             -5.274904   data arrival time
---------------------------------------------------------------------------------------------
                                              4.590889   slack (MET)


Startpoint: reset (input port clocked by clk)
Endpoint: _150_ (removal check against rising-edge clock clk)
Path Group: asynchronous
Path Type: min

Fanout         Cap        Slew       Delay        Time   Description
---------------------------------------------------------------------------------------------
                                  0.000000    0.000000   clock clk (rise edge)
                                  0.000000    0.000000   clock network delay (propagated)
                                  5.000000    5.000000 v input external delay
     1    0.002765    0.004670    0.002246    5.002246 v reset (in)
                                                         reset (net)
                      0.004670    0.000000    5.002246 v input2/A (sky130_fd_sc_hd__buf_1)
     3    0.015923    0.065825    0.086036    5.088282 v input2/X (sky130_fd_sc_hd__buf_1)
                                                         net2 (net)
                      0.065826    0.000357    5.088639 v fanout36/A (sky130_fd_sc_hd__buf_4)
    10    0.057100    0.061707    0.141710    5.230349 v fanout36/X (sky130_fd_sc_hd__buf_4)
                                                         net36 (net)
                      0.061801    0.002151    5.232501 v _114_/A (sky130_fd_sc_hd__inv_2)
     1    0.004182    0.026130    0.042112    5.274612 ^ _114_/Y (sky130_fd_sc_hd__inv_2)
                                                         _001_ (net)
                      0.026130    0.000089    5.274701 ^ _150_/RESET_B (sky130_fd_sc_hd__dfrtp_1)
                                              5.274701   data arrival time

                                  0.000000    0.000000   clock clk (rise edge)
                                  0.000000    0.000000   clock source latency
     1    0.014197    0.052609    0.035369    0.035369 ^ clk (in)
                                                         clk (net)
                      0.052614    0.000000    0.035369 ^ clkbuf_0_clk/A (sky130_fd_sc_hd__clkbuf_16)
     4    0.042619    0.046937    0.104375    0.139744 ^ clkbuf_0_clk/X (sky130_fd_sc_hd__clkbuf_16)
                                                         clknet_0_clk (net)
                      0.046972    0.001114    0.140858 ^ clkbuf_2_1__f_clk/A (sky130_fd_sc_hd__clkbuf_16)
    10    0.029711    0.037945    0.095462    0.236320 ^ clkbuf_2_1__f_clk/X (sky130_fd_sc_hd__clkbuf_16)
                                                         clknet_2_1__leaf_clk (net)
                      0.037953    0.000561    0.236880 ^ _150_/CLK (sky130_fd_sc_hd__dfrtp_1)
                                  0.250000    0.486880   clock uncertainty
                                  0.000000    0.486880   clock reconvergence pessimism
                                  0.196825    0.683705   library removal time
                                              0.683705   data required time
---------------------------------------------------------------------------------------------
                                              0.683705   data required time
                                             -5.274701   data arrival time
---------------------------------------------------------------------------------------------
                                              4.590996   slack (MET)


Startpoint: reset (input port clocked by clk)
Endpoint: _153_ (removal check against rising-edge clock clk)
Path Group: asynchronous
Path Type: min

Fanout         Cap        Slew       Delay        Time   Description
---------------------------------------------------------------------------------------------
                                  0.000000    0.000000   clock clk (rise edge)
                                  0.000000    0.000000   clock network delay (propagated)
                                  5.000000    5.000000 v input external delay
     1    0.002765    0.004670    0.002246    5.002246 v reset (in)
                                                         reset (net)
                      0.004670    0.000000    5.002246 v input2/A (sky130_fd_sc_hd__buf_1)
     3    0.015923    0.065825    0.086036    5.088282 v input2/X (sky130_fd_sc_hd__buf_1)
                                                         net2 (net)
                      0.065826    0.000357    5.088639 v fanout36/A (sky130_fd_sc_hd__buf_4)
    10    0.057100    0.061707    0.141710    5.230349 v fanout36/X (sky130_fd_sc_hd__buf_4)
                                                         net36 (net)
                      0.061720    0.000907    5.231256 v _117_/A (sky130_fd_sc_hd__inv_2)
     1    0.004916    0.028156    0.044513    5.275769 ^ _117_/Y (sky130_fd_sc_hd__inv_2)
                                                         _004_ (net)
                      0.028156    0.000075    5.275844 ^ _153_/RESET_B (sky130_fd_sc_hd__dfrtp_1)
                                              5.275844   data arrival time

                                  0.000000    0.000000   clock clk (rise edge)
                                  0.000000    0.000000   clock source latency
     1    0.014197    0.052609    0.035369    0.035369 ^ clk (in)
                                                         clk (net)
                      0.052614    0.000000    0.035369 ^ clkbuf_0_clk/A (sky130_fd_sc_hd__clkbuf_16)
     4    0.042619    0.046937    0.104375    0.139744 ^ clkbuf_0_clk/X (sky130_fd_sc_hd__clkbuf_16)
                                                         clknet_0_clk (net)
                      0.046972    0.001114    0.140858 ^ clkbuf_2_1__f_clk/A (sky130_fd_sc_hd__clkbuf_16)
    10    0.029711    0.037945    0.095462    0.236320 ^ clkbuf_2_1__f_clk/X (sky130_fd_sc_hd__clkbuf_16)
                                                         clknet_2_1__leaf_clk (net)
                      0.037972    0.000904    0.237223 ^ _153_/CLK (sky130_fd_sc_hd__dfrtp_1)
                                  0.250000    0.487223   clock uncertainty
                                  0.000000    0.487223   clock reconvergence pessimism
                                  0.197354    0.684577   library removal time
                                              0.684577   data required time
---------------------------------------------------------------------------------------------
                                              0.684577   data required time
                                             -5.275844   data arrival time
---------------------------------------------------------------------------------------------
                                              4.591267   slack (MET)


Startpoint: reset (input port clocked by clk)
Endpoint: _173_ (removal check against rising-edge clock clk)
Path Group: asynchronous
Path Type: min

Fanout         Cap        Slew       Delay        Time   Description
---------------------------------------------------------------------------------------------
                                  0.000000    0.000000   clock clk (rise edge)
                                  0.000000    0.000000   clock network delay (propagated)
                                  5.000000    5.000000 v input external delay
     1    0.002765    0.004670    0.002246    5.002246 v reset (in)
                                                         reset (net)
                      0.004670    0.000000    5.002246 v input2/A (sky130_fd_sc_hd__buf_1)
     3    0.015923    0.065825    0.086036    5.088282 v input2/X (sky130_fd_sc_hd__buf_1)
                                                         net2 (net)
                      0.065826    0.000357    5.088639 v fanout36/A (sky130_fd_sc_hd__buf_4)
    10    0.057100    0.061707    0.141710    5.230349 v fanout36/X (sky130_fd_sc_hd__buf_4)
                                                         net36 (net)
                      0.061859    0.002673    5.233023 v _137_/A (sky130_fd_sc_hd__inv_2)
     1    0.004307    0.026474    0.042560    5.275582 ^ _137_/Y (sky130_fd_sc_hd__inv_2)
                                                         _024_ (net)
                      0.026474    0.000092    5.275674 ^ _173_/RESET_B (sky130_fd_sc_hd__dfrtp_1)
                                              5.275674   data arrival time

                                  0.000000    0.000000   clock clk (rise edge)
                                  0.000000    0.000000   clock source latency
     1    0.014197    0.052609    0.035369    0.035369 ^ clk (in)
                                                         clk (net)
                      0.052614    0.000000    0.035369 ^ clkbuf_0_clk/A (sky130_fd_sc_hd__clkbuf_16)
     4    0.042619    0.046937    0.104375    0.139744 ^ clkbuf_0_clk/X (sky130_fd_sc_hd__clkbuf_16)
                                                         clknet_0_clk (net)
                      0.046972    0.001114    0.140858 ^ clkbuf_2_1__f_clk/A (sky130_fd_sc_hd__clkbuf_16)
    10    0.029711    0.037945    0.095462    0.236320 ^ clkbuf_2_1__f_clk/X (sky130_fd_sc_hd__clkbuf_16)
                                                         clknet_2_1__leaf_clk (net)
                      0.037953    0.000558    0.236878 ^ _173_/CLK (sky130_fd_sc_hd__dfrtp_1)
                                  0.250000    0.486878   clock uncertainty
                                  0.000000    0.486878   clock reconvergence pessimism
                                  0.196914    0.683792   library removal time
                                              0.683792   data required time
---------------------------------------------------------------------------------------------
                                              0.683792   data required time
                                             -5.275674   data arrival time
---------------------------------------------------------------------------------------------
                                              4.591883   slack (MET)


Startpoint: reset (input port clocked by clk)
Endpoint: _184_ (removal check against rising-edge clock clk)
Path Group: asynchronous
Path Type: min

Fanout         Cap        Slew       Delay        Time   Description
---------------------------------------------------------------------------------------------
                                  0.000000    0.000000   clock clk (rise edge)
                                  0.000000    0.000000   clock network delay (propagated)
                                  5.000000    5.000000 v input external delay
     1    0.002765    0.004670    0.002246    5.002246 v reset (in)
                                                         reset (net)
                      0.004670    0.000000    5.002246 v input2/A (sky130_fd_sc_hd__buf_1)
     3    0.015923    0.065825    0.086036    5.088282 v input2/X (sky130_fd_sc_hd__buf_1)
                                                         net2 (net)
                      0.065826    0.000357    5.088639 v fanout36/A (sky130_fd_sc_hd__buf_4)
    10    0.057100    0.061707    0.141710    5.230349 v fanout36/X (sky130_fd_sc_hd__buf_4)
                                                         net36 (net)
                      0.061832    0.002446    5.232796 v _148_/A (sky130_fd_sc_hd__inv_2)
     1    0.004784    0.027832    0.044208    5.277004 ^ _148_/Y (sky130_fd_sc_hd__inv_2)
                                                         _035_ (net)
                      0.027832    0.000110    5.277113 ^ _184_/RESET_B (sky130_fd_sc_hd__dfrtp_1)
                                              5.277113   data arrival time

                                  0.000000    0.000000   clock clk (rise edge)
                                  0.000000    0.000000   clock source latency
     1    0.014197    0.052609    0.035369    0.035369 ^ clk (in)
                                                         clk (net)
                      0.052614    0.000000    0.035369 ^ clkbuf_0_clk/A (sky130_fd_sc_hd__clkbuf_16)
     4    0.042619    0.046937    0.104375    0.139744 ^ clkbuf_0_clk/X (sky130_fd_sc_hd__clkbuf_16)
                                                         clknet_0_clk (net)
                      0.046972    0.001114    0.140858 ^ clkbuf_2_1__f_clk/A (sky130_fd_sc_hd__clkbuf_16)
    10    0.029711    0.037945    0.095462    0.236320 ^ clkbuf_2_1__f_clk/X (sky130_fd_sc_hd__clkbuf_16)
                                                         clknet_2_1__leaf_clk (net)
                      0.037987    0.001097    0.237417 ^ _184_/CLK (sky130_fd_sc_hd__dfrtp_1)
                                  0.250000    0.487417   clock uncertainty
                                  0.000000    0.487417   clock reconvergence pessimism
                                  0.197272    0.684688   library removal time
                                              0.684688   data required time
---------------------------------------------------------------------------------------------
                                              0.684688   data required time
                                             -5.277113   data arrival time
---------------------------------------------------------------------------------------------
                                              4.592425   slack (MET)


Startpoint: reset (input port clocked by clk)
Endpoint: _178_ (removal check against rising-edge clock clk)
Path Group: asynchronous
Path Type: min

Fanout         Cap        Slew       Delay        Time   Description
---------------------------------------------------------------------------------------------
                                  0.000000    0.000000   clock clk (rise edge)
                                  0.000000    0.000000   clock network delay (propagated)
                                  5.000000    5.000000 v input external delay
     1    0.002765    0.004670    0.002246    5.002246 v reset (in)
                                                         reset (net)
                      0.004670    0.000000    5.002246 v input2/A (sky130_fd_sc_hd__buf_1)
     3    0.015923    0.065825    0.086036    5.088282 v input2/X (sky130_fd_sc_hd__buf_1)
                                                         net2 (net)
                      0.065830    0.000574    5.088856 v fanout37/A (sky130_fd_sc_hd__clkbuf_4)
     8    0.047372    0.072797    0.151224    5.240080 v fanout37/X (sky130_fd_sc_hd__clkbuf_4)
                                                         net37 (net)
                      0.072815    0.001092    5.241172 v _142_/A (sky130_fd_sc_hd__inv_2)
     1    0.004063    0.027879    0.044807    5.285979 ^ _142_/Y (sky130_fd_sc_hd__inv_2)
                                                         _029_ (net)
                      0.027879    0.000083    5.286061 ^ _178_/RESET_B (sky130_fd_sc_hd__dfrtp_4)
                                              5.286061   data arrival time

                                  0.000000    0.000000   clock clk (rise edge)
                                  0.000000    0.000000   clock source latency
     1    0.014197    0.052609    0.035369    0.035369 ^ clk (in)
                                                         clk (net)
                      0.052614    0.000000    0.035369 ^ clkbuf_0_clk/A (sky130_fd_sc_hd__clkbuf_16)
     4    0.042619    0.046937    0.104375    0.139744 ^ clkbuf_0_clk/X (sky130_fd_sc_hd__clkbuf_16)
                                                         clknet_0_clk (net)
                      0.046971    0.001106    0.140850 ^ clkbuf_2_3__f_clk/A (sky130_fd_sc_hd__clkbuf_16)
    11    0.032212    0.039728    0.097173    0.238023 ^ clkbuf_2_3__f_clk/X (sky130_fd_sc_hd__clkbuf_16)
                                                         clknet_2_3__leaf_clk (net)
                      0.039732    0.000683    0.238706 ^ _178_/CLK (sky130_fd_sc_hd__dfrtp_4)
                                  0.250000    0.488706   clock uncertainty
                                  0.000000    0.488706   clock reconvergence pessimism
                                  0.198629    0.687335   library removal time
                                              0.687335   data required time
---------------------------------------------------------------------------------------------
                                              0.687335   data required time
                                             -5.286061   data arrival time
---------------------------------------------------------------------------------------------
                                              4.598726   slack (MET)


Startpoint: reset (input port clocked by clk)
Endpoint: _169_ (removal check against rising-edge clock clk)
Path Group: asynchronous
Path Type: min

Fanout         Cap        Slew       Delay        Time   Description
---------------------------------------------------------------------------------------------
                                  0.000000    0.000000   clock clk (rise edge)
                                  0.000000    0.000000   clock network delay (propagated)
                                  5.000000    5.000000 v input external delay
     1    0.002765    0.004670    0.002246    5.002246 v reset (in)
                                                         reset (net)
                      0.004670    0.000000    5.002246 v input2/A (sky130_fd_sc_hd__buf_1)
     3    0.015923    0.065825    0.086036    5.088282 v input2/X (sky130_fd_sc_hd__buf_1)
                                                         net2 (net)
                      0.065830    0.000574    5.088856 v fanout37/A (sky130_fd_sc_hd__clkbuf_4)
     8    0.047372    0.072797    0.151224    5.240080 v fanout37/X (sky130_fd_sc_hd__clkbuf_4)
                                                         net37 (net)
                      0.072814    0.001058    5.241138 v _133_/A (sky130_fd_sc_hd__inv_2)
     1    0.003895    0.027409    0.044180    5.285318 ^ _133_/Y (sky130_fd_sc_hd__inv_2)
                                                         _020_ (net)
                      0.027409    0.000078    5.285396 ^ _169_/RESET_B (sky130_fd_sc_hd__dfrtp_1)
                                              5.285396   data arrival time

                                  0.000000    0.000000   clock clk (rise edge)
                                  0.000000    0.000000   clock source latency
     1    0.014197    0.052609    0.035369    0.035369 ^ clk (in)
                                                         clk (net)
                      0.052614    0.000000    0.035369 ^ clkbuf_0_clk/A (sky130_fd_sc_hd__clkbuf_16)
     4    0.042619    0.046937    0.104375    0.139744 ^ clkbuf_0_clk/X (sky130_fd_sc_hd__clkbuf_16)
                                                         clknet_0_clk (net)
                      0.046971    0.001106    0.140850 ^ clkbuf_2_3__f_clk/A (sky130_fd_sc_hd__clkbuf_16)
    11    0.032212    0.039728    0.097173    0.238023 ^ clkbuf_2_3__f_clk/X (sky130_fd_sc_hd__clkbuf_16)
                                                         clknet_2_3__leaf_clk (net)
                      0.039734    0.000840    0.238864 ^ _169_/CLK (sky130_fd_sc_hd__dfrtp_1)
                                  0.250000    0.488864   clock uncertainty
                                  0.000000    0.488864   clock reconvergence pessimism
                                  0.197403    0.686266   library removal time
                                              0.686266   data required time
---------------------------------------------------------------------------------------------
                                              0.686266   data required time
                                             -5.285396   data arrival time
---------------------------------------------------------------------------------------------
                                              4.599130   slack (MET)


Startpoint: reset (input port clocked by clk)
Endpoint: _171_ (removal check against rising-edge clock clk)
Path Group: asynchronous
Path Type: min

Fanout         Cap        Slew       Delay        Time   Description
---------------------------------------------------------------------------------------------
                                  0.000000    0.000000   clock clk (rise edge)
                                  0.000000    0.000000   clock network delay (propagated)
                                  5.000000    5.000000 v input external delay
     1    0.002765    0.004670    0.002246    5.002246 v reset (in)
                                                         reset (net)
                      0.004670    0.000000    5.002246 v input2/A (sky130_fd_sc_hd__buf_1)
     3    0.015923    0.065825    0.086036    5.088282 v input2/X (sky130_fd_sc_hd__buf_1)
                                                         net2 (net)
                      0.065830    0.000574    5.088856 v fanout37/A (sky130_fd_sc_hd__clkbuf_4)
     8    0.047372    0.072797    0.151224    5.240080 v fanout37/X (sky130_fd_sc_hd__clkbuf_4)
                                                         net37 (net)
                      0.072802    0.000665    5.240746 v _135_/A (sky130_fd_sc_hd__inv_2)
     1    0.004200    0.028269    0.045313    5.286058 ^ _135_/Y (sky130_fd_sc_hd__inv_2)
                                                         _022_ (net)
                      0.028269    0.000087    5.286146 ^ _171_/RESET_B (sky130_fd_sc_hd__dfrtp_1)
                                              5.286146   data arrival time

                                  0.000000    0.000000   clock clk (rise edge)
                                  0.000000    0.000000   clock source latency
     1    0.014197    0.052609    0.035369    0.035369 ^ clk (in)
                                                         clk (net)
                      0.052614    0.000000    0.035369 ^ clkbuf_0_clk/A (sky130_fd_sc_hd__clkbuf_16)
     4    0.042619    0.046937    0.104375    0.139744 ^ clkbuf_0_clk/X (sky130_fd_sc_hd__clkbuf_16)
                                                         clknet_0_clk (net)
                      0.046971    0.001106    0.140850 ^ clkbuf_2_3__f_clk/A (sky130_fd_sc_hd__clkbuf_16)
    11    0.032212    0.039728    0.097173    0.238023 ^ clkbuf_2_3__f_clk/X (sky130_fd_sc_hd__clkbuf_16)
                                                         clknet_2_3__leaf_clk (net)
                      0.039735    0.000933    0.238956 ^ _171_/CLK (sky130_fd_sc_hd__dfrtp_1)
                                  0.250000    0.488956   clock uncertainty
                                  0.000000    0.488956   clock reconvergence pessimism
                                  0.197626    0.686583   library removal time
                                              0.686583   data required time
---------------------------------------------------------------------------------------------
                                              0.686583   data required time
                                             -5.286146   data arrival time
---------------------------------------------------------------------------------------------
                                              4.599563   slack (MET)


Startpoint: reset (input port clocked by clk)
Endpoint: _182_ (removal check against rising-edge clock clk)
Path Group: asynchronous
Path Type: min

Fanout         Cap        Slew       Delay        Time   Description
---------------------------------------------------------------------------------------------
                                  0.000000    0.000000   clock clk (rise edge)
                                  0.000000    0.000000   clock network delay (propagated)
                                  5.000000    5.000000 v input external delay
     1    0.002765    0.004670    0.002246    5.002246 v reset (in)
                                                         reset (net)
                      0.004670    0.000000    5.002246 v input2/A (sky130_fd_sc_hd__buf_1)
     3    0.015923    0.065825    0.086036    5.088282 v input2/X (sky130_fd_sc_hd__buf_1)
                                                         net2 (net)
                      0.065830    0.000574    5.088856 v fanout37/A (sky130_fd_sc_hd__clkbuf_4)
     8    0.047372    0.072797    0.151224    5.240080 v fanout37/X (sky130_fd_sc_hd__clkbuf_4)
                                                         net37 (net)
                      0.072812    0.000993    5.241074 v _146_/A (sky130_fd_sc_hd__inv_2)
     1    0.004151    0.028130    0.045135    5.286210 ^ _146_/Y (sky130_fd_sc_hd__inv_2)
                                                         _033_ (net)
                      0.028130    0.000084    5.286294 ^ _182_/RESET_B (sky130_fd_sc_hd__dfrtp_1)
                                              5.286294   data arrival time

                                  0.000000    0.000000   clock clk (rise edge)
                                  0.000000    0.000000   clock source latency
     1    0.014197    0.052609    0.035369    0.035369 ^ clk (in)
                                                         clk (net)
                      0.052614    0.000000    0.035369 ^ clkbuf_0_clk/A (sky130_fd_sc_hd__clkbuf_16)
     4    0.042619    0.046937    0.104375    0.139744 ^ clkbuf_0_clk/X (sky130_fd_sc_hd__clkbuf_16)
                                                         clknet_0_clk (net)
                      0.046971    0.001106    0.140850 ^ clkbuf_2_3__f_clk/A (sky130_fd_sc_hd__clkbuf_16)
    11    0.032212    0.039728    0.097173    0.238023 ^ clkbuf_2_3__f_clk/X (sky130_fd_sc_hd__clkbuf_16)
                                                         clknet_2_3__leaf_clk (net)
                      0.039734    0.000848    0.238871 ^ _182_/CLK (sky130_fd_sc_hd__dfrtp_1)
                                  0.250000    0.488871   clock uncertainty
                                  0.000000    0.488871   clock reconvergence pessimism
                                  0.197590    0.686461   library removal time
                                              0.686461   data required time
---------------------------------------------------------------------------------------------
                                              0.686461   data required time
                                             -5.286294   data arrival time
---------------------------------------------------------------------------------------------
                                              4.599833   slack (MET)


Startpoint: reset (input port clocked by clk)
Endpoint: _170_ (removal check against rising-edge clock clk)
Path Group: asynchronous
Path Type: min

Fanout         Cap        Slew       Delay        Time   Description
---------------------------------------------------------------------------------------------
                                  0.000000    0.000000   clock clk (rise edge)
                                  0.000000    0.000000   clock network delay (propagated)
                                  5.000000    5.000000 v input external delay
     1    0.002765    0.004670    0.002246    5.002246 v reset (in)
                                                         reset (net)
                      0.004670    0.000000    5.002246 v input2/A (sky130_fd_sc_hd__buf_1)
     3    0.015923    0.065825    0.086036    5.088282 v input2/X (sky130_fd_sc_hd__buf_1)
                                                         net2 (net)
                      0.065830    0.000574    5.088856 v fanout37/A (sky130_fd_sc_hd__clkbuf_4)
     8    0.047372    0.072797    0.151224    5.240080 v fanout37/X (sky130_fd_sc_hd__clkbuf_4)
                                                         net37 (net)
                      0.072801    0.000570    5.240650 v _134_/A (sky130_fd_sc_hd__inv_2)
     1    0.004335    0.028673    0.045818    5.286469 ^ _134_/Y (sky130_fd_sc_hd__inv_2)
                                                         _021_ (net)
                      0.028673    0.000093    5.286561 ^ _170_/RESET_B (sky130_fd_sc_hd__dfrtp_1)
                                              5.286561   data arrival time

                                  0.000000    0.000000   clock clk (rise edge)
                                  0.000000    0.000000   clock source latency
     1    0.014197    0.052609    0.035369    0.035369 ^ clk (in)
                                                         clk (net)
                      0.052614    0.000000    0.035369 ^ clkbuf_0_clk/A (sky130_fd_sc_hd__clkbuf_16)
     4    0.042619    0.046937    0.104375    0.139744 ^ clkbuf_0_clk/X (sky130_fd_sc_hd__clkbuf_16)
                                                         clknet_0_clk (net)
                      0.046971    0.001106    0.140850 ^ clkbuf_2_3__f_clk/A (sky130_fd_sc_hd__clkbuf_16)
    11    0.032212    0.039728    0.097173    0.238023 ^ clkbuf_2_3__f_clk/X (sky130_fd_sc_hd__clkbuf_16)
                                                         clknet_2_3__leaf_clk (net)
                      0.039733    0.000817    0.238840 ^ _170_/CLK (sky130_fd_sc_hd__dfrtp_1)
                                  0.250000    0.488840   clock uncertainty
                                  0.000000    0.488840   clock reconvergence pessimism
                                  0.197731    0.686571   library removal time
                                              0.686571   data required time
---------------------------------------------------------------------------------------------
                                              0.686571   data required time
                                             -5.286561   data arrival time
---------------------------------------------------------------------------------------------
                                              4.599991   slack (MET)


Startpoint: reset (input port clocked by clk)
Endpoint: _177_ (removal check against rising-edge clock clk)
Path Group: asynchronous
Path Type: min

Fanout         Cap        Slew       Delay        Time   Description
---------------------------------------------------------------------------------------------
                                  0.000000    0.000000   clock clk (rise edge)
                                  0.000000    0.000000   clock network delay (propagated)
                                  5.000000    5.000000 v input external delay
     1    0.002765    0.004670    0.002246    5.002246 v reset (in)
                                                         reset (net)
                      0.004670    0.000000    5.002246 v input2/A (sky130_fd_sc_hd__buf_1)
     3    0.015923    0.065825    0.086036    5.088282 v input2/X (sky130_fd_sc_hd__buf_1)
                                                         net2 (net)
                      0.065830    0.000574    5.088856 v fanout37/A (sky130_fd_sc_hd__clkbuf_4)
     8    0.047372    0.072797    0.151224    5.240080 v fanout37/X (sky130_fd_sc_hd__clkbuf_4)
                                                         net37 (net)
                      0.072813    0.001025    5.241106 v _141_/A (sky130_fd_sc_hd__inv_2)
     1    0.004907    0.030398    0.047815    5.288920 ^ _141_/Y (sky130_fd_sc_hd__inv_2)
                                                         _028_ (net)
                      0.030398    0.000112    5.289033 ^ _177_/RESET_B (sky130_fd_sc_hd__dfrtp_4)
                                              5.289033   data arrival time

                                  0.000000    0.000000   clock clk (rise edge)
                                  0.000000    0.000000   clock source latency
     1    0.014197    0.052609    0.035369    0.035369 ^ clk (in)
                                                         clk (net)
                      0.052614    0.000000    0.035369 ^ clkbuf_0_clk/A (sky130_fd_sc_hd__clkbuf_16)
     4    0.042619    0.046937    0.104375    0.139744 ^ clkbuf_0_clk/X (sky130_fd_sc_hd__clkbuf_16)
                                                         clknet_0_clk (net)
                      0.046971    0.001106    0.140850 ^ clkbuf_2_3__f_clk/A (sky130_fd_sc_hd__clkbuf_16)
    11    0.032212    0.039728    0.097173    0.238023 ^ clkbuf_2_3__f_clk/X (sky130_fd_sc_hd__clkbuf_16)
                                                         clknet_2_3__leaf_clk (net)
                      0.039733    0.000811    0.238834 ^ _177_/CLK (sky130_fd_sc_hd__dfrtp_4)
                                  0.250000    0.488834   clock uncertainty
                                  0.000000    0.488834   clock reconvergence pessimism
                                  0.199279    0.688112   library removal time
                                              0.688112   data required time
---------------------------------------------------------------------------------------------
                                              0.688112   data required time
                                             -5.289033   data arrival time
---------------------------------------------------------------------------------------------
                                              4.600921   slack (MET)


Startpoint: reset (input port clocked by clk)
Endpoint: _183_ (removal check against rising-edge clock clk)
Path Group: asynchronous
Path Type: min

Fanout         Cap        Slew       Delay        Time   Description
---------------------------------------------------------------------------------------------
                                  0.000000    0.000000   clock clk (rise edge)
                                  0.000000    0.000000   clock network delay (propagated)
                                  5.000000    5.000000 v input external delay
     1    0.002765    0.004670    0.002246    5.002246 v reset (in)
                                                         reset (net)
                      0.004670    0.000000    5.002246 v input2/A (sky130_fd_sc_hd__buf_1)
     3    0.015923    0.065825    0.086036    5.088282 v input2/X (sky130_fd_sc_hd__buf_1)
                                                         net2 (net)
                      0.065830    0.000574    5.088856 v fanout37/A (sky130_fd_sc_hd__clkbuf_4)
     8    0.047372    0.072797    0.151224    5.240080 v fanout37/X (sky130_fd_sc_hd__clkbuf_4)
                                                         net37 (net)
                      0.072812    0.001000    5.241081 v _147_/A (sky130_fd_sc_hd__inv_2)
     1    0.004656    0.029681    0.047014    5.288095 ^ _147_/Y (sky130_fd_sc_hd__inv_2)
                                                         _034_ (net)
                      0.029681    0.000106    5.288201 ^ _183_/RESET_B (sky130_fd_sc_hd__dfrtp_1)
                                              5.288201   data arrival time

                                  0.000000    0.000000   clock clk (rise edge)
                                  0.000000    0.000000   clock source latency
     1    0.014197    0.052609    0.035369    0.035369 ^ clk (in)
                                                         clk (net)
                      0.052614    0.000000    0.035369 ^ clkbuf_0_clk/A (sky130_fd_sc_hd__clkbuf_16)
     4    0.042619    0.046937    0.104375    0.139744 ^ clkbuf_0_clk/X (sky130_fd_sc_hd__clkbuf_16)
                                                         clknet_0_clk (net)
                      0.046971    0.001106    0.140850 ^ clkbuf_2_3__f_clk/A (sky130_fd_sc_hd__clkbuf_16)
    11    0.032212    0.039728    0.097173    0.238023 ^ clkbuf_2_3__f_clk/X (sky130_fd_sc_hd__clkbuf_16)
                                                         clknet_2_3__leaf_clk (net)
                      0.039734    0.000863    0.238886 ^ _183_/CLK (sky130_fd_sc_hd__dfrtp_1)
                                  0.250000    0.488886   clock uncertainty
                                  0.000000    0.488886   clock reconvergence pessimism
                                  0.197993    0.686879   library removal time
                                              0.686879   data required time
---------------------------------------------------------------------------------------------
                                              0.686879   data required time
                                             -5.288201   data arrival time
---------------------------------------------------------------------------------------------
                                              4.601322   slack (MET)


Startpoint: reset (input port clocked by clk)
Endpoint: _172_ (removal check against rising-edge clock clk)
Path Group: asynchronous
Path Type: min

Fanout         Cap        Slew       Delay        Time   Description
---------------------------------------------------------------------------------------------
                                  0.000000    0.000000   clock clk (rise edge)
                                  0.000000    0.000000   clock network delay (propagated)
                                  5.000000    5.000000 v input external delay
     1    0.002765    0.004670    0.002246    5.002246 v reset (in)
                                                         reset (net)
                      0.004670    0.000000    5.002246 v input2/A (sky130_fd_sc_hd__buf_1)
     3    0.015923    0.065825    0.086036    5.088282 v input2/X (sky130_fd_sc_hd__buf_1)
                                                         net2 (net)
                      0.065830    0.000574    5.088856 v fanout37/A (sky130_fd_sc_hd__clkbuf_4)
     8    0.047372    0.072797    0.151224    5.240080 v fanout37/X (sky130_fd_sc_hd__clkbuf_4)
                                                         net37 (net)
                      0.072804    0.000741    5.240822 v _136_/A (sky130_fd_sc_hd__inv_2)
     1    0.005301    0.031401    0.048831    5.289652 ^ _136_/Y (sky130_fd_sc_hd__inv_2)
                                                         _023_ (net)
                      0.031401    0.000134    5.289786 ^ _172_/RESET_B (sky130_fd_sc_hd__dfrtp_1)
                                              5.289786   data arrival time

                                  0.000000    0.000000   clock clk (rise edge)
                                  0.000000    0.000000   clock source latency
     1    0.014197    0.052609    0.035369    0.035369 ^ clk (in)
                                                         clk (net)
                      0.052614    0.000000    0.035369 ^ clkbuf_0_clk/A (sky130_fd_sc_hd__clkbuf_16)
     4    0.042619    0.046937    0.104375    0.139744 ^ clkbuf_0_clk/X (sky130_fd_sc_hd__clkbuf_16)
                                                         clknet_0_clk (net)
                      0.046971    0.001106    0.140850 ^ clkbuf_2_3__f_clk/A (sky130_fd_sc_hd__clkbuf_16)
    11    0.032212    0.039728    0.097173    0.238023 ^ clkbuf_2_3__f_clk/X (sky130_fd_sc_hd__clkbuf_16)
                                                         clknet_2_3__leaf_clk (net)
                      0.039735    0.000918    0.238941 ^ _172_/CLK (sky130_fd_sc_hd__dfrtp_1)
                                  0.250000    0.488941   clock uncertainty
                                  0.000000    0.488941   clock reconvergence pessimism
                                  0.198440    0.687382   library removal time
                                              0.687382   data required time
---------------------------------------------------------------------------------------------
                                              0.687382   data required time
                                             -5.289786   data arrival time
---------------------------------------------------------------------------------------------
                                              4.602405   slack (MET)


Startpoint: reset (input port clocked by clk)
Endpoint: _181_ (removal check against rising-edge clock clk)
Path Group: asynchronous
Path Type: min

Fanout         Cap        Slew       Delay        Time   Description
---------------------------------------------------------------------------------------------
                                  0.000000    0.000000   clock clk (rise edge)
                                  0.000000    0.000000   clock network delay (propagated)
                                  5.000000    5.000000 v input external delay
     1    0.002765    0.004670    0.002246    5.002246 v reset (in)
                                                         reset (net)
                      0.004670    0.000000    5.002246 v input2/A (sky130_fd_sc_hd__buf_1)
     3    0.015923    0.065825    0.086036    5.088282 v input2/X (sky130_fd_sc_hd__buf_1)
                                                         net2 (net)
                      0.065828    0.000512    5.088794 v fanout35/A (sky130_fd_sc_hd__clkbuf_4)
     9    0.051737    0.078640    0.154816    5.243610 v fanout35/X (sky130_fd_sc_hd__clkbuf_4)
                                                         net35 (net)
                      0.078650    0.000925    5.244535 v _145_/A (sky130_fd_sc_hd__inv_2)
     1    0.003922    0.028556    0.045908    5.290443 ^ _145_/Y (sky130_fd_sc_hd__inv_2)
                                                         _032_ (net)
                      0.028556    0.000077    5.290520 ^ _181_/RESET_B (sky130_fd_sc_hd__dfrtp_4)
                                              5.290520   data arrival time

                                  0.000000    0.000000   clock clk (rise edge)
                                  0.000000    0.000000   clock source latency
     1    0.014197    0.052609    0.035369    0.035369 ^ clk (in)
                                                         clk (net)
                      0.052614    0.000000    0.035369 ^ clkbuf_0_clk/A (sky130_fd_sc_hd__clkbuf_16)
     4    0.042619    0.046937    0.104375    0.139744 ^ clkbuf_0_clk/X (sky130_fd_sc_hd__clkbuf_16)
                                                         clknet_0_clk (net)
                      0.046972    0.001118    0.140862 ^ clkbuf_2_0__f_clk/A (sky130_fd_sc_hd__clkbuf_16)
    10    0.030183    0.038278    0.095834    0.236696 ^ clkbuf_2_0__f_clk/X (sky130_fd_sc_hd__clkbuf_16)
                                                         clknet_2_0__leaf_clk (net)
                      0.038282    0.000450    0.237146 ^ _181_/CLK (sky130_fd_sc_hd__dfrtp_4)
                                  0.250000    0.487146   clock uncertainty
                                  0.000000    0.487146   clock reconvergence pessimism
                                  0.198607    0.685753   library removal time
                                              0.685753   data required time
---------------------------------------------------------------------------------------------
                                              0.685753   data required time
                                             -5.290520   data arrival time
---------------------------------------------------------------------------------------------
                                              4.604767   slack (MET)


Startpoint: reset (input port clocked by clk)
Endpoint: _157_ (removal check against rising-edge clock clk)
Path Group: asynchronous
Path Type: min

Fanout         Cap        Slew       Delay        Time   Description
---------------------------------------------------------------------------------------------
                                  0.000000    0.000000   clock clk (rise edge)
                                  0.000000    0.000000   clock network delay (propagated)
                                  5.000000    5.000000 v input external delay
     1    0.002765    0.004670    0.002246    5.002246 v reset (in)
                                                         reset (net)
                      0.004670    0.000000    5.002246 v input2/A (sky130_fd_sc_hd__buf_1)
     3    0.015923    0.065825    0.086036    5.088282 v input2/X (sky130_fd_sc_hd__buf_1)
                                                         net2 (net)
                      0.065828    0.000512    5.088794 v fanout35/A (sky130_fd_sc_hd__clkbuf_4)
     9    0.051737    0.078640    0.154816    5.243610 v fanout35/X (sky130_fd_sc_hd__clkbuf_4)
                                                         net35 (net)
                      0.078759    0.002706    5.246316 v _121_/A (sky130_fd_sc_hd__inv_2)
     1    0.003919    0.028568    0.045926    5.292242 ^ _121_/Y (sky130_fd_sc_hd__inv_2)
                                                         _008_ (net)
                      0.028568    0.000079    5.292321 ^ _157_/RESET_B (sky130_fd_sc_hd__dfrtp_1)
                                              5.292321   data arrival time

                                  0.000000    0.000000   clock clk (rise edge)
                                  0.000000    0.000000   clock source latency
     1    0.014197    0.052609    0.035369    0.035369 ^ clk (in)
                                                         clk (net)
                      0.052614    0.000000    0.035369 ^ clkbuf_0_clk/A (sky130_fd_sc_hd__clkbuf_16)
     4    0.042619    0.046937    0.104375    0.139744 ^ clkbuf_0_clk/X (sky130_fd_sc_hd__clkbuf_16)
                                                         clknet_0_clk (net)
                      0.046972    0.001119    0.140863 ^ clkbuf_2_2__f_clk/A (sky130_fd_sc_hd__clkbuf_16)
     8    0.025763    0.035118    0.092912    0.233775 ^ clkbuf_2_2__f_clk/X (sky130_fd_sc_hd__clkbuf_16)
                                                         clknet_2_2__leaf_clk (net)
                      0.035136    0.000690    0.234465 ^ _157_/CLK (sky130_fd_sc_hd__dfrtp_1)
                                  0.250000    0.484465   clock uncertainty
                                  0.000000    0.484465   clock reconvergence pessimism
                                  0.197070    0.681534   library removal time
                                              0.681534   data required time
---------------------------------------------------------------------------------------------
                                              0.681534   data required time
                                             -5.292321   data arrival time
---------------------------------------------------------------------------------------------
                                              4.610786   slack (MET)


Startpoint: reset (input port clocked by clk)
Endpoint: _156_ (removal check against rising-edge clock clk)
Path Group: asynchronous
Path Type: min

Fanout         Cap        Slew       Delay        Time   Description
---------------------------------------------------------------------------------------------
                                  0.000000    0.000000   clock clk (rise edge)
                                  0.000000    0.000000   clock network delay (propagated)
                                  5.000000    5.000000 v input external delay
     1    0.002765    0.004670    0.002246    5.002246 v reset (in)
                                                         reset (net)
                      0.004670    0.000000    5.002246 v input2/A (sky130_fd_sc_hd__buf_1)
     3    0.015923    0.065825    0.086036    5.088282 v input2/X (sky130_fd_sc_hd__buf_1)
                                                         net2 (net)
                      0.065828    0.000512    5.088794 v fanout35/A (sky130_fd_sc_hd__clkbuf_4)
     9    0.051737    0.078640    0.154816    5.243610 v fanout35/X (sky130_fd_sc_hd__clkbuf_4)
                                                         net35 (net)
                      0.078742    0.002521    5.246131 v _120_/A (sky130_fd_sc_hd__inv_2)
     1    0.003947    0.028640    0.046046    5.292177 ^ _120_/Y (sky130_fd_sc_hd__inv_2)
                                                         _007_ (net)
                      0.028640    0.000044    5.292221 ^ _156_/RESET_B (sky130_fd_sc_hd__dfrtp_1)
                                              5.292221   data arrival time

                                  0.000000    0.000000   clock clk (rise edge)
                                  0.000000    0.000000   clock source latency
     1    0.014197    0.052609    0.035369    0.035369 ^ clk (in)
                                                         clk (net)
                      0.052614    0.000000    0.035369 ^ clkbuf_0_clk/A (sky130_fd_sc_hd__clkbuf_16)
     4    0.042619    0.046937    0.104375    0.139744 ^ clkbuf_0_clk/X (sky130_fd_sc_hd__clkbuf_16)
                                                         clknet_0_clk (net)
                      0.046972    0.001119    0.140863 ^ clkbuf_2_2__f_clk/A (sky130_fd_sc_hd__clkbuf_16)
     8    0.025763    0.035118    0.092912    0.233775 ^ clkbuf_2_2__f_clk/X (sky130_fd_sc_hd__clkbuf_16)
                                                         clknet_2_2__leaf_clk (net)
                      0.035126    0.000492    0.234267 ^ _156_/CLK (sky130_fd_sc_hd__dfrtp_1)
                                  0.250000    0.484267   clock uncertainty
                                  0.000000    0.484267   clock reconvergence pessimism
                                  0.197087    0.681354   library removal time
                                              0.681354   data required time
---------------------------------------------------------------------------------------------
                                              0.681354   data required time
                                             -5.292221   data arrival time
---------------------------------------------------------------------------------------------
                                              4.610867   slack (MET)


Startpoint: reset (input port clocked by clk)
Endpoint: _174_ (removal check against rising-edge clock clk)
Path Group: asynchronous
Path Type: min

Fanout         Cap        Slew       Delay        Time   Description
---------------------------------------------------------------------------------------------
                                  0.000000    0.000000   clock clk (rise edge)
                                  0.000000    0.000000   clock network delay (propagated)
                                  5.000000    5.000000 v input external delay
     1    0.002765    0.004670    0.002246    5.002246 v reset (in)
                                                         reset (net)
                      0.004670    0.000000    5.002246 v input2/A (sky130_fd_sc_hd__buf_1)
     3    0.015923    0.065825    0.086036    5.088282 v input2/X (sky130_fd_sc_hd__buf_1)
                                                         net2 (net)
                      0.065828    0.000512    5.088794 v fanout35/A (sky130_fd_sc_hd__clkbuf_4)
     9    0.051737    0.078640    0.154816    5.243610 v fanout35/X (sky130_fd_sc_hd__clkbuf_4)
                                                         net35 (net)
                      0.078733    0.002415    5.246025 v _138_/A (sky130_fd_sc_hd__inv_2)
     1    0.004139    0.029212    0.046769    5.292794 ^ _138_/Y (sky130_fd_sc_hd__inv_2)
                                                         _025_ (net)
                      0.029212    0.000087    5.292881 ^ _174_/RESET_B (sky130_fd_sc_hd__dfrtp_1)
                                              5.292881   data arrival time

                                  0.000000    0.000000   clock clk (rise edge)
                                  0.000000    0.000000   clock source latency
     1    0.014197    0.052609    0.035369    0.035369 ^ clk (in)
                                                         clk (net)
                      0.052614    0.000000    0.035369 ^ clkbuf_0_clk/A (sky130_fd_sc_hd__clkbuf_16)
     4    0.042619    0.046937    0.104375    0.139744 ^ clkbuf_0_clk/X (sky130_fd_sc_hd__clkbuf_16)
                                                         clknet_0_clk (net)
                      0.046972    0.001119    0.140863 ^ clkbuf_2_2__f_clk/A (sky130_fd_sc_hd__clkbuf_16)
     8    0.025763    0.035118    0.092912    0.233775 ^ clkbuf_2_2__f_clk/X (sky130_fd_sc_hd__clkbuf_16)
                                                         clknet_2_2__leaf_clk (net)
                      0.035124    0.000439    0.234214 ^ _174_/CLK (sky130_fd_sc_hd__dfrtp_1)
                                  0.250000    0.484214   clock uncertainty
                                  0.000000    0.484214   clock reconvergence pessimism
                                  0.197235    0.681449   library removal time
                                              0.681449   data required time
---------------------------------------------------------------------------------------------
                                              0.681449   data required time
                                             -5.292881   data arrival time
---------------------------------------------------------------------------------------------
                                              4.611432   slack (MET)


Startpoint: reset (input port clocked by clk)
Endpoint: _160_ (removal check against rising-edge clock clk)
Path Group: asynchronous
Path Type: min

Fanout         Cap        Slew       Delay        Time   Description
---------------------------------------------------------------------------------------------
                                  0.000000    0.000000   clock clk (rise edge)
                                  0.000000    0.000000   clock network delay (propagated)
                                  5.000000    5.000000 v input external delay
     1    0.002765    0.004670    0.002246    5.002246 v reset (in)
                                                         reset (net)
                      0.004670    0.000000    5.002246 v input2/A (sky130_fd_sc_hd__buf_1)
     3    0.015923    0.065825    0.086036    5.088282 v input2/X (sky130_fd_sc_hd__buf_1)
                                                         net2 (net)
                      0.065828    0.000512    5.088794 v fanout35/A (sky130_fd_sc_hd__clkbuf_4)
     9    0.051737    0.078640    0.154816    5.243610 v fanout35/X (sky130_fd_sc_hd__clkbuf_4)
                                                         net35 (net)
                      0.078712    0.002149    5.245759 v _124_/A (sky130_fd_sc_hd__inv_2)
     1    0.004247    0.029537    0.047200    5.292959 ^ _124_/Y (sky130_fd_sc_hd__inv_2)
                                                         _011_ (net)
                      0.029537    0.000051    5.293010 ^ _160_/RESET_B (sky130_fd_sc_hd__dfrtp_1)
                                              5.293010   data arrival time

                                  0.000000    0.000000   clock clk (rise edge)
                                  0.000000    0.000000   clock source latency
     1    0.014197    0.052609    0.035369    0.035369 ^ clk (in)
                                                         clk (net)
                      0.052614    0.000000    0.035369 ^ clkbuf_0_clk/A (sky130_fd_sc_hd__clkbuf_16)
     4    0.042619    0.046937    0.104375    0.139744 ^ clkbuf_0_clk/X (sky130_fd_sc_hd__clkbuf_16)
                                                         clknet_0_clk (net)
                      0.046972    0.001119    0.140863 ^ clkbuf_2_2__f_clk/A (sky130_fd_sc_hd__clkbuf_16)
     8    0.025763    0.035118    0.092912    0.233775 ^ clkbuf_2_2__f_clk/X (sky130_fd_sc_hd__clkbuf_16)
                                                         clknet_2_2__leaf_clk (net)
                      0.035125    0.000469    0.234244 ^ _160_/CLK (sky130_fd_sc_hd__dfrtp_1)
                                  0.250000    0.484244   clock uncertainty
                                  0.000000    0.484244   clock reconvergence pessimism
                                  0.197320    0.681564   library removal time
                                              0.681564   data required time
---------------------------------------------------------------------------------------------
                                              0.681564   data required time
                                             -5.293010   data arrival time
---------------------------------------------------------------------------------------------
                                              4.611446   slack (MET)


Startpoint: reset (input port clocked by clk)
Endpoint: _155_ (removal check against rising-edge clock clk)
Path Group: asynchronous
Path Type: min

Fanout         Cap        Slew       Delay        Time   Description
---------------------------------------------------------------------------------------------
                                  0.000000    0.000000   clock clk (rise edge)
                                  0.000000    0.000000   clock network delay (propagated)
                                  5.000000    5.000000 v input external delay
     1    0.002765    0.004670    0.002246    5.002246 v reset (in)
                                                         reset (net)
                      0.004670    0.000000    5.002246 v input2/A (sky130_fd_sc_hd__buf_1)
     3    0.015923    0.065825    0.086036    5.088282 v input2/X (sky130_fd_sc_hd__buf_1)
                                                         net2 (net)
                      0.065828    0.000512    5.088794 v fanout35/A (sky130_fd_sc_hd__clkbuf_4)
     9    0.051737    0.078640    0.154816    5.243610 v fanout35/X (sky130_fd_sc_hd__clkbuf_4)
                                                         net35 (net)
                      0.078752    0.002627    5.246237 v _119_/A (sky130_fd_sc_hd__inv_2)
     1    0.004331    0.029814    0.047521    5.293757 ^ _119_/Y (sky130_fd_sc_hd__inv_2)
                                                         _006_ (net)
                      0.029814    0.000092    5.293850 ^ _155_/RESET_B (sky130_fd_sc_hd__dfrtp_1)
                                              5.293850   data arrival time

                                  0.000000    0.000000   clock clk (rise edge)
                                  0.000000    0.000000   clock source latency
     1    0.014197    0.052609    0.035369    0.035369 ^ clk (in)
                                                         clk (net)
                      0.052614    0.000000    0.035369 ^ clkbuf_0_clk/A (sky130_fd_sc_hd__clkbuf_16)
     4    0.042619    0.046937    0.104375    0.139744 ^ clkbuf_0_clk/X (sky130_fd_sc_hd__clkbuf_16)
                                                         clknet_0_clk (net)
                      0.046972    0.001119    0.140863 ^ clkbuf_2_2__f_clk/A (sky130_fd_sc_hd__clkbuf_16)
     8    0.025763    0.035118    0.092912    0.233775 ^ clkbuf_2_2__f_clk/X (sky130_fd_sc_hd__clkbuf_16)
                                                         clknet_2_2__leaf_clk (net)
                      0.035130    0.000578    0.234353 ^ _155_/CLK (sky130_fd_sc_hd__dfrtp_1)
                                  0.250000    0.484353   clock uncertainty
                                  0.000000    0.484353   clock reconvergence pessimism
                                  0.197393    0.681746   library removal time
                                              0.681746   data required time
---------------------------------------------------------------------------------------------
                                              0.681746   data required time
                                             -5.293850   data arrival time
---------------------------------------------------------------------------------------------
                                              4.612104   slack (MET)


Startpoint: reset (input port clocked by clk)
Endpoint: _158_ (removal check against rising-edge clock clk)
Path Group: asynchronous
Path Type: min

Fanout         Cap        Slew       Delay        Time   Description
---------------------------------------------------------------------------------------------
                                  0.000000    0.000000   clock clk (rise edge)
                                  0.000000    0.000000   clock network delay (propagated)
                                  5.000000    5.000000 v input external delay
     1    0.002765    0.004670    0.002246    5.002246 v reset (in)
                                                         reset (net)
                      0.004670    0.000000    5.002246 v input2/A (sky130_fd_sc_hd__buf_1)
     3    0.015923    0.065825    0.086036    5.088282 v input2/X (sky130_fd_sc_hd__buf_1)
                                                         net2 (net)
                      0.065828    0.000512    5.088794 v fanout35/A (sky130_fd_sc_hd__clkbuf_4)
     9    0.051737    0.078640    0.154816    5.243610 v fanout35/X (sky130_fd_sc_hd__clkbuf_4)
                                                         net35 (net)
                      0.078765    0.002769    5.246379 v _122_/A (sky130_fd_sc_hd__inv_2)
     1    0.004796    0.031334    0.049306    5.295685 ^ _122_/Y (sky130_fd_sc_hd__inv_2)
                                                         _009_ (net)
                      0.031334    0.000113    5.295799 ^ _158_/RESET_B (sky130_fd_sc_hd__dfrtp_1)
                                              5.295799   data arrival time

                                  0.000000    0.000000   clock clk (rise edge)
                                  0.000000    0.000000   clock source latency
     1    0.014197    0.052609    0.035369    0.035369 ^ clk (in)
                                                         clk (net)
                      0.052614    0.000000    0.035369 ^ clkbuf_0_clk/A (sky130_fd_sc_hd__clkbuf_16)
     4    0.042619    0.046937    0.104375    0.139744 ^ clkbuf_0_clk/X (sky130_fd_sc_hd__clkbuf_16)
                                                         clknet_0_clk (net)
                      0.046972    0.001119    0.140863 ^ clkbuf_2_2__f_clk/A (sky130_fd_sc_hd__clkbuf_16)
     8    0.025763    0.035118    0.092912    0.233775 ^ clkbuf_2_2__f_clk/X (sky130_fd_sc_hd__clkbuf_16)
                                                         clknet_2_2__leaf_clk (net)
                      0.035139    0.000732    0.234507 ^ _158_/CLK (sky130_fd_sc_hd__dfrtp_1)
                                  0.250000    0.484507   clock uncertainty
                                  0.000000    0.484507   clock reconvergence pessimism
                                  0.197789    0.682296   library removal time
                                              0.682296   data required time
---------------------------------------------------------------------------------------------
                                              0.682296   data required time
                                             -5.295799   data arrival time
---------------------------------------------------------------------------------------------
                                              4.613503   slack (MET)


Startpoint: reset (input port clocked by clk)
Endpoint: _159_ (removal check against rising-edge clock clk)
Path Group: asynchronous
Path Type: min

Fanout         Cap        Slew       Delay        Time   Description
---------------------------------------------------------------------------------------------
                                  0.000000    0.000000   clock clk (rise edge)
                                  0.000000    0.000000   clock network delay (propagated)
                                  5.000000    5.000000 v input external delay
     1    0.002765    0.004670    0.002246    5.002246 v reset (in)
                                                         reset (net)
                      0.004670    0.000000    5.002246 v input2/A (sky130_fd_sc_hd__buf_1)
     3    0.015923    0.065825    0.086036    5.088282 v input2/X (sky130_fd_sc_hd__buf_1)
                                                         net2 (net)
                      0.065828    0.000512    5.088794 v fanout35/A (sky130_fd_sc_hd__clkbuf_4)
     9    0.051737    0.078640    0.154816    5.243610 v fanout35/X (sky130_fd_sc_hd__clkbuf_4)
                                                         net35 (net)
                      0.078747    0.002574    5.246184 v _123_/A (sky130_fd_sc_hd__inv_2)
     1    0.005377    0.032794    0.050850    5.297035 ^ _123_/Y (sky130_fd_sc_hd__inv_2)
                                                         _010_ (net)
                      0.032794    0.000143    5.297178 ^ _159_/RESET_B (sky130_fd_sc_hd__dfrtp_1)
                                              5.297178   data arrival time

                                  0.000000    0.000000   clock clk (rise edge)
                                  0.000000    0.000000   clock source latency
     1    0.014197    0.052609    0.035369    0.035369 ^ clk (in)
                                                         clk (net)
                      0.052614    0.000000    0.035369 ^ clkbuf_0_clk/A (sky130_fd_sc_hd__clkbuf_16)
     4    0.042619    0.046937    0.104375    0.139744 ^ clkbuf_0_clk/X (sky130_fd_sc_hd__clkbuf_16)
                                                         clknet_0_clk (net)
                      0.046972    0.001119    0.140863 ^ clkbuf_2_2__f_clk/A (sky130_fd_sc_hd__clkbuf_16)
     8    0.025763    0.035118    0.092912    0.233775 ^ clkbuf_2_2__f_clk/X (sky130_fd_sc_hd__clkbuf_16)
                                                         clknet_2_2__leaf_clk (net)
                      0.035139    0.000729    0.234504 ^ _159_/CLK (sky130_fd_sc_hd__dfrtp_1)
                                  0.250000    0.484504   clock uncertainty
                                  0.000000    0.484504   clock reconvergence pessimism
                                  0.198169    0.682673   library removal time
                                              0.682673   data required time
---------------------------------------------------------------------------------------------
                                              0.682673   data required time
                                             -5.297178   data arrival time
---------------------------------------------------------------------------------------------
                                              4.614506   slack (MET)


Startpoint: btn (input port clocked by clk)
Endpoint: _184_ (rising edge-triggered flip-flop clocked by clk)
Path Group: clk
Path Type: min

Fanout         Cap        Slew       Delay        Time   Description
---------------------------------------------------------------------------------------------
                                  0.000000    0.000000   clock clk (rise edge)
                                  0.000000    0.000000   clock network delay (propagated)
                                  5.000000    5.000000 v input external delay
     1    0.002985    0.004989    0.002442    5.002443 v btn (in)
                                                         btn (net)
                      0.004990    0.000000    5.002443 v input1/A (sky130_fd_sc_hd__buf_1)
     6    0.017110    0.070303    0.089452    5.091894 v input1/X (sky130_fd_sc_hd__buf_1)
                                                         net1 (net)
                      0.070309    0.000668    5.092562 v _184_/D (sky130_fd_sc_hd__dfrtp_1)
                                              5.092562   data arrival time

                                  0.000000    0.000000   clock clk (rise edge)
                                  0.000000    0.000000   clock source latency
     1    0.014197    0.052609    0.035369    0.035369 ^ clk (in)
                                                         clk (net)
                      0.052614    0.000000    0.035369 ^ clkbuf_0_clk/A (sky130_fd_sc_hd__clkbuf_16)
     4    0.042619    0.046937    0.104375    0.139744 ^ clkbuf_0_clk/X (sky130_fd_sc_hd__clkbuf_16)
                                                         clknet_0_clk (net)
                      0.046972    0.001114    0.140858 ^ clkbuf_2_1__f_clk/A (sky130_fd_sc_hd__clkbuf_16)
    10    0.029711    0.037945    0.095462    0.236320 ^ clkbuf_2_1__f_clk/X (sky130_fd_sc_hd__clkbuf_16)
                                                         clknet_2_1__leaf_clk (net)
                      0.037987    0.001097    0.237417 ^ _184_/CLK (sky130_fd_sc_hd__dfrtp_1)
                                  0.250000    0.487417   clock uncertainty
                                  0.000000    0.487417   clock reconvergence pessimism
                                 -0.044149    0.443268   library hold time
                                              0.443268   data required time
---------------------------------------------------------------------------------------------
                                              0.443268   data required time
                                             -5.092562   data arrival time
---------------------------------------------------------------------------------------------
                                              4.649294   slack (MET)


Startpoint: reset (input port clocked by clk)
Endpoint: _179_ (removal check against rising-edge clock clk)
Path Group: asynchronous
Path Type: min

Fanout         Cap        Slew       Delay        Time   Description
---------------------------------------------------------------------------------------------
                                  0.000000    0.000000   clock clk (rise edge)
                                  0.000000    0.000000   clock network delay (propagated)
                                  5.000000    5.000000 v input external delay
     1    0.002765    0.004670    0.002246    5.002246 v reset (in)
                                                         reset (net)
                      0.004670    0.000000    5.002246 v input2/A (sky130_fd_sc_hd__buf_1)
     3    0.015923    0.065825    0.086036    5.088282 v input2/X (sky130_fd_sc_hd__buf_1)
                                                         net2 (net)
                      0.065828    0.000512    5.088794 v fanout35/A (sky130_fd_sc_hd__clkbuf_4)
     9    0.051737    0.078640    0.154816    5.243610 v fanout35/X (sky130_fd_sc_hd__clkbuf_4)
                                                         net35 (net)
                      0.078655    0.001090    5.244700 v fanout34/A (sky130_fd_sc_hd__buf_4)
    10    0.055602    0.060577    0.145908    5.390608 v fanout34/X (sky130_fd_sc_hd__buf_4)
                                                         net34 (net)
                      0.060580    0.000565    5.391173 v _143_/A (sky130_fd_sc_hd__inv_2)
     1    0.003817    0.024977    0.040508    5.431681 ^ _143_/Y (sky130_fd_sc_hd__inv_2)
                                                         _030_ (net)
                      0.024977    0.000074    5.431755 ^ _179_/RESET_B (sky130_fd_sc_hd__dfrtp_4)
                                              5.431755   data arrival time

                                  0.000000    0.000000   clock clk (rise edge)
                                  0.000000    0.000000   clock source latency
     1    0.014197    0.052609    0.035369    0.035369 ^ clk (in)
                                                         clk (net)
                      0.052614    0.000000    0.035369 ^ clkbuf_0_clk/A (sky130_fd_sc_hd__clkbuf_16)
     4    0.042619    0.046937    0.104375    0.139744 ^ clkbuf_0_clk/X (sky130_fd_sc_hd__clkbuf_16)
                                                         clknet_0_clk (net)
                      0.046972    0.001114    0.140858 ^ clkbuf_2_1__f_clk/A (sky130_fd_sc_hd__clkbuf_16)
    10    0.029711    0.037945    0.095462    0.236320 ^ clkbuf_2_1__f_clk/X (sky130_fd_sc_hd__clkbuf_16)
                                                         clknet_2_1__leaf_clk (net)
                      0.037984    0.001064    0.237383 ^ _179_/CLK (sky130_fd_sc_hd__dfrtp_4)
                                  0.250000    0.487383   clock uncertainty
                                  0.000000    0.487383   clock reconvergence pessimism
                                  0.197645    0.685028   library removal time
                                              0.685028   data required time
---------------------------------------------------------------------------------------------
                                              0.685028   data required time
                                             -5.431755   data arrival time
---------------------------------------------------------------------------------------------
                                              4.746727   slack (MET)


Startpoint: reset (input port clocked by clk)
Endpoint: _180_ (removal check against rising-edge clock clk)
Path Group: asynchronous
Path Type: min

Fanout         Cap        Slew       Delay        Time   Description
---------------------------------------------------------------------------------------------
                                  0.000000    0.000000   clock clk (rise edge)
                                  0.000000    0.000000   clock network delay (propagated)
                                  5.000000    5.000000 v input external delay
     1    0.002765    0.004670    0.002246    5.002246 v reset (in)
                                                         reset (net)
                      0.004670    0.000000    5.002246 v input2/A (sky130_fd_sc_hd__buf_1)
     3    0.015923    0.065825    0.086036    5.088282 v input2/X (sky130_fd_sc_hd__buf_1)
                                                         net2 (net)
                      0.065828    0.000512    5.088794 v fanout35/A (sky130_fd_sc_hd__clkbuf_4)
     9    0.051737    0.078640    0.154816    5.243610 v fanout35/X (sky130_fd_sc_hd__clkbuf_4)
                                                         net35 (net)
                      0.078655    0.001090    5.244700 v fanout34/A (sky130_fd_sc_hd__buf_4)
    10    0.055602    0.060577    0.145908    5.390608 v fanout34/X (sky130_fd_sc_hd__buf_4)
                                                         net34 (net)
                      0.060587    0.000845    5.391452 v _144_/A (sky130_fd_sc_hd__inv_2)
     1    0.004472    0.026687    0.042760    5.434213 ^ _144_/Y (sky130_fd_sc_hd__inv_2)
                                                         _031_ (net)
                      0.026687    0.000099    5.434312 ^ _180_/RESET_B (sky130_fd_sc_hd__dfrtp_4)
                                              5.434312   data arrival time

                                  0.000000    0.000000   clock clk (rise edge)
                                  0.000000    0.000000   clock source latency
     1    0.014197    0.052609    0.035369    0.035369 ^ clk (in)
                                                         clk (net)
                      0.052614    0.000000    0.035369 ^ clkbuf_0_clk/A (sky130_fd_sc_hd__clkbuf_16)
     4    0.042619    0.046937    0.104375    0.139744 ^ clkbuf_0_clk/X (sky130_fd_sc_hd__clkbuf_16)
                                                         clknet_0_clk (net)
                      0.046972    0.001118    0.140862 ^ clkbuf_2_0__f_clk/A (sky130_fd_sc_hd__clkbuf_16)
    10    0.030183    0.038278    0.095834    0.236696 ^ clkbuf_2_0__f_clk/X (sky130_fd_sc_hd__clkbuf_16)
                                                         clknet_2_0__leaf_clk (net)
                      0.038281    0.000413    0.237109 ^ _180_/CLK (sky130_fd_sc_hd__dfrtp_4)
                                  0.250000    0.487109   clock uncertainty
                                  0.000000    0.487109   clock reconvergence pessimism
                                  0.198126    0.685235   library removal time
                                              0.685235   data required time
---------------------------------------------------------------------------------------------
                                              0.685235   data required time
                                             -5.434312   data arrival time
---------------------------------------------------------------------------------------------
                                              4.749077   slack (MET)


Startpoint: reset (input port clocked by clk)
Endpoint: _175_ (removal check against rising-edge clock clk)
Path Group: asynchronous
Path Type: min

Fanout         Cap        Slew       Delay        Time   Description
---------------------------------------------------------------------------------------------
                                  0.000000    0.000000   clock clk (rise edge)
                                  0.000000    0.000000   clock network delay (propagated)
                                  5.000000    5.000000 v input external delay
     1    0.002765    0.004670    0.002246    5.002246 v reset (in)
                                                         reset (net)
                      0.004670    0.000000    5.002246 v input2/A (sky130_fd_sc_hd__buf_1)
     3    0.015923    0.065825    0.086036    5.088282 v input2/X (sky130_fd_sc_hd__buf_1)
                                                         net2 (net)
                      0.065828    0.000512    5.088794 v fanout35/A (sky130_fd_sc_hd__clkbuf_4)
     9    0.051737    0.078640    0.154816    5.243610 v fanout35/X (sky130_fd_sc_hd__clkbuf_4)
                                                         net35 (net)
                      0.078655    0.001090    5.244700 v fanout34/A (sky130_fd_sc_hd__buf_4)
    10    0.055602    0.060577    0.145908    5.390608 v fanout34/X (sky130_fd_sc_hd__buf_4)
                                                         net34 (net)
                      0.060606    0.001291    5.391899 v _139_/A (sky130_fd_sc_hd__inv_2)
     1    0.004018    0.025475    0.041223    5.433123 ^ _139_/Y (sky130_fd_sc_hd__inv_2)
                                                         _026_ (net)
                      0.025475    0.000047    5.433169 ^ _175_/RESET_B (sky130_fd_sc_hd__dfrtp_1)
                                              5.433169   data arrival time

                                  0.000000    0.000000   clock clk (rise edge)
                                  0.000000    0.000000   clock source latency
     1    0.014197    0.052609    0.035369    0.035369 ^ clk (in)
                                                         clk (net)
                      0.052614    0.000000    0.035369 ^ clkbuf_0_clk/A (sky130_fd_sc_hd__clkbuf_16)
     4    0.042619    0.046937    0.104375    0.139744 ^ clkbuf_0_clk/X (sky130_fd_sc_hd__clkbuf_16)
                                                         clknet_0_clk (net)
                      0.046972    0.001118    0.140862 ^ clkbuf_2_0__f_clk/A (sky130_fd_sc_hd__clkbuf_16)
    10    0.030183    0.038278    0.095834    0.236696 ^ clkbuf_2_0__f_clk/X (sky130_fd_sc_hd__clkbuf_16)
                                                         clknet_2_0__leaf_clk (net)
                      0.038286    0.000574    0.237270 ^ _175_/CLK (sky130_fd_sc_hd__dfrtp_1)
                                  0.250000    0.487270   clock uncertainty
                                  0.000000    0.487270   clock reconvergence pessimism
                                  0.196700    0.683970   library removal time
                                              0.683970   data required time
---------------------------------------------------------------------------------------------
                                              0.683970   data required time
                                             -5.433169   data arrival time
---------------------------------------------------------------------------------------------
                                              4.749198   slack (MET)


Startpoint: reset (input port clocked by clk)
Endpoint: _164_ (removal check against rising-edge clock clk)
Path Group: asynchronous
Path Type: min

Fanout         Cap        Slew       Delay        Time   Description
---------------------------------------------------------------------------------------------
                                  0.000000    0.000000   clock clk (rise edge)
                                  0.000000    0.000000   clock network delay (propagated)
                                  5.000000    5.000000 v input external delay
     1    0.002765    0.004670    0.002246    5.002246 v reset (in)
                                                         reset (net)
                      0.004670    0.000000    5.002246 v input2/A (sky130_fd_sc_hd__buf_1)
     3    0.015923    0.065825    0.086036    5.088282 v input2/X (sky130_fd_sc_hd__buf_1)
                                                         net2 (net)
                      0.065828    0.000512    5.088794 v fanout35/A (sky130_fd_sc_hd__clkbuf_4)
     9    0.051737    0.078640    0.154816    5.243610 v fanout35/X (sky130_fd_sc_hd__clkbuf_4)
                                                         net35 (net)
                      0.078655    0.001090    5.244700 v fanout34/A (sky130_fd_sc_hd__buf_4)
    10    0.055602    0.060577    0.145908    5.390608 v fanout34/X (sky130_fd_sc_hd__buf_4)
                                                         net34 (net)
                      0.060856    0.003195    5.393803 v _128_/A (sky130_fd_sc_hd__inv_2)
     1    0.003787    0.024951    0.040478    5.434281 ^ _128_/Y (sky130_fd_sc_hd__inv_2)
                                                         _015_ (net)
                      0.024951    0.000073    5.434353 ^ _164_/RESET_B (sky130_fd_sc_hd__dfrtp_1)
                                              5.434353   data arrival time

                                  0.000000    0.000000   clock clk (rise edge)
                                  0.000000    0.000000   clock source latency
     1    0.014197    0.052609    0.035369    0.035369 ^ clk (in)
                                                         clk (net)
                      0.052614    0.000000    0.035369 ^ clkbuf_0_clk/A (sky130_fd_sc_hd__clkbuf_16)
     4    0.042619    0.046937    0.104375    0.139744 ^ clkbuf_0_clk/X (sky130_fd_sc_hd__clkbuf_16)
                                                         clknet_0_clk (net)
                      0.046972    0.001118    0.140862 ^ clkbuf_2_0__f_clk/A (sky130_fd_sc_hd__clkbuf_16)
    10    0.030183    0.038278    0.095834    0.236696 ^ clkbuf_2_0__f_clk/X (sky130_fd_sc_hd__clkbuf_16)
                                                         clknet_2_0__leaf_clk (net)
                      0.038316    0.001061    0.237757 ^ _164_/CLK (sky130_fd_sc_hd__dfrtp_1)
                                  0.250000    0.487757   clock uncertainty
                                  0.000000    0.487757   clock reconvergence pessimism
                                  0.196568    0.684325   library removal time
                                              0.684325   data required time
---------------------------------------------------------------------------------------------
                                              0.684325   data required time
                                             -5.434353   data arrival time
---------------------------------------------------------------------------------------------
                                              4.750029   slack (MET)


Startpoint: reset (input port clocked by clk)
Endpoint: _161_ (removal check against rising-edge clock clk)
Path Group: asynchronous
Path Type: min

Fanout         Cap        Slew       Delay        Time   Description
---------------------------------------------------------------------------------------------
                                  0.000000    0.000000   clock clk (rise edge)
                                  0.000000    0.000000   clock network delay (propagated)
                                  5.000000    5.000000 v input external delay
     1    0.002765    0.004670    0.002246    5.002246 v reset (in)
                                                         reset (net)
                      0.004670    0.000000    5.002246 v input2/A (sky130_fd_sc_hd__buf_1)
     3    0.015923    0.065825    0.086036    5.088282 v input2/X (sky130_fd_sc_hd__buf_1)
                                                         net2 (net)
                      0.065828    0.000512    5.088794 v fanout35/A (sky130_fd_sc_hd__clkbuf_4)
     9    0.051737    0.078640    0.154816    5.243610 v fanout35/X (sky130_fd_sc_hd__clkbuf_4)
                                                         net35 (net)
                      0.078655    0.001090    5.244700 v fanout34/A (sky130_fd_sc_hd__buf_4)
    10    0.055602    0.060577    0.145908    5.390608 v fanout34/X (sky130_fd_sc_hd__buf_4)
                                                         net34 (net)
                      0.060734    0.002720    5.393328 v _125_/A (sky130_fd_sc_hd__inv_2)
     1    0.004071    0.025634    0.041443    5.434771 ^ _125_/Y (sky130_fd_sc_hd__inv_2)
                                                         _012_ (net)
                      0.025634    0.000046    5.434817 ^ _161_/RESET_B (sky130_fd_sc_hd__dfrtp_1)
                                              5.434817   data arrival time

                                  0.000000    0.000000   clock clk (rise edge)
                                  0.000000    0.000000   clock source latency
     1    0.014197    0.052609    0.035369    0.035369 ^ clk (in)
                                                         clk (net)
                      0.052614    0.000000    0.035369 ^ clkbuf_0_clk/A (sky130_fd_sc_hd__clkbuf_16)
     4    0.042619    0.046937    0.104375    0.139744 ^ clkbuf_0_clk/X (sky130_fd_sc_hd__clkbuf_16)
                                                         clknet_0_clk (net)
                      0.046972    0.001118    0.140862 ^ clkbuf_2_0__f_clk/A (sky130_fd_sc_hd__clkbuf_16)
    10    0.030183    0.038278    0.095834    0.236696 ^ clkbuf_2_0__f_clk/X (sky130_fd_sc_hd__clkbuf_16)
                                                         clknet_2_0__leaf_clk (net)
                      0.038307    0.000947    0.237643 ^ _161_/CLK (sky130_fd_sc_hd__dfrtp_1)
                                  0.250000    0.487643   clock uncertainty
                                  0.000000    0.487643   clock reconvergence pessimism
                                  0.196745    0.684387   library removal time
                                              0.684387   data required time
---------------------------------------------------------------------------------------------
                                              0.684387   data required time
                                             -5.434817   data arrival time
---------------------------------------------------------------------------------------------
                                              4.750430   slack (MET)


Startpoint: reset (input port clocked by clk)
Endpoint: _162_ (removal check against rising-edge clock clk)
Path Group: asynchronous
Path Type: min

Fanout         Cap        Slew       Delay        Time   Description
---------------------------------------------------------------------------------------------
                                  0.000000    0.000000   clock clk (rise edge)
                                  0.000000    0.000000   clock network delay (propagated)
                                  5.000000    5.000000 v input external delay
     1    0.002765    0.004670    0.002246    5.002246 v reset (in)
                                                         reset (net)
                      0.004670    0.000000    5.002246 v input2/A (sky130_fd_sc_hd__buf_1)
     3    0.015923    0.065825    0.086036    5.088282 v input2/X (sky130_fd_sc_hd__buf_1)
                                                         net2 (net)
                      0.065828    0.000512    5.088794 v fanout35/A (sky130_fd_sc_hd__clkbuf_4)
     9    0.051737    0.078640    0.154816    5.243610 v fanout35/X (sky130_fd_sc_hd__clkbuf_4)
                                                         net35 (net)
                      0.078655    0.001090    5.244700 v fanout34/A (sky130_fd_sc_hd__buf_4)
    10    0.055602    0.060577    0.145908    5.390608 v fanout34/X (sky130_fd_sc_hd__buf_4)
                                                         net34 (net)
                      0.060690    0.002348    5.392956 v _126_/A (sky130_fd_sc_hd__inv_2)
     1    0.004252    0.026102    0.042035    5.434991 ^ _126_/Y (sky130_fd_sc_hd__inv_2)
                                                         _013_ (net)
                      0.026102    0.000089    5.435080 ^ _162_/RESET_B (sky130_fd_sc_hd__dfrtp_1)
                                              5.435080   data arrival time

                                  0.000000    0.000000   clock clk (rise edge)
                                  0.000000    0.000000   clock source latency
     1    0.014197    0.052609    0.035369    0.035369 ^ clk (in)
                                                         clk (net)
                      0.052614    0.000000    0.035369 ^ clkbuf_0_clk/A (sky130_fd_sc_hd__clkbuf_16)
     4    0.042619    0.046937    0.104375    0.139744 ^ clkbuf_0_clk/X (sky130_fd_sc_hd__clkbuf_16)
                                                         clknet_0_clk (net)
                      0.046972    0.001118    0.140862 ^ clkbuf_2_0__f_clk/A (sky130_fd_sc_hd__clkbuf_16)
    10    0.030183    0.038278    0.095834    0.236696 ^ clkbuf_2_0__f_clk/X (sky130_fd_sc_hd__clkbuf_16)
                                                         clknet_2_0__leaf_clk (net)
                      0.038304    0.000895    0.237591 ^ _162_/CLK (sky130_fd_sc_hd__dfrtp_1)
                                  0.250000    0.487591   clock uncertainty
                                  0.000000    0.487591   clock reconvergence pessimism
                                  0.196866    0.684457   library removal time
                                              0.684457   data required time
---------------------------------------------------------------------------------------------
                                              0.684457   data required time
                                             -5.435080   data arrival time
---------------------------------------------------------------------------------------------
                                              4.750623   slack (MET)


Startpoint: reset (input port clocked by clk)
Endpoint: _166_ (removal check against rising-edge clock clk)
Path Group: asynchronous
Path Type: min

Fanout         Cap        Slew       Delay        Time   Description
---------------------------------------------------------------------------------------------
                                  0.000000    0.000000   clock clk (rise edge)
                                  0.000000    0.000000   clock network delay (propagated)
                                  5.000000    5.000000 v input external delay
     1    0.002765    0.004670    0.002246    5.002246 v reset (in)
                                                         reset (net)
                      0.004670    0.000000    5.002246 v input2/A (sky130_fd_sc_hd__buf_1)
     3    0.015923    0.065825    0.086036    5.088282 v input2/X (sky130_fd_sc_hd__buf_1)
                                                         net2 (net)
                      0.065828    0.000512    5.088794 v fanout35/A (sky130_fd_sc_hd__clkbuf_4)
     9    0.051737    0.078640    0.154816    5.243610 v fanout35/X (sky130_fd_sc_hd__clkbuf_4)
                                                         net35 (net)
                      0.078655    0.001090    5.244700 v fanout34/A (sky130_fd_sc_hd__buf_4)
    10    0.055602    0.060577    0.145908    5.390608 v fanout34/X (sky130_fd_sc_hd__buf_4)
                                                         net34 (net)
                      0.060889    0.003393    5.394001 v _130_/A (sky130_fd_sc_hd__inv_2)
     1    0.004077    0.025682    0.041489    5.435489 ^ _130_/Y (sky130_fd_sc_hd__inv_2)
                                                         _017_ (net)
                      0.025682    0.000082    5.435571 ^ _166_/RESET_B (sky130_fd_sc_hd__dfrtp_1)
                                              5.435571   data arrival time

                                  0.000000    0.000000   clock clk (rise edge)
                                  0.000000    0.000000   clock source latency
     1    0.014197    0.052609    0.035369    0.035369 ^ clk (in)
                                                         clk (net)
                      0.052614    0.000000    0.035369 ^ clkbuf_0_clk/A (sky130_fd_sc_hd__clkbuf_16)
     4    0.042619    0.046937    0.104375    0.139744 ^ clkbuf_0_clk/X (sky130_fd_sc_hd__clkbuf_16)
                                                         clknet_0_clk (net)
                      0.046972    0.001118    0.140862 ^ clkbuf_2_0__f_clk/A (sky130_fd_sc_hd__clkbuf_16)
    10    0.030183    0.038278    0.095834    0.236696 ^ clkbuf_2_0__f_clk/X (sky130_fd_sc_hd__clkbuf_16)
                                                         clknet_2_0__leaf_clk (net)
                      0.038283    0.000483    0.237179 ^ _166_/CLK (sky130_fd_sc_hd__dfrtp_1)
                                  0.250000    0.487179   clock uncertainty
                                  0.000000    0.487179   clock reconvergence pessimism
                                  0.196754    0.683932   library removal time
                                              0.683932   data required time
---------------------------------------------------------------------------------------------
                                              0.683932   data required time
                                             -5.435571   data arrival time
---------------------------------------------------------------------------------------------
                                              4.751639   slack (MET)


Startpoint: reset (input port clocked by clk)
Endpoint: _165_ (removal check against rising-edge clock clk)
Path Group: asynchronous
Path Type: min

Fanout         Cap        Slew       Delay        Time   Description
---------------------------------------------------------------------------------------------
                                  0.000000    0.000000   clock clk (rise edge)
                                  0.000000    0.000000   clock network delay (propagated)
                                  5.000000    5.000000 v input external delay
     1    0.002765    0.004670    0.002246    5.002246 v reset (in)
                                                         reset (net)
                      0.004670    0.000000    5.002246 v input2/A (sky130_fd_sc_hd__buf_1)
     3    0.015923    0.065825    0.086036    5.088282 v input2/X (sky130_fd_sc_hd__buf_1)
                                                         net2 (net)
                      0.065828    0.000512    5.088794 v fanout35/A (sky130_fd_sc_hd__clkbuf_4)
     9    0.051737    0.078640    0.154816    5.243610 v fanout35/X (sky130_fd_sc_hd__clkbuf_4)
                                                         net35 (net)
                      0.078655    0.001090    5.244700 v fanout34/A (sky130_fd_sc_hd__buf_4)
    10    0.055602    0.060577    0.145908    5.390608 v fanout34/X (sky130_fd_sc_hd__buf_4)
                                                         net34 (net)
                      0.060904    0.003475    5.394083 v _129_/A (sky130_fd_sc_hd__inv_2)
     1    0.005553    0.029658    0.045807    5.439890 ^ _129_/Y (sky130_fd_sc_hd__inv_2)
                                                         _016_ (net)
                      0.029659    0.000147    5.440038 ^ _165_/RESET_B (sky130_fd_sc_hd__dfrtp_1)
                                              5.440038   data arrival time

                                  0.000000    0.000000   clock clk (rise edge)
                                  0.000000    0.000000   clock source latency
     1    0.014197    0.052609    0.035369    0.035369 ^ clk (in)
                                                         clk (net)
                      0.052614    0.000000    0.035369 ^ clkbuf_0_clk/A (sky130_fd_sc_hd__clkbuf_16)
     4    0.042619    0.046937    0.104375    0.139744 ^ clkbuf_0_clk/X (sky130_fd_sc_hd__clkbuf_16)
                                                         clknet_0_clk (net)
                      0.046972    0.001118    0.140862 ^ clkbuf_2_0__f_clk/A (sky130_fd_sc_hd__clkbuf_16)
    10    0.030183    0.038278    0.095834    0.236696 ^ clkbuf_2_0__f_clk/X (sky130_fd_sc_hd__clkbuf_16)
                                                         clknet_2_0__leaf_clk (net)
                      0.038319    0.001088    0.237784 ^ _165_/CLK (sky130_fd_sc_hd__dfrtp_1)
                                  0.250000    0.487784   clock uncertainty
                                  0.000000    0.487784   clock reconvergence pessimism
                                  0.197792    0.685576   library removal time
                                              0.685576   data required time
---------------------------------------------------------------------------------------------
                                              0.685576   data required time
                                             -5.440038   data arrival time
---------------------------------------------------------------------------------------------
                                              4.754461   slack (MET)


Startpoint: reset (input port clocked by clk)
Endpoint: _163_ (removal check against rising-edge clock clk)
Path Group: asynchronous
Path Type: min

Fanout         Cap        Slew       Delay        Time   Description
---------------------------------------------------------------------------------------------
                                  0.000000    0.000000   clock clk (rise edge)
                                  0.000000    0.000000   clock network delay (propagated)
                                  5.000000    5.000000 v input external delay
     1    0.002765    0.004670    0.002246    5.002246 v reset (in)
                                                         reset (net)
                      0.004670    0.000000    5.002246 v input2/A (sky130_fd_sc_hd__buf_1)
     3    0.015923    0.065825    0.086036    5.088282 v input2/X (sky130_fd_sc_hd__buf_1)
                                                         net2 (net)
                      0.065828    0.000512    5.088794 v fanout35/A (sky130_fd_sc_hd__clkbuf_4)
     9    0.051737    0.078640    0.154816    5.243610 v fanout35/X (sky130_fd_sc_hd__clkbuf_4)
                                                         net35 (net)
                      0.078655    0.001090    5.244700 v fanout34/A (sky130_fd_sc_hd__buf_4)
    10    0.055602    0.060577    0.145908    5.390608 v fanout34/X (sky130_fd_sc_hd__buf_4)
                                                         net34 (net)
                      0.060881    0.003344    5.393951 v _127_/A (sky130_fd_sc_hd__inv_2)
     1    0.005682    0.029993    0.046118    5.440070 ^ _127_/Y (sky130_fd_sc_hd__inv_2)
                                                         _014_ (net)
                      0.029994    0.000147    5.440217 ^ _163_/RESET_B (sky130_fd_sc_hd__dfrtp_1)
                                              5.440217   data arrival time

                                  0.000000    0.000000   clock clk (rise edge)
                                  0.000000    0.000000   clock source latency
     1    0.014197    0.052609    0.035369    0.035369 ^ clk (in)
                                                         clk (net)
                      0.052614    0.000000    0.035369 ^ clkbuf_0_clk/A (sky130_fd_sc_hd__clkbuf_16)
     4    0.042619    0.046937    0.104375    0.139744 ^ clkbuf_0_clk/X (sky130_fd_sc_hd__clkbuf_16)
                                                         clknet_0_clk (net)
                      0.046972    0.001118    0.140862 ^ clkbuf_2_0__f_clk/A (sky130_fd_sc_hd__clkbuf_16)
    10    0.030183    0.038278    0.095834    0.236696 ^ clkbuf_2_0__f_clk/X (sky130_fd_sc_hd__clkbuf_16)
                                                         clknet_2_0__leaf_clk (net)
                      0.038315    0.001051    0.237747 ^ _163_/CLK (sky130_fd_sc_hd__dfrtp_1)
                                  0.250000    0.487747   clock uncertainty
                                  0.000000    0.487747   clock reconvergence pessimism
                                  0.197879    0.685625   library removal time
                                              0.685625   data required time
---------------------------------------------------------------------------------------------
                                              0.685625   data required time
                                             -5.440217   data arrival time
---------------------------------------------------------------------------------------------
                                              4.754591   slack (MET)


Startpoint: reset (input port clocked by clk)
Endpoint: _176_ (removal check against rising-edge clock clk)
Path Group: asynchronous
Path Type: min

Fanout         Cap        Slew       Delay        Time   Description
---------------------------------------------------------------------------------------------
                                  0.000000    0.000000   clock clk (rise edge)
                                  0.000000    0.000000   clock network delay (propagated)
                                  5.000000    5.000000 v input external delay
     1    0.002765    0.004670    0.002246    5.002246 v reset (in)
                                                         reset (net)
                      0.004670    0.000000    5.002246 v input2/A (sky130_fd_sc_hd__buf_1)
     3    0.015923    0.065825    0.086036    5.088282 v input2/X (sky130_fd_sc_hd__buf_1)
                                                         net2 (net)
                      0.065828    0.000512    5.088794 v fanout35/A (sky130_fd_sc_hd__clkbuf_4)
     9    0.051737    0.078640    0.154816    5.243610 v fanout35/X (sky130_fd_sc_hd__clkbuf_4)
                                                         net35 (net)
                      0.078655    0.001090    5.244700 v fanout34/A (sky130_fd_sc_hd__buf_4)
    10    0.055602    0.060577    0.145908    5.390608 v fanout34/X (sky130_fd_sc_hd__buf_4)
                                                         net34 (net)
                      0.060652    0.001953    5.392560 v _140_/A (sky130_fd_sc_hd__inv_2)
     1    0.004025    0.025506    0.041243    5.433804 ^ _140_/Y (sky130_fd_sc_hd__inv_2)
                                                         _027_ (net)
                      0.025506    0.000082    5.433886 ^ _176_/SET_B (sky130_fd_sc_hd__dfstp_2)
                                              5.433886   data arrival time

                                  0.000000    0.000000   clock clk (rise edge)
                                  0.000000    0.000000   clock source latency
     1    0.014197    0.052609    0.035369    0.035369 ^ clk (in)
                                                         clk (net)
                      0.052614    0.000000    0.035369 ^ clkbuf_0_clk/A (sky130_fd_sc_hd__clkbuf_16)
     4    0.042619    0.046937    0.104375    0.139744 ^ clkbuf_0_clk/X (sky130_fd_sc_hd__clkbuf_16)
                                                         clknet_0_clk (net)
                      0.046972    0.001118    0.140862 ^ clkbuf_2_0__f_clk/A (sky130_fd_sc_hd__clkbuf_16)
    10    0.030183    0.038278    0.095834    0.236696 ^ clkbuf_2_0__f_clk/X (sky130_fd_sc_hd__clkbuf_16)
                                                         clknet_2_0__leaf_clk (net)
                      0.038297    0.000795    0.237491 ^ _176_/CLK (sky130_fd_sc_hd__dfstp_2)
                                  0.250000    0.487491   clock uncertainty
                                  0.000000    0.487491   clock reconvergence pessimism
                                  0.101171    0.588662   library removal time
                                              0.588662   data required time
---------------------------------------------------------------------------------------------
                                              0.588662   data required time
                                             -5.433886   data arrival time
---------------------------------------------------------------------------------------------
                                              4.845224   slack (MET)


Startpoint: _157_ (rising edge-triggered flip-flop clocked by clk)
Endpoint: seg1[2] (output port clocked by clk)
Path Group: clk
Path Type: min

Fanout         Cap        Slew       Delay        Time   Description
---------------------------------------------------------------------------------------------
                                  0.000000    0.000000   clock clk (rise edge)
                                  0.000000    0.000000   clock source latency
     1    0.014197    0.052609    0.035369    0.035369 ^ clk (in)
                                                         clk (net)
                      0.052614    0.000000    0.035369 ^ clkbuf_0_clk/A (sky130_fd_sc_hd__clkbuf_16)
     4    0.042619    0.046937    0.104375    0.139744 ^ clkbuf_0_clk/X (sky130_fd_sc_hd__clkbuf_16)
                                                         clknet_0_clk (net)
                      0.046972    0.001119    0.140863 ^ clkbuf_2_2__f_clk/A (sky130_fd_sc_hd__clkbuf_16)
     8    0.025763    0.035118    0.092912    0.233775 ^ clkbuf_2_2__f_clk/X (sky130_fd_sc_hd__clkbuf_16)
                                                         clknet_2_2__leaf_clk (net)
                      0.035136    0.000690    0.234465 ^ _157_/CLK (sky130_fd_sc_hd__dfrtp_1)
     2    0.005704    0.048488    0.212687    0.447152 ^ _157_/Q (sky130_fd_sc_hd__dfrtp_1)
                                                         mem1[2] (net)
                      0.048488    0.000140    0.447292 ^ _076_/B1 (sky130_fd_sc_hd__a31o_1)
     1    0.002908    0.028110    0.054923    0.502215 ^ _076_/X (sky130_fd_sc_hd__a31o_1)
                                                         net11 (net)
                      0.028110    0.000065    0.502280 ^ output11/A (sky130_fd_sc_hd__buf_2)
     1    0.034019    0.127373    0.135743    0.638023 ^ output11/X (sky130_fd_sc_hd__buf_2)
                                                         seg1[2] (net)
                      0.127378    0.000642    0.638665 ^ seg1[2] (out)
                                              0.638665   data arrival time

                                  0.000000    0.000000   clock clk (rise edge)
                                  0.000000    0.000000   clock network delay (propagated)
                                  0.250000    0.250000   clock uncertainty
                                  0.000000    0.250000   clock reconvergence pessimism
                                 -5.000000   -4.750000   output external delay
                                             -4.750000   data required time
---------------------------------------------------------------------------------------------
                                             -4.750000   data required time
                                             -0.638665   data arrival time
---------------------------------------------------------------------------------------------
                                              5.388665   slack (MET)


Startpoint: _151_ (rising edge-triggered flip-flop clocked by clk)
Endpoint: seg0[2] (output port clocked by clk)
Path Group: clk
Path Type: min

Fanout         Cap        Slew       Delay        Time   Description
---------------------------------------------------------------------------------------------
                                  0.000000    0.000000   clock clk (rise edge)
                                  0.000000    0.000000   clock source latency
     1    0.014197    0.052609    0.035369    0.035369 ^ clk (in)
                                                         clk (net)
                      0.052614    0.000000    0.035369 ^ clkbuf_0_clk/A (sky130_fd_sc_hd__clkbuf_16)
     4    0.042619    0.046937    0.104375    0.139744 ^ clkbuf_0_clk/X (sky130_fd_sc_hd__clkbuf_16)
                                                         clknet_0_clk (net)
                      0.046972    0.001114    0.140858 ^ clkbuf_2_1__f_clk/A (sky130_fd_sc_hd__clkbuf_16)
    10    0.029711    0.037945    0.095462    0.236320 ^ clkbuf_2_1__f_clk/X (sky130_fd_sc_hd__clkbuf_16)
                                                         clknet_2_1__leaf_clk (net)
                      0.037978    0.000988    0.237308 ^ _151_/CLK (sky130_fd_sc_hd__dfrtp_1)
     2    0.005853    0.049377    0.214267    0.451575 ^ _151_/Q (sky130_fd_sc_hd__dfrtp_1)
                                                         mem0[2] (net)
                      0.049377    0.000147    0.451722 ^ _062_/B1 (sky130_fd_sc_hd__a31o_1)
     1    0.002031    0.022550    0.050679    0.502401 ^ _062_/X (sky130_fd_sc_hd__a31o_1)
                                                         net5 (net)
                      0.022550    0.000039    0.502441 ^ output5/A (sky130_fd_sc_hd__buf_2)
     1    0.035099    0.131257    0.136589    0.639030 ^ output5/X (sky130_fd_sc_hd__buf_2)
                                                         seg0[2] (net)
                      0.131265    0.000845    0.639875 ^ seg0[2] (out)
                                              0.639875   data arrival time

                                  0.000000    0.000000   clock clk (rise edge)
                                  0.000000    0.000000   clock network delay (propagated)
                                  0.250000    0.250000   clock uncertainty
                                  0.000000    0.250000   clock reconvergence pessimism
                                 -5.000000   -4.750000   output external delay
                                             -4.750000   data required time
---------------------------------------------------------------------------------------------
                                             -4.750000   data required time
                                             -0.639875   data arrival time
---------------------------------------------------------------------------------------------
                                              5.389875   slack (MET)


Startpoint: _155_ (rising edge-triggered flip-flop clocked by clk)
Endpoint: seg1[0] (output port clocked by clk)
Path Group: clk
Path Type: min

Fanout         Cap        Slew       Delay        Time   Description
---------------------------------------------------------------------------------------------
                                  0.000000    0.000000   clock clk (rise edge)
                                  0.000000    0.000000   clock source latency
     1    0.014197    0.052609    0.035369    0.035369 ^ clk (in)
                                                         clk (net)
                      0.052614    0.000000    0.035369 ^ clkbuf_0_clk/A (sky130_fd_sc_hd__clkbuf_16)
     4    0.042619    0.046937    0.104375    0.139744 ^ clkbuf_0_clk/X (sky130_fd_sc_hd__clkbuf_16)
                                                         clknet_0_clk (net)
                      0.046972    0.001119    0.140863 ^ clkbuf_2_2__f_clk/A (sky130_fd_sc_hd__clkbuf_16)
     8    0.025763    0.035118    0.092912    0.233775 ^ clkbuf_2_2__f_clk/X (sky130_fd_sc_hd__clkbuf_16)
                                                         clknet_2_2__leaf_clk (net)
                      0.035130    0.000578    0.234353 ^ _155_/CLK (sky130_fd_sc_hd__dfrtp_1)
     2    0.005603    0.047884    0.212198    0.446551 ^ _155_/Q (sky130_fd_sc_hd__dfrtp_1)
                                                         mem1[0] (net)
                      0.047884    0.000143    0.446694 ^ _072_/B1 (sky130_fd_sc_hd__a31o_1)
     1    0.003223    0.030142    0.056383    0.503077 ^ _072_/X (sky130_fd_sc_hd__a31o_1)
                                                         net9 (net)
                      0.030142    0.000093    0.503170 ^ output9/A (sky130_fd_sc_hd__buf_2)
     1    0.034177    0.127940    0.136705    0.639875 ^ output9/X (sky130_fd_sc_hd__buf_2)
                                                         seg1[0] (net)
                      0.127946    0.000706    0.640581 ^ seg1[0] (out)
                                              0.640581   data arrival time

                                  0.000000    0.000000   clock clk (rise edge)
                                  0.000000    0.000000   clock network delay (propagated)
                                  0.250000    0.250000   clock uncertainty
                                  0.000000    0.250000   clock reconvergence pessimism
                                 -5.000000   -4.750000   output external delay
                                             -4.750000   data required time
---------------------------------------------------------------------------------------------
                                             -4.750000   data required time
                                             -0.640581   data arrival time
---------------------------------------------------------------------------------------------
                                              5.390581   slack (MET)


Startpoint: _168_ (rising edge-triggered flip-flop clocked by clk)
Endpoint: seg3[1] (output port clocked by clk)
Path Group: clk
Path Type: min

Fanout         Cap        Slew       Delay        Time   Description
---------------------------------------------------------------------------------------------
                                  0.000000    0.000000   clock clk (rise edge)
                                  0.000000    0.000000   clock source latency
     1    0.014197    0.052609    0.035369    0.035369 ^ clk (in)
                                                         clk (net)
                      0.052614    0.000000    0.035369 ^ clkbuf_0_clk/A (sky130_fd_sc_hd__clkbuf_16)
     4    0.042619    0.046937    0.104375    0.139744 ^ clkbuf_0_clk/X (sky130_fd_sc_hd__clkbuf_16)
                                                         clknet_0_clk (net)
                      0.046971    0.001106    0.140850 ^ clkbuf_2_3__f_clk/A (sky130_fd_sc_hd__clkbuf_16)
    11    0.032212    0.039728    0.097173    0.238023 ^ clkbuf_2_3__f_clk/X (sky130_fd_sc_hd__clkbuf_16)
                                                         clknet_2_3__leaf_clk (net)
                      0.039731    0.000609    0.238632 ^ _168_/CLK (sky130_fd_sc_hd__dfrtp_1)
     2    0.005261    0.045863    0.211963    0.450595 ^ _168_/Q (sky130_fd_sc_hd__dfrtp_1)
                                                         mem3[1] (net)
                      0.045863    0.000132    0.450727 ^ _104_/B1 (sky130_fd_sc_hd__a31o_1)
     1    0.002752    0.027069    0.053591    0.504318 ^ _104_/X (sky130_fd_sc_hd__a31o_1)
                                                         net22 (net)
                      0.027069    0.000081    0.504399 ^ output22/A (sky130_fd_sc_hd__buf_2)
     1    0.034376    0.128662    0.136232    0.640631 ^ output22/X (sky130_fd_sc_hd__buf_2)
                                                         seg3[1] (net)
                      0.128668    0.000754    0.641385 ^ seg3[1] (out)
                                              0.641385   data arrival time

                                  0.000000    0.000000   clock clk (rise edge)
                                  0.000000    0.000000   clock network delay (propagated)
                                  0.250000    0.250000   clock uncertainty
                                  0.000000    0.250000   clock reconvergence pessimism
                                 -5.000000   -4.750000   output external delay
                                             -4.750000   data required time
---------------------------------------------------------------------------------------------
                                             -4.750000   data required time
                                             -0.641385   data arrival time
---------------------------------------------------------------------------------------------
                                              5.391385   slack (MET)


Startpoint: _156_ (rising edge-triggered flip-flop clocked by clk)
Endpoint: seg1[1] (output port clocked by clk)
Path Group: clk
Path Type: min

Fanout         Cap        Slew       Delay        Time   Description
---------------------------------------------------------------------------------------------
                                  0.000000    0.000000   clock clk (rise edge)
                                  0.000000    0.000000   clock source latency
     1    0.014197    0.052609    0.035369    0.035369 ^ clk (in)
                                                         clk (net)
                      0.052614    0.000000    0.035369 ^ clkbuf_0_clk/A (sky130_fd_sc_hd__clkbuf_16)
     4    0.042619    0.046937    0.104375    0.139744 ^ clkbuf_0_clk/X (sky130_fd_sc_hd__clkbuf_16)
                                                         clknet_0_clk (net)
                      0.046972    0.001119    0.140863 ^ clkbuf_2_2__f_clk/A (sky130_fd_sc_hd__clkbuf_16)
     8    0.025763    0.035118    0.092912    0.233775 ^ clkbuf_2_2__f_clk/X (sky130_fd_sc_hd__clkbuf_16)
                                                         clknet_2_2__leaf_clk (net)
                      0.035126    0.000492    0.234267 ^ _156_/CLK (sky130_fd_sc_hd__dfrtp_1)
     2    0.005381    0.046566    0.211122    0.445389 ^ _156_/Q (sky130_fd_sc_hd__dfrtp_1)
                                                         mem1[1] (net)
                      0.046566    0.000175    0.445564 ^ _074_/B1 (sky130_fd_sc_hd__a31o_1)
     1    0.003521    0.032075    0.057615    0.503179 ^ _074_/X (sky130_fd_sc_hd__a31o_1)
                                                         net10 (net)
                      0.032075    0.000116    0.503295 ^ output10/A (sky130_fd_sc_hd__buf_2)
     1    0.034385    0.128683    0.137772    0.641067 ^ output10/X (sky130_fd_sc_hd__buf_2)
                                                         seg1[1] (net)
                      0.128690    0.000754    0.641821 ^ seg1[1] (out)
                                              0.641821   data arrival time

                                  0.000000    0.000000   clock clk (rise edge)
                                  0.000000    0.000000   clock network delay (propagated)
                                  0.250000    0.250000   clock uncertainty
                                  0.000000    0.250000   clock reconvergence pessimism
                                 -5.000000   -4.750000   output external delay
                                             -4.750000   data required time
---------------------------------------------------------------------------------------------
                                             -4.750000   data required time
                                             -0.641821   data arrival time
---------------------------------------------------------------------------------------------
                                              5.391821   slack (MET)


Startpoint: _153_ (rising edge-triggered flip-flop clocked by clk)
Endpoint: seg0[4] (output port clocked by clk)
Path Group: clk
Path Type: min

Fanout         Cap        Slew       Delay        Time   Description
---------------------------------------------------------------------------------------------
                                  0.000000    0.000000   clock clk (rise edge)
                                  0.000000    0.000000   clock source latency
     1    0.014197    0.052609    0.035369    0.035369 ^ clk (in)
                                                         clk (net)
                      0.052614    0.000000    0.035369 ^ clkbuf_0_clk/A (sky130_fd_sc_hd__clkbuf_16)
     4    0.042619    0.046937    0.104375    0.139744 ^ clkbuf_0_clk/X (sky130_fd_sc_hd__clkbuf_16)
                                                         clknet_0_clk (net)
                      0.046972    0.001114    0.140858 ^ clkbuf_2_1__f_clk/A (sky130_fd_sc_hd__clkbuf_16)
    10    0.029711    0.037945    0.095462    0.236320 ^ clkbuf_2_1__f_clk/X (sky130_fd_sc_hd__clkbuf_16)
                                                         clknet_2_1__leaf_clk (net)
                      0.037972    0.000904    0.237223 ^ _153_/CLK (sky130_fd_sc_hd__dfrtp_1)
     2    0.005033    0.044513    0.210330    0.447553 ^ _153_/Q (sky130_fd_sc_hd__dfrtp_1)
                                                         mem0[4] (net)
                      0.044513    0.000131    0.447684 ^ _066_/B1 (sky130_fd_sc_hd__a31o_1)
     1    0.003246    0.030270    0.055806    0.503490 ^ _066_/X (sky130_fd_sc_hd__a31o_1)
                                                         net7 (net)
                      0.030270    0.000105    0.503596 ^ output7/A (sky130_fd_sc_hd__buf_2)
     1    0.034566    0.129340    0.137636    0.641232 ^ output7/X (sky130_fd_sc_hd__buf_2)
                                                         seg0[4] (net)
                      0.129347    0.000806    0.642038 ^ seg0[4] (out)
                                              0.642038   data arrival time

                                  0.000000    0.000000   clock clk (rise edge)
                                  0.000000    0.000000   clock network delay (propagated)
                                  0.250000    0.250000   clock uncertainty
                                  0.000000    0.250000   clock reconvergence pessimism
                                 -5.000000   -4.750000   output external delay
                                             -4.750000   data required time
---------------------------------------------------------------------------------------------
                                             -4.750000   data required time
                                             -0.642038   data arrival time
---------------------------------------------------------------------------------------------
                                              5.392038   slack (MET)


Startpoint: _166_ (rising edge-triggered flip-flop clocked by clk)
Endpoint: seg2[5] (output port clocked by clk)
Path Group: clk
Path Type: min

Fanout         Cap        Slew       Delay        Time   Description
---------------------------------------------------------------------------------------------
                                  0.000000    0.000000   clock clk (rise edge)
                                  0.000000    0.000000   clock source latency
     1    0.014197    0.052609    0.035369    0.035369 ^ clk (in)
                                                         clk (net)
                      0.052614    0.000000    0.035369 ^ clkbuf_0_clk/A (sky130_fd_sc_hd__clkbuf_16)
     4    0.042619    0.046937    0.104375    0.139744 ^ clkbuf_0_clk/X (sky130_fd_sc_hd__clkbuf_16)
                                                         clknet_0_clk (net)
                      0.046972    0.001118    0.140862 ^ clkbuf_2_0__f_clk/A (sky130_fd_sc_hd__clkbuf_16)
    10    0.030183    0.038278    0.095834    0.236696 ^ clkbuf_2_0__f_clk/X (sky130_fd_sc_hd__clkbuf_16)
                                                         clknet_2_0__leaf_clk (net)
                      0.038283    0.000483    0.237179 ^ _166_/CLK (sky130_fd_sc_hd__dfrtp_1)
     2    0.006370    0.052474    0.216842    0.454021 ^ _166_/Q (sky130_fd_sc_hd__dfrtp_1)
                                                         mem2[5] (net)
                      0.052474    0.000164    0.454185 ^ _097_/B1 (sky130_fd_sc_hd__a31o_1)
     1    0.002005    0.022426    0.051187    0.505372 ^ _097_/X (sky130_fd_sc_hd__a31o_1)
                                                         net20 (net)
                      0.022426    0.000039    0.505411 ^ output20/A (sky130_fd_sc_hd__buf_2)
     1    0.034849    0.130367    0.135937    0.641348 ^ output20/X (sky130_fd_sc_hd__buf_2)
                                                         seg2[5] (net)
                      0.130375    0.000847    0.642195 ^ seg2[5] (out)
                                              0.642195   data arrival time

                                  0.000000    0.000000   clock clk (rise edge)
                                  0.000000    0.000000   clock network delay (propagated)
                                  0.250000    0.250000   clock uncertainty
                                  0.000000    0.250000   clock reconvergence pessimism
                                 -5.000000   -4.750000   output external delay
                                             -4.750000   data required time
---------------------------------------------------------------------------------------------
                                             -4.750000   data required time
                                             -0.642195   data arrival time
---------------------------------------------------------------------------------------------
                                              5.392195   slack (MET)


Startpoint: _149_ (rising edge-triggered flip-flop clocked by clk)
Endpoint: seg0[0] (output port clocked by clk)
Path Group: clk
Path Type: min

Fanout         Cap        Slew       Delay        Time   Description
---------------------------------------------------------------------------------------------
                                  0.000000    0.000000   clock clk (rise edge)
                                  0.000000    0.000000   clock source latency
     1    0.014197    0.052609    0.035369    0.035369 ^ clk (in)
                                                         clk (net)
                      0.052614    0.000000    0.035369 ^ clkbuf_0_clk/A (sky130_fd_sc_hd__clkbuf_16)
     4    0.042619    0.046937    0.104375    0.139744 ^ clkbuf_0_clk/X (sky130_fd_sc_hd__clkbuf_16)
                                                         clknet_0_clk (net)
                      0.046972    0.001114    0.140858 ^ clkbuf_2_1__f_clk/A (sky130_fd_sc_hd__clkbuf_16)
    10    0.029711    0.037945    0.095462    0.236320 ^ clkbuf_2_1__f_clk/X (sky130_fd_sc_hd__clkbuf_16)
                                                         clknet_2_1__leaf_clk (net)
                      0.037953    0.000549    0.236869 ^ _149_/CLK (sky130_fd_sc_hd__dfrtp_1)
     2    0.005398    0.046674    0.212082    0.448951 ^ _149_/Q (sky130_fd_sc_hd__dfrtp_1)
                                                         mem0[0] (net)
                      0.046674    0.000134    0.449084 ^ _058_/B1 (sky130_fd_sc_hd__a31o_1)
     1    0.003111    0.029407    0.055563    0.504647 ^ _058_/X (sky130_fd_sc_hd__a31o_1)
                                                         net3 (net)
                      0.029407    0.000098    0.504746 ^ output3/A (sky130_fd_sc_hd__buf_2)
     1    0.034443    0.128894    0.137110    0.641855 ^ output3/X (sky130_fd_sc_hd__buf_2)
                                                         seg0[0] (net)
                      0.128900    0.000746    0.642601 ^ seg0[0] (out)
                                              0.642601   data arrival time

                                  0.000000    0.000000   clock clk (rise edge)
                                  0.000000    0.000000   clock network delay (propagated)
                                  0.250000    0.250000   clock uncertainty
                                  0.000000    0.250000   clock reconvergence pessimism
                                 -5.000000   -4.750000   output external delay
                                             -4.750000   data required time
---------------------------------------------------------------------------------------------
                                             -4.750000   data required time
                                             -0.642601   data arrival time
---------------------------------------------------------------------------------------------
                                              5.392601   slack (MET)


Startpoint: _167_ (rising edge-triggered flip-flop clocked by clk)
Endpoint: seg3[0] (output port clocked by clk)
Path Group: clk
Path Type: min

Fanout         Cap        Slew       Delay        Time   Description
---------------------------------------------------------------------------------------------
                                  0.000000    0.000000   clock clk (rise edge)
                                  0.000000    0.000000   clock source latency
     1    0.014197    0.052609    0.035369    0.035369 ^ clk (in)
                                                         clk (net)
                      0.052614    0.000000    0.035369 ^ clkbuf_0_clk/A (sky130_fd_sc_hd__clkbuf_16)
     4    0.042619    0.046937    0.104375    0.139744 ^ clkbuf_0_clk/X (sky130_fd_sc_hd__clkbuf_16)
                                                         clknet_0_clk (net)
                      0.046971    0.001106    0.140850 ^ clkbuf_2_3__f_clk/A (sky130_fd_sc_hd__clkbuf_16)
    11    0.032212    0.039728    0.097173    0.238023 ^ clkbuf_2_3__f_clk/X (sky130_fd_sc_hd__clkbuf_16)
                                                         clknet_2_3__leaf_clk (net)
                      0.039733    0.000807    0.238830 ^ _167_/CLK (sky130_fd_sc_hd__dfrtp_1)
     2    0.006037    0.050486    0.215663    0.454493 ^ _167_/Q (sky130_fd_sc_hd__dfrtp_1)
                                                         mem3[0] (net)
                      0.050486    0.000209    0.454702 ^ _101_/B1 (sky130_fd_sc_hd__a31o_1)
     1    0.002201    0.023614    0.051756    0.506459 ^ _101_/X (sky130_fd_sc_hd__a31o_1)
                                                         net21 (net)
                      0.023614    0.000062    0.506521 ^ output21/A (sky130_fd_sc_hd__buf_2)
     1    0.034452    0.128942    0.135363    0.641883 ^ output21/X (sky130_fd_sc_hd__buf_2)
                                                         seg3[0] (net)
                      0.128949    0.000769    0.642652 ^ seg3[0] (out)
                                              0.642652   data arrival time

                                  0.000000    0.000000   clock clk (rise edge)
                                  0.000000    0.000000   clock network delay (propagated)
                                  0.250000    0.250000   clock uncertainty
                                  0.000000    0.250000   clock reconvergence pessimism
                                 -5.000000   -4.750000   output external delay
                                             -4.750000   data required time
---------------------------------------------------------------------------------------------
                                             -4.750000   data required time
                                             -0.642652   data arrival time
---------------------------------------------------------------------------------------------
                                              5.392653   slack (MET)


Startpoint: _163_ (rising edge-triggered flip-flop clocked by clk)
Endpoint: seg2[2] (output port clocked by clk)
Path Group: clk
Path Type: min

Fanout         Cap        Slew       Delay        Time   Description
---------------------------------------------------------------------------------------------
                                  0.000000    0.000000   clock clk (rise edge)
                                  0.000000    0.000000   clock source latency
     1    0.014197    0.052609    0.035369    0.035369 ^ clk (in)
                                                         clk (net)
                      0.052614    0.000000    0.035369 ^ clkbuf_0_clk/A (sky130_fd_sc_hd__clkbuf_16)
     4    0.042619    0.046937    0.104375    0.139744 ^ clkbuf_0_clk/X (sky130_fd_sc_hd__clkbuf_16)
                                                         clknet_0_clk (net)
                      0.046972    0.001118    0.140862 ^ clkbuf_2_0__f_clk/A (sky130_fd_sc_hd__clkbuf_16)
    10    0.030183    0.038278    0.095834    0.236696 ^ clkbuf_2_0__f_clk/X (sky130_fd_sc_hd__clkbuf_16)
                                                         clknet_2_0__leaf_clk (net)
                      0.038315    0.001051    0.237747 ^ _163_/CLK (sky130_fd_sc_hd__dfrtp_1)
     2    0.005809    0.049116    0.214150    0.451897 ^ _163_/Q (sky130_fd_sc_hd__dfrtp_1)
                                                         mem2[2] (net)
                      0.049116    0.000161    0.452057 ^ _091_/B1 (sky130_fd_sc_hd__a31o_1)
     1    0.002729    0.026948    0.054136    0.506193 ^ _091_/X (sky130_fd_sc_hd__a31o_1)
                                                         net17 (net)
                      0.026948    0.000082    0.506275 ^ output17/A (sky130_fd_sc_hd__buf_2)
     1    0.034167    0.127911    0.135712    0.641987 ^ output17/X (sky130_fd_sc_hd__buf_2)
                                                         seg2[2] (net)
                      0.127917    0.000706    0.642694 ^ seg2[2] (out)
                                              0.642694   data arrival time

                                  0.000000    0.000000   clock clk (rise edge)
                                  0.000000    0.000000   clock network delay (propagated)
                                  0.250000    0.250000   clock uncertainty
                                  0.000000    0.250000   clock reconvergence pessimism
                                 -5.000000   -4.750000   output external delay
                                             -4.750000   data required time
---------------------------------------------------------------------------------------------
                                             -4.750000   data required time
                                             -0.642694   data arrival time
---------------------------------------------------------------------------------------------
                                              5.392694   slack (MET)


Startpoint: _165_ (rising edge-triggered flip-flop clocked by clk)
Endpoint: seg2[4] (output port clocked by clk)
Path Group: clk
Path Type: min

Fanout         Cap        Slew       Delay        Time   Description
---------------------------------------------------------------------------------------------
                                  0.000000    0.000000   clock clk (rise edge)
                                  0.000000    0.000000   clock source latency
     1    0.014197    0.052609    0.035369    0.035369 ^ clk (in)
                                                         clk (net)
                      0.052614    0.000000    0.035369 ^ clkbuf_0_clk/A (sky130_fd_sc_hd__clkbuf_16)
     4    0.042619    0.046937    0.104375    0.139744 ^ clkbuf_0_clk/X (sky130_fd_sc_hd__clkbuf_16)
                                                         clknet_0_clk (net)
                      0.046972    0.001118    0.140862 ^ clkbuf_2_0__f_clk/A (sky130_fd_sc_hd__clkbuf_16)
    10    0.030183    0.038278    0.095834    0.236696 ^ clkbuf_2_0__f_clk/X (sky130_fd_sc_hd__clkbuf_16)
                                                         clknet_2_0__leaf_clk (net)
                      0.038319    0.001088    0.237784 ^ _165_/CLK (sky130_fd_sc_hd__dfrtp_1)
     2    0.006738    0.054687    0.218631    0.456415 ^ _165_/Q (sky130_fd_sc_hd__dfrtp_1)
                                                         mem2[4] (net)
                      0.054687    0.000170    0.456585 ^ _095_/B1 (sky130_fd_sc_hd__a31o_1)
     1    0.002144    0.023323    0.052133    0.508718 ^ _095_/X (sky130_fd_sc_hd__a31o_1)
                                                         net19 (net)
                      0.023323    0.000061    0.508778 ^ output19/A (sky130_fd_sc_hd__buf_2)
     1    0.034481    0.129046    0.135359    0.644137 ^ output19/X (sky130_fd_sc_hd__buf_2)
                                                         seg2[4] (net)
                      0.129052    0.000750    0.644887 ^ seg2[4] (out)
                                              0.644887   data arrival time

                                  0.000000    0.000000   clock clk (rise edge)
                                  0.000000    0.000000   clock network delay (propagated)
                                  0.250000    0.250000   clock uncertainty
                                  0.000000    0.250000   clock reconvergence pessimism
                                 -5.000000   -4.750000   output external delay
                                             -4.750000   data required time
---------------------------------------------------------------------------------------------
                                             -4.750000   data required time
                                             -0.644887   data arrival time
---------------------------------------------------------------------------------------------
                                              5.394887   slack (MET)


Startpoint: _161_ (rising edge-triggered flip-flop clocked by clk)
Endpoint: seg2[0] (output port clocked by clk)
Path Group: clk
Path Type: min

Fanout         Cap        Slew       Delay        Time   Description
---------------------------------------------------------------------------------------------
                                  0.000000    0.000000   clock clk (rise edge)
                                  0.000000    0.000000   clock source latency
     1    0.014197    0.052609    0.035369    0.035369 ^ clk (in)
                                                         clk (net)
                      0.052614    0.000000    0.035369 ^ clkbuf_0_clk/A (sky130_fd_sc_hd__clkbuf_16)
     4    0.042619    0.046937    0.104375    0.139744 ^ clkbuf_0_clk/X (sky130_fd_sc_hd__clkbuf_16)
                                                         clknet_0_clk (net)
                      0.046972    0.001118    0.140862 ^ clkbuf_2_0__f_clk/A (sky130_fd_sc_hd__clkbuf_16)
    10    0.030183    0.038278    0.095834    0.236696 ^ clkbuf_2_0__f_clk/X (sky130_fd_sc_hd__clkbuf_16)
                                                         clknet_2_0__leaf_clk (net)
                      0.038307    0.000947    0.237643 ^ _161_/CLK (sky130_fd_sc_hd__dfrtp_1)
     2    0.006487    0.053173    0.217423    0.455065 ^ _161_/Q (sky130_fd_sc_hd__dfrtp_1)
                                                         mem2[0] (net)
                      0.053173    0.000126    0.455191 ^ _086_/B1 (sky130_fd_sc_hd__a31o_1)
     1    0.002403    0.024913    0.053321    0.508512 ^ _086_/X (sky130_fd_sc_hd__a31o_1)
                                                         net15 (net)
                      0.024913    0.000069    0.508581 ^ output15/A (sky130_fd_sc_hd__buf_2)
     1    0.034418    0.128819    0.135673    0.644254 ^ output15/X (sky130_fd_sc_hd__buf_2)
                                                         seg2[0] (net)
                      0.128826    0.000768    0.645022 ^ seg2[0] (out)
                                              0.645022   data arrival time

                                  0.000000    0.000000   clock clk (rise edge)
                                  0.000000    0.000000   clock network delay (propagated)
                                  0.250000    0.250000   clock uncertainty
                                  0.000000    0.250000   clock reconvergence pessimism
                                 -5.000000   -4.750000   output external delay
                                             -4.750000   data required time
---------------------------------------------------------------------------------------------
                                             -4.750000   data required time
                                             -0.645022   data arrival time
---------------------------------------------------------------------------------------------
                                              5.395022   slack (MET)


Startpoint: _154_ (rising edge-triggered flip-flop clocked by clk)
Endpoint: seg0[5] (output port clocked by clk)
Path Group: clk
Path Type: min

Fanout         Cap        Slew       Delay        Time   Description
---------------------------------------------------------------------------------------------
                                  0.000000    0.000000   clock clk (rise edge)
                                  0.000000    0.000000   clock source latency
     1    0.014197    0.052609    0.035369    0.035369 ^ clk (in)
                                                         clk (net)
                      0.052614    0.000000    0.035369 ^ clkbuf_0_clk/A (sky130_fd_sc_hd__clkbuf_16)
     4    0.042619    0.046937    0.104375    0.139744 ^ clkbuf_0_clk/X (sky130_fd_sc_hd__clkbuf_16)
                                                         clknet_0_clk (net)
                      0.046972    0.001114    0.140858 ^ clkbuf_2_1__f_clk/A (sky130_fd_sc_hd__clkbuf_16)
    10    0.029711    0.037945    0.095462    0.236320 ^ clkbuf_2_1__f_clk/X (sky130_fd_sc_hd__clkbuf_16)
                                                         clknet_2_1__leaf_clk (net)
                      0.037977    0.000975    0.237295 ^ _154_/CLK (sky130_fd_sc_hd__dfrtp_1)
     2    0.006918    0.055768    0.219387    0.456682 ^ _154_/Q (sky130_fd_sc_hd__dfrtp_1)
                                                         mem0[5] (net)
                      0.055768    0.000161    0.456843 ^ _068_/B1 (sky130_fd_sc_hd__a31o_1)
     1    0.001998    0.022437    0.051482    0.508325 ^ _068_/X (sky130_fd_sc_hd__a31o_1)
                                                         net8 (net)
                      0.022437    0.000038    0.508363 ^ output8/A (sky130_fd_sc_hd__buf_2)
     1    0.035031    0.131018    0.136384    0.644747 ^ output8/X (sky130_fd_sc_hd__buf_2)
                                                         seg0[5] (net)
                      0.131026    0.000856    0.645603 ^ seg0[5] (out)
                                              0.645603   data arrival time

                                  0.000000    0.000000   clock clk (rise edge)
                                  0.000000    0.000000   clock network delay (propagated)
                                  0.250000    0.250000   clock uncertainty
                                  0.000000    0.250000   clock reconvergence pessimism
                                 -5.000000   -4.750000   output external delay
                                             -4.750000   data required time
---------------------------------------------------------------------------------------------
                                             -4.750000   data required time
                                             -0.645603   data arrival time
---------------------------------------------------------------------------------------------
                                              5.395603   slack (MET)


Startpoint: _169_ (rising edge-triggered flip-flop clocked by clk)
Endpoint: seg3[2] (output port clocked by clk)
Path Group: clk
Path Type: min

Fanout         Cap        Slew       Delay        Time   Description
---------------------------------------------------------------------------------------------
                                  0.000000    0.000000   clock clk (rise edge)
                                  0.000000    0.000000   clock source latency
     1    0.014197    0.052609    0.035369    0.035369 ^ clk (in)
                                                         clk (net)
                      0.052614    0.000000    0.035369 ^ clkbuf_0_clk/A (sky130_fd_sc_hd__clkbuf_16)
     4    0.042619    0.046937    0.104375    0.139744 ^ clkbuf_0_clk/X (sky130_fd_sc_hd__clkbuf_16)
                                                         clknet_0_clk (net)
                      0.046971    0.001106    0.140850 ^ clkbuf_2_3__f_clk/A (sky130_fd_sc_hd__clkbuf_16)
    11    0.032212    0.039728    0.097173    0.238023 ^ clkbuf_2_3__f_clk/X (sky130_fd_sc_hd__clkbuf_16)
                                                         clknet_2_3__leaf_clk (net)
                      0.039734    0.000840    0.238864 ^ _169_/CLK (sky130_fd_sc_hd__dfrtp_1)
     2    0.005626    0.048028    0.213729    0.452593 ^ _169_/Q (sky130_fd_sc_hd__dfrtp_1)
                                                         mem3[2] (net)
                      0.048028    0.000124    0.452717 ^ _106_/B1 (sky130_fd_sc_hd__a31o_1)
     1    0.003106    0.029386    0.055814    0.508531 ^ _106_/X (sky130_fd_sc_hd__a31o_1)
                                                         net23 (net)
                      0.029386    0.000101    0.508632 ^ output23/A (sky130_fd_sc_hd__buf_2)
     1    0.034376    0.128656    0.136934    0.645566 ^ output23/X (sky130_fd_sc_hd__buf_2)
                                                         seg3[2] (net)
                      0.128663    0.000754    0.646320 ^ seg3[2] (out)
                                              0.646320   data arrival time

                                  0.000000    0.000000   clock clk (rise edge)
                                  0.000000    0.000000   clock network delay (propagated)
                                  0.250000    0.250000   clock uncertainty
                                  0.000000    0.250000   clock reconvergence pessimism
                                 -5.000000   -4.750000   output external delay
                                             -4.750000   data required time
---------------------------------------------------------------------------------------------
                                             -4.750000   data required time
                                             -0.646320   data arrival time
---------------------------------------------------------------------------------------------
                                              5.396320   slack (MET)


Startpoint: _170_ (rising edge-triggered flip-flop clocked by clk)
Endpoint: seg3[3] (output port clocked by clk)
Path Group: clk
Path Type: min

Fanout         Cap        Slew       Delay        Time   Description
---------------------------------------------------------------------------------------------
                                  0.000000    0.000000   clock clk (rise edge)
                                  0.000000    0.000000   clock source latency
     1    0.014197    0.052609    0.035369    0.035369 ^ clk (in)
                                                         clk (net)
                      0.052614    0.000000    0.035369 ^ clkbuf_0_clk/A (sky130_fd_sc_hd__clkbuf_16)
     4    0.042619    0.046937    0.104375    0.139744 ^ clkbuf_0_clk/X (sky130_fd_sc_hd__clkbuf_16)
                                                         clknet_0_clk (net)
                      0.046971    0.001106    0.140850 ^ clkbuf_2_3__f_clk/A (sky130_fd_sc_hd__clkbuf_16)
    11    0.032212    0.039728    0.097173    0.238023 ^ clkbuf_2_3__f_clk/X (sky130_fd_sc_hd__clkbuf_16)
                                                         clknet_2_3__leaf_clk (net)
                      0.039733    0.000817    0.238840 ^ _170_/CLK (sky130_fd_sc_hd__dfrtp_1)
     2    0.005623    0.048014    0.213691    0.452530 ^ _170_/Q (sky130_fd_sc_hd__dfrtp_1)
                                                         mem3[3] (net)
                      0.048014    0.000158    0.452688 ^ _108_/B1 (sky130_fd_sc_hd__a31o_1)
     1    0.003124    0.029498    0.055904    0.508593 ^ _108_/X (sky130_fd_sc_hd__a31o_1)
                                                         net24 (net)
                      0.029498    0.000095    0.508688 ^ output24/A (sky130_fd_sc_hd__buf_2)
     1    0.034391    0.128711    0.137011    0.645699 ^ output24/X (sky130_fd_sc_hd__buf_2)
                                                         seg3[3] (net)
                      0.128717    0.000745    0.646444 ^ seg3[3] (out)
                                              0.646444   data arrival time

                                  0.000000    0.000000   clock clk (rise edge)
                                  0.000000    0.000000   clock network delay (propagated)
                                  0.250000    0.250000   clock uncertainty
                                  0.000000    0.250000   clock reconvergence pessimism
                                 -5.000000   -4.750000   output external delay
                                             -4.750000   data required time
---------------------------------------------------------------------------------------------
                                             -4.750000   data required time
                                             -0.646444   data arrival time
---------------------------------------------------------------------------------------------
                                              5.396444   slack (MET)


Startpoint: _152_ (rising edge-triggered flip-flop clocked by clk)
Endpoint: seg0[3] (output port clocked by clk)
Path Group: clk
Path Type: min

Fanout         Cap        Slew       Delay        Time   Description
---------------------------------------------------------------------------------------------
                                  0.000000    0.000000   clock clk (rise edge)
                                  0.000000    0.000000   clock source latency
     1    0.014197    0.052609    0.035369    0.035369 ^ clk (in)
                                                         clk (net)
                      0.052614    0.000000    0.035369 ^ clkbuf_0_clk/A (sky130_fd_sc_hd__clkbuf_16)
     4    0.042619    0.046937    0.104375    0.139744 ^ clkbuf_0_clk/X (sky130_fd_sc_hd__clkbuf_16)
                                                         clknet_0_clk (net)
                      0.046972    0.001114    0.140858 ^ clkbuf_2_1__f_clk/A (sky130_fd_sc_hd__clkbuf_16)
    10    0.029711    0.037945    0.095462    0.236320 ^ clkbuf_2_1__f_clk/X (sky130_fd_sc_hd__clkbuf_16)
                                                         clknet_2_1__leaf_clk (net)
                      0.037976    0.000959    0.237279 ^ _152_/CLK (sky130_fd_sc_hd__dfrtp_1)
     2    0.006425    0.052804    0.217008    0.454287 ^ _152_/Q (sky130_fd_sc_hd__dfrtp_1)
                                                         mem0[3] (net)
                      0.052804    0.000176    0.454463 ^ _064_/B1 (sky130_fd_sc_hd__a31o_1)
     1    0.002489    0.025453    0.053683    0.508146 ^ _064_/X (sky130_fd_sc_hd__a31o_1)
                                                         net6 (net)
                      0.025453    0.000071    0.508217 ^ output6/A (sky130_fd_sc_hd__buf_2)
     1    0.035202    0.131629    0.137686    0.645903 ^ output6/X (sky130_fd_sc_hd__buf_2)
                                                         seg0[3] (net)
                      0.131638    0.000893    0.646796 ^ seg0[3] (out)
                                              0.646796   data arrival time

                                  0.000000    0.000000   clock clk (rise edge)
                                  0.000000    0.000000   clock network delay (propagated)
                                  0.250000    0.250000   clock uncertainty
                                  0.000000    0.250000   clock reconvergence pessimism
                                 -5.000000   -4.750000   output external delay
                                             -4.750000   data required time
---------------------------------------------------------------------------------------------
                                             -4.750000   data required time
                                             -0.646796   data arrival time
---------------------------------------------------------------------------------------------
                                              5.396796   slack (MET)


Startpoint: _159_ (rising edge-triggered flip-flop clocked by clk)
Endpoint: seg1[4] (output port clocked by clk)
Path Group: clk
Path Type: min

Fanout         Cap        Slew       Delay        Time   Description
---------------------------------------------------------------------------------------------
                                  0.000000    0.000000   clock clk (rise edge)
                                  0.000000    0.000000   clock source latency
     1    0.014197    0.052609    0.035369    0.035369 ^ clk (in)
                                                         clk (net)
                      0.052614    0.000000    0.035369 ^ clkbuf_0_clk/A (sky130_fd_sc_hd__clkbuf_16)
     4    0.042619    0.046937    0.104375    0.139744 ^ clkbuf_0_clk/X (sky130_fd_sc_hd__clkbuf_16)
                                                         clknet_0_clk (net)
                      0.046972    0.001119    0.140863 ^ clkbuf_2_2__f_clk/A (sky130_fd_sc_hd__clkbuf_16)
     8    0.025763    0.035118    0.092912    0.233775 ^ clkbuf_2_2__f_clk/X (sky130_fd_sc_hd__clkbuf_16)
                                                         clknet_2_2__leaf_clk (net)
                      0.035139    0.000729    0.234504 ^ _159_/CLK (sky130_fd_sc_hd__dfrtp_1)
     2    0.005527    0.047431    0.211855    0.446359 ^ _159_/Q (sky130_fd_sc_hd__dfrtp_1)
                                                         mem1[4] (net)
                      0.047431    0.000129    0.446488 ^ _080_/B1 (sky130_fd_sc_hd__a31o_1)
     1    0.004218    0.036729    0.061270    0.507758 ^ _080_/X (sky130_fd_sc_hd__a31o_1)
                                                         net13 (net)
                      0.036729    0.000133    0.507891 ^ output13/A (sky130_fd_sc_hd__buf_2)
     1    0.034177    0.127873    0.138703    0.646595 ^ output13/X (sky130_fd_sc_hd__buf_2)
                                                         seg1[4] (net)
                      0.127879    0.000707    0.647301 ^ seg1[4] (out)
                                              0.647301   data arrival time

                                  0.000000    0.000000   clock clk (rise edge)
                                  0.000000    0.000000   clock network delay (propagated)
                                  0.250000    0.250000   clock uncertainty
                                  0.000000    0.250000   clock reconvergence pessimism
                                 -5.000000   -4.750000   output external delay
                                             -4.750000   data required time
---------------------------------------------------------------------------------------------
                                             -4.750000   data required time
                                             -0.647301   data arrival time
---------------------------------------------------------------------------------------------
                                              5.397301   slack (MET)


Startpoint: _150_ (rising edge-triggered flip-flop clocked by clk)
Endpoint: seg0[1] (output port clocked by clk)
Path Group: clk
Path Type: min

Fanout         Cap        Slew       Delay        Time   Description
---------------------------------------------------------------------------------------------
                                  0.000000    0.000000   clock clk (rise edge)
                                  0.000000    0.000000   clock source latency
     1    0.014197    0.052609    0.035369    0.035369 ^ clk (in)
                                                         clk (net)
                      0.052614    0.000000    0.035369 ^ clkbuf_0_clk/A (sky130_fd_sc_hd__clkbuf_16)
     4    0.042619    0.046937    0.104375    0.139744 ^ clkbuf_0_clk/X (sky130_fd_sc_hd__clkbuf_16)
                                                         clknet_0_clk (net)
                      0.046972    0.001114    0.140858 ^ clkbuf_2_1__f_clk/A (sky130_fd_sc_hd__clkbuf_16)
    10    0.029711    0.037945    0.095462    0.236320 ^ clkbuf_2_1__f_clk/X (sky130_fd_sc_hd__clkbuf_16)
                                                         clknet_2_1__leaf_clk (net)
                      0.037953    0.000561    0.236880 ^ _150_/CLK (sky130_fd_sc_hd__dfrtp_1)
     2    0.006370    0.052483    0.216718    0.453598 ^ _150_/Q (sky130_fd_sc_hd__dfrtp_1)
                                                         mem0[1] (net)
                      0.052483    0.000225    0.453823 ^ _060_/B1 (sky130_fd_sc_hd__a31o_1)
     1    0.002853    0.027768    0.055442    0.509266 ^ _060_/X (sky130_fd_sc_hd__a31o_1)
                                                         net4 (net)
                      0.027768    0.000088    0.509354 ^ output4/A (sky130_fd_sc_hd__buf_2)
     1    0.035048    0.131047    0.138138    0.647491 ^ output4/X (sky130_fd_sc_hd__buf_2)
                                                         seg0[1] (net)
                      0.131052    0.000698    0.648189 ^ seg0[1] (out)
                                              0.648189   data arrival time

                                  0.000000    0.000000   clock clk (rise edge)
                                  0.000000    0.000000   clock network delay (propagated)
                                  0.250000    0.250000   clock uncertainty
                                  0.000000    0.250000   clock reconvergence pessimism
                                 -5.000000   -4.750000   output external delay
                                             -4.750000   data required time
---------------------------------------------------------------------------------------------
                                             -4.750000   data required time
                                             -0.648189   data arrival time
---------------------------------------------------------------------------------------------
                                              5.398190   slack (MET)


Startpoint: _164_ (rising edge-triggered flip-flop clocked by clk)
Endpoint: seg2[3] (output port clocked by clk)
Path Group: clk
Path Type: min

Fanout         Cap        Slew       Delay        Time   Description
---------------------------------------------------------------------------------------------
                                  0.000000    0.000000   clock clk (rise edge)
                                  0.000000    0.000000   clock source latency
     1    0.014197    0.052609    0.035369    0.035369 ^ clk (in)
                                                         clk (net)
                      0.052614    0.000000    0.035369 ^ clkbuf_0_clk/A (sky130_fd_sc_hd__clkbuf_16)
     4    0.042619    0.046937    0.104375    0.139744 ^ clkbuf_0_clk/X (sky130_fd_sc_hd__clkbuf_16)
                                                         clknet_0_clk (net)
                      0.046972    0.001118    0.140862 ^ clkbuf_2_0__f_clk/A (sky130_fd_sc_hd__clkbuf_16)
    10    0.030183    0.038278    0.095834    0.236696 ^ clkbuf_2_0__f_clk/X (sky130_fd_sc_hd__clkbuf_16)
                                                         clknet_2_0__leaf_clk (net)
                      0.038316    0.001061    0.237757 ^ _164_/CLK (sky130_fd_sc_hd__dfrtp_1)
     2    0.005786    0.048975    0.214061    0.451818 ^ _164_/Q (sky130_fd_sc_hd__dfrtp_1)
                                                         mem2[3] (net)
                      0.048975    0.000133    0.451951 ^ _093_/B1 (sky130_fd_sc_hd__a31o_1)
     1    0.003776    0.033748    0.059393    0.511343 ^ _093_/X (sky130_fd_sc_hd__a31o_1)
                                                         net18 (net)
                      0.033748    0.000112    0.511455 ^ output18/A (sky130_fd_sc_hd__buf_2)
     1    0.033941    0.127079    0.137279    0.648735 ^ output18/X (sky130_fd_sc_hd__buf_2)
                                                         seg2[3] (net)
                      0.127084    0.000613    0.649348 ^ seg2[3] (out)
                                              0.649348   data arrival time

                                  0.000000    0.000000   clock clk (rise edge)
                                  0.000000    0.000000   clock network delay (propagated)
                                  0.250000    0.250000   clock uncertainty
                                  0.000000    0.250000   clock reconvergence pessimism
                                 -5.000000   -4.750000   output external delay
                                             -4.750000   data required time
---------------------------------------------------------------------------------------------
                                             -4.750000   data required time
                                             -0.649348   data arrival time
---------------------------------------------------------------------------------------------
                                              5.399348   slack (MET)


Startpoint: _172_ (rising edge-triggered flip-flop clocked by clk)
Endpoint: seg3[5] (output port clocked by clk)
Path Group: clk
Path Type: min

Fanout         Cap        Slew       Delay        Time   Description
---------------------------------------------------------------------------------------------
                                  0.000000    0.000000   clock clk (rise edge)
                                  0.000000    0.000000   clock source latency
     1    0.014197    0.052609    0.035369    0.035369 ^ clk (in)
                                                         clk (net)
                      0.052614    0.000000    0.035369 ^ clkbuf_0_clk/A (sky130_fd_sc_hd__clkbuf_16)
     4    0.042619    0.046937    0.104375    0.139744 ^ clkbuf_0_clk/X (sky130_fd_sc_hd__clkbuf_16)
                                                         clknet_0_clk (net)
                      0.046971    0.001106    0.140850 ^ clkbuf_2_3__f_clk/A (sky130_fd_sc_hd__clkbuf_16)
    11    0.032212    0.039728    0.097173    0.238023 ^ clkbuf_2_3__f_clk/X (sky130_fd_sc_hd__clkbuf_16)
                                                         clknet_2_3__leaf_clk (net)
                      0.039735    0.000918    0.238941 ^ _172_/CLK (sky130_fd_sc_hd__dfrtp_1)
     2    0.006413    0.052732    0.217501    0.456442 ^ _172_/Q (sky130_fd_sc_hd__dfrtp_1)
                                                         mem3[5] (net)
                      0.052732    0.000148    0.456590 ^ _112_/B1 (sky130_fd_sc_hd__a31o_1)
     1    0.003320    0.030803    0.057848    0.514439 ^ _112_/X (sky130_fd_sc_hd__a31o_1)
                                                         net26 (net)
                      0.030803    0.000098    0.514537 ^ output26/A (sky130_fd_sc_hd__buf_2)
     1    0.034044    0.127454    0.136629    0.651166 ^ output26/X (sky130_fd_sc_hd__buf_2)
                                                         seg3[5] (net)
                      0.127458    0.000629    0.651794 ^ seg3[5] (out)
                                              0.651794   data arrival time

                                  0.000000    0.000000   clock clk (rise edge)
                                  0.000000    0.000000   clock network delay (propagated)
                                  0.250000    0.250000   clock uncertainty
                                  0.000000    0.250000   clock reconvergence pessimism
                                 -5.000000   -4.750000   output external delay
                                             -4.750000   data required time
---------------------------------------------------------------------------------------------
                                             -4.750000   data required time
                                             -0.651794   data arrival time
---------------------------------------------------------------------------------------------
                                              5.401794   slack (MET)


Startpoint: _158_ (rising edge-triggered flip-flop clocked by clk)
Endpoint: seg1[3] (output port clocked by clk)
Path Group: clk
Path Type: min

Fanout         Cap        Slew       Delay        Time   Description
---------------------------------------------------------------------------------------------
                                  0.000000    0.000000   clock clk (rise edge)
                                  0.000000    0.000000   clock source latency
     1    0.014197    0.052609    0.035369    0.035369 ^ clk (in)
                                                         clk (net)
                      0.052614    0.000000    0.035369 ^ clkbuf_0_clk/A (sky130_fd_sc_hd__clkbuf_16)
     4    0.042619    0.046937    0.104375    0.139744 ^ clkbuf_0_clk/X (sky130_fd_sc_hd__clkbuf_16)
                                                         clknet_0_clk (net)
                      0.046972    0.001119    0.140863 ^ clkbuf_2_2__f_clk/A (sky130_fd_sc_hd__clkbuf_16)
     8    0.025763    0.035118    0.092912    0.233775 ^ clkbuf_2_2__f_clk/X (sky130_fd_sc_hd__clkbuf_16)
                                                         clknet_2_2__leaf_clk (net)
                      0.035139    0.000732    0.234507 ^ _158_/CLK (sky130_fd_sc_hd__dfrtp_1)
     2    0.007288    0.058003    0.220302    0.454808 ^ _158_/Q (sky130_fd_sc_hd__dfrtp_1)
                                                         mem1[3] (net)
                      0.058003    0.000170    0.454978 ^ _078_/B1 (sky130_fd_sc_hd__a31o_1)
     1    0.003521    0.032157    0.059308    0.514286 ^ _078_/X (sky130_fd_sc_hd__a31o_1)
                                                         net12 (net)
                      0.032157    0.000089    0.514374 ^ output12/A (sky130_fd_sc_hd__buf_2)
     1    0.034097    0.127644    0.137147    0.651522 ^ output12/X (sky130_fd_sc_hd__buf_2)
                                                         seg1[3] (net)
                      0.127649    0.000663    0.652184 ^ seg1[3] (out)
                                              0.652184   data arrival time

                                  0.000000    0.000000   clock clk (rise edge)
                                  0.000000    0.000000   clock network delay (propagated)
                                  0.250000    0.250000   clock uncertainty
                                  0.000000    0.250000   clock reconvergence pessimism
                                 -5.000000   -4.750000   output external delay
                                             -4.750000   data required time
---------------------------------------------------------------------------------------------
                                             -4.750000   data required time
                                             -0.652184   data arrival time
---------------------------------------------------------------------------------------------
                                              5.402184   slack (MET)


Startpoint: _162_ (rising edge-triggered flip-flop clocked by clk)
Endpoint: seg2[1] (output port clocked by clk)
Path Group: clk
Path Type: min

Fanout         Cap        Slew       Delay        Time   Description
---------------------------------------------------------------------------------------------
                                  0.000000    0.000000   clock clk (rise edge)
                                  0.000000    0.000000   clock source latency
     1    0.014197    0.052609    0.035369    0.035369 ^ clk (in)
                                                         clk (net)
                      0.052614    0.000000    0.035369 ^ clkbuf_0_clk/A (sky130_fd_sc_hd__clkbuf_16)
     4    0.042619    0.046937    0.104375    0.139744 ^ clkbuf_0_clk/X (sky130_fd_sc_hd__clkbuf_16)
                                                         clknet_0_clk (net)
                      0.046972    0.001118    0.140862 ^ clkbuf_2_0__f_clk/A (sky130_fd_sc_hd__clkbuf_16)
    10    0.030183    0.038278    0.095834    0.236696 ^ clkbuf_2_0__f_clk/X (sky130_fd_sc_hd__clkbuf_16)
                                                         clknet_2_0__leaf_clk (net)
                      0.038304    0.000895    0.237591 ^ _162_/CLK (sky130_fd_sc_hd__dfrtp_1)
     2    0.006579    0.053729    0.217856    0.455446 ^ _162_/Q (sky130_fd_sc_hd__dfrtp_1)
                                                         mem2[1] (net)
                      0.053729    0.000186    0.455633 ^ _089_/B1 (sky130_fd_sc_hd__a31o_1)
     1    0.004170    0.036429    0.062217    0.517850 ^ _089_/X (sky130_fd_sc_hd__a31o_1)
                                                         net16 (net)
                      0.036429    0.000139    0.517990 ^ output16/A (sky130_fd_sc_hd__buf_2)
     1    0.034089    0.127556    0.138430    0.656420 ^ output16/X (sky130_fd_sc_hd__buf_2)
                                                         seg2[1] (net)
                      0.127561    0.000656    0.657076 ^ seg2[1] (out)
                                              0.657076   data arrival time

                                  0.000000    0.000000   clock clk (rise edge)
                                  0.000000    0.000000   clock network delay (propagated)
                                  0.250000    0.250000   clock uncertainty
                                  0.000000    0.250000   clock reconvergence pessimism
                                 -5.000000   -4.750000   output external delay
                                             -4.750000   data required time
---------------------------------------------------------------------------------------------
                                             -4.750000   data required time
                                             -0.657076   data arrival time
---------------------------------------------------------------------------------------------
                                              5.407076   slack (MET)


Startpoint: _171_ (rising edge-triggered flip-flop clocked by clk)
Endpoint: seg3[4] (output port clocked by clk)
Path Group: clk
Path Type: min

Fanout         Cap        Slew       Delay        Time   Description
---------------------------------------------------------------------------------------------
                                  0.000000    0.000000   clock clk (rise edge)
                                  0.000000    0.000000   clock source latency
     1    0.014197    0.052609    0.035369    0.035369 ^ clk (in)
                                                         clk (net)
                      0.052614    0.000000    0.035369 ^ clkbuf_0_clk/A (sky130_fd_sc_hd__clkbuf_16)
     4    0.042619    0.046937    0.104375    0.139744 ^ clkbuf_0_clk/X (sky130_fd_sc_hd__clkbuf_16)
                                                         clknet_0_clk (net)
                      0.046971    0.001106    0.140850 ^ clkbuf_2_3__f_clk/A (sky130_fd_sc_hd__clkbuf_16)
    11    0.032212    0.039728    0.097173    0.238023 ^ clkbuf_2_3__f_clk/X (sky130_fd_sc_hd__clkbuf_16)
                                                         clknet_2_3__leaf_clk (net)
                      0.039735    0.000933    0.238956 ^ _171_/CLK (sky130_fd_sc_hd__dfrtp_1)
     2    0.007177    0.057352    0.221132    0.460088 ^ _171_/Q (sky130_fd_sc_hd__dfrtp_1)
                                                         mem3[4] (net)
                      0.057352    0.000228    0.460316 ^ _110_/B1 (sky130_fd_sc_hd__a31o_1)
     1    0.003463    0.031774    0.058959    0.519275 ^ _110_/X (sky130_fd_sc_hd__a31o_1)
                                                         net25 (net)
                      0.031774    0.000109    0.519383 ^ output25/A (sky130_fd_sc_hd__buf_2)
     1    0.034109    0.127684    0.137075    0.656458 ^ output25/X (sky130_fd_sc_hd__buf_2)
                                                         seg3[4] (net)
                      0.127688    0.000640    0.657098 ^ seg3[4] (out)
                                              0.657098   data arrival time

                                  0.000000    0.000000   clock clk (rise edge)
                                  0.000000    0.000000   clock network delay (propagated)
                                  0.250000    0.250000   clock uncertainty
                                  0.000000    0.250000   clock reconvergence pessimism
                                 -5.000000   -4.750000   output external delay
                                             -4.750000   data required time
---------------------------------------------------------------------------------------------
                                             -4.750000   data required time
                                             -0.657098   data arrival time
---------------------------------------------------------------------------------------------
                                              5.407098   slack (MET)


Startpoint: _160_ (rising edge-triggered flip-flop clocked by clk)
Endpoint: seg1[5] (output port clocked by clk)
Path Group: clk
Path Type: min

Fanout         Cap        Slew       Delay        Time   Description
---------------------------------------------------------------------------------------------
                                  0.000000    0.000000   clock clk (rise edge)
                                  0.000000    0.000000   clock source latency
     1    0.014197    0.052609    0.035369    0.035369 ^ clk (in)
                                                         clk (net)
                      0.052614    0.000000    0.035369 ^ clkbuf_0_clk/A (sky130_fd_sc_hd__clkbuf_16)
     4    0.042619    0.046937    0.104375    0.139744 ^ clkbuf_0_clk/X (sky130_fd_sc_hd__clkbuf_16)
                                                         clknet_0_clk (net)
                      0.046972    0.001119    0.140863 ^ clkbuf_2_2__f_clk/A (sky130_fd_sc_hd__clkbuf_16)
     8    0.025763    0.035118    0.092912    0.233775 ^ clkbuf_2_2__f_clk/X (sky130_fd_sc_hd__clkbuf_16)
                                                         clknet_2_2__leaf_clk (net)
                      0.035125    0.000469    0.234244 ^ _160_/CLK (sky130_fd_sc_hd__dfrtp_1)
     2    0.005982    0.050146    0.214014    0.448258 ^ _160_/Q (sky130_fd_sc_hd__dfrtp_1)
                                                         mem1[5] (net)
                      0.050146    0.000158    0.448417 ^ _082_/B1 (sky130_fd_sc_hd__a31o_1)
     1    0.005613    0.046227    0.068720    0.517136 ^ _082_/X (sky130_fd_sc_hd__a31o_1)
                                                         net14 (net)
                      0.046227    0.000217    0.517353 ^ output14/A (sky130_fd_sc_hd__buf_2)
     1    0.034388    0.128596    0.142126    0.659478 ^ output14/X (sky130_fd_sc_hd__buf_2)
                                                         seg1[5] (net)
                      0.128601    0.000670    0.660148 ^ seg1[5] (out)
                                              0.660148   data arrival time

                                  0.000000    0.000000   clock clk (rise edge)
                                  0.000000    0.000000   clock network delay (propagated)
                                  0.250000    0.250000   clock uncertainty
                                  0.000000    0.250000   clock reconvergence pessimism
                                 -5.000000   -4.750000   output external delay
                                             -4.750000   data required time
---------------------------------------------------------------------------------------------
                                             -4.750000   data required time
                                             -0.660148   data arrival time
---------------------------------------------------------------------------------------------
                                              5.410149   slack (MET)



%OL_END_REPORT
%OL_CREATE_REPORT max.rpt

===========================================================================
report_checks -path_delay max (Setup)
============================================================================
======================= nom_ff_n40C_1v95 Corner ===================================

Startpoint: _183_ (rising edge-triggered flip-flop clocked by clk)
Endpoint: seg1[1] (output port clocked by clk)
Path Group: clk
Path Type: max

Fanout         Cap        Slew       Delay        Time   Description
---------------------------------------------------------------------------------------------
                                  0.000000    0.000000   clock clk (rise edge)
                                  0.000000    0.000000   clock source latency
     1    0.014197    0.052609    0.035369    0.035369 ^ clk (in)
                                                         clk (net)
                      0.052614    0.000000    0.035369 ^ clkbuf_0_clk/A (sky130_fd_sc_hd__clkbuf_16)
     4    0.042619    0.046937    0.104375    0.139744 ^ clkbuf_0_clk/X (sky130_fd_sc_hd__clkbuf_16)
                                                         clknet_0_clk (net)
                      0.046971    0.001106    0.140850 ^ clkbuf_2_3__f_clk/A (sky130_fd_sc_hd__clkbuf_16)
    11    0.032212    0.039728    0.097173    0.238023 ^ clkbuf_2_3__f_clk/X (sky130_fd_sc_hd__clkbuf_16)
                                                         clknet_2_3__leaf_clk (net)
                      0.039734    0.000863    0.238886 ^ _183_/CLK (sky130_fd_sc_hd__dfrtp_1)
     2    0.008676    0.047171    0.245567    0.484453 v _183_/Q (sky130_fd_sc_hd__dfrtp_1)
                                                         cnt[1] (net)
                      0.047172    0.000238    0.484691 v fanout30/A (sky130_fd_sc_hd__buf_2)
    10    0.036876    0.066644    0.126725    0.611416 v fanout30/X (sky130_fd_sc_hd__buf_2)
                                                         net30 (net)
                      0.066725    0.002070    0.613487 v _049_/A (sky130_fd_sc_hd__inv_2)
     3    0.016472    0.062057    0.074677    0.688164 ^ _049_/Y (sky130_fd_sc_hd__inv_2)
                                                         _038_ (net)
                      0.062060    0.000373    0.688537 ^ fanout29/A (sky130_fd_sc_hd__buf_2)
    10    0.045932    0.169270    0.173566    0.862103 ^ fanout29/X (sky130_fd_sc_hd__buf_2)
                                                         net29 (net)
                      0.169362    0.003266    0.865369 ^ _074_/A1 (sky130_fd_sc_hd__a31o_1)
     1    0.003521    0.036631    0.094251    0.959620 ^ _074_/X (sky130_fd_sc_hd__a31o_1)
                                                         net10 (net)
                      0.036631    0.000116    0.959736 ^ output10/A (sky130_fd_sc_hd__buf_2)
     1    0.034385    0.128618    0.139155    1.098891 ^ output10/X (sky130_fd_sc_hd__buf_2)
                                                         seg1[1] (net)
                      0.128624    0.000754    1.099645 ^ seg1[1] (out)
                                              1.099645   data arrival time

                                 25.000000   25.000000   clock clk (rise edge)
                                  0.000000   25.000000   clock network delay (propagated)
                                 -0.250000   24.750000   clock uncertainty
                                  0.000000   24.750000   clock reconvergence pessimism
                                 -5.000000   19.750000   output external delay
                                             19.750000   data required time
---------------------------------------------------------------------------------------------
                                             19.750000   data required time
                                             -1.099645   data arrival time
---------------------------------------------------------------------------------------------
                                             18.650354   slack (MET)


Startpoint: _183_ (rising edge-triggered flip-flop clocked by clk)
Endpoint: seg1[3] (output port clocked by clk)
Path Group: clk
Path Type: max

Fanout         Cap        Slew       Delay        Time   Description
---------------------------------------------------------------------------------------------
                                  0.000000    0.000000   clock clk (rise edge)
                                  0.000000    0.000000   clock source latency
     1    0.014197    0.052609    0.035369    0.035369 ^ clk (in)
                                                         clk (net)
                      0.052614    0.000000    0.035369 ^ clkbuf_0_clk/A (sky130_fd_sc_hd__clkbuf_16)
     4    0.042619    0.046937    0.104375    0.139744 ^ clkbuf_0_clk/X (sky130_fd_sc_hd__clkbuf_16)
                                                         clknet_0_clk (net)
                      0.046971    0.001106    0.140850 ^ clkbuf_2_3__f_clk/A (sky130_fd_sc_hd__clkbuf_16)
    11    0.032212    0.039728    0.097173    0.238023 ^ clkbuf_2_3__f_clk/X (sky130_fd_sc_hd__clkbuf_16)
                                                         clknet_2_3__leaf_clk (net)
                      0.039734    0.000863    0.238886 ^ _183_/CLK (sky130_fd_sc_hd__dfrtp_1)
     2    0.008676    0.047171    0.245567    0.484453 v _183_/Q (sky130_fd_sc_hd__dfrtp_1)
                                                         cnt[1] (net)
                      0.047172    0.000238    0.484691 v fanout30/A (sky130_fd_sc_hd__buf_2)
    10    0.036876    0.066644    0.126725    0.611416 v fanout30/X (sky130_fd_sc_hd__buf_2)
                                                         net30 (net)
                      0.066725    0.002070    0.613487 v _049_/A (sky130_fd_sc_hd__inv_2)
     3    0.016472    0.062057    0.074677    0.688164 ^ _049_/Y (sky130_fd_sc_hd__inv_2)
                                                         _038_ (net)
                      0.062060    0.000373    0.688537 ^ fanout29/A (sky130_fd_sc_hd__buf_2)
    10    0.045932    0.169270    0.173566    0.862103 ^ fanout29/X (sky130_fd_sc_hd__buf_2)
                                                         net29 (net)
                      0.169349    0.003042    0.865145 ^ _078_/A1 (sky130_fd_sc_hd__a31o_1)
     1    0.003521    0.036633    0.094259    0.959404 ^ _078_/X (sky130_fd_sc_hd__a31o_1)
                                                         net12 (net)
                      0.036633    0.000089    0.959493 ^ output12/A (sky130_fd_sc_hd__buf_2)
     1    0.034097    0.127584    0.138506    1.097999 ^ output12/X (sky130_fd_sc_hd__buf_2)
                                                         seg1[3] (net)
                      0.127589    0.000662    1.098661 ^ seg1[3] (out)
                                              1.098661   data arrival time

                                 25.000000   25.000000   clock clk (rise edge)
                                  0.000000   25.000000   clock network delay (propagated)
                                 -0.250000   24.750000   clock uncertainty
                                  0.000000   24.750000   clock reconvergence pessimism
                                 -5.000000   19.750000   output external delay
                                             19.750000   data required time
---------------------------------------------------------------------------------------------
                                             19.750000   data required time
                                             -1.098661   data arrival time
---------------------------------------------------------------------------------------------
                                             18.651339   slack (MET)


Startpoint: _183_ (rising edge-triggered flip-flop clocked by clk)
Endpoint: seg1[0] (output port clocked by clk)
Path Group: clk
Path Type: max

Fanout         Cap        Slew       Delay        Time   Description
---------------------------------------------------------------------------------------------
                                  0.000000    0.000000   clock clk (rise edge)
                                  0.000000    0.000000   clock source latency
     1    0.014197    0.052609    0.035369    0.035369 ^ clk (in)
                                                         clk (net)
                      0.052614    0.000000    0.035369 ^ clkbuf_0_clk/A (sky130_fd_sc_hd__clkbuf_16)
     4    0.042619    0.046937    0.104375    0.139744 ^ clkbuf_0_clk/X (sky130_fd_sc_hd__clkbuf_16)
                                                         clknet_0_clk (net)
                      0.046971    0.001106    0.140850 ^ clkbuf_2_3__f_clk/A (sky130_fd_sc_hd__clkbuf_16)
    11    0.032212    0.039728    0.097173    0.238023 ^ clkbuf_2_3__f_clk/X (sky130_fd_sc_hd__clkbuf_16)
                                                         clknet_2_3__leaf_clk (net)
                      0.039734    0.000863    0.238886 ^ _183_/CLK (sky130_fd_sc_hd__dfrtp_1)
     2    0.008676    0.047171    0.245567    0.484453 v _183_/Q (sky130_fd_sc_hd__dfrtp_1)
                                                         cnt[1] (net)
                      0.047172    0.000238    0.484691 v fanout30/A (sky130_fd_sc_hd__buf_2)
    10    0.036876    0.066644    0.126725    0.611416 v fanout30/X (sky130_fd_sc_hd__buf_2)
                                                         net30 (net)
                      0.066725    0.002070    0.613487 v _049_/A (sky130_fd_sc_hd__inv_2)
     3    0.016472    0.062057    0.074677    0.688164 ^ _049_/Y (sky130_fd_sc_hd__inv_2)
                                                         _038_ (net)
                      0.062060    0.000373    0.688537 ^ fanout29/A (sky130_fd_sc_hd__buf_2)
    10    0.045932    0.169270    0.173566    0.862103 ^ fanout29/X (sky130_fd_sc_hd__buf_2)
                                                         net29 (net)
                      0.169368    0.003372    0.865475 ^ _072_/A1 (sky130_fd_sc_hd__a31o_1)
     1    0.003223    0.034908    0.092615    0.958090 ^ _072_/X (sky130_fd_sc_hd__a31o_1)
                                                         net9 (net)
                      0.034908    0.000093    0.958183 ^ output9/A (sky130_fd_sc_hd__buf_2)
     1    0.034177    0.127877    0.138152    1.096335 ^ output9/X (sky130_fd_sc_hd__buf_2)
                                                         seg1[0] (net)
                      0.127883    0.000706    1.097041 ^ seg1[0] (out)
                                              1.097041   data arrival time

                                 25.000000   25.000000   clock clk (rise edge)
                                  0.000000   25.000000   clock network delay (propagated)
                                 -0.250000   24.750000   clock uncertainty
                                  0.000000   24.750000   clock reconvergence pessimism
                                 -5.000000   19.750000   output external delay
                                             19.750000   data required time
---------------------------------------------------------------------------------------------
                                             19.750000   data required time
                                             -1.097041   data arrival time
---------------------------------------------------------------------------------------------
                                             18.652958   slack (MET)


Startpoint: _183_ (rising edge-triggered flip-flop clocked by clk)
Endpoint: seg0[4] (output port clocked by clk)
Path Group: clk
Path Type: max

Fanout         Cap        Slew       Delay        Time   Description
---------------------------------------------------------------------------------------------
                                  0.000000    0.000000   clock clk (rise edge)
                                  0.000000    0.000000   clock source latency
     1    0.014197    0.052609    0.035369    0.035369 ^ clk (in)
                                                         clk (net)
                      0.052614    0.000000    0.035369 ^ clkbuf_0_clk/A (sky130_fd_sc_hd__clkbuf_16)
     4    0.042619    0.046937    0.104375    0.139744 ^ clkbuf_0_clk/X (sky130_fd_sc_hd__clkbuf_16)
                                                         clknet_0_clk (net)
                      0.046971    0.001106    0.140850 ^ clkbuf_2_3__f_clk/A (sky130_fd_sc_hd__clkbuf_16)
    11    0.032212    0.039728    0.097173    0.238023 ^ clkbuf_2_3__f_clk/X (sky130_fd_sc_hd__clkbuf_16)
                                                         clknet_2_3__leaf_clk (net)
                      0.039734    0.000863    0.238886 ^ _183_/CLK (sky130_fd_sc_hd__dfrtp_1)
     2    0.008676    0.047171    0.245567    0.484453 v _183_/Q (sky130_fd_sc_hd__dfrtp_1)
                                                         cnt[1] (net)
                      0.047172    0.000238    0.484691 v fanout30/A (sky130_fd_sc_hd__buf_2)
    10    0.036876    0.066644    0.126725    0.611416 v fanout30/X (sky130_fd_sc_hd__buf_2)
                                                         net30 (net)
                      0.066725    0.002070    0.613487 v _049_/A (sky130_fd_sc_hd__inv_2)
     3    0.016472    0.062057    0.074677    0.688164 ^ _049_/Y (sky130_fd_sc_hd__inv_2)
                                                         _038_ (net)
                      0.062060    0.000373    0.688537 ^ fanout29/A (sky130_fd_sc_hd__buf_2)
    10    0.045932    0.169270    0.173566    0.862103 ^ fanout29/X (sky130_fd_sc_hd__buf_2)
                                                         net29 (net)
                      0.169304    0.002011    0.864114 ^ _066_/A1 (sky130_fd_sc_hd__a31o_1)
     1    0.003246    0.034943    0.092729    0.956842 ^ _066_/X (sky130_fd_sc_hd__a31o_1)
                                                         net7 (net)
                      0.034943    0.000105    0.956948 ^ output7/A (sky130_fd_sc_hd__buf_2)
     1    0.034566    0.129272    0.139055    1.096002 ^ output7/X (sky130_fd_sc_hd__buf_2)
                                                         seg0[4] (net)
                      0.129279    0.000806    1.096808 ^ seg0[4] (out)
                                              1.096808   data arrival time

                                 25.000000   25.000000   clock clk (rise edge)
                                  0.000000   25.000000   clock network delay (propagated)
                                 -0.250000   24.750000   clock uncertainty
                                  0.000000   24.750000   clock reconvergence pessimism
                                 -5.000000   19.750000   output external delay
                                             19.750000   data required time
---------------------------------------------------------------------------------------------
                                             19.750000   data required time
                                             -1.096808   data arrival time
---------------------------------------------------------------------------------------------
                                             18.653191   slack (MET)


Startpoint: _183_ (rising edge-triggered flip-flop clocked by clk)
Endpoint: seg0[0] (output port clocked by clk)
Path Group: clk
Path Type: max

Fanout         Cap        Slew       Delay        Time   Description
---------------------------------------------------------------------------------------------
                                  0.000000    0.000000   clock clk (rise edge)
                                  0.000000    0.000000   clock source latency
     1    0.014197    0.052609    0.035369    0.035369 ^ clk (in)
                                                         clk (net)
                      0.052614    0.000000    0.035369 ^ clkbuf_0_clk/A (sky130_fd_sc_hd__clkbuf_16)
     4    0.042619    0.046937    0.104375    0.139744 ^ clkbuf_0_clk/X (sky130_fd_sc_hd__clkbuf_16)
                                                         clknet_0_clk (net)
                      0.046971    0.001106    0.140850 ^ clkbuf_2_3__f_clk/A (sky130_fd_sc_hd__clkbuf_16)
    11    0.032212    0.039728    0.097173    0.238023 ^ clkbuf_2_3__f_clk/X (sky130_fd_sc_hd__clkbuf_16)
                                                         clknet_2_3__leaf_clk (net)
                      0.039734    0.000863    0.238886 ^ _183_/CLK (sky130_fd_sc_hd__dfrtp_1)
     2    0.008676    0.047171    0.245567    0.484453 v _183_/Q (sky130_fd_sc_hd__dfrtp_1)
                                                         cnt[1] (net)
                      0.047172    0.000238    0.484691 v fanout30/A (sky130_fd_sc_hd__buf_2)
    10    0.036876    0.066644    0.126725    0.611416 v fanout30/X (sky130_fd_sc_hd__buf_2)
                                                         net30 (net)
                      0.066725    0.002070    0.613487 v _049_/A (sky130_fd_sc_hd__inv_2)
     3    0.016472    0.062057    0.074677    0.688164 ^ _049_/Y (sky130_fd_sc_hd__inv_2)
                                                         _038_ (net)
                      0.062060    0.000373    0.688537 ^ fanout29/A (sky130_fd_sc_hd__buf_2)
    10    0.045932    0.169270    0.173566    0.862103 ^ fanout29/X (sky130_fd_sc_hd__buf_2)
                                                         net29 (net)
                      0.169325    0.002546    0.864649 ^ _058_/A1 (sky130_fd_sc_hd__a31o_1)
     1    0.003111    0.034251    0.091988    0.956636 ^ _058_/X (sky130_fd_sc_hd__a31o_1)
                                                         net3 (net)
                      0.034251    0.000098    0.956735 ^ output3/A (sky130_fd_sc_hd__buf_2)
     1    0.034443    0.128828    0.138580    1.095315 ^ output3/X (sky130_fd_sc_hd__buf_2)
                                                         seg0[0] (net)
                      0.128835    0.000746    1.096061 ^ seg0[0] (out)
                                              1.096061   data arrival time

                                 25.000000   25.000000   clock clk (rise edge)
                                  0.000000   25.000000   clock network delay (propagated)
                                 -0.250000   24.750000   clock uncertainty
                                  0.000000   24.750000   clock reconvergence pessimism
                                 -5.000000   19.750000   output external delay
                                             19.750000   data required time
---------------------------------------------------------------------------------------------
                                             19.750000   data required time
                                             -1.096061   data arrival time
---------------------------------------------------------------------------------------------
                                             18.653940   slack (MET)


Startpoint: _183_ (rising edge-triggered flip-flop clocked by clk)
Endpoint: seg0[1] (output port clocked by clk)
Path Group: clk
Path Type: max

Fanout         Cap        Slew       Delay        Time   Description
---------------------------------------------------------------------------------------------
                                  0.000000    0.000000   clock clk (rise edge)
                                  0.000000    0.000000   clock source latency
     1    0.014197    0.052609    0.035369    0.035369 ^ clk (in)
                                                         clk (net)
                      0.052614    0.000000    0.035369 ^ clkbuf_0_clk/A (sky130_fd_sc_hd__clkbuf_16)
     4    0.042619    0.046937    0.104375    0.139744 ^ clkbuf_0_clk/X (sky130_fd_sc_hd__clkbuf_16)
                                                         clknet_0_clk (net)
                      0.046971    0.001106    0.140850 ^ clkbuf_2_3__f_clk/A (sky130_fd_sc_hd__clkbuf_16)
    11    0.032212    0.039728    0.097173    0.238023 ^ clkbuf_2_3__f_clk/X (sky130_fd_sc_hd__clkbuf_16)
                                                         clknet_2_3__leaf_clk (net)
                      0.039734    0.000863    0.238886 ^ _183_/CLK (sky130_fd_sc_hd__dfrtp_1)
     2    0.008676    0.047171    0.245567    0.484453 v _183_/Q (sky130_fd_sc_hd__dfrtp_1)
                                                         cnt[1] (net)
                      0.047172    0.000238    0.484691 v fanout30/A (sky130_fd_sc_hd__buf_2)
    10    0.036876    0.066644    0.126725    0.611416 v fanout30/X (sky130_fd_sc_hd__buf_2)
                                                         net30 (net)
                      0.066725    0.002070    0.613487 v _049_/A (sky130_fd_sc_hd__inv_2)
     3    0.016472    0.062057    0.074677    0.688164 ^ _049_/Y (sky130_fd_sc_hd__inv_2)
                                                         _038_ (net)
                      0.062060    0.000373    0.688537 ^ fanout29/A (sky130_fd_sc_hd__buf_2)
    10    0.045932    0.169270    0.173566    0.862103 ^ fanout29/X (sky130_fd_sc_hd__buf_2)
                                                         net29 (net)
                      0.169324    0.002513    0.864616 ^ _060_/A1 (sky130_fd_sc_hd__a31o_1)
     1    0.002853    0.032697    0.090564    0.955180 ^ _060_/X (sky130_fd_sc_hd__a31o_1)
                                                         net4 (net)
                      0.032697    0.000088    0.955268 ^ output4/A (sky130_fd_sc_hd__buf_2)
     1    0.035048    0.131033    0.139631    1.094899 ^ output4/X (sky130_fd_sc_hd__buf_2)
                                                         seg0[1] (net)
                      0.131039    0.000698    1.095597 ^ seg0[1] (out)
                                              1.095597   data arrival time

                                 25.000000   25.000000   clock clk (rise edge)
                                  0.000000   25.000000   clock network delay (propagated)
                                 -0.250000   24.750000   clock uncertainty
                                  0.000000   24.750000   clock reconvergence pessimism
                                 -5.000000   19.750000   output external delay
                                             19.750000   data required time
---------------------------------------------------------------------------------------------
                                             19.750000   data required time
                                             -1.095597   data arrival time
---------------------------------------------------------------------------------------------
                                             18.654404   slack (MET)


Startpoint: _183_ (rising edge-triggered flip-flop clocked by clk)
Endpoint: seg1[2] (output port clocked by clk)
Path Group: clk
Path Type: max

Fanout         Cap        Slew       Delay        Time   Description
---------------------------------------------------------------------------------------------
                                  0.000000    0.000000   clock clk (rise edge)
                                  0.000000    0.000000   clock source latency
     1    0.014197    0.052609    0.035369    0.035369 ^ clk (in)
                                                         clk (net)
                      0.052614    0.000000    0.035369 ^ clkbuf_0_clk/A (sky130_fd_sc_hd__clkbuf_16)
     4    0.042619    0.046937    0.104375    0.139744 ^ clkbuf_0_clk/X (sky130_fd_sc_hd__clkbuf_16)
                                                         clknet_0_clk (net)
                      0.046971    0.001106    0.140850 ^ clkbuf_2_3__f_clk/A (sky130_fd_sc_hd__clkbuf_16)
    11    0.032212    0.039728    0.097173    0.238023 ^ clkbuf_2_3__f_clk/X (sky130_fd_sc_hd__clkbuf_16)
                                                         clknet_2_3__leaf_clk (net)
                      0.039734    0.000863    0.238886 ^ _183_/CLK (sky130_fd_sc_hd__dfrtp_1)
     2    0.008676    0.047171    0.245567    0.484453 v _183_/Q (sky130_fd_sc_hd__dfrtp_1)
                                                         cnt[1] (net)
                      0.047172    0.000238    0.484691 v fanout30/A (sky130_fd_sc_hd__buf_2)
    10    0.036876    0.066644    0.126725    0.611416 v fanout30/X (sky130_fd_sc_hd__buf_2)
                                                         net30 (net)
                      0.066725    0.002070    0.613487 v _049_/A (sky130_fd_sc_hd__inv_2)
     3    0.016472    0.062057    0.074677    0.688164 ^ _049_/Y (sky130_fd_sc_hd__inv_2)
                                                         _038_ (net)
                      0.062060    0.000373    0.688537 ^ fanout29/A (sky130_fd_sc_hd__buf_2)
    10    0.045932    0.169270    0.173566    0.862103 ^ fanout29/X (sky130_fd_sc_hd__buf_2)
                                                         net29 (net)
                      0.169368    0.003376    0.865480 ^ _076_/A1 (sky130_fd_sc_hd__a31o_1)
     1    0.002908    0.032887    0.090887    0.956366 ^ _076_/X (sky130_fd_sc_hd__a31o_1)
                                                         net11 (net)
                      0.032887    0.000065    0.956431 ^ output11/A (sky130_fd_sc_hd__buf_2)
     1    0.034019    0.127362    0.137190    1.093621 ^ output11/X (sky130_fd_sc_hd__buf_2)
                                                         seg1[2] (net)
                      0.127367    0.000642    1.094262 ^ seg1[2] (out)
                                              1.094262   data arrival time

                                 25.000000   25.000000   clock clk (rise edge)
                                  0.000000   25.000000   clock network delay (propagated)
                                 -0.250000   24.750000   clock uncertainty
                                  0.000000   24.750000   clock reconvergence pessimism
                                 -5.000000   19.750000   output external delay
                                             19.750000   data required time
---------------------------------------------------------------------------------------------
                                             19.750000   data required time
                                             -1.094262   data arrival time
---------------------------------------------------------------------------------------------
                                             18.655737   slack (MET)


Startpoint: _182_ (rising edge-triggered flip-flop clocked by clk)
Endpoint: seg2[1] (output port clocked by clk)
Path Group: clk
Path Type: max

Fanout         Cap        Slew       Delay        Time   Description
---------------------------------------------------------------------------------------------
                                  0.000000    0.000000   clock clk (rise edge)
                                  0.000000    0.000000   clock source latency
     1    0.014197    0.052609    0.035369    0.035369 ^ clk (in)
                                                         clk (net)
                      0.052614    0.000000    0.035369 ^ clkbuf_0_clk/A (sky130_fd_sc_hd__clkbuf_16)
     4    0.042619    0.046937    0.104375    0.139744 ^ clkbuf_0_clk/X (sky130_fd_sc_hd__clkbuf_16)
                                                         clknet_0_clk (net)
                      0.046971    0.001106    0.140850 ^ clkbuf_2_3__f_clk/A (sky130_fd_sc_hd__clkbuf_16)
    11    0.032212    0.039728    0.097173    0.238023 ^ clkbuf_2_3__f_clk/X (sky130_fd_sc_hd__clkbuf_16)
                                                         clknet_2_3__leaf_clk (net)
                      0.039734    0.000848    0.238871 ^ _182_/CLK (sky130_fd_sc_hd__dfrtp_1)
     2    0.005947    0.037914    0.235696    0.474567 v _182_/Q (sky130_fd_sc_hd__dfrtp_1)
                                                         cnt[0] (net)
                      0.037914    0.000144    0.474711 v fanout32/A (sky130_fd_sc_hd__buf_2)
    10    0.035307    0.064451    0.121438    0.596148 v fanout32/X (sky130_fd_sc_hd__buf_2)
                                                         net32 (net)
                      0.064483    0.001309    0.597458 v _050_/A (sky130_fd_sc_hd__inv_2)
     3    0.017458    0.065029    0.075775    0.673233 ^ _050_/Y (sky130_fd_sc_hd__inv_2)
                                                         _039_ (net)
                      0.065034    0.000481    0.673714 ^ fanout28/A (sky130_fd_sc_hd__buf_2)
    10    0.045845    0.169452    0.174335    0.848049 ^ fanout28/X (sky130_fd_sc_hd__buf_2)
                                                         net28 (net)
                      0.169462    0.001110    0.849159 ^ _089_/A2 (sky130_fd_sc_hd__a31o_1)
     1    0.004170    0.040726    0.103366    0.952525 ^ _089_/X (sky130_fd_sc_hd__a31o_1)
                                                         net16 (net)
                      0.040726    0.000140    0.952665 ^ output16/A (sky130_fd_sc_hd__buf_2)
     1    0.034089    0.127546    0.139732    1.092397 ^ output16/X (sky130_fd_sc_hd__buf_2)
                                                         seg2[1] (net)
                      0.127551    0.000656    1.093053 ^ seg2[1] (out)
                                              1.093053   data arrival time

                                 25.000000   25.000000   clock clk (rise edge)
                                  0.000000   25.000000   clock network delay (propagated)
                                 -0.250000   24.750000   clock uncertainty
                                  0.000000   24.750000   clock reconvergence pessimism
                                 -5.000000   19.750000   output external delay
                                             19.750000   data required time
---------------------------------------------------------------------------------------------
                                             19.750000   data required time
                                             -1.093053   data arrival time
---------------------------------------------------------------------------------------------
                                             18.656946   slack (MET)


Startpoint: _183_ (rising edge-triggered flip-flop clocked by clk)
Endpoint: seg0[3] (output port clocked by clk)
Path Group: clk
Path Type: max

Fanout         Cap        Slew       Delay        Time   Description
---------------------------------------------------------------------------------------------
                                  0.000000    0.000000   clock clk (rise edge)
                                  0.000000    0.000000   clock source latency
     1    0.014197    0.052609    0.035369    0.035369 ^ clk (in)
                                                         clk (net)
                      0.052614    0.000000    0.035369 ^ clkbuf_0_clk/A (sky130_fd_sc_hd__clkbuf_16)
     4    0.042619    0.046937    0.104375    0.139744 ^ clkbuf_0_clk/X (sky130_fd_sc_hd__clkbuf_16)
                                                         clknet_0_clk (net)
                      0.046971    0.001106    0.140850 ^ clkbuf_2_3__f_clk/A (sky130_fd_sc_hd__clkbuf_16)
    11    0.032212    0.039728    0.097173    0.238023 ^ clkbuf_2_3__f_clk/X (sky130_fd_sc_hd__clkbuf_16)
                                                         clknet_2_3__leaf_clk (net)
                      0.039734    0.000863    0.238886 ^ _183_/CLK (sky130_fd_sc_hd__dfrtp_1)
     2    0.008676    0.047171    0.245567    0.484453 v _183_/Q (sky130_fd_sc_hd__dfrtp_1)
                                                         cnt[1] (net)
                      0.047172    0.000238    0.484691 v fanout30/A (sky130_fd_sc_hd__buf_2)
    10    0.036876    0.066644    0.126725    0.611416 v fanout30/X (sky130_fd_sc_hd__buf_2)
                                                         net30 (net)
                      0.066725    0.002070    0.613487 v _049_/A (sky130_fd_sc_hd__inv_2)
     3    0.016472    0.062057    0.074677    0.688164 ^ _049_/Y (sky130_fd_sc_hd__inv_2)
                                                         _038_ (net)
                      0.062060    0.000373    0.688537 ^ fanout29/A (sky130_fd_sc_hd__buf_2)
    10    0.045932    0.169270    0.173566    0.862103 ^ fanout29/X (sky130_fd_sc_hd__buf_2)
                                                         net29 (net)
                      0.169278    0.000996    0.863100 ^ _064_/A1 (sky130_fd_sc_hd__a31o_1)
     1    0.002489    0.030576    0.088562    0.951661 ^ _064_/X (sky130_fd_sc_hd__a31o_1)
                                                         net6 (net)
                      0.030576    0.000071    0.951733 ^ output6/A (sky130_fd_sc_hd__buf_2)
     1    0.035202    0.131616    0.139238    1.090971 ^ output6/X (sky130_fd_sc_hd__buf_2)
                                                         seg0[3] (net)
                      0.131624    0.000893    1.091864 ^ seg0[3] (out)
                                              1.091864   data arrival time

                                 25.000000   25.000000   clock clk (rise edge)
                                  0.000000   25.000000   clock network delay (propagated)
                                 -0.250000   24.750000   clock uncertainty
                                  0.000000   24.750000   clock reconvergence pessimism
                                 -5.000000   19.750000   output external delay
                                             19.750000   data required time
---------------------------------------------------------------------------------------------
                                             19.750000   data required time
                                             -1.091864   data arrival time
---------------------------------------------------------------------------------------------
                                             18.658134   slack (MET)


Startpoint: _182_ (rising edge-triggered flip-flop clocked by clk)
Endpoint: seg2[3] (output port clocked by clk)
Path Group: clk
Path Type: max

Fanout         Cap        Slew       Delay        Time   Description
---------------------------------------------------------------------------------------------
                                  0.000000    0.000000   clock clk (rise edge)
                                  0.000000    0.000000   clock source latency
     1    0.014197    0.052609    0.035369    0.035369 ^ clk (in)
                                                         clk (net)
                      0.052614    0.000000    0.035369 ^ clkbuf_0_clk/A (sky130_fd_sc_hd__clkbuf_16)
     4    0.042619    0.046937    0.104375    0.139744 ^ clkbuf_0_clk/X (sky130_fd_sc_hd__clkbuf_16)
                                                         clknet_0_clk (net)
                      0.046971    0.001106    0.140850 ^ clkbuf_2_3__f_clk/A (sky130_fd_sc_hd__clkbuf_16)
    11    0.032212    0.039728    0.097173    0.238023 ^ clkbuf_2_3__f_clk/X (sky130_fd_sc_hd__clkbuf_16)
                                                         clknet_2_3__leaf_clk (net)
                      0.039734    0.000848    0.238871 ^ _182_/CLK (sky130_fd_sc_hd__dfrtp_1)
     2    0.005947    0.037914    0.235696    0.474567 v _182_/Q (sky130_fd_sc_hd__dfrtp_1)
                                                         cnt[0] (net)
                      0.037914    0.000144    0.474711 v fanout32/A (sky130_fd_sc_hd__buf_2)
    10    0.035307    0.064451    0.121438    0.596148 v fanout32/X (sky130_fd_sc_hd__buf_2)
                                                         net32 (net)
                      0.064483    0.001309    0.597458 v _050_/A (sky130_fd_sc_hd__inv_2)
     3    0.017458    0.065029    0.075775    0.673233 ^ _050_/Y (sky130_fd_sc_hd__inv_2)
                                                         _039_ (net)
                      0.065034    0.000481    0.673714 ^ fanout28/A (sky130_fd_sc_hd__buf_2)
    10    0.045845    0.169452    0.174335    0.848049 ^ fanout28/X (sky130_fd_sc_hd__buf_2)
                                                         net28 (net)
                      0.169465    0.001231    0.849279 ^ _093_/A2 (sky130_fd_sc_hd__a31o_1)
     1    0.003776    0.038276    0.101414    0.950694 ^ _093_/X (sky130_fd_sc_hd__a31o_1)
                                                         net18 (net)
                      0.038276    0.000112    0.950806 ^ output18/A (sky130_fd_sc_hd__buf_2)
     1    0.033941    0.127022    0.138654    1.089460 ^ output18/X (sky130_fd_sc_hd__buf_2)
                                                         seg2[3] (net)
                      0.127026    0.000613    1.090073 ^ seg2[3] (out)
                                              1.090073   data arrival time

                                 25.000000   25.000000   clock clk (rise edge)
                                  0.000000   25.000000   clock network delay (propagated)
                                 -0.250000   24.750000   clock uncertainty
                                  0.000000   24.750000   clock reconvergence pessimism
                                 -5.000000   19.750000   output external delay
                                             19.750000   data required time
---------------------------------------------------------------------------------------------
                                             19.750000   data required time
                                             -1.090073   data arrival time
---------------------------------------------------------------------------------------------
                                             18.659925   slack (MET)


Startpoint: _183_ (rising edge-triggered flip-flop clocked by clk)
Endpoint: seg0[5] (output port clocked by clk)
Path Group: clk
Path Type: max

Fanout         Cap        Slew       Delay        Time   Description
---------------------------------------------------------------------------------------------
                                  0.000000    0.000000   clock clk (rise edge)
                                  0.000000    0.000000   clock source latency
     1    0.014197    0.052609    0.035369    0.035369 ^ clk (in)
                                                         clk (net)
                      0.052614    0.000000    0.035369 ^ clkbuf_0_clk/A (sky130_fd_sc_hd__clkbuf_16)
     4    0.042619    0.046937    0.104375    0.139744 ^ clkbuf_0_clk/X (sky130_fd_sc_hd__clkbuf_16)
                                                         clknet_0_clk (net)
                      0.046971    0.001106    0.140850 ^ clkbuf_2_3__f_clk/A (sky130_fd_sc_hd__clkbuf_16)
    11    0.032212    0.039728    0.097173    0.238023 ^ clkbuf_2_3__f_clk/X (sky130_fd_sc_hd__clkbuf_16)
                                                         clknet_2_3__leaf_clk (net)
                      0.039734    0.000863    0.238886 ^ _183_/CLK (sky130_fd_sc_hd__dfrtp_1)
     2    0.008676    0.047171    0.245567    0.484453 v _183_/Q (sky130_fd_sc_hd__dfrtp_1)
                                                         cnt[1] (net)
                      0.047172    0.000238    0.484691 v fanout30/A (sky130_fd_sc_hd__buf_2)
    10    0.036876    0.066644    0.126725    0.611416 v fanout30/X (sky130_fd_sc_hd__buf_2)
                                                         net30 (net)
                      0.066725    0.002070    0.613487 v _049_/A (sky130_fd_sc_hd__inv_2)
     3    0.016472    0.062057    0.074677    0.688164 ^ _049_/Y (sky130_fd_sc_hd__inv_2)
                                                         _038_ (net)
                      0.062060    0.000373    0.688537 ^ fanout29/A (sky130_fd_sc_hd__buf_2)
    10    0.045932    0.169270    0.173566    0.862103 ^ fanout29/X (sky130_fd_sc_hd__buf_2)
                                                         net29 (net)
                      0.169292    0.001606    0.863710 ^ _068_/A1 (sky130_fd_sc_hd__a31o_1)
     1    0.001998    0.027519    0.085863    0.949572 ^ _068_/X (sky130_fd_sc_hd__a31o_1)
                                                         net8 (net)
                      0.027519    0.000038    0.949611 ^ output8/A (sky130_fd_sc_hd__buf_2)
     1    0.035031    0.131008    0.137915    1.087525 ^ output8/X (sky130_fd_sc_hd__buf_2)
                                                         seg0[5] (net)
                      0.131016    0.000856    1.088382 ^ seg0[5] (out)
                                              1.088382   data arrival time

                                 25.000000   25.000000   clock clk (rise edge)
                                  0.000000   25.000000   clock network delay (propagated)
                                 -0.250000   24.750000   clock uncertainty
                                  0.000000   24.750000   clock reconvergence pessimism
                                 -5.000000   19.750000   output external delay
                                             19.750000   data required time
---------------------------------------------------------------------------------------------
                                             19.750000   data required time
                                             -1.088382   data arrival time
---------------------------------------------------------------------------------------------
                                             18.661619   slack (MET)


Startpoint: _183_ (rising edge-triggered flip-flop clocked by clk)
Endpoint: seg0[2] (output port clocked by clk)
Path Group: clk
Path Type: max

Fanout         Cap        Slew       Delay        Time   Description
---------------------------------------------------------------------------------------------
                                  0.000000    0.000000   clock clk (rise edge)
                                  0.000000    0.000000   clock source latency
     1    0.014197    0.052609    0.035369    0.035369 ^ clk (in)
                                                         clk (net)
                      0.052614    0.000000    0.035369 ^ clkbuf_0_clk/A (sky130_fd_sc_hd__clkbuf_16)
     4    0.042619    0.046937    0.104375    0.139744 ^ clkbuf_0_clk/X (sky130_fd_sc_hd__clkbuf_16)
                                                         clknet_0_clk (net)
                      0.046971    0.001106    0.140850 ^ clkbuf_2_3__f_clk/A (sky130_fd_sc_hd__clkbuf_16)
    11    0.032212    0.039728    0.097173    0.238023 ^ clkbuf_2_3__f_clk/X (sky130_fd_sc_hd__clkbuf_16)
                                                         clknet_2_3__leaf_clk (net)
                      0.039734    0.000863    0.238886 ^ _183_/CLK (sky130_fd_sc_hd__dfrtp_1)
     2    0.008676    0.047171    0.245567    0.484453 v _183_/Q (sky130_fd_sc_hd__dfrtp_1)
                                                         cnt[1] (net)
                      0.047172    0.000238    0.484691 v fanout30/A (sky130_fd_sc_hd__buf_2)
    10    0.036876    0.066644    0.126725    0.611416 v fanout30/X (sky130_fd_sc_hd__buf_2)
                                                         net30 (net)
                      0.066725    0.002070    0.613487 v _049_/A (sky130_fd_sc_hd__inv_2)
     3    0.016472    0.062057    0.074677    0.688164 ^ _049_/Y (sky130_fd_sc_hd__inv_2)
                                                         _038_ (net)
                      0.062060    0.000373    0.688537 ^ fanout29/A (sky130_fd_sc_hd__buf_2)
    10    0.045932    0.169270    0.173566    0.862103 ^ fanout29/X (sky130_fd_sc_hd__buf_2)
                                                         net29 (net)
                      0.169272    0.000532    0.862635 ^ _062_/A1 (sky130_fd_sc_hd__a31o_1)
     1    0.002031    0.027954    0.086047    0.948681 ^ _062_/X (sky130_fd_sc_hd__a31o_1)
                                                         net5 (net)
                      0.027954    0.000039    0.948721 ^ output5/A (sky130_fd_sc_hd__buf_2)
     1    0.035099    0.131246    0.138219    1.086940 ^ output5/X (sky130_fd_sc_hd__buf_2)
                                                         seg0[2] (net)
                      0.131254    0.000845    1.087785 ^ seg0[2] (out)
                                              1.087785   data arrival time

                                 25.000000   25.000000   clock clk (rise edge)
                                  0.000000   25.000000   clock network delay (propagated)
                                 -0.250000   24.750000   clock uncertainty
                                  0.000000   24.750000   clock reconvergence pessimism
                                 -5.000000   19.750000   output external delay
                                             19.750000   data required time
---------------------------------------------------------------------------------------------
                                             19.750000   data required time
                                             -1.087785   data arrival time
---------------------------------------------------------------------------------------------
                                             18.662214   slack (MET)


Startpoint: _182_ (rising edge-triggered flip-flop clocked by clk)
Endpoint: seg2[2] (output port clocked by clk)
Path Group: clk
Path Type: max

Fanout         Cap        Slew       Delay        Time   Description
---------------------------------------------------------------------------------------------
                                  0.000000    0.000000   clock clk (rise edge)
                                  0.000000    0.000000   clock source latency
     1    0.014197    0.052609    0.035369    0.035369 ^ clk (in)
                                                         clk (net)
                      0.052614    0.000000    0.035369 ^ clkbuf_0_clk/A (sky130_fd_sc_hd__clkbuf_16)
     4    0.042619    0.046937    0.104375    0.139744 ^ clkbuf_0_clk/X (sky130_fd_sc_hd__clkbuf_16)
                                                         clknet_0_clk (net)
                      0.046971    0.001106    0.140850 ^ clkbuf_2_3__f_clk/A (sky130_fd_sc_hd__clkbuf_16)
    11    0.032212    0.039728    0.097173    0.238023 ^ clkbuf_2_3__f_clk/X (sky130_fd_sc_hd__clkbuf_16)
                                                         clknet_2_3__leaf_clk (net)
                      0.039734    0.000848    0.238871 ^ _182_/CLK (sky130_fd_sc_hd__dfrtp_1)
     2    0.005947    0.037914    0.235696    0.474567 v _182_/Q (sky130_fd_sc_hd__dfrtp_1)
                                                         cnt[0] (net)
                      0.037914    0.000144    0.474711 v fanout32/A (sky130_fd_sc_hd__buf_2)
    10    0.035307    0.064451    0.121438    0.596148 v fanout32/X (sky130_fd_sc_hd__buf_2)
                                                         net32 (net)
                      0.064483    0.001309    0.597458 v _050_/A (sky130_fd_sc_hd__inv_2)
     3    0.017458    0.065029    0.075775    0.673233 ^ _050_/Y (sky130_fd_sc_hd__inv_2)
                                                         _039_ (net)
                      0.065034    0.000481    0.673714 ^ fanout28/A (sky130_fd_sc_hd__buf_2)
    10    0.045845    0.169452    0.174335    0.848049 ^ fanout28/X (sky130_fd_sc_hd__buf_2)
                                                         net28 (net)
                      0.169468    0.001362    0.849411 ^ _091_/A2 (sky130_fd_sc_hd__a31o_1)
     1    0.002729    0.031963    0.095501    0.944912 ^ _091_/X (sky130_fd_sc_hd__a31o_1)
                                                         net17 (net)
                      0.031963    0.000082    0.944994 ^ output17/A (sky130_fd_sc_hd__buf_2)
     1    0.034167    0.127899    0.137231    1.082225 ^ output17/X (sky130_fd_sc_hd__buf_2)
                                                         seg2[2] (net)
                      0.127905    0.000706    1.082931 ^ seg2[2] (out)
                                              1.082931   data arrival time

                                 25.000000   25.000000   clock clk (rise edge)
                                  0.000000   25.000000   clock network delay (propagated)
                                 -0.250000   24.750000   clock uncertainty
                                  0.000000   24.750000   clock reconvergence pessimism
                                 -5.000000   19.750000   output external delay
                                             19.750000   data required time
---------------------------------------------------------------------------------------------
                                             19.750000   data required time
                                             -1.082931   data arrival time
---------------------------------------------------------------------------------------------
                                             18.667068   slack (MET)


Startpoint: _182_ (rising edge-triggered flip-flop clocked by clk)
Endpoint: seg2[0] (output port clocked by clk)
Path Group: clk
Path Type: max

Fanout         Cap        Slew       Delay        Time   Description
---------------------------------------------------------------------------------------------
                                  0.000000    0.000000   clock clk (rise edge)
                                  0.000000    0.000000   clock source latency
     1    0.014197    0.052609    0.035369    0.035369 ^ clk (in)
                                                         clk (net)
                      0.052614    0.000000    0.035369 ^ clkbuf_0_clk/A (sky130_fd_sc_hd__clkbuf_16)
     4    0.042619    0.046937    0.104375    0.139744 ^ clkbuf_0_clk/X (sky130_fd_sc_hd__clkbuf_16)
                                                         clknet_0_clk (net)
                      0.046971    0.001106    0.140850 ^ clkbuf_2_3__f_clk/A (sky130_fd_sc_hd__clkbuf_16)
    11    0.032212    0.039728    0.097173    0.238023 ^ clkbuf_2_3__f_clk/X (sky130_fd_sc_hd__clkbuf_16)
                                                         clknet_2_3__leaf_clk (net)
                      0.039734    0.000848    0.238871 ^ _182_/CLK (sky130_fd_sc_hd__dfrtp_1)
     2    0.005947    0.037914    0.235696    0.474567 v _182_/Q (sky130_fd_sc_hd__dfrtp_1)
                                                         cnt[0] (net)
                      0.037914    0.000144    0.474711 v fanout32/A (sky130_fd_sc_hd__buf_2)
    10    0.035307    0.064451    0.121438    0.596148 v fanout32/X (sky130_fd_sc_hd__buf_2)
                                                         net32 (net)
                      0.064483    0.001309    0.597458 v _050_/A (sky130_fd_sc_hd__inv_2)
     3    0.017458    0.065029    0.075775    0.673233 ^ _050_/Y (sky130_fd_sc_hd__inv_2)
                                                         _039_ (net)
                      0.065034    0.000481    0.673714 ^ fanout28/A (sky130_fd_sc_hd__buf_2)
    10    0.045845    0.169452    0.174335    0.848049 ^ fanout28/X (sky130_fd_sc_hd__buf_2)
                                                         net28 (net)
                      0.169469    0.001407    0.849456 ^ _086_/A2 (sky130_fd_sc_hd__a31o_1)
     1    0.002403    0.030083    0.093661    0.943117 ^ _086_/X (sky130_fd_sc_hd__a31o_1)
                                                         net15 (net)
                      0.030083    0.000069    0.943186 ^ output15/A (sky130_fd_sc_hd__buf_2)
     1    0.034418    0.128807    0.137239    1.080425 ^ output15/X (sky130_fd_sc_hd__buf_2)
                                                         seg2[0] (net)
                      0.128813    0.000768    1.081193 ^ seg2[0] (out)
                                              1.081193   data arrival time

                                 25.000000   25.000000   clock clk (rise edge)
                                  0.000000   25.000000   clock network delay (propagated)
                                 -0.250000   24.750000   clock uncertainty
                                  0.000000   24.750000   clock reconvergence pessimism
                                 -5.000000   19.750000   output external delay
                                             19.750000   data required time
---------------------------------------------------------------------------------------------
                                             19.750000   data required time
                                             -1.081193   data arrival time
---------------------------------------------------------------------------------------------
                                             18.668806   slack (MET)


Startpoint: _182_ (rising edge-triggered flip-flop clocked by clk)
Endpoint: seg2[5] (output port clocked by clk)
Path Group: clk
Path Type: max

Fanout         Cap        Slew       Delay        Time   Description
---------------------------------------------------------------------------------------------
                                  0.000000    0.000000   clock clk (rise edge)
                                  0.000000    0.000000   clock source latency
     1    0.014197    0.052609    0.035369    0.035369 ^ clk (in)
                                                         clk (net)
                      0.052614    0.000000    0.035369 ^ clkbuf_0_clk/A (sky130_fd_sc_hd__clkbuf_16)
     4    0.042619    0.046937    0.104375    0.139744 ^ clkbuf_0_clk/X (sky130_fd_sc_hd__clkbuf_16)
                                                         clknet_0_clk (net)
                      0.046971    0.001106    0.140850 ^ clkbuf_2_3__f_clk/A (sky130_fd_sc_hd__clkbuf_16)
    11    0.032212    0.039728    0.097173    0.238023 ^ clkbuf_2_3__f_clk/X (sky130_fd_sc_hd__clkbuf_16)
                                                         clknet_2_3__leaf_clk (net)
                      0.039734    0.000848    0.238871 ^ _182_/CLK (sky130_fd_sc_hd__dfrtp_1)
     2    0.005947    0.037914    0.235696    0.474567 v _182_/Q (sky130_fd_sc_hd__dfrtp_1)
                                                         cnt[0] (net)
                      0.037914    0.000144    0.474711 v fanout32/A (sky130_fd_sc_hd__buf_2)
    10    0.035307    0.064451    0.121438    0.596148 v fanout32/X (sky130_fd_sc_hd__buf_2)
                                                         net32 (net)
                      0.064483    0.001309    0.597458 v _050_/A (sky130_fd_sc_hd__inv_2)
     3    0.017458    0.065029    0.075775    0.673233 ^ _050_/Y (sky130_fd_sc_hd__inv_2)
                                                         _039_ (net)
                      0.065034    0.000481    0.673714 ^ fanout28/A (sky130_fd_sc_hd__buf_2)
    10    0.045845    0.169452    0.174335    0.848049 ^ fanout28/X (sky130_fd_sc_hd__buf_2)
                                                         net28 (net)
                      0.169506    0.002498    0.850547 ^ _097_/A2 (sky130_fd_sc_hd__a31o_1)
     1    0.002005    0.027803    0.091424    0.941971 ^ _097_/X (sky130_fd_sc_hd__a31o_1)
                                                         net20 (net)
                      0.027803    0.000039    0.942009 ^ output20/A (sky130_fd_sc_hd__buf_2)
     1    0.034849    0.130356    0.137558    1.079567 ^ output20/X (sky130_fd_sc_hd__buf_2)
                                                         seg2[5] (net)
                      0.130364    0.000847    1.080414 ^ seg2[5] (out)
                                              1.080414   data arrival time

                                 25.000000   25.000000   clock clk (rise edge)
                                  0.000000   25.000000   clock network delay (propagated)
                                 -0.250000   24.750000   clock uncertainty
                                  0.000000   24.750000   clock reconvergence pessimism
                                 -5.000000   19.750000   output external delay
                                             19.750000   data required time
---------------------------------------------------------------------------------------------
                                             19.750000   data required time
                                             -1.080414   data arrival time
---------------------------------------------------------------------------------------------
                                             18.669586   slack (MET)


Startpoint: _182_ (rising edge-triggered flip-flop clocked by clk)
Endpoint: seg2[4] (output port clocked by clk)
Path Group: clk
Path Type: max

Fanout         Cap        Slew       Delay        Time   Description
---------------------------------------------------------------------------------------------
                                  0.000000    0.000000   clock clk (rise edge)
                                  0.000000    0.000000   clock source latency
     1    0.014197    0.052609    0.035369    0.035369 ^ clk (in)
                                                         clk (net)
                      0.052614    0.000000    0.035369 ^ clkbuf_0_clk/A (sky130_fd_sc_hd__clkbuf_16)
     4    0.042619    0.046937    0.104375    0.139744 ^ clkbuf_0_clk/X (sky130_fd_sc_hd__clkbuf_16)
                                                         clknet_0_clk (net)
                      0.046971    0.001106    0.140850 ^ clkbuf_2_3__f_clk/A (sky130_fd_sc_hd__clkbuf_16)
    11    0.032212    0.039728    0.097173    0.238023 ^ clkbuf_2_3__f_clk/X (sky130_fd_sc_hd__clkbuf_16)
                                                         clknet_2_3__leaf_clk (net)
                      0.039734    0.000848    0.238871 ^ _182_/CLK (sky130_fd_sc_hd__dfrtp_1)
     2    0.005947    0.037914    0.235696    0.474567 v _182_/Q (sky130_fd_sc_hd__dfrtp_1)
                                                         cnt[0] (net)
                      0.037914    0.000144    0.474711 v fanout32/A (sky130_fd_sc_hd__buf_2)
    10    0.035307    0.064451    0.121438    0.596148 v fanout32/X (sky130_fd_sc_hd__buf_2)
                                                         net32 (net)
                      0.064483    0.001309    0.597458 v _050_/A (sky130_fd_sc_hd__inv_2)
     3    0.017458    0.065029    0.075775    0.673233 ^ _050_/Y (sky130_fd_sc_hd__inv_2)
                                                         _039_ (net)
                      0.065034    0.000481    0.673714 ^ fanout28/A (sky130_fd_sc_hd__buf_2)
    10    0.045845    0.169452    0.174335    0.848049 ^ fanout28/X (sky130_fd_sc_hd__buf_2)
                                                         net28 (net)
                      0.169467    0.001335    0.849384 ^ _095_/A2 (sky130_fd_sc_hd__a31o_1)
     1    0.002144    0.028605    0.092203    0.941587 ^ _095_/X (sky130_fd_sc_hd__a31o_1)
                                                         net19 (net)
                      0.028605    0.000061    0.941648 ^ output19/A (sky130_fd_sc_hd__buf_2)
     1    0.034481    0.129033    0.136959    1.078607 ^ output19/X (sky130_fd_sc_hd__buf_2)
                                                         seg2[4] (net)
                      0.129039    0.000750    1.079357 ^ seg2[4] (out)
                                              1.079357   data arrival time

                                 25.000000   25.000000   clock clk (rise edge)
                                  0.000000   25.000000   clock network delay (propagated)
                                 -0.250000   24.750000   clock uncertainty
                                  0.000000   24.750000   clock reconvergence pessimism
                                 -5.000000   19.750000   output external delay
                                             19.750000   data required time
---------------------------------------------------------------------------------------------
                                             19.750000   data required time
                                             -1.079357   data arrival time
---------------------------------------------------------------------------------------------
                                             18.670643   slack (MET)


Startpoint: _183_ (rising edge-triggered flip-flop clocked by clk)
Endpoint: seg1[5] (output port clocked by clk)
Path Group: clk
Path Type: max

Fanout         Cap        Slew       Delay        Time   Description
---------------------------------------------------------------------------------------------
                                  0.000000    0.000000   clock clk (rise edge)
                                  0.000000    0.000000   clock source latency
     1    0.014197    0.052609    0.035369    0.035369 ^ clk (in)
                                                         clk (net)
                      0.052614    0.000000    0.035369 ^ clkbuf_0_clk/A (sky130_fd_sc_hd__clkbuf_16)
     4    0.042619    0.046937    0.104375    0.139744 ^ clkbuf_0_clk/X (sky130_fd_sc_hd__clkbuf_16)
                                                         clknet_0_clk (net)
                      0.046971    0.001106    0.140850 ^ clkbuf_2_3__f_clk/A (sky130_fd_sc_hd__clkbuf_16)
    11    0.032212    0.039728    0.097173    0.238023 ^ clkbuf_2_3__f_clk/X (sky130_fd_sc_hd__clkbuf_16)
                                                         clknet_2_3__leaf_clk (net)
                      0.039734    0.000863    0.238886 ^ _183_/CLK (sky130_fd_sc_hd__dfrtp_1)
     2    0.008676    0.047171    0.245567    0.484453 v _183_/Q (sky130_fd_sc_hd__dfrtp_1)
                                                         cnt[1] (net)
                      0.047172    0.000238    0.484691 v fanout30/A (sky130_fd_sc_hd__buf_2)
    10    0.036876    0.066644    0.126725    0.611416 v fanout30/X (sky130_fd_sc_hd__buf_2)
                                                         net30 (net)
                      0.066725    0.002070    0.613487 v _049_/A (sky130_fd_sc_hd__inv_2)
     3    0.016472    0.062057    0.074677    0.688164 ^ _049_/Y (sky130_fd_sc_hd__inv_2)
                                                         _038_ (net)
                      0.062068    0.000694    0.688858 ^ _082_/A1 (sky130_fd_sc_hd__a31o_1)
     1    0.005613    0.049607    0.092731    0.781590 ^ _082_/X (sky130_fd_sc_hd__a31o_1)
                                                         net14 (net)
                      0.049607    0.000217    0.781806 ^ output14/A (sky130_fd_sc_hd__buf_2)
     1    0.034388    0.128588    0.143150    0.924956 ^ output14/X (sky130_fd_sc_hd__buf_2)
                                                         seg1[5] (net)
                      0.128593    0.000670    0.925626 ^ seg1[5] (out)
                                              0.925626   data arrival time

                                 25.000000   25.000000   clock clk (rise edge)
                                  0.000000   25.000000   clock network delay (propagated)
                                 -0.250000   24.750000   clock uncertainty
                                  0.000000   24.750000   clock reconvergence pessimism
                                 -5.000000   19.750000   output external delay
                                             19.750000   data required time
---------------------------------------------------------------------------------------------
                                             19.750000   data required time
                                             -0.925626   data arrival time
---------------------------------------------------------------------------------------------
                                             18.824373   slack (MET)


Startpoint: _183_ (rising edge-triggered flip-flop clocked by clk)
Endpoint: seg1[4] (output port clocked by clk)
Path Group: clk
Path Type: max

Fanout         Cap        Slew       Delay        Time   Description
---------------------------------------------------------------------------------------------
                                  0.000000    0.000000   clock clk (rise edge)
                                  0.000000    0.000000   clock source latency
     1    0.014197    0.052609    0.035369    0.035369 ^ clk (in)
                                                         clk (net)
                      0.052614    0.000000    0.035369 ^ clkbuf_0_clk/A (sky130_fd_sc_hd__clkbuf_16)
     4    0.042619    0.046937    0.104375    0.139744 ^ clkbuf_0_clk/X (sky130_fd_sc_hd__clkbuf_16)
                                                         clknet_0_clk (net)
                      0.046971    0.001106    0.140850 ^ clkbuf_2_3__f_clk/A (sky130_fd_sc_hd__clkbuf_16)
    11    0.032212    0.039728    0.097173    0.238023 ^ clkbuf_2_3__f_clk/X (sky130_fd_sc_hd__clkbuf_16)
                                                         clknet_2_3__leaf_clk (net)
                      0.039734    0.000863    0.238886 ^ _183_/CLK (sky130_fd_sc_hd__dfrtp_1)
     2    0.008676    0.047171    0.245567    0.484453 v _183_/Q (sky130_fd_sc_hd__dfrtp_1)
                                                         cnt[1] (net)
                      0.047172    0.000238    0.484691 v fanout30/A (sky130_fd_sc_hd__buf_2)
    10    0.036876    0.066644    0.126725    0.611416 v fanout30/X (sky130_fd_sc_hd__buf_2)
                                                         net30 (net)
                      0.066725    0.002070    0.613487 v _049_/A (sky130_fd_sc_hd__inv_2)
     3    0.016472    0.062057    0.074677    0.688164 ^ _049_/Y (sky130_fd_sc_hd__inv_2)
                                                         _038_ (net)
                      0.062068    0.000675    0.688839 ^ _080_/A1 (sky130_fd_sc_hd__a31o_1)
     1    0.004218    0.040679    0.085877    0.774716 ^ _080_/X (sky130_fd_sc_hd__a31o_1)
                                                         net13 (net)
                      0.040679    0.000133    0.774849 ^ output13/A (sky130_fd_sc_hd__buf_2)
     1    0.034177    0.127864    0.139900    0.914749 ^ output13/X (sky130_fd_sc_hd__buf_2)
                                                         seg1[4] (net)
                      0.127870    0.000707    0.915456 ^ seg1[4] (out)
                                              0.915456   data arrival time

                                 25.000000   25.000000   clock clk (rise edge)
                                  0.000000   25.000000   clock network delay (propagated)
                                 -0.250000   24.750000   clock uncertainty
                                  0.000000   24.750000   clock reconvergence pessimism
                                 -5.000000   19.750000   output external delay
                                             19.750000   data required time
---------------------------------------------------------------------------------------------
                                             19.750000   data required time
                                             -0.915456   data arrival time
---------------------------------------------------------------------------------------------
                                             18.834543   slack (MET)


Startpoint: _176_ (rising edge-triggered flip-flop clocked by clk)
Endpoint: seg3[0] (output port clocked by clk)
Path Group: clk
Path Type: max

Fanout         Cap        Slew       Delay        Time   Description
---------------------------------------------------------------------------------------------
                                  0.000000    0.000000   clock clk (rise edge)
                                  0.000000    0.000000   clock source latency
     1    0.014197    0.052609    0.035369    0.035369 ^ clk (in)
                                                         clk (net)
                      0.052614    0.000000    0.035369 ^ clkbuf_0_clk/A (sky130_fd_sc_hd__clkbuf_16)
     4    0.042619    0.046937    0.104375    0.139744 ^ clkbuf_0_clk/X (sky130_fd_sc_hd__clkbuf_16)
                                                         clknet_0_clk (net)
                      0.046972    0.001118    0.140862 ^ clkbuf_2_0__f_clk/A (sky130_fd_sc_hd__clkbuf_16)
    10    0.030183    0.038278    0.095834    0.236696 ^ clkbuf_2_0__f_clk/X (sky130_fd_sc_hd__clkbuf_16)
                                                         clknet_2_0__leaf_clk (net)
                      0.038297    0.000795    0.237491 ^ _176_/CLK (sky130_fd_sc_hd__dfstp_2)
     9    0.044371    0.165364    0.407593    0.645084 ^ _176_/Q (sky130_fd_sc_hd__dfstp_2)
                                                         cursor[0] (net)
                      0.165373    0.001405    0.646489 ^ _101_/A3 (sky130_fd_sc_hd__a31o_1)
     1    0.002201    0.028845    0.091531    0.738020 ^ _101_/X (sky130_fd_sc_hd__a31o_1)
                                                         net21 (net)
                      0.028845    0.000062    0.738082 ^ output21/A (sky130_fd_sc_hd__buf_2)
     1    0.034452    0.128930    0.136947    0.875029 ^ output21/X (sky130_fd_sc_hd__buf_2)
                                                         seg3[0] (net)
                      0.128936    0.000769    0.875798 ^ seg3[0] (out)
                                              0.875798   data arrival time

                                 25.000000   25.000000   clock clk (rise edge)
                                  0.000000   25.000000   clock network delay (propagated)
                                 -0.250000   24.750000   clock uncertainty
                                  0.000000   24.750000   clock reconvergence pessimism
                                 -5.000000   19.750000   output external delay
                                             19.750000   data required time
---------------------------------------------------------------------------------------------
                                             19.750000   data required time
                                             -0.875798   data arrival time
---------------------------------------------------------------------------------------------
                                             18.874201   slack (MET)


Startpoint: _183_ (rising edge-triggered flip-flop clocked by clk)
Endpoint: seg3[4] (output port clocked by clk)
Path Group: clk
Path Type: max

Fanout         Cap        Slew       Delay        Time   Description
---------------------------------------------------------------------------------------------
                                  0.000000    0.000000   clock clk (rise edge)
                                  0.000000    0.000000   clock source latency
     1    0.014197    0.052609    0.035369    0.035369 ^ clk (in)
                                                         clk (net)
                      0.052614    0.000000    0.035369 ^ clkbuf_0_clk/A (sky130_fd_sc_hd__clkbuf_16)
     4    0.042619    0.046937    0.104375    0.139744 ^ clkbuf_0_clk/X (sky130_fd_sc_hd__clkbuf_16)
                                                         clknet_0_clk (net)
                      0.046971    0.001106    0.140850 ^ clkbuf_2_3__f_clk/A (sky130_fd_sc_hd__clkbuf_16)
    11    0.032212    0.039728    0.097173    0.238023 ^ clkbuf_2_3__f_clk/X (sky130_fd_sc_hd__clkbuf_16)
                                                         clknet_2_3__leaf_clk (net)
                      0.039734    0.000863    0.238886 ^ _183_/CLK (sky130_fd_sc_hd__dfrtp_1)
     2    0.008676    0.047171    0.245567    0.484453 v _183_/Q (sky130_fd_sc_hd__dfrtp_1)
                                                         cnt[1] (net)
                      0.047171    0.000228    0.484681 v fanout31/A (sky130_fd_sc_hd__clkbuf_2)
     9    0.030316    0.082134    0.126291    0.610972 v fanout31/X (sky130_fd_sc_hd__clkbuf_2)
                                                         net31 (net)
                      0.082145    0.000976    0.611948 v _110_/A1 (sky130_fd_sc_hd__a31o_1)
     1    0.003304    0.029084    0.128118    0.740066 v _110_/X (sky130_fd_sc_hd__a31o_1)
                                                         net25 (net)
                      0.029084    0.000103    0.740169 v output25/A (sky130_fd_sc_hd__buf_2)
     1    0.034109    0.062536    0.116656    0.856824 v output25/X (sky130_fd_sc_hd__buf_2)
                                                         seg3[4] (net)
                      0.062542    0.000639    0.857463 v seg3[4] (out)
                                              0.857463   data arrival time

                                 25.000000   25.000000   clock clk (rise edge)
                                  0.000000   25.000000   clock network delay (propagated)
                                 -0.250000   24.750000   clock uncertainty
                                  0.000000   24.750000   clock reconvergence pessimism
                                 -5.000000   19.750000   output external delay
                                             19.750000   data required time
---------------------------------------------------------------------------------------------
                                             19.750000   data required time
                                             -0.857463   data arrival time
---------------------------------------------------------------------------------------------
                                             18.892536   slack (MET)


Startpoint: _183_ (rising edge-triggered flip-flop clocked by clk)
Endpoint: seg3[5] (output port clocked by clk)
Path Group: clk
Path Type: max

Fanout         Cap        Slew       Delay        Time   Description
---------------------------------------------------------------------------------------------
                                  0.000000    0.000000   clock clk (rise edge)
                                  0.000000    0.000000   clock source latency
     1    0.014197    0.052609    0.035369    0.035369 ^ clk (in)
                                                         clk (net)
                      0.052614    0.000000    0.035369 ^ clkbuf_0_clk/A (sky130_fd_sc_hd__clkbuf_16)
     4    0.042619    0.046937    0.104375    0.139744 ^ clkbuf_0_clk/X (sky130_fd_sc_hd__clkbuf_16)
                                                         clknet_0_clk (net)
                      0.046971    0.001106    0.140850 ^ clkbuf_2_3__f_clk/A (sky130_fd_sc_hd__clkbuf_16)
    11    0.032212    0.039728    0.097173    0.238023 ^ clkbuf_2_3__f_clk/X (sky130_fd_sc_hd__clkbuf_16)
                                                         clknet_2_3__leaf_clk (net)
                      0.039734    0.000863    0.238886 ^ _183_/CLK (sky130_fd_sc_hd__dfrtp_1)
     2    0.008676    0.047171    0.245567    0.484453 v _183_/Q (sky130_fd_sc_hd__dfrtp_1)
                                                         cnt[1] (net)
                      0.047171    0.000228    0.484681 v fanout31/A (sky130_fd_sc_hd__clkbuf_2)
     9    0.030316    0.082134    0.126291    0.610972 v fanout31/X (sky130_fd_sc_hd__clkbuf_2)
                                                         net31 (net)
                      0.082146    0.000988    0.611960 v _112_/A1 (sky130_fd_sc_hd__a31o_1)
     1    0.003161    0.028584    0.127486    0.739446 v _112_/X (sky130_fd_sc_hd__a31o_1)
                                                         net26 (net)
                      0.028584    0.000093    0.739539 v output26/A (sky130_fd_sc_hd__buf_2)
     1    0.034044    0.062436    0.116381    0.855920 v output26/X (sky130_fd_sc_hd__buf_2)
                                                         seg3[5] (net)
                      0.062442    0.000628    0.856548 v seg3[5] (out)
                                              0.856548   data arrival time

                                 25.000000   25.000000   clock clk (rise edge)
                                  0.000000   25.000000   clock network delay (propagated)
                                 -0.250000   24.750000   clock uncertainty
                                  0.000000   24.750000   clock reconvergence pessimism
                                 -5.000000   19.750000   output external delay
                                             19.750000   data required time
---------------------------------------------------------------------------------------------
                                             19.750000   data required time
                                             -0.856548   data arrival time
---------------------------------------------------------------------------------------------
                                             18.893452   slack (MET)


Startpoint: _183_ (rising edge-triggered flip-flop clocked by clk)
Endpoint: seg3[2] (output port clocked by clk)
Path Group: clk
Path Type: max

Fanout         Cap        Slew       Delay        Time   Description
---------------------------------------------------------------------------------------------
                                  0.000000    0.000000   clock clk (rise edge)
                                  0.000000    0.000000   clock source latency
     1    0.014197    0.052609    0.035369    0.035369 ^ clk (in)
                                                         clk (net)
                      0.052614    0.000000    0.035369 ^ clkbuf_0_clk/A (sky130_fd_sc_hd__clkbuf_16)
     4    0.042619    0.046937    0.104375    0.139744 ^ clkbuf_0_clk/X (sky130_fd_sc_hd__clkbuf_16)
                                                         clknet_0_clk (net)
                      0.046971    0.001106    0.140850 ^ clkbuf_2_3__f_clk/A (sky130_fd_sc_hd__clkbuf_16)
    11    0.032212    0.039728    0.097173    0.238023 ^ clkbuf_2_3__f_clk/X (sky130_fd_sc_hd__clkbuf_16)
                                                         clknet_2_3__leaf_clk (net)
                      0.039734    0.000863    0.238886 ^ _183_/CLK (sky130_fd_sc_hd__dfrtp_1)
     2    0.008676    0.047171    0.245567    0.484453 v _183_/Q (sky130_fd_sc_hd__dfrtp_1)
                                                         cnt[1] (net)
                      0.047171    0.000228    0.484681 v fanout31/A (sky130_fd_sc_hd__clkbuf_2)
     9    0.030316    0.082134    0.126291    0.610972 v fanout31/X (sky130_fd_sc_hd__clkbuf_2)
                                                         net31 (net)
                      0.082146    0.000997    0.611969 v _106_/A1 (sky130_fd_sc_hd__a31o_1)
     1    0.002947    0.027850    0.126532    0.738501 v _106_/X (sky130_fd_sc_hd__a31o_1)
                                                         net23 (net)
                      0.027850    0.000095    0.738595 v output23/A (sky130_fd_sc_hd__buf_2)
     1    0.034376    0.062973    0.116419    0.855014 v output23/X (sky130_fd_sc_hd__buf_2)
                                                         seg3[2] (net)
                      0.062982    0.000753    0.855768 v seg3[2] (out)
                                              0.855768   data arrival time

                                 25.000000   25.000000   clock clk (rise edge)
                                  0.000000   25.000000   clock network delay (propagated)
                                 -0.250000   24.750000   clock uncertainty
                                  0.000000   24.750000   clock reconvergence pessimism
                                 -5.000000   19.750000   output external delay
                                             19.750000   data required time
---------------------------------------------------------------------------------------------
                                             19.750000   data required time
                                             -0.855768   data arrival time
---------------------------------------------------------------------------------------------
                                             18.894232   slack (MET)


Startpoint: _183_ (rising edge-triggered flip-flop clocked by clk)
Endpoint: seg3[3] (output port clocked by clk)
Path Group: clk
Path Type: max

Fanout         Cap        Slew       Delay        Time   Description
---------------------------------------------------------------------------------------------
                                  0.000000    0.000000   clock clk (rise edge)
                                  0.000000    0.000000   clock source latency
     1    0.014197    0.052609    0.035369    0.035369 ^ clk (in)
                                                         clk (net)
                      0.052614    0.000000    0.035369 ^ clkbuf_0_clk/A (sky130_fd_sc_hd__clkbuf_16)
     4    0.042619    0.046937    0.104375    0.139744 ^ clkbuf_0_clk/X (sky130_fd_sc_hd__clkbuf_16)
                                                         clknet_0_clk (net)
                      0.046971    0.001106    0.140850 ^ clkbuf_2_3__f_clk/A (sky130_fd_sc_hd__clkbuf_16)
    11    0.032212    0.039728    0.097173    0.238023 ^ clkbuf_2_3__f_clk/X (sky130_fd_sc_hd__clkbuf_16)
                                                         clknet_2_3__leaf_clk (net)
                      0.039734    0.000863    0.238886 ^ _183_/CLK (sky130_fd_sc_hd__dfrtp_1)
     2    0.008676    0.047171    0.245567    0.484453 v _183_/Q (sky130_fd_sc_hd__dfrtp_1)
                                                         cnt[1] (net)
                      0.047171    0.000228    0.484681 v fanout31/A (sky130_fd_sc_hd__clkbuf_2)
     9    0.030316    0.082134    0.126291    0.610972 v fanout31/X (sky130_fd_sc_hd__clkbuf_2)
                                                         net31 (net)
                      0.082142    0.000850    0.611822 v _108_/A1 (sky130_fd_sc_hd__a31o_1)
     1    0.002965    0.027908    0.126613    0.738435 v _108_/X (sky130_fd_sc_hd__a31o_1)
                                                         net24 (net)
                      0.027908    0.000089    0.738524 v output24/A (sky130_fd_sc_hd__buf_2)
     1    0.034391    0.062994    0.116467    0.854991 v output24/X (sky130_fd_sc_hd__buf_2)
                                                         seg3[3] (net)
                      0.063003    0.000744    0.855735 v seg3[3] (out)
                                              0.855735   data arrival time

                                 25.000000   25.000000   clock clk (rise edge)
                                  0.000000   25.000000   clock network delay (propagated)
                                 -0.250000   24.750000   clock uncertainty
                                  0.000000   24.750000   clock reconvergence pessimism
                                 -5.000000   19.750000   output external delay
                                             19.750000   data required time
---------------------------------------------------------------------------------------------
                                             19.750000   data required time
                                             -0.855735   data arrival time
---------------------------------------------------------------------------------------------
                                             18.894264   slack (MET)


Startpoint: _183_ (rising edge-triggered flip-flop clocked by clk)
Endpoint: seg3[1] (output port clocked by clk)
Path Group: clk
Path Type: max

Fanout         Cap        Slew       Delay        Time   Description
---------------------------------------------------------------------------------------------
                                  0.000000    0.000000   clock clk (rise edge)
                                  0.000000    0.000000   clock source latency
     1    0.014197    0.052609    0.035369    0.035369 ^ clk (in)
                                                         clk (net)
                      0.052614    0.000000    0.035369 ^ clkbuf_0_clk/A (sky130_fd_sc_hd__clkbuf_16)
     4    0.042619    0.046937    0.104375    0.139744 ^ clkbuf_0_clk/X (sky130_fd_sc_hd__clkbuf_16)
                                                         clknet_0_clk (net)
                      0.046971    0.001106    0.140850 ^ clkbuf_2_3__f_clk/A (sky130_fd_sc_hd__clkbuf_16)
    11    0.032212    0.039728    0.097173    0.238023 ^ clkbuf_2_3__f_clk/X (sky130_fd_sc_hd__clkbuf_16)
                                                         clknet_2_3__leaf_clk (net)
                      0.039734    0.000863    0.238886 ^ _183_/CLK (sky130_fd_sc_hd__dfrtp_1)
     2    0.008676    0.047171    0.245567    0.484453 v _183_/Q (sky130_fd_sc_hd__dfrtp_1)
                                                         cnt[1] (net)
                      0.047171    0.000228    0.484681 v fanout31/A (sky130_fd_sc_hd__clkbuf_2)
     9    0.030316    0.082134    0.126291    0.610972 v fanout31/X (sky130_fd_sc_hd__clkbuf_2)
                                                         net31 (net)
                      0.082150    0.001122    0.612094 v _104_/A1 (sky130_fd_sc_hd__a31o_1)
     1    0.002593    0.026713    0.124968    0.737062 v _104_/X (sky130_fd_sc_hd__a31o_1)
                                                         net22 (net)
                      0.026713    0.000076    0.737138 v output22/A (sky130_fd_sc_hd__buf_2)
     1    0.034376    0.062973    0.115963    0.853101 v output22/X (sky130_fd_sc_hd__buf_2)
                                                         seg3[1] (net)
                      0.062982    0.000753    0.853854 v seg3[1] (out)
                                              0.853854   data arrival time

                                 25.000000   25.000000   clock clk (rise edge)
                                  0.000000   25.000000   clock network delay (propagated)
                                 -0.250000   24.750000   clock uncertainty
                                  0.000000   24.750000   clock reconvergence pessimism
                                 -5.000000   19.750000   output external delay
                                             19.750000   data required time
---------------------------------------------------------------------------------------------
                                             19.750000   data required time
                                             -0.853854   data arrival time
---------------------------------------------------------------------------------------------
                                             18.896145   slack (MET)


Startpoint: btn (input port clocked by clk)
Endpoint: _173_ (rising edge-triggered flip-flop clocked by clk)
Path Group: clk
Path Type: max

Fanout         Cap        Slew       Delay        Time   Description
---------------------------------------------------------------------------------------------
                                  0.000000    0.000000   clock clk (rise edge)
                                  0.000000    0.000000   clock network delay (propagated)
                                  5.000000    5.000000 ^ input external delay
     1    0.003173    0.015252    0.008219    5.008219 ^ btn (in)
                                                         btn (net)
                      0.015253    0.000000    5.008219 ^ input1/A (sky130_fd_sc_hd__buf_1)
     6    0.017540    0.156789    0.133888    5.142107 ^ input1/X (sky130_fd_sc_hd__buf_1)
                                                         net1 (net)
                      0.156792    0.000564    5.142671 ^ _055_/D_N (sky130_fd_sc_hd__nor4b_1)
     2    0.006089    0.244967    0.217842    5.360513 ^ _055_/Y (sky130_fd_sc_hd__nor4b_1)
                                                         _042_ (net)
                      0.244967    0.000094    5.360607 ^ max_cap27/A (sky130_fd_sc_hd__clkbuf_2)
     6    0.022938    0.100916    0.148333    5.508941 ^ max_cap27/X (sky130_fd_sc_hd__clkbuf_2)
                                                         net27 (net)
                      0.100921    0.000850    5.509790 ^ _069_/A2 (sky130_fd_sc_hd__a21o_1)
     2    0.006240    0.048163    0.093261    5.603052 ^ _069_/X (sky130_fd_sc_hd__a21o_1)
                                                         nxt0[5] (net)
                      0.048163    0.000173    5.603225 ^ _070_/D (sky130_fd_sc_hd__and4_1)
     1    0.003380    0.039951    0.111982    5.715207 ^ _070_/X (sky130_fd_sc_hd__and4_1)
                                                         _044_ (net)
                      0.039951    0.000109    5.715316 ^ _071_/C (sky130_fd_sc_hd__and3_1)
     1    0.002626    0.032994    0.088240    5.803555 ^ _071_/X (sky130_fd_sc_hd__and3_1)
                                                         done_comb[0] (net)
                      0.032994    0.000076    5.803631 ^ _173_/D (sky130_fd_sc_hd__dfrtp_1)
                                              5.803631   data arrival time

                                 25.000000   25.000000   clock clk (rise edge)
                                  0.000000   25.000000   clock source latency
     1    0.014197    0.052609    0.035369   25.035368 ^ clk (in)
                                                         clk (net)
                      0.052614    0.000000   25.035368 ^ clkbuf_0_clk/A (sky130_fd_sc_hd__clkbuf_16)
     4    0.042619    0.046937    0.104375   25.139744 ^ clkbuf_0_clk/X (sky130_fd_sc_hd__clkbuf_16)
                                                         clknet_0_clk (net)
                      0.046972    0.001114   25.140858 ^ clkbuf_2_1__f_clk/A (sky130_fd_sc_hd__clkbuf_16)
    10    0.029711    0.037945    0.095461   25.236319 ^ clkbuf_2_1__f_clk/X (sky130_fd_sc_hd__clkbuf_16)
                                                         clknet_2_1__leaf_clk (net)
                      0.037953    0.000558   25.236876 ^ _173_/CLK (sky130_fd_sc_hd__dfrtp_1)
                                 -0.250000   24.986877   clock uncertainty
                                  0.000000   24.986877   clock reconvergence pessimism
                                 -0.033754   24.953123   library setup time
                                             24.953123   data required time
---------------------------------------------------------------------------------------------
                                             24.953123   data required time
                                             -5.803631   data arrival time
---------------------------------------------------------------------------------------------
                                             19.149492   slack (MET)


Startpoint: btn (input port clocked by clk)
Endpoint: _174_ (rising edge-triggered flip-flop clocked by clk)
Path Group: clk
Path Type: max

Fanout         Cap        Slew       Delay        Time   Description
---------------------------------------------------------------------------------------------
                                  0.000000    0.000000   clock clk (rise edge)
                                  0.000000    0.000000   clock network delay (propagated)
                                  5.000000    5.000000 v input external delay
     1    0.002985    0.004989    0.002442    5.002443 v btn (in)
                                                         btn (net)
                      0.004990    0.000000    5.002443 v input1/A (sky130_fd_sc_hd__buf_1)
     6    0.017110    0.070303    0.089452    5.091894 v input1/X (sky130_fd_sc_hd__buf_1)
                                                         net1 (net)
                      0.070310    0.000714    5.092608 v _052_/C (sky130_fd_sc_hd__and4bb_2)
     8    0.027823    0.070996    0.200030    5.292638 v _052_/X (sky130_fd_sc_hd__and4bb_2)
                                                         _040_ (net)
                      0.070998    0.000514    5.293152 v _083_/A2 (sky130_fd_sc_hd__a21o_1)
     2    0.006182    0.033865    0.135618    5.428770 v _083_/X (sky130_fd_sc_hd__a21o_1)
                                                         nxt1[5] (net)
                      0.033866    0.000195    5.428965 v _084_/D (sky130_fd_sc_hd__and4_1)
     1    0.004616    0.034153    0.130829    5.559794 v _084_/X (sky130_fd_sc_hd__and4_1)
                                                         _045_ (net)
                      0.034154    0.000151    5.559945 v _085_/C (sky130_fd_sc_hd__and3_1)
     1    0.002816    0.027342    0.111284    5.671229 v _085_/X (sky130_fd_sc_hd__and3_1)
                                                         done_comb[1] (net)
                      0.027342    0.000083    5.671312 v _174_/D (sky130_fd_sc_hd__dfrtp_1)
                                              5.671312   data arrival time

                                 25.000000   25.000000   clock clk (rise edge)
                                  0.000000   25.000000   clock source latency
     1    0.014197    0.052609    0.035369   25.035368 ^ clk (in)
                                                         clk (net)
                      0.052614    0.000000   25.035368 ^ clkbuf_0_clk/A (sky130_fd_sc_hd__clkbuf_16)
     4    0.042619    0.046937    0.104375   25.139744 ^ clkbuf_0_clk/X (sky130_fd_sc_hd__clkbuf_16)
                                                         clknet_0_clk (net)
                      0.046972    0.001119   25.140863 ^ clkbuf_2_2__f_clk/A (sky130_fd_sc_hd__clkbuf_16)
     8    0.025763    0.035118    0.092911   25.233772 ^ clkbuf_2_2__f_clk/X (sky130_fd_sc_hd__clkbuf_16)
                                                         clknet_2_2__leaf_clk (net)
                      0.035124    0.000441   25.234213 ^ _174_/CLK (sky130_fd_sc_hd__dfrtp_1)
                                 -0.250000   24.984215   clock uncertainty
                                  0.000000   24.984215   clock reconvergence pessimism
                                 -0.070481   24.913734   library setup time
                                             24.913734   data required time
---------------------------------------------------------------------------------------------
                                             24.913734   data required time
                                             -5.671312   data arrival time
---------------------------------------------------------------------------------------------
                                             19.242422   slack (MET)


Startpoint: btn (input port clocked by clk)
Endpoint: _175_ (rising edge-triggered flip-flop clocked by clk)
Path Group: clk
Path Type: max

Fanout         Cap        Slew       Delay        Time   Description
---------------------------------------------------------------------------------------------
                                  0.000000    0.000000   clock clk (rise edge)
                                  0.000000    0.000000   clock network delay (propagated)
                                  5.000000    5.000000 v input external delay
     1    0.002985    0.004989    0.002442    5.002443 v btn (in)
                                                         btn (net)
                      0.004990    0.000000    5.002443 v input1/A (sky130_fd_sc_hd__buf_1)
     6    0.017110    0.070303    0.089452    5.091894 v input1/X (sky130_fd_sc_hd__buf_1)
                                                         net1 (net)
                      0.070309    0.000663    5.092557 v _087_/C (sky130_fd_sc_hd__and4bb_2)
     6    0.023517    0.064193    0.192791    5.285349 v _087_/X (sky130_fd_sc_hd__and4bb_2)
                                                         _046_ (net)
                      0.064206    0.000889    5.286237 v _098_/A2 (sky130_fd_sc_hd__a21o_1)
     2    0.006089    0.033586    0.132995    5.419232 v _098_/X (sky130_fd_sc_hd__a21o_1)
                                                         nxt2[5] (net)
                      0.033586    0.000146    5.419378 v _099_/D (sky130_fd_sc_hd__and4_1)
     1    0.004763    0.034510    0.131234    5.550612 v _099_/X (sky130_fd_sc_hd__and4_1)
                                                         _047_ (net)
                      0.034514    0.000143    5.550756 v _100_/C (sky130_fd_sc_hd__and3_1)
     1    0.004470    0.032472    0.118201    5.668957 v _100_/X (sky130_fd_sc_hd__and3_1)
                                                         done_comb[2] (net)
                      0.032473    0.000131    5.669088 v _175_/D (sky130_fd_sc_hd__dfrtp_1)
                                              5.669088   data arrival time

                                 25.000000   25.000000   clock clk (rise edge)
                                  0.000000   25.000000   clock source latency
     1    0.014197    0.052609    0.035369   25.035368 ^ clk (in)
                                                         clk (net)
                      0.052614    0.000000   25.035368 ^ clkbuf_0_clk/A (sky130_fd_sc_hd__clkbuf_16)
     4    0.042619    0.046937    0.104375   25.139744 ^ clkbuf_0_clk/X (sky130_fd_sc_hd__clkbuf_16)
                                                         clknet_0_clk (net)
                      0.046972    0.001117   25.140862 ^ clkbuf_2_0__f_clk/A (sky130_fd_sc_hd__clkbuf_16)
    10    0.030183    0.038278    0.095834   25.236694 ^ clkbuf_2_0__f_clk/X (sky130_fd_sc_hd__clkbuf_16)
                                                         clknet_2_0__leaf_clk (net)
                      0.038286    0.000574   25.237268 ^ _175_/CLK (sky130_fd_sc_hd__dfrtp_1)
                                 -0.250000   24.987270   clock uncertainty
                                  0.000000   24.987270   clock reconvergence pessimism
                                 -0.072008   24.915262   library setup time
                                             24.915262   data required time
---------------------------------------------------------------------------------------------
                                             24.915262   data required time
                                             -5.669088   data arrival time
---------------------------------------------------------------------------------------------
                                             19.246174   slack (MET)


Startpoint: btn (input port clocked by clk)
Endpoint: _151_ (rising edge-triggered flip-flop clocked by clk)
Path Group: clk
Path Type: max

Fanout         Cap        Slew       Delay        Time   Description
---------------------------------------------------------------------------------------------
                                  0.000000    0.000000   clock clk (rise edge)
                                  0.000000    0.000000   clock network delay (propagated)
                                  5.000000    5.000000 ^ input external delay
     1    0.003173    0.015252    0.008219    5.008219 ^ btn (in)
                                                         btn (net)
                      0.015253    0.000000    5.008219 ^ input1/A (sky130_fd_sc_hd__buf_1)
     6    0.017540    0.156789    0.133888    5.142107 ^ input1/X (sky130_fd_sc_hd__buf_1)
                                                         net1 (net)
                      0.156792    0.000564    5.142671 ^ _055_/D_N (sky130_fd_sc_hd__nor4b_1)
     2    0.006089    0.244967    0.217842    5.360513 ^ _055_/Y (sky130_fd_sc_hd__nor4b_1)
                                                         _042_ (net)
                      0.244967    0.000094    5.360607 ^ max_cap27/A (sky130_fd_sc_hd__clkbuf_2)
     6    0.022938    0.100916    0.148333    5.508941 ^ max_cap27/X (sky130_fd_sc_hd__clkbuf_2)
                                                         net27 (net)
                      0.100918    0.000695    5.509635 ^ _063_/A2 (sky130_fd_sc_hd__a21o_1)
     2    0.006818    0.051708    0.095875    5.605510 ^ _063_/X (sky130_fd_sc_hd__a21o_1)
                                                         nxt0[2] (net)
                      0.051708    0.000207    5.605717 ^ _151_/D (sky130_fd_sc_hd__dfrtp_1)
                                              5.605717   data arrival time

                                 25.000000   25.000000   clock clk (rise edge)
                                  0.000000   25.000000   clock source latency
     1    0.014197    0.052609    0.035369   25.035368 ^ clk (in)
                                                         clk (net)
                      0.052614    0.000000   25.035368 ^ clkbuf_0_clk/A (sky130_fd_sc_hd__clkbuf_16)
     4    0.042619    0.046937    0.104375   25.139744 ^ clkbuf_0_clk/X (sky130_fd_sc_hd__clkbuf_16)
                                                         clknet_0_clk (net)
                      0.046972    0.001114   25.140858 ^ clkbuf_2_1__f_clk/A (sky130_fd_sc_hd__clkbuf_16)
    10    0.029711    0.037945    0.095461   25.236319 ^ clkbuf_2_1__f_clk/X (sky130_fd_sc_hd__clkbuf_16)
                                                         clknet_2_1__leaf_clk (net)
                      0.037978    0.000989   25.237309 ^ _151_/CLK (sky130_fd_sc_hd__dfrtp_1)
                                 -0.250000   24.987309   clock uncertainty
                                  0.000000   24.987309   clock reconvergence pessimism
                                 -0.035523   24.951786   library setup time
                                             24.951786   data required time
---------------------------------------------------------------------------------------------
                                             24.951786   data required time
                                             -5.605717   data arrival time
---------------------------------------------------------------------------------------------
                                             19.346069   slack (MET)


Startpoint: btn (input port clocked by clk)
Endpoint: _152_ (rising edge-triggered flip-flop clocked by clk)
Path Group: clk
Path Type: max

Fanout         Cap        Slew       Delay        Time   Description
---------------------------------------------------------------------------------------------
                                  0.000000    0.000000   clock clk (rise edge)
                                  0.000000    0.000000   clock network delay (propagated)
                                  5.000000    5.000000 ^ input external delay
     1    0.003173    0.015252    0.008219    5.008219 ^ btn (in)
                                                         btn (net)
                      0.015253    0.000000    5.008219 ^ input1/A (sky130_fd_sc_hd__buf_1)
     6    0.017540    0.156789    0.133888    5.142107 ^ input1/X (sky130_fd_sc_hd__buf_1)
                                                         net1 (net)
                      0.156792    0.000564    5.142671 ^ _055_/D_N (sky130_fd_sc_hd__nor4b_1)
     2    0.006089    0.244967    0.217842    5.360513 ^ _055_/Y (sky130_fd_sc_hd__nor4b_1)
                                                         _042_ (net)
                      0.244967    0.000094    5.360607 ^ max_cap27/A (sky130_fd_sc_hd__clkbuf_2)
     6    0.022938    0.100916    0.148333    5.508941 ^ max_cap27/X (sky130_fd_sc_hd__clkbuf_2)
                                                         net27 (net)
                      0.100919    0.000740    5.509681 ^ _065_/A2 (sky130_fd_sc_hd__a21o_1)
     2    0.006494    0.049713    0.094399    5.604080 ^ _065_/X (sky130_fd_sc_hd__a21o_1)
                                                         nxt0[3] (net)
                      0.049713    0.000198    5.604278 ^ _152_/D (sky130_fd_sc_hd__dfrtp_1)
                                              5.604278   data arrival time

                                 25.000000   25.000000   clock clk (rise edge)
                                  0.000000   25.000000   clock source latency
     1    0.014197    0.052609    0.035369   25.035368 ^ clk (in)
                                                         clk (net)
                      0.052614    0.000000   25.035368 ^ clkbuf_0_clk/A (sky130_fd_sc_hd__clkbuf_16)
     4    0.042619    0.046937    0.104375   25.139744 ^ clkbuf_0_clk/X (sky130_fd_sc_hd__clkbuf_16)
                                                         clknet_0_clk (net)
                      0.046972    0.001114   25.140858 ^ clkbuf_2_1__f_clk/A (sky130_fd_sc_hd__clkbuf_16)
    10    0.029711    0.037945    0.095461   25.236319 ^ clkbuf_2_1__f_clk/X (sky130_fd_sc_hd__clkbuf_16)
                                                         clknet_2_1__leaf_clk (net)
                      0.037976    0.000959   25.237278 ^ _152_/CLK (sky130_fd_sc_hd__dfrtp_1)
                                 -0.250000   24.987278   clock uncertainty
                                  0.000000   24.987278   clock reconvergence pessimism
                                 -0.035335   24.951944   library setup time
                                             24.951944   data required time
---------------------------------------------------------------------------------------------
                                             24.951944   data required time
                                             -5.604278   data arrival time
---------------------------------------------------------------------------------------------
                                             19.347666   slack (MET)


Startpoint: btn (input port clocked by clk)
Endpoint: _154_ (rising edge-triggered flip-flop clocked by clk)
Path Group: clk
Path Type: max

Fanout         Cap        Slew       Delay        Time   Description
---------------------------------------------------------------------------------------------
                                  0.000000    0.000000   clock clk (rise edge)
                                  0.000000    0.000000   clock network delay (propagated)
                                  5.000000    5.000000 ^ input external delay
     1    0.003173    0.015252    0.008219    5.008219 ^ btn (in)
                                                         btn (net)
                      0.015253    0.000000    5.008219 ^ input1/A (sky130_fd_sc_hd__buf_1)
     6    0.017540    0.156789    0.133888    5.142107 ^ input1/X (sky130_fd_sc_hd__buf_1)
                                                         net1 (net)
                      0.156792    0.000564    5.142671 ^ _055_/D_N (sky130_fd_sc_hd__nor4b_1)
     2    0.006089    0.244967    0.217842    5.360513 ^ _055_/Y (sky130_fd_sc_hd__nor4b_1)
                                                         _042_ (net)
                      0.244967    0.000094    5.360607 ^ max_cap27/A (sky130_fd_sc_hd__clkbuf_2)
     6    0.022938    0.100916    0.148333    5.508941 ^ max_cap27/X (sky130_fd_sc_hd__clkbuf_2)
                                                         net27 (net)
                      0.100921    0.000850    5.509790 ^ _069_/A2 (sky130_fd_sc_hd__a21o_1)
     2    0.006240    0.048163    0.093261    5.603052 ^ _069_/X (sky130_fd_sc_hd__a21o_1)
                                                         nxt0[5] (net)
                      0.048163    0.000132    5.603184 ^ _154_/D (sky130_fd_sc_hd__dfrtp_1)
                                              5.603184   data arrival time

                                 25.000000   25.000000   clock clk (rise edge)
                                  0.000000   25.000000   clock source latency
     1    0.014197    0.052609    0.035369   25.035368 ^ clk (in)
                                                         clk (net)
                      0.052614    0.000000   25.035368 ^ clkbuf_0_clk/A (sky130_fd_sc_hd__clkbuf_16)
     4    0.042619    0.046937    0.104375   25.139744 ^ clkbuf_0_clk/X (sky130_fd_sc_hd__clkbuf_16)
                                                         clknet_0_clk (net)
                      0.046972    0.001114   25.140858 ^ clkbuf_2_1__f_clk/A (sky130_fd_sc_hd__clkbuf_16)
    10    0.029711    0.037945    0.095461   25.236319 ^ clkbuf_2_1__f_clk/X (sky130_fd_sc_hd__clkbuf_16)
                                                         clknet_2_1__leaf_clk (net)
                      0.037977    0.000975   25.237293 ^ _154_/CLK (sky130_fd_sc_hd__dfrtp_1)
                                 -0.250000   24.987295   clock uncertainty
                                  0.000000   24.987295   clock reconvergence pessimism
                                 -0.035188   24.952106   library setup time
                                             24.952106   data required time
---------------------------------------------------------------------------------------------
                                             24.952106   data required time
                                             -5.603184   data arrival time
---------------------------------------------------------------------------------------------
                                             19.348923   slack (MET)


Startpoint: btn (input port clocked by clk)
Endpoint: _153_ (rising edge-triggered flip-flop clocked by clk)
Path Group: clk
Path Type: max

Fanout         Cap        Slew       Delay        Time   Description
---------------------------------------------------------------------------------------------
                                  0.000000    0.000000   clock clk (rise edge)
                                  0.000000    0.000000   clock network delay (propagated)
                                  5.000000    5.000000 ^ input external delay
     1    0.003173    0.015252    0.008219    5.008219 ^ btn (in)
                                                         btn (net)
                      0.015253    0.000000    5.008219 ^ input1/A (sky130_fd_sc_hd__buf_1)
     6    0.017540    0.156789    0.133888    5.142107 ^ input1/X (sky130_fd_sc_hd__buf_1)
                                                         net1 (net)
                      0.156792    0.000564    5.142671 ^ _055_/D_N (sky130_fd_sc_hd__nor4b_1)
     2    0.006089    0.244967    0.217842    5.360513 ^ _055_/Y (sky130_fd_sc_hd__nor4b_1)
                                                         _042_ (net)
                      0.244967    0.000094    5.360607 ^ max_cap27/A (sky130_fd_sc_hd__clkbuf_2)
     6    0.022938    0.100916    0.148333    5.508941 ^ max_cap27/X (sky130_fd_sc_hd__clkbuf_2)
                                                         net27 (net)
                      0.100919    0.000763    5.509704 ^ _067_/A2 (sky130_fd_sc_hd__a21o_1)
     2    0.005976    0.046545    0.092041    5.601744 ^ _067_/X (sky130_fd_sc_hd__a21o_1)
                                                         nxt0[4] (net)
                      0.046545    0.000206    5.601950 ^ _153_/D (sky130_fd_sc_hd__dfrtp_1)
                                              5.601950   data arrival time

                                 25.000000   25.000000   clock clk (rise edge)
                                  0.000000   25.000000   clock source latency
     1    0.014197    0.052609    0.035369   25.035368 ^ clk (in)
                                                         clk (net)
                      0.052614    0.000000   25.035368 ^ clkbuf_0_clk/A (sky130_fd_sc_hd__clkbuf_16)
     4    0.042619    0.046937    0.104375   25.139744 ^ clkbuf_0_clk/X (sky130_fd_sc_hd__clkbuf_16)
                                                         clknet_0_clk (net)
                      0.046972    0.001114   25.140858 ^ clkbuf_2_1__f_clk/A (sky130_fd_sc_hd__clkbuf_16)
    10    0.029711    0.037945    0.095461   25.236319 ^ clkbuf_2_1__f_clk/X (sky130_fd_sc_hd__clkbuf_16)
                                                         clknet_2_1__leaf_clk (net)
                      0.037972    0.000904   25.237223 ^ _153_/CLK (sky130_fd_sc_hd__dfrtp_1)
                                 -0.250000   24.987225   clock uncertainty
                                  0.000000   24.987225   clock reconvergence pessimism
                                 -0.035035   24.952188   library setup time
                                             24.952188   data required time
---------------------------------------------------------------------------------------------
                                             24.952188   data required time
                                             -5.601950   data arrival time
---------------------------------------------------------------------------------------------
                                             19.350239   slack (MET)


Startpoint: btn (input port clocked by clk)
Endpoint: _149_ (rising edge-triggered flip-flop clocked by clk)
Path Group: clk
Path Type: max

Fanout         Cap        Slew       Delay        Time   Description
---------------------------------------------------------------------------------------------
                                  0.000000    0.000000   clock clk (rise edge)
                                  0.000000    0.000000   clock network delay (propagated)
                                  5.000000    5.000000 ^ input external delay
     1    0.003173    0.015252    0.008219    5.008219 ^ btn (in)
                                                         btn (net)
                      0.015253    0.000000    5.008219 ^ input1/A (sky130_fd_sc_hd__buf_1)
     6    0.017540    0.156789    0.133888    5.142107 ^ input1/X (sky130_fd_sc_hd__buf_1)
                                                         net1 (net)
                      0.156792    0.000564    5.142671 ^ _055_/D_N (sky130_fd_sc_hd__nor4b_1)
     2    0.006089    0.244967    0.217842    5.360513 ^ _055_/Y (sky130_fd_sc_hd__nor4b_1)
                                                         _042_ (net)
                      0.244967    0.000094    5.360607 ^ max_cap27/A (sky130_fd_sc_hd__clkbuf_2)
     6    0.022938    0.100916    0.148333    5.508941 ^ max_cap27/X (sky130_fd_sc_hd__clkbuf_2)
                                                         net27 (net)
                      0.100921    0.000845    5.509785 ^ _059_/A2 (sky130_fd_sc_hd__a21o_1)
     2    0.005460    0.043914    0.089725    5.599510 ^ _059_/X (sky130_fd_sc_hd__a21o_1)
                                                         nxt0[0] (net)
                      0.043914    0.000111    5.599620 ^ _149_/D (sky130_fd_sc_hd__dfrtp_1)
                                              5.599620   data arrival time

                                 25.000000   25.000000   clock clk (rise edge)
                                  0.000000   25.000000   clock source latency
     1    0.014197    0.052609    0.035369   25.035368 ^ clk (in)
                                                         clk (net)
                      0.052614    0.000000   25.035368 ^ clkbuf_0_clk/A (sky130_fd_sc_hd__clkbuf_16)
     4    0.042619    0.046937    0.104375   25.139744 ^ clkbuf_0_clk/X (sky130_fd_sc_hd__clkbuf_16)
                                                         clknet_0_clk (net)
                      0.046972    0.001114   25.140858 ^ clkbuf_2_1__f_clk/A (sky130_fd_sc_hd__clkbuf_16)
    10    0.029711    0.037945    0.095461   25.236319 ^ clkbuf_2_1__f_clk/X (sky130_fd_sc_hd__clkbuf_16)
                                                         clknet_2_1__leaf_clk (net)
                      0.037953    0.000549   25.236868 ^ _149_/CLK (sky130_fd_sc_hd__dfrtp_1)
                                 -0.250000   24.986868   clock uncertainty
                                  0.000000   24.986868   clock reconvergence pessimism
                                 -0.034787   24.952082   library setup time
                                             24.952082   data required time
---------------------------------------------------------------------------------------------
                                             24.952082   data required time
                                             -5.599620   data arrival time
---------------------------------------------------------------------------------------------
                                             19.352461   slack (MET)


Startpoint: btn (input port clocked by clk)
Endpoint: _150_ (rising edge-triggered flip-flop clocked by clk)
Path Group: clk
Path Type: max

Fanout         Cap        Slew       Delay        Time   Description
---------------------------------------------------------------------------------------------
                                  0.000000    0.000000   clock clk (rise edge)
                                  0.000000    0.000000   clock network delay (propagated)
                                  5.000000    5.000000 ^ input external delay
     1    0.003173    0.015252    0.008219    5.008219 ^ btn (in)
                                                         btn (net)
                      0.015253    0.000000    5.008219 ^ input1/A (sky130_fd_sc_hd__buf_1)
     6    0.017540    0.156789    0.133888    5.142107 ^ input1/X (sky130_fd_sc_hd__buf_1)
                                                         net1 (net)
                      0.156792    0.000564    5.142671 ^ _055_/D_N (sky130_fd_sc_hd__nor4b_1)
     2    0.006089    0.244967    0.217842    5.360513 ^ _055_/Y (sky130_fd_sc_hd__nor4b_1)
                                                         _042_ (net)
                      0.244967    0.000094    5.360607 ^ max_cap27/A (sky130_fd_sc_hd__clkbuf_2)
     6    0.022938    0.100916    0.148333    5.508941 ^ max_cap27/X (sky130_fd_sc_hd__clkbuf_2)
                                                         net27 (net)
                      0.100916    0.000413    5.509353 ^ _061_/A2 (sky130_fd_sc_hd__a21o_1)
     2    0.004843    0.039606    0.086914    5.596268 ^ _061_/X (sky130_fd_sc_hd__a21o_1)
                                                         nxt0[1] (net)
                      0.039606    0.000106    5.596374 ^ _150_/D (sky130_fd_sc_hd__dfrtp_1)
                                              5.596374   data arrival time

                                 25.000000   25.000000   clock clk (rise edge)
                                  0.000000   25.000000   clock source latency
     1    0.014197    0.052609    0.035369   25.035368 ^ clk (in)
                                                         clk (net)
                      0.052614    0.000000   25.035368 ^ clkbuf_0_clk/A (sky130_fd_sc_hd__clkbuf_16)
     4    0.042619    0.046937    0.104375   25.139744 ^ clkbuf_0_clk/X (sky130_fd_sc_hd__clkbuf_16)
                                                         clknet_0_clk (net)
                      0.046972    0.001114   25.140858 ^ clkbuf_2_1__f_clk/A (sky130_fd_sc_hd__clkbuf_16)
    10    0.029711    0.037945    0.095461   25.236319 ^ clkbuf_2_1__f_clk/X (sky130_fd_sc_hd__clkbuf_16)
                                                         clknet_2_1__leaf_clk (net)
                      0.037953    0.000561   25.236879 ^ _150_/CLK (sky130_fd_sc_hd__dfrtp_1)
                                 -0.250000   24.986881   clock uncertainty
                                  0.000000   24.986881   clock reconvergence pessimism
                                 -0.034379   24.952501   library setup time
                                             24.952501   data required time
---------------------------------------------------------------------------------------------
                                             24.952501   data required time
                                             -5.596374   data arrival time
---------------------------------------------------------------------------------------------
                                             19.356129   slack (MET)


Startpoint: btn (input port clocked by clk)
Endpoint: _182_ (rising edge-triggered flip-flop clocked by clk)
Path Group: clk
Path Type: max

Fanout         Cap        Slew       Delay        Time   Description
---------------------------------------------------------------------------------------------
                                  0.000000    0.000000   clock clk (rise edge)
                                  0.000000    0.000000   clock network delay (propagated)
                                  5.000000    5.000000 ^ input external delay
     1    0.003173    0.015252    0.008219    5.008219 ^ btn (in)
                                                         btn (net)
                      0.015253    0.000000    5.008219 ^ input1/A (sky130_fd_sc_hd__buf_1)
     6    0.017540    0.156789    0.133888    5.142107 ^ input1/X (sky130_fd_sc_hd__buf_1)
                                                         net1 (net)
                      0.156794    0.000734    5.142840 ^ _052_/C (sky130_fd_sc_hd__and4bb_2)
     8    0.029290    0.137312    0.226678    5.369519 ^ _052_/X (sky130_fd_sc_hd__and4bb_2)
                                                         _040_ (net)
                      0.137312    0.000399    5.369917 ^ _057_/A2_N (sky130_fd_sc_hd__o2bb2a_1)
     1    0.002659    0.037131    0.134360    5.504278 v _057_/X (sky130_fd_sc_hd__o2bb2a_1)
                                                         _036_ (net)
                      0.037131    0.000077    5.504354 v _182_/D (sky130_fd_sc_hd__dfrtp_1)
                                              5.504354   data arrival time

                                 25.000000   25.000000   clock clk (rise edge)
                                  0.000000   25.000000   clock source latency
     1    0.014197    0.052609    0.035369   25.035368 ^ clk (in)
                                                         clk (net)
                      0.052614    0.000000   25.035368 ^ clkbuf_0_clk/A (sky130_fd_sc_hd__clkbuf_16)
     4    0.042619    0.046937    0.104375   25.139744 ^ clkbuf_0_clk/X (sky130_fd_sc_hd__clkbuf_16)
                                                         clknet_0_clk (net)
                      0.046971    0.001105   25.140848 ^ clkbuf_2_3__f_clk/A (sky130_fd_sc_hd__clkbuf_16)
    11    0.032212    0.039728    0.097174   25.238022 ^ clkbuf_2_3__f_clk/X (sky130_fd_sc_hd__clkbuf_16)
                                                         clknet_2_3__leaf_clk (net)
                      0.039734    0.000847   25.238869 ^ _182_/CLK (sky130_fd_sc_hd__dfrtp_1)
                                 -0.250000   24.988871   clock uncertainty
                                  0.000000   24.988871   clock reconvergence pessimism
                                 -0.073532   24.915339   library setup time
                                             24.915339   data required time
---------------------------------------------------------------------------------------------
                                             24.915339   data required time
                                             -5.504354   data arrival time
---------------------------------------------------------------------------------------------
                                             19.410984   slack (MET)


Startpoint: btn (input port clocked by clk)
Endpoint: _155_ (rising edge-triggered flip-flop clocked by clk)
Path Group: clk
Path Type: max

Fanout         Cap        Slew       Delay        Time   Description
---------------------------------------------------------------------------------------------
                                  0.000000    0.000000   clock clk (rise edge)
                                  0.000000    0.000000   clock network delay (propagated)
                                  5.000000    5.000000 ^ input external delay
     1    0.003173    0.015252    0.008219    5.008219 ^ btn (in)
                                                         btn (net)
                      0.015253    0.000000    5.008219 ^ input1/A (sky130_fd_sc_hd__buf_1)
     6    0.017540    0.156789    0.133888    5.142107 ^ input1/X (sky130_fd_sc_hd__buf_1)
                                                         net1 (net)
                      0.156794    0.000734    5.142840 ^ _052_/C (sky130_fd_sc_hd__and4bb_2)
     8    0.029290    0.137312    0.226678    5.369519 ^ _052_/X (sky130_fd_sc_hd__and4bb_2)
                                                         _040_ (net)
                      0.137318    0.001063    5.370582 ^ _073_/A2 (sky130_fd_sc_hd__a21o_1)
     2    0.008934    0.065118    0.109633    5.480215 ^ _073_/X (sky130_fd_sc_hd__a21o_1)
                                                         nxt1[0] (net)
                      0.065118    0.000161    5.480376 ^ _155_/D (sky130_fd_sc_hd__dfrtp_1)
                                              5.480376   data arrival time

                                 25.000000   25.000000   clock clk (rise edge)
                                  0.000000   25.000000   clock source latency
     1    0.014197    0.052609    0.035369   25.035368 ^ clk (in)
                                                         clk (net)
                      0.052614    0.000000   25.035368 ^ clkbuf_0_clk/A (sky130_fd_sc_hd__clkbuf_16)
     4    0.042619    0.046937    0.104375   25.139744 ^ clkbuf_0_clk/X (sky130_fd_sc_hd__clkbuf_16)
                                                         clknet_0_clk (net)
                      0.046972    0.001119   25.140863 ^ clkbuf_2_2__f_clk/A (sky130_fd_sc_hd__clkbuf_16)
     8    0.025763    0.035118    0.092911   25.233772 ^ clkbuf_2_2__f_clk/X (sky130_fd_sc_hd__clkbuf_16)
                                                         clknet_2_2__leaf_clk (net)
                      0.035130    0.000579   25.234352 ^ _155_/CLK (sky130_fd_sc_hd__dfrtp_1)
                                 -0.250000   24.984354   clock uncertainty
                                  0.000000   24.984354   clock reconvergence pessimism
                                 -0.036895   24.947458   library setup time
                                             24.947458   data required time
---------------------------------------------------------------------------------------------
                                             24.947458   data required time
                                             -5.480376   data arrival time
---------------------------------------------------------------------------------------------
                                             19.467083   slack (MET)


Startpoint: btn (input port clocked by clk)
Endpoint: _156_ (rising edge-triggered flip-flop clocked by clk)
Path Group: clk
Path Type: max

Fanout         Cap        Slew       Delay        Time   Description
---------------------------------------------------------------------------------------------
                                  0.000000    0.000000   clock clk (rise edge)
                                  0.000000    0.000000   clock network delay (propagated)
                                  5.000000    5.000000 ^ input external delay
     1    0.003173    0.015252    0.008219    5.008219 ^ btn (in)
                                                         btn (net)
                      0.015253    0.000000    5.008219 ^ input1/A (sky130_fd_sc_hd__buf_1)
     6    0.017540    0.156789    0.133888    5.142107 ^ input1/X (sky130_fd_sc_hd__buf_1)
                                                         net1 (net)
                      0.156794    0.000734    5.142840 ^ _052_/C (sky130_fd_sc_hd__and4bb_2)
     8    0.029290    0.137312    0.226678    5.369519 ^ _052_/X (sky130_fd_sc_hd__and4bb_2)
                                                         _040_ (net)
                      0.137317    0.001032    5.370551 ^ _075_/A2 (sky130_fd_sc_hd__a21o_1)
     2    0.007220    0.054318    0.101852    5.472403 ^ _075_/X (sky130_fd_sc_hd__a21o_1)
                                                         nxt1[1] (net)
                      0.054318    0.000179    5.472582 ^ _156_/D (sky130_fd_sc_hd__dfrtp_1)
                                              5.472582   data arrival time

                                 25.000000   25.000000   clock clk (rise edge)
                                  0.000000   25.000000   clock source latency
     1    0.014197    0.052609    0.035369   25.035368 ^ clk (in)
                                                         clk (net)
                      0.052614    0.000000   25.035368 ^ clkbuf_0_clk/A (sky130_fd_sc_hd__clkbuf_16)
     4    0.042619    0.046937    0.104375   25.139744 ^ clkbuf_0_clk/X (sky130_fd_sc_hd__clkbuf_16)
                                                         clknet_0_clk (net)
                      0.046972    0.001119   25.140863 ^ clkbuf_2_2__f_clk/A (sky130_fd_sc_hd__clkbuf_16)
     8    0.025763    0.035118    0.092911   25.233772 ^ clkbuf_2_2__f_clk/X (sky130_fd_sc_hd__clkbuf_16)
                                                         clknet_2_2__leaf_clk (net)
                      0.035126    0.000494   25.234266 ^ _156_/CLK (sky130_fd_sc_hd__dfrtp_1)
                                 -0.250000   24.984268   clock uncertainty
                                  0.000000   24.984268   clock reconvergence pessimism
                                 -0.035872   24.948397   library setup time
                                             24.948397   data required time
---------------------------------------------------------------------------------------------
                                             24.948397   data required time
                                             -5.472582   data arrival time
---------------------------------------------------------------------------------------------
                                             19.475813   slack (MET)


Startpoint: btn (input port clocked by clk)
Endpoint: _159_ (rising edge-triggered flip-flop clocked by clk)
Path Group: clk
Path Type: max

Fanout         Cap        Slew       Delay        Time   Description
---------------------------------------------------------------------------------------------
                                  0.000000    0.000000   clock clk (rise edge)
                                  0.000000    0.000000   clock network delay (propagated)
                                  5.000000    5.000000 ^ input external delay
     1    0.003173    0.015252    0.008219    5.008219 ^ btn (in)
                                                         btn (net)
                      0.015253    0.000000    5.008219 ^ input1/A (sky130_fd_sc_hd__buf_1)
     6    0.017540    0.156789    0.133888    5.142107 ^ input1/X (sky130_fd_sc_hd__buf_1)
                                                         net1 (net)
                      0.156794    0.000734    5.142840 ^ _052_/C (sky130_fd_sc_hd__and4bb_2)
     8    0.029290    0.137312    0.226678    5.369519 ^ _052_/X (sky130_fd_sc_hd__and4bb_2)
                                                         _040_ (net)
                      0.137312    0.000608    5.370127 ^ _081_/A2 (sky130_fd_sc_hd__a21o_1)
     2    0.006537    0.050134    0.098741    5.468868 ^ _081_/X (sky130_fd_sc_hd__a21o_1)
                                                         nxt1[4] (net)
                      0.050134    0.000188    5.469057 ^ _159_/D (sky130_fd_sc_hd__dfrtp_1)
                                              5.469057   data arrival time

                                 25.000000   25.000000   clock clk (rise edge)
                                  0.000000   25.000000   clock source latency
     1    0.014197    0.052609    0.035369   25.035368 ^ clk (in)
                                                         clk (net)
                      0.052614    0.000000   25.035368 ^ clkbuf_0_clk/A (sky130_fd_sc_hd__clkbuf_16)
     4    0.042619    0.046937    0.104375   25.139744 ^ clkbuf_0_clk/X (sky130_fd_sc_hd__clkbuf_16)
                                                         clknet_0_clk (net)
                      0.046972    0.001119   25.140863 ^ clkbuf_2_2__f_clk/A (sky130_fd_sc_hd__clkbuf_16)
     8    0.025763    0.035118    0.092911   25.233772 ^ clkbuf_2_2__f_clk/X (sky130_fd_sc_hd__clkbuf_16)
                                                         clknet_2_2__leaf_clk (net)
                      0.035139    0.000730   25.234503 ^ _159_/CLK (sky130_fd_sc_hd__dfrtp_1)
                                 -0.250000   24.984505   clock uncertainty
                                  0.000000   24.984505   clock reconvergence pessimism
                                 -0.035475   24.949028   library setup time
                                             24.949028   data required time
---------------------------------------------------------------------------------------------
                                             24.949028   data required time
                                             -5.469057   data arrival time
---------------------------------------------------------------------------------------------
                                             19.479973   slack (MET)


Startpoint: btn (input port clocked by clk)
Endpoint: _160_ (rising edge-triggered flip-flop clocked by clk)
Path Group: clk
Path Type: max

Fanout         Cap        Slew       Delay        Time   Description
---------------------------------------------------------------------------------------------
                                  0.000000    0.000000   clock clk (rise edge)
                                  0.000000    0.000000   clock network delay (propagated)
                                  5.000000    5.000000 ^ input external delay
     1    0.003173    0.015252    0.008219    5.008219 ^ btn (in)
                                                         btn (net)
                      0.015253    0.000000    5.008219 ^ input1/A (sky130_fd_sc_hd__buf_1)
     6    0.017540    0.156789    0.133888    5.142107 ^ input1/X (sky130_fd_sc_hd__buf_1)
                                                         net1 (net)
                      0.156794    0.000734    5.142840 ^ _052_/C (sky130_fd_sc_hd__and4bb_2)
     8    0.029290    0.137312    0.226678    5.369519 ^ _052_/X (sky130_fd_sc_hd__and4bb_2)
                                                         _040_ (net)
                      0.137312    0.000542    5.370061 ^ _083_/A2 (sky130_fd_sc_hd__a21o_1)
     2    0.006324    0.048836    0.097772    5.467833 ^ _083_/X (sky130_fd_sc_hd__a21o_1)
                                                         nxt1[5] (net)
                      0.048836    0.000170    5.468003 ^ _160_/D (sky130_fd_sc_hd__dfrtp_1)
                                              5.468003   data arrival time

                                 25.000000   25.000000   clock clk (rise edge)
                                  0.000000   25.000000   clock source latency
     1    0.014197    0.052609    0.035369   25.035368 ^ clk (in)
                                                         clk (net)
                      0.052614    0.000000   25.035368 ^ clkbuf_0_clk/A (sky130_fd_sc_hd__clkbuf_16)
     4    0.042619    0.046937    0.104375   25.139744 ^ clkbuf_0_clk/X (sky130_fd_sc_hd__clkbuf_16)
                                                         clknet_0_clk (net)
                      0.046972    0.001119   25.140863 ^ clkbuf_2_2__f_clk/A (sky130_fd_sc_hd__clkbuf_16)
     8    0.025763    0.035118    0.092911   25.233772 ^ clkbuf_2_2__f_clk/X (sky130_fd_sc_hd__clkbuf_16)
                                                         clknet_2_2__leaf_clk (net)
                      0.035125    0.000471   25.234243 ^ _160_/CLK (sky130_fd_sc_hd__dfrtp_1)
                                 -0.250000   24.984245   clock uncertainty
                                  0.000000   24.984245   clock reconvergence pessimism
                                 -0.035353   24.948893   library setup time
                                             24.948893   data required time
---------------------------------------------------------------------------------------------
                                             24.948893   data required time
                                             -5.468003   data arrival time
---------------------------------------------------------------------------------------------
                                             19.480888   slack (MET)


Startpoint: btn (input port clocked by clk)
Endpoint: _158_ (rising edge-triggered flip-flop clocked by clk)
Path Group: clk
Path Type: max

Fanout         Cap        Slew       Delay        Time   Description
---------------------------------------------------------------------------------------------
                                  0.000000    0.000000   clock clk (rise edge)
                                  0.000000    0.000000   clock network delay (propagated)
                                  5.000000    5.000000 ^ input external delay
     1    0.003173    0.015252    0.008219    5.008219 ^ btn (in)
                                                         btn (net)
                      0.015253    0.000000    5.008219 ^ input1/A (sky130_fd_sc_hd__buf_1)
     6    0.017540    0.156789    0.133888    5.142107 ^ input1/X (sky130_fd_sc_hd__buf_1)
                                                         net1 (net)
                      0.156794    0.000734    5.142840 ^ _052_/C (sky130_fd_sc_hd__and4bb_2)
     8    0.029290    0.137312    0.226678    5.369519 ^ _052_/X (sky130_fd_sc_hd__and4bb_2)
                                                         _040_ (net)
                      0.137316    0.000927    5.370446 ^ _079_/A2 (sky130_fd_sc_hd__a21o_1)
     2    0.005206    0.042032    0.092727    5.463173 ^ _079_/X (sky130_fd_sc_hd__a21o_1)
                                                         nxt1[3] (net)
                      0.042032    0.000109    5.463283 ^ _158_/D (sky130_fd_sc_hd__dfrtp_1)
                                              5.463283   data arrival time

                                 25.000000   25.000000   clock clk (rise edge)
                                  0.000000   25.000000   clock source latency
     1    0.014197    0.052609    0.035369   25.035368 ^ clk (in)
                                                         clk (net)
                      0.052614    0.000000   25.035368 ^ clkbuf_0_clk/A (sky130_fd_sc_hd__clkbuf_16)
     4    0.042619    0.046937    0.104375   25.139744 ^ clkbuf_0_clk/X (sky130_fd_sc_hd__clkbuf_16)
                                                         clknet_0_clk (net)
                      0.046972    0.001119   25.140863 ^ clkbuf_2_2__f_clk/A (sky130_fd_sc_hd__clkbuf_16)
     8    0.025763    0.035118    0.092911   25.233772 ^ clkbuf_2_2__f_clk/X (sky130_fd_sc_hd__clkbuf_16)
                                                         clknet_2_2__leaf_clk (net)
                      0.035139    0.000732   25.234505 ^ _158_/CLK (sky130_fd_sc_hd__dfrtp_1)
                                 -0.250000   24.984507   clock uncertainty
                                  0.000000   24.984507   clock reconvergence pessimism
                                 -0.034707   24.949797   library setup time
                                             24.949797   data required time
---------------------------------------------------------------------------------------------
                                             24.949797   data required time
                                             -5.463283   data arrival time
---------------------------------------------------------------------------------------------
                                             19.486515   slack (MET)


Startpoint: btn (input port clocked by clk)
Endpoint: _157_ (rising edge-triggered flip-flop clocked by clk)
Path Group: clk
Path Type: max

Fanout         Cap        Slew       Delay        Time   Description
---------------------------------------------------------------------------------------------
                                  0.000000    0.000000   clock clk (rise edge)
                                  0.000000    0.000000   clock network delay (propagated)
                                  5.000000    5.000000 ^ input external delay
     1    0.003173    0.015252    0.008219    5.008219 ^ btn (in)
                                                         btn (net)
                      0.015253    0.000000    5.008219 ^ input1/A (sky130_fd_sc_hd__buf_1)
     6    0.017540    0.156789    0.133888    5.142107 ^ input1/X (sky130_fd_sc_hd__buf_1)
                                                         net1 (net)
                      0.156794    0.000734    5.142840 ^ _052_/C (sky130_fd_sc_hd__and4bb_2)
     8    0.029290    0.137312    0.226678    5.369519 ^ _052_/X (sky130_fd_sc_hd__and4bb_2)
                                                         _040_ (net)
                      0.137316    0.000924    5.370442 ^ _077_/A2 (sky130_fd_sc_hd__a21o_1)
     2    0.004890    0.040122    0.091281    5.461723 ^ _077_/X (sky130_fd_sc_hd__a21o_1)
                                                         nxt1[2] (net)
                      0.040122    0.000113    5.461836 ^ _157_/D (sky130_fd_sc_hd__dfrtp_1)
                                              5.461836   data arrival time

                                 25.000000   25.000000   clock clk (rise edge)
                                  0.000000   25.000000   clock source latency
     1    0.014197    0.052609    0.035369   25.035368 ^ clk (in)
                                                         clk (net)
                      0.052614    0.000000   25.035368 ^ clkbuf_0_clk/A (sky130_fd_sc_hd__clkbuf_16)
     4    0.042619    0.046937    0.104375   25.139744 ^ clkbuf_0_clk/X (sky130_fd_sc_hd__clkbuf_16)
                                                         clknet_0_clk (net)
                      0.046972    0.001119   25.140863 ^ clkbuf_2_2__f_clk/A (sky130_fd_sc_hd__clkbuf_16)
     8    0.025763    0.035118    0.092911   25.233772 ^ clkbuf_2_2__f_clk/X (sky130_fd_sc_hd__clkbuf_16)
                                                         clknet_2_2__leaf_clk (net)
                      0.035136    0.000691   25.234465 ^ _157_/CLK (sky130_fd_sc_hd__dfrtp_1)
                                 -0.250000   24.984465   clock uncertainty
                                  0.000000   24.984465   clock reconvergence pessimism
                                 -0.034527   24.949938   library setup time
                                             24.949938   data required time
---------------------------------------------------------------------------------------------
                                             24.949938   data required time
                                             -5.461836   data arrival time
---------------------------------------------------------------------------------------------
                                             19.488102   slack (MET)


Startpoint: btn (input port clocked by clk)
Endpoint: _162_ (rising edge-triggered flip-flop clocked by clk)
Path Group: clk
Path Type: max

Fanout         Cap        Slew       Delay        Time   Description
---------------------------------------------------------------------------------------------
                                  0.000000    0.000000   clock clk (rise edge)
                                  0.000000    0.000000   clock network delay (propagated)
                                  5.000000    5.000000 v input external delay
     1    0.002985    0.004989    0.002442    5.002443 v btn (in)
                                                         btn (net)
                      0.004990    0.000000    5.002443 v input1/A (sky130_fd_sc_hd__buf_1)
     6    0.017110    0.070303    0.089452    5.091894 v input1/X (sky130_fd_sc_hd__buf_1)
                                                         net1 (net)
                      0.070309    0.000663    5.092557 v _087_/C (sky130_fd_sc_hd__and4bb_2)
     6    0.023517    0.064193    0.192791    5.285349 v _087_/X (sky130_fd_sc_hd__and4bb_2)
                                                         _046_ (net)
                      0.064200    0.000724    5.286073 v _090_/A2 (sky130_fd_sc_hd__a21o_1)
     2    0.007332    0.037336    0.136870    5.422943 v _090_/X (sky130_fd_sc_hd__a21o_1)
                                                         nxt2[1] (net)
                      0.037337    0.000238    5.423181 v _162_/D (sky130_fd_sc_hd__dfrtp_1)
                                              5.423181   data arrival time

                                 25.000000   25.000000   clock clk (rise edge)
                                  0.000000   25.000000   clock source latency
     1    0.014197    0.052609    0.035369   25.035368 ^ clk (in)
                                                         clk (net)
                      0.052614    0.000000   25.035368 ^ clkbuf_0_clk/A (sky130_fd_sc_hd__clkbuf_16)
     4    0.042619    0.046937    0.104375   25.139744 ^ clkbuf_0_clk/X (sky130_fd_sc_hd__clkbuf_16)
                                                         clknet_0_clk (net)
                      0.046972    0.001117   25.140862 ^ clkbuf_2_0__f_clk/A (sky130_fd_sc_hd__clkbuf_16)
    10    0.030183    0.038278    0.095834   25.236694 ^ clkbuf_2_0__f_clk/X (sky130_fd_sc_hd__clkbuf_16)
                                                         clknet_2_0__leaf_clk (net)
                      0.038304    0.000895   25.237591 ^ _162_/CLK (sky130_fd_sc_hd__dfrtp_1)
                                 -0.250000   24.987591   clock uncertainty
                                  0.000000   24.987591   clock reconvergence pessimism
                                 -0.073743   24.913847   library setup time
                                             24.913847   data required time
---------------------------------------------------------------------------------------------
                                             24.913847   data required time
                                             -5.423181   data arrival time
---------------------------------------------------------------------------------------------
                                             19.490667   slack (MET)


Startpoint: btn (input port clocked by clk)
Endpoint: _165_ (rising edge-triggered flip-flop clocked by clk)
Path Group: clk
Path Type: max

Fanout         Cap        Slew       Delay        Time   Description
---------------------------------------------------------------------------------------------
                                  0.000000    0.000000   clock clk (rise edge)
                                  0.000000    0.000000   clock network delay (propagated)
                                  5.000000    5.000000 v input external delay
     1    0.002985    0.004989    0.002442    5.002443 v btn (in)
                                                         btn (net)
                      0.004990    0.000000    5.002443 v input1/A (sky130_fd_sc_hd__buf_1)
     6    0.017110    0.070303    0.089452    5.091894 v input1/X (sky130_fd_sc_hd__buf_1)
                                                         net1 (net)
                      0.070309    0.000663    5.092557 v _087_/C (sky130_fd_sc_hd__and4bb_2)
     6    0.023517    0.064193    0.192791    5.285349 v _087_/X (sky130_fd_sc_hd__and4bb_2)
                                                         _046_ (net)
                      0.064207    0.000919    5.286268 v _096_/A2 (sky130_fd_sc_hd__a21o_1)
     2    0.006453    0.034656    0.134145    5.420412 v _096_/X (sky130_fd_sc_hd__a21o_1)
                                                         nxt2[4] (net)
                      0.034656    0.000161    5.420574 v _165_/D (sky130_fd_sc_hd__dfrtp_1)
                                              5.420574   data arrival time

                                 25.000000   25.000000   clock clk (rise edge)
                                  0.000000   25.000000   clock source latency
     1    0.014197    0.052609    0.035369   25.035368 ^ clk (in)
                                                         clk (net)
                      0.052614    0.000000   25.035368 ^ clkbuf_0_clk/A (sky130_fd_sc_hd__clkbuf_16)
     4    0.042619    0.046937    0.104375   25.139744 ^ clkbuf_0_clk/X (sky130_fd_sc_hd__clkbuf_16)
                                                         clknet_0_clk (net)
                      0.046972    0.001117   25.140862 ^ clkbuf_2_0__f_clk/A (sky130_fd_sc_hd__clkbuf_16)
    10    0.030183    0.038278    0.095834   25.236694 ^ clkbuf_2_0__f_clk/X (sky130_fd_sc_hd__clkbuf_16)
                                                         clknet_2_0__leaf_clk (net)
                      0.038319    0.001089   25.237783 ^ _165_/CLK (sky130_fd_sc_hd__dfrtp_1)
                                 -0.250000   24.987785   clock uncertainty
                                  0.000000   24.987785   clock reconvergence pessimism
                                 -0.072785   24.915001   library setup time
                                             24.915001   data required time
---------------------------------------------------------------------------------------------
                                             24.915001   data required time
                                             -5.420574   data arrival time
---------------------------------------------------------------------------------------------
                                             19.494427   slack (MET)


Startpoint: btn (input port clocked by clk)
Endpoint: _164_ (rising edge-triggered flip-flop clocked by clk)
Path Group: clk
Path Type: max

Fanout         Cap        Slew       Delay        Time   Description
---------------------------------------------------------------------------------------------
                                  0.000000    0.000000   clock clk (rise edge)
                                  0.000000    0.000000   clock network delay (propagated)
                                  5.000000    5.000000 v input external delay
     1    0.002985    0.004989    0.002442    5.002443 v btn (in)
                                                         btn (net)
                      0.004990    0.000000    5.002443 v input1/A (sky130_fd_sc_hd__buf_1)
     6    0.017110    0.070303    0.089452    5.091894 v input1/X (sky130_fd_sc_hd__buf_1)
                                                         net1 (net)
                      0.070309    0.000663    5.092557 v _087_/C (sky130_fd_sc_hd__and4bb_2)
     6    0.023517    0.064193    0.192791    5.285349 v _087_/X (sky130_fd_sc_hd__and4bb_2)
                                                         _046_ (net)
                      0.064203    0.000808    5.286157 v _094_/A2 (sky130_fd_sc_hd__a21o_1)
     2    0.006316    0.034248    0.133715    5.419872 v _094_/X (sky130_fd_sc_hd__a21o_1)
                                                         nxt2[3] (net)
                      0.034248    0.000177    5.420049 v _164_/D (sky130_fd_sc_hd__dfrtp_1)
                                              5.420049   data arrival time

                                 25.000000   25.000000   clock clk (rise edge)
                                  0.000000   25.000000   clock source latency
     1    0.014197    0.052609    0.035369   25.035368 ^ clk (in)
                                                         clk (net)
                      0.052614    0.000000   25.035368 ^ clkbuf_0_clk/A (sky130_fd_sc_hd__clkbuf_16)
     4    0.042619    0.046937    0.104375   25.139744 ^ clkbuf_0_clk/X (sky130_fd_sc_hd__clkbuf_16)
                                                         clknet_0_clk (net)
                      0.046972    0.001117   25.140862 ^ clkbuf_2_0__f_clk/A (sky130_fd_sc_hd__clkbuf_16)
    10    0.030183    0.038278    0.095834   25.236694 ^ clkbuf_2_0__f_clk/X (sky130_fd_sc_hd__clkbuf_16)
                                                         clknet_2_0__leaf_clk (net)
                      0.038316    0.001060   25.237755 ^ _164_/CLK (sky130_fd_sc_hd__dfrtp_1)
                                 -0.250000   24.987757   clock uncertainty
                                  0.000000   24.987757   clock reconvergence pessimism
                                 -0.072639   24.915117   library setup time
                                             24.915117   data required time
---------------------------------------------------------------------------------------------
                                             24.915117   data required time
                                             -5.420049   data arrival time
---------------------------------------------------------------------------------------------
                                             19.495070   slack (MET)


Startpoint: btn (input port clocked by clk)
Endpoint: _166_ (rising edge-triggered flip-flop clocked by clk)
Path Group: clk
Path Type: max

Fanout         Cap        Slew       Delay        Time   Description
---------------------------------------------------------------------------------------------
                                  0.000000    0.000000   clock clk (rise edge)
                                  0.000000    0.000000   clock network delay (propagated)
                                  5.000000    5.000000 v input external delay
     1    0.002985    0.004989    0.002442    5.002443 v btn (in)
                                                         btn (net)
                      0.004990    0.000000    5.002443 v input1/A (sky130_fd_sc_hd__buf_1)
     6    0.017110    0.070303    0.089452    5.091894 v input1/X (sky130_fd_sc_hd__buf_1)
                                                         net1 (net)
                      0.070309    0.000663    5.092557 v _087_/C (sky130_fd_sc_hd__and4bb_2)
     6    0.023517    0.064193    0.192791    5.285349 v _087_/X (sky130_fd_sc_hd__and4bb_2)
                                                         _046_ (net)
                      0.064206    0.000889    5.286237 v _098_/A2 (sky130_fd_sc_hd__a21o_1)
     2    0.006089    0.033586    0.132995    5.419232 v _098_/X (sky130_fd_sc_hd__a21o_1)
                                                         nxt2[5] (net)
                      0.033586    0.000136    5.419369 v _166_/D (sky130_fd_sc_hd__dfrtp_1)
                                              5.419369   data arrival time

                                 25.000000   25.000000   clock clk (rise edge)
                                  0.000000   25.000000   clock source latency
     1    0.014197    0.052609    0.035369   25.035368 ^ clk (in)
                                                         clk (net)
                      0.052614    0.000000   25.035368 ^ clkbuf_0_clk/A (sky130_fd_sc_hd__clkbuf_16)
     4    0.042619    0.046937    0.104375   25.139744 ^ clkbuf_0_clk/X (sky130_fd_sc_hd__clkbuf_16)
                                                         clknet_0_clk (net)
                      0.046972    0.001117   25.140862 ^ clkbuf_2_0__f_clk/A (sky130_fd_sc_hd__clkbuf_16)
    10    0.030183    0.038278    0.095834   25.236694 ^ clkbuf_2_0__f_clk/X (sky130_fd_sc_hd__clkbuf_16)
                                                         clknet_2_0__leaf_clk (net)
                      0.038283    0.000483   25.237179 ^ _166_/CLK (sky130_fd_sc_hd__dfrtp_1)
                                 -0.250000   24.987179   clock uncertainty
                                  0.000000   24.987179   clock reconvergence pessimism
                                 -0.072406   24.914774   library setup time
                                             24.914774   data required time
---------------------------------------------------------------------------------------------
                                             24.914774   data required time
                                             -5.419369   data arrival time
---------------------------------------------------------------------------------------------
                                             19.495405   slack (MET)


Startpoint: btn (input port clocked by clk)
Endpoint: _163_ (rising edge-triggered flip-flop clocked by clk)
Path Group: clk
Path Type: max

Fanout         Cap        Slew       Delay        Time   Description
---------------------------------------------------------------------------------------------
                                  0.000000    0.000000   clock clk (rise edge)
                                  0.000000    0.000000   clock network delay (propagated)
                                  5.000000    5.000000 v input external delay
     1    0.002985    0.004989    0.002442    5.002443 v btn (in)
                                                         btn (net)
                      0.004990    0.000000    5.002443 v input1/A (sky130_fd_sc_hd__buf_1)
     6    0.017110    0.070303    0.089452    5.091894 v input1/X (sky130_fd_sc_hd__buf_1)
                                                         net1 (net)
                      0.070309    0.000663    5.092557 v _087_/C (sky130_fd_sc_hd__and4bb_2)
     6    0.023517    0.064193    0.192791    5.285349 v _087_/X (sky130_fd_sc_hd__and4bb_2)
                                                         _046_ (net)
                      0.064205    0.000874    5.286223 v _092_/A2 (sky130_fd_sc_hd__a21o_1)
     2    0.006126    0.033696    0.133108    5.419332 v _092_/X (sky130_fd_sc_hd__a21o_1)
                                                         nxt2[2] (net)
                      0.033696    0.000142    5.419473 v _163_/D (sky130_fd_sc_hd__dfrtp_1)
                                              5.419473   data arrival time

                                 25.000000   25.000000   clock clk (rise edge)
                                  0.000000   25.000000   clock source latency
     1    0.014197    0.052609    0.035369   25.035368 ^ clk (in)
                                                         clk (net)
                      0.052614    0.000000   25.035368 ^ clkbuf_0_clk/A (sky130_fd_sc_hd__clkbuf_16)
     4    0.042619    0.046937    0.104375   25.139744 ^ clkbuf_0_clk/X (sky130_fd_sc_hd__clkbuf_16)
                                                         clknet_0_clk (net)
                      0.046972    0.001117   25.140862 ^ clkbuf_2_0__f_clk/A (sky130_fd_sc_hd__clkbuf_16)
    10    0.030183    0.038278    0.095834   25.236694 ^ clkbuf_2_0__f_clk/X (sky130_fd_sc_hd__clkbuf_16)
                                                         clknet_2_0__leaf_clk (net)
                      0.038315    0.001050   25.237745 ^ _163_/CLK (sky130_fd_sc_hd__dfrtp_1)
                                 -0.250000   24.987745   clock uncertainty
                                  0.000000   24.987745   clock reconvergence pessimism
                                 -0.072443   24.915302   library setup time
                                             24.915302   data required time
---------------------------------------------------------------------------------------------
                                             24.915302   data required time
                                             -5.419473   data arrival time
---------------------------------------------------------------------------------------------
                                             19.495829   slack (MET)


Startpoint: btn (input port clocked by clk)
Endpoint: _161_ (rising edge-triggered flip-flop clocked by clk)
Path Group: clk
Path Type: max

Fanout         Cap        Slew       Delay        Time   Description
---------------------------------------------------------------------------------------------
                                  0.000000    0.000000   clock clk (rise edge)
                                  0.000000    0.000000   clock network delay (propagated)
                                  5.000000    5.000000 v input external delay
     1    0.002985    0.004989    0.002442    5.002443 v btn (in)
                                                         btn (net)
                      0.004990    0.000000    5.002443 v input1/A (sky130_fd_sc_hd__buf_1)
     6    0.017110    0.070303    0.089452    5.091894 v input1/X (sky130_fd_sc_hd__buf_1)
                                                         net1 (net)
                      0.070309    0.000663    5.092557 v _087_/C (sky130_fd_sc_hd__and4bb_2)
     6    0.023517    0.064193    0.192791    5.285349 v _087_/X (sky130_fd_sc_hd__and4bb_2)
                                                         _046_ (net)
                      0.064204    0.000830    5.286179 v _088_/A2 (sky130_fd_sc_hd__a21o_1)
     2    0.005119    0.030818    0.129933    5.416112 v _088_/X (sky130_fd_sc_hd__a21o_1)
                                                         nxt2[0] (net)
                      0.030818    0.000119    5.416231 v _161_/D (sky130_fd_sc_hd__dfrtp_1)
                                              5.416231   data arrival time

                                 25.000000   25.000000   clock clk (rise edge)
                                  0.000000   25.000000   clock source latency
     1    0.014197    0.052609    0.035369   25.035368 ^ clk (in)
                                                         clk (net)
                      0.052614    0.000000   25.035368 ^ clkbuf_0_clk/A (sky130_fd_sc_hd__clkbuf_16)
     4    0.042619    0.046937    0.104375   25.139744 ^ clkbuf_0_clk/X (sky130_fd_sc_hd__clkbuf_16)
                                                         clknet_0_clk (net)
                      0.046972    0.001117   25.140862 ^ clkbuf_2_0__f_clk/A (sky130_fd_sc_hd__clkbuf_16)
    10    0.030183    0.038278    0.095834   25.236694 ^ clkbuf_2_0__f_clk/X (sky130_fd_sc_hd__clkbuf_16)
                                                         clknet_2_0__leaf_clk (net)
                      0.038307    0.000947   25.237642 ^ _161_/CLK (sky130_fd_sc_hd__dfrtp_1)
                                 -0.250000   24.987642   clock uncertainty
                                  0.000000   24.987642   clock reconvergence pessimism
                                 -0.071416   24.916227   library setup time
                                             24.916227   data required time
---------------------------------------------------------------------------------------------
                                             24.916227   data required time
                                             -5.416231   data arrival time
---------------------------------------------------------------------------------------------
                                             19.499996   slack (MET)


Startpoint: btn (input port clocked by clk)
Endpoint: _183_ (rising edge-triggered flip-flop clocked by clk)
Path Group: clk
Path Type: max

Fanout         Cap        Slew       Delay        Time   Description
---------------------------------------------------------------------------------------------
                                  0.000000    0.000000   clock clk (rise edge)
                                  0.000000    0.000000   clock network delay (propagated)
                                  5.000000    5.000000 v input external delay
     1    0.002985    0.004989    0.002442    5.002443 v btn (in)
                                                         btn (net)
                      0.004990    0.000000    5.002443 v input1/A (sky130_fd_sc_hd__buf_1)
     6    0.017110    0.070303    0.089452    5.091894 v input1/X (sky130_fd_sc_hd__buf_1)
                                                         net1 (net)
                      0.070310    0.000714    5.092608 v _052_/C (sky130_fd_sc_hd__and4bb_2)
     8    0.027823    0.070996    0.200030    5.292638 v _052_/X (sky130_fd_sc_hd__and4bb_2)
                                                         _040_ (net)
                      0.070996    0.000391    5.293029 v _053_/A2 (sky130_fd_sc_hd__a21o_1)
     1    0.002657    0.023460    0.122959    5.415987 v _053_/X (sky130_fd_sc_hd__a21o_1)
                                                         _037_ (net)
                      0.023460    0.000078    5.416066 v _183_/D (sky130_fd_sc_hd__dfrtp_1)
                                              5.416066   data arrival time

                                 25.000000   25.000000   clock clk (rise edge)
                                  0.000000   25.000000   clock source latency
     1    0.014197    0.052609    0.035369   25.035368 ^ clk (in)
                                                         clk (net)
                      0.052614    0.000000   25.035368 ^ clkbuf_0_clk/A (sky130_fd_sc_hd__clkbuf_16)
     4    0.042619    0.046937    0.104375   25.139744 ^ clkbuf_0_clk/X (sky130_fd_sc_hd__clkbuf_16)
                                                         clknet_0_clk (net)
                      0.046971    0.001105   25.140848 ^ clkbuf_2_3__f_clk/A (sky130_fd_sc_hd__clkbuf_16)
    11    0.032212    0.039728    0.097174   25.238022 ^ clkbuf_2_3__f_clk/X (sky130_fd_sc_hd__clkbuf_16)
                                                         clknet_2_3__leaf_clk (net)
                      0.039734    0.000863   25.238886 ^ _183_/CLK (sky130_fd_sc_hd__dfrtp_1)
                                 -0.250000   24.988886   clock uncertainty
                                  0.000000   24.988886   clock reconvergence pessimism
                                 -0.068651   24.920235   library setup time
                                             24.920235   data required time
---------------------------------------------------------------------------------------------
                                             24.920235   data required time
                                             -5.416066   data arrival time
---------------------------------------------------------------------------------------------
                                             19.504169   slack (MET)


Startpoint: btn (input port clocked by clk)
Endpoint: _168_ (rising edge-triggered flip-flop clocked by clk)
Path Group: clk
Path Type: max

Fanout         Cap        Slew       Delay        Time   Description
---------------------------------------------------------------------------------------------
                                  0.000000    0.000000   clock clk (rise edge)
                                  0.000000    0.000000   clock network delay (propagated)
                                  5.000000    5.000000 v input external delay
     1    0.002985    0.004989    0.002442    5.002443 v btn (in)
                                                         btn (net)
                      0.004990    0.000000    5.002443 v input1/A (sky130_fd_sc_hd__buf_1)
     6    0.017110    0.070303    0.089452    5.091894 v input1/X (sky130_fd_sc_hd__buf_1)
                                                         net1 (net)
                      0.070310    0.000702    5.092596 v _102_/B (sky130_fd_sc_hd__and4b_2)
     6    0.021868    0.062269    0.178368    5.270964 v _102_/X (sky130_fd_sc_hd__and4b_2)
                                                         _048_ (net)
                      0.062278    0.000771    5.271735 v _105_/A2 (sky130_fd_sc_hd__a21o_1)
     1    0.004579    0.029349    0.127532    5.399267 v _105_/X (sky130_fd_sc_hd__a21o_1)
                                                         nxt3[1] (net)
                      0.029350    0.000155    5.399422 v _168_/D (sky130_fd_sc_hd__dfrtp_1)
                                              5.399422   data arrival time

                                 25.000000   25.000000   clock clk (rise edge)
                                  0.000000   25.000000   clock source latency
     1    0.014197    0.052609    0.035369   25.035368 ^ clk (in)
                                                         clk (net)
                      0.052614    0.000000   25.035368 ^ clkbuf_0_clk/A (sky130_fd_sc_hd__clkbuf_16)
     4    0.042619    0.046937    0.104375   25.139744 ^ clkbuf_0_clk/X (sky130_fd_sc_hd__clkbuf_16)
                                                         clknet_0_clk (net)
                      0.046971    0.001105   25.140848 ^ clkbuf_2_3__f_clk/A (sky130_fd_sc_hd__clkbuf_16)
    11    0.032212    0.039728    0.097174   25.238022 ^ clkbuf_2_3__f_clk/X (sky130_fd_sc_hd__clkbuf_16)
                                                         clknet_2_3__leaf_clk (net)
                      0.039731    0.000609   25.238632 ^ _168_/CLK (sky130_fd_sc_hd__dfrtp_1)
                                 -0.250000   24.988632   clock uncertainty
                                  0.000000   24.988632   clock reconvergence pessimism
                                 -0.070754   24.917879   library setup time
                                             24.917879   data required time
---------------------------------------------------------------------------------------------
                                             24.917879   data required time
                                             -5.399422   data arrival time
---------------------------------------------------------------------------------------------
                                             19.518457   slack (MET)


Startpoint: btn (input port clocked by clk)
Endpoint: _169_ (rising edge-triggered flip-flop clocked by clk)
Path Group: clk
Path Type: max

Fanout         Cap        Slew       Delay        Time   Description
---------------------------------------------------------------------------------------------
                                  0.000000    0.000000   clock clk (rise edge)
                                  0.000000    0.000000   clock network delay (propagated)
                                  5.000000    5.000000 v input external delay
     1    0.002985    0.004989    0.002442    5.002443 v btn (in)
                                                         btn (net)
                      0.004990    0.000000    5.002443 v input1/A (sky130_fd_sc_hd__buf_1)
     6    0.017110    0.070303    0.089452    5.091894 v input1/X (sky130_fd_sc_hd__buf_1)
                                                         net1 (net)
                      0.070310    0.000702    5.092596 v _102_/B (sky130_fd_sc_hd__and4b_2)
     6    0.021868    0.062269    0.178368    5.270964 v _102_/X (sky130_fd_sc_hd__and4b_2)
                                                         _048_ (net)
                      0.062271    0.000445    5.271409 v _107_/A2 (sky130_fd_sc_hd__a21o_1)
     1    0.003855    0.027444    0.125188    5.396596 v _107_/X (sky130_fd_sc_hd__a21o_1)
                                                         nxt3[2] (net)
                      0.027444    0.000123    5.396719 v _169_/D (sky130_fd_sc_hd__dfrtp_1)
                                              5.396719   data arrival time

                                 25.000000   25.000000   clock clk (rise edge)
                                  0.000000   25.000000   clock source latency
     1    0.014197    0.052609    0.035369   25.035368 ^ clk (in)
                                                         clk (net)
                      0.052614    0.000000   25.035368 ^ clkbuf_0_clk/A (sky130_fd_sc_hd__clkbuf_16)
     4    0.042619    0.046937    0.104375   25.139744 ^ clkbuf_0_clk/X (sky130_fd_sc_hd__clkbuf_16)
                                                         clknet_0_clk (net)
                      0.046971    0.001105   25.140848 ^ clkbuf_2_3__f_clk/A (sky130_fd_sc_hd__clkbuf_16)
    11    0.032212    0.039728    0.097174   25.238022 ^ clkbuf_2_3__f_clk/X (sky130_fd_sc_hd__clkbuf_16)
                                                         clknet_2_3__leaf_clk (net)
                      0.039734    0.000840   25.238863 ^ _169_/CLK (sky130_fd_sc_hd__dfrtp_1)
                                 -0.250000   24.988863   clock uncertainty
                                  0.000000   24.988863   clock reconvergence pessimism
                                 -0.070074   24.918789   library setup time
                                             24.918789   data required time
---------------------------------------------------------------------------------------------
                                             24.918789   data required time
                                             -5.396719   data arrival time
---------------------------------------------------------------------------------------------
                                             19.522070   slack (MET)


Startpoint: btn (input port clocked by clk)
Endpoint: _171_ (rising edge-triggered flip-flop clocked by clk)
Path Group: clk
Path Type: max

Fanout         Cap        Slew       Delay        Time   Description
---------------------------------------------------------------------------------------------
                                  0.000000    0.000000   clock clk (rise edge)
                                  0.000000    0.000000   clock network delay (propagated)
                                  5.000000    5.000000 v input external delay
     1    0.002985    0.004989    0.002442    5.002443 v btn (in)
                                                         btn (net)
                      0.004990    0.000000    5.002443 v input1/A (sky130_fd_sc_hd__buf_1)
     6    0.017110    0.070303    0.089452    5.091894 v input1/X (sky130_fd_sc_hd__buf_1)
                                                         net1 (net)
                      0.070310    0.000702    5.092596 v _102_/B (sky130_fd_sc_hd__and4b_2)
     6    0.021868    0.062269    0.178368    5.270964 v _102_/X (sky130_fd_sc_hd__and4b_2)
                                                         _048_ (net)
                      0.062276    0.000698    5.271662 v _111_/A2 (sky130_fd_sc_hd__a21o_1)
     1    0.003505    0.026220    0.123658    5.395320 v _111_/X (sky130_fd_sc_hd__a21o_1)
                                                         nxt3[4] (net)
                      0.026220    0.000106    5.395426 v _171_/D (sky130_fd_sc_hd__dfrtp_1)
                                              5.395426   data arrival time

                                 25.000000   25.000000   clock clk (rise edge)
                                  0.000000   25.000000   clock source latency
     1    0.014197    0.052609    0.035369   25.035368 ^ clk (in)
                                                         clk (net)
                      0.052614    0.000000   25.035368 ^ clkbuf_0_clk/A (sky130_fd_sc_hd__clkbuf_16)
     4    0.042619    0.046937    0.104375   25.139744 ^ clkbuf_0_clk/X (sky130_fd_sc_hd__clkbuf_16)
                                                         clknet_0_clk (net)
                      0.046971    0.001105   25.140848 ^ clkbuf_2_3__f_clk/A (sky130_fd_sc_hd__clkbuf_16)
    11    0.032212    0.039728    0.097174   25.238022 ^ clkbuf_2_3__f_clk/X (sky130_fd_sc_hd__clkbuf_16)
                                                         clknet_2_3__leaf_clk (net)
                      0.039735    0.000933   25.238955 ^ _171_/CLK (sky130_fd_sc_hd__dfrtp_1)
                                 -0.250000   24.988956   clock uncertainty
                                  0.000000   24.988956   clock reconvergence pessimism
                                 -0.069637   24.919319   library setup time
                                             24.919319   data required time
---------------------------------------------------------------------------------------------
                                             24.919319   data required time
                                             -5.395426   data arrival time
---------------------------------------------------------------------------------------------
                                             19.523891   slack (MET)


Startpoint: btn (input port clocked by clk)
Endpoint: _172_ (rising edge-triggered flip-flop clocked by clk)
Path Group: clk
Path Type: max

Fanout         Cap        Slew       Delay        Time   Description
---------------------------------------------------------------------------------------------
                                  0.000000    0.000000   clock clk (rise edge)
                                  0.000000    0.000000   clock network delay (propagated)
                                  5.000000    5.000000 v input external delay
     1    0.002985    0.004989    0.002442    5.002443 v btn (in)
                                                         btn (net)
                      0.004990    0.000000    5.002443 v input1/A (sky130_fd_sc_hd__buf_1)
     6    0.017110    0.070303    0.089452    5.091894 v input1/X (sky130_fd_sc_hd__buf_1)
                                                         net1 (net)
                      0.070310    0.000702    5.092596 v _102_/B (sky130_fd_sc_hd__and4b_2)
     6    0.021868    0.062269    0.178368    5.270964 v _102_/X (sky130_fd_sc_hd__and4b_2)
                                                         _048_ (net)
                      0.062276    0.000678    5.271642 v _113_/A2 (sky130_fd_sc_hd__a21o_1)
     1    0.002647    0.023425    0.119893    5.391535 v _113_/X (sky130_fd_sc_hd__a21o_1)
                                                         nxt3[5] (net)
                      0.023425    0.000079    5.391614 v _172_/D (sky130_fd_sc_hd__dfrtp_1)
                                              5.391614   data arrival time

                                 25.000000   25.000000   clock clk (rise edge)
                                  0.000000   25.000000   clock source latency
     1    0.014197    0.052609    0.035369   25.035368 ^ clk (in)
                                                         clk (net)
                      0.052614    0.000000   25.035368 ^ clkbuf_0_clk/A (sky130_fd_sc_hd__clkbuf_16)
     4    0.042619    0.046937    0.104375   25.139744 ^ clkbuf_0_clk/X (sky130_fd_sc_hd__clkbuf_16)
                                                         clknet_0_clk (net)
                      0.046971    0.001105   25.140848 ^ clkbuf_2_3__f_clk/A (sky130_fd_sc_hd__clkbuf_16)
    11    0.032212    0.039728    0.097174   25.238022 ^ clkbuf_2_3__f_clk/X (sky130_fd_sc_hd__clkbuf_16)
                                                         clknet_2_3__leaf_clk (net)
                      0.039735    0.000918   25.238941 ^ _172_/CLK (sky130_fd_sc_hd__dfrtp_1)
                                 -0.250000   24.988941   clock uncertainty
                                  0.000000   24.988941   clock reconvergence pessimism
                                 -0.068639   24.920303   library setup time
                                             24.920303   data required time
---------------------------------------------------------------------------------------------
                                             24.920303   data required time
                                             -5.391614   data arrival time
---------------------------------------------------------------------------------------------
                                             19.528688   slack (MET)


Startpoint: btn (input port clocked by clk)
Endpoint: _170_ (rising edge-triggered flip-flop clocked by clk)
Path Group: clk
Path Type: max

Fanout         Cap        Slew       Delay        Time   Description
---------------------------------------------------------------------------------------------
                                  0.000000    0.000000   clock clk (rise edge)
                                  0.000000    0.000000   clock network delay (propagated)
                                  5.000000    5.000000 v input external delay
     1    0.002985    0.004989    0.002442    5.002443 v btn (in)
                                                         btn (net)
                      0.004990    0.000000    5.002443 v input1/A (sky130_fd_sc_hd__buf_1)
     6    0.017110    0.070303    0.089452    5.091894 v input1/X (sky130_fd_sc_hd__buf_1)
                                                         net1 (net)
                      0.070310    0.000702    5.092596 v _102_/B (sky130_fd_sc_hd__and4b_2)
     6    0.021868    0.062269    0.178368    5.270964 v _102_/X (sky130_fd_sc_hd__and4b_2)
                                                         _048_ (net)
                      0.062272    0.000506    5.271471 v _109_/A2 (sky130_fd_sc_hd__a21o_1)
     1    0.002595    0.023263    0.119666    5.391137 v _109_/X (sky130_fd_sc_hd__a21o_1)
                                                         nxt3[3] (net)
                      0.023263    0.000075    5.391211 v _170_/D (sky130_fd_sc_hd__dfrtp_1)
                                              5.391211   data arrival time

                                 25.000000   25.000000   clock clk (rise edge)
                                  0.000000   25.000000   clock source latency
     1    0.014197    0.052609    0.035369   25.035368 ^ clk (in)
                                                         clk (net)
                      0.052614    0.000000   25.035368 ^ clkbuf_0_clk/A (sky130_fd_sc_hd__clkbuf_16)
     4    0.042619    0.046937    0.104375   25.139744 ^ clkbuf_0_clk/X (sky130_fd_sc_hd__clkbuf_16)
                                                         clknet_0_clk (net)
                      0.046971    0.001105   25.140848 ^ clkbuf_2_3__f_clk/A (sky130_fd_sc_hd__clkbuf_16)
    11    0.032212    0.039728    0.097174   25.238022 ^ clkbuf_2_3__f_clk/X (sky130_fd_sc_hd__clkbuf_16)
                                                         clknet_2_3__leaf_clk (net)
                      0.039733    0.000817   25.238840 ^ _170_/CLK (sky130_fd_sc_hd__dfrtp_1)
                                 -0.250000   24.988840   clock uncertainty
                                  0.000000   24.988840   clock reconvergence pessimism
                                 -0.068581   24.920259   library setup time
                                             24.920259   data required time
---------------------------------------------------------------------------------------------
                                             24.920259   data required time
                                             -5.391211   data arrival time
---------------------------------------------------------------------------------------------
                                             19.529047   slack (MET)


Startpoint: btn (input port clocked by clk)
Endpoint: _167_ (rising edge-triggered flip-flop clocked by clk)
Path Group: clk
Path Type: max

Fanout         Cap        Slew       Delay        Time   Description
---------------------------------------------------------------------------------------------
                                  0.000000    0.000000   clock clk (rise edge)
                                  0.000000    0.000000   clock network delay (propagated)
                                  5.000000    5.000000 v input external delay
     1    0.002985    0.004989    0.002442    5.002443 v btn (in)
                                                         btn (net)
                      0.004990    0.000000    5.002443 v input1/A (sky130_fd_sc_hd__buf_1)
     6    0.017110    0.070303    0.089452    5.091894 v input1/X (sky130_fd_sc_hd__buf_1)
                                                         net1 (net)
                      0.070310    0.000702    5.092596 v _102_/B (sky130_fd_sc_hd__and4b_2)
     6    0.021868    0.062269    0.178368    5.270964 v _102_/X (sky130_fd_sc_hd__and4b_2)
                                                         _048_ (net)
                      0.062271    0.000441    5.271406 v _103_/A2 (sky130_fd_sc_hd__a21o_1)
     1    0.002518    0.023030    0.119331    5.390737 v _103_/X (sky130_fd_sc_hd__a21o_1)
                                                         nxt3[0] (net)
                      0.023030    0.000072    5.390809 v _167_/D (sky130_fd_sc_hd__dfrtp_1)
                                              5.390809   data arrival time

                                 25.000000   25.000000   clock clk (rise edge)
                                  0.000000   25.000000   clock source latency
     1    0.014197    0.052609    0.035369   25.035368 ^ clk (in)
                                                         clk (net)
                      0.052614    0.000000   25.035368 ^ clkbuf_0_clk/A (sky130_fd_sc_hd__clkbuf_16)
     4    0.042619    0.046937    0.104375   25.139744 ^ clkbuf_0_clk/X (sky130_fd_sc_hd__clkbuf_16)
                                                         clknet_0_clk (net)
                      0.046971    0.001105   25.140848 ^ clkbuf_2_3__f_clk/A (sky130_fd_sc_hd__clkbuf_16)
    11    0.032212    0.039728    0.097174   25.238022 ^ clkbuf_2_3__f_clk/X (sky130_fd_sc_hd__clkbuf_16)
                                                         clknet_2_3__leaf_clk (net)
                      0.039733    0.000806   25.238829 ^ _167_/CLK (sky130_fd_sc_hd__dfrtp_1)
                                 -0.250000   24.988829   clock uncertainty
                                  0.000000   24.988829   clock reconvergence pessimism
                                 -0.068498   24.920332   library setup time
                                             24.920332   data required time
---------------------------------------------------------------------------------------------
                                             24.920332   data required time
                                             -5.390809   data arrival time
---------------------------------------------------------------------------------------------
                                             19.529524   slack (MET)


Startpoint: reset (input port clocked by clk)
Endpoint: _176_ (recovery check against rising-edge clock clk)
Path Group: asynchronous
Path Type: max

Fanout         Cap        Slew       Delay        Time   Description
---------------------------------------------------------------------------------------------
                                  0.000000    0.000000   clock clk (rise edge)
                                  0.000000    0.000000   clock network delay (propagated)
                                  5.000000    5.000000 v input external delay
     1    0.002765    0.004670    0.002246    5.002246 v reset (in)
                                                         reset (net)
                      0.004670    0.000000    5.002246 v input2/A (sky130_fd_sc_hd__buf_1)
     3    0.015923    0.065825    0.086036    5.088282 v input2/X (sky130_fd_sc_hd__buf_1)
                                                         net2 (net)
                      0.065828    0.000512    5.088794 v fanout35/A (sky130_fd_sc_hd__clkbuf_4)
     9    0.051737    0.078640    0.154816    5.243610 v fanout35/X (sky130_fd_sc_hd__clkbuf_4)
                                                         net35 (net)
                      0.078655    0.001090    5.244700 v fanout34/A (sky130_fd_sc_hd__buf_4)
    10    0.055602    0.060577    0.145908    5.390608 v fanout34/X (sky130_fd_sc_hd__buf_4)
                                                         net34 (net)
                      0.060652    0.001953    5.392560 v _140_/A (sky130_fd_sc_hd__inv_2)
     1    0.004025    0.025506    0.041243    5.433804 ^ _140_/Y (sky130_fd_sc_hd__inv_2)
                                                         _027_ (net)
                      0.025506    0.000082    5.433886 ^ _176_/SET_B (sky130_fd_sc_hd__dfstp_2)
                                              5.433886   data arrival time

                                 25.000000   25.000000   clock clk (rise edge)
                                  0.000000   25.000000   clock source latency
     1    0.014197    0.052609    0.035369   25.035368 ^ clk (in)
                                                         clk (net)
                      0.052614    0.000000   25.035368 ^ clkbuf_0_clk/A (sky130_fd_sc_hd__clkbuf_16)
     4    0.042619    0.046937    0.104375   25.139744 ^ clkbuf_0_clk/X (sky130_fd_sc_hd__clkbuf_16)
                                                         clknet_0_clk (net)
                      0.046972    0.001117   25.140862 ^ clkbuf_2_0__f_clk/A (sky130_fd_sc_hd__clkbuf_16)
    10    0.030183    0.038278    0.095834   25.236694 ^ clkbuf_2_0__f_clk/X (sky130_fd_sc_hd__clkbuf_16)
                                                         clknet_2_0__leaf_clk (net)
                      0.038297    0.000794   25.237490 ^ _176_/CLK (sky130_fd_sc_hd__dfstp_2)
                                 -0.250000   24.987490   clock uncertainty
                                  0.000000   24.987490   clock reconvergence pessimism
                                  0.085028   25.072517   library recovery time
                                             25.072517   data required time
---------------------------------------------------------------------------------------------
                                             25.072517   data required time
                                             -5.433886   data arrival time
---------------------------------------------------------------------------------------------
                                             19.638630   slack (MET)


Startpoint: reset (input port clocked by clk)
Endpoint: _180_ (recovery check against rising-edge clock clk)
Path Group: asynchronous
Path Type: max

Fanout         Cap        Slew       Delay        Time   Description
---------------------------------------------------------------------------------------------
                                  0.000000    0.000000   clock clk (rise edge)
                                  0.000000    0.000000   clock network delay (propagated)
                                  5.000000    5.000000 v input external delay
     1    0.002765    0.004670    0.002246    5.002246 v reset (in)
                                                         reset (net)
                      0.004670    0.000000    5.002246 v input2/A (sky130_fd_sc_hd__buf_1)
     3    0.015923    0.065825    0.086036    5.088282 v input2/X (sky130_fd_sc_hd__buf_1)
                                                         net2 (net)
                      0.065828    0.000512    5.088794 v fanout35/A (sky130_fd_sc_hd__clkbuf_4)
     9    0.051737    0.078640    0.154816    5.243610 v fanout35/X (sky130_fd_sc_hd__clkbuf_4)
                                                         net35 (net)
                      0.078655    0.001090    5.244700 v fanout34/A (sky130_fd_sc_hd__buf_4)
    10    0.055602    0.060577    0.145908    5.390608 v fanout34/X (sky130_fd_sc_hd__buf_4)
                                                         net34 (net)
                      0.060587    0.000845    5.391452 v _144_/A (sky130_fd_sc_hd__inv_2)
     1    0.004472    0.026687    0.042760    5.434213 ^ _144_/Y (sky130_fd_sc_hd__inv_2)
                                                         _031_ (net)
                      0.026687    0.000099    5.434312 ^ _180_/RESET_B (sky130_fd_sc_hd__dfrtp_4)
                                              5.434312   data arrival time

                                 25.000000   25.000000   clock clk (rise edge)
                                  0.000000   25.000000   clock source latency
     1    0.014197    0.052609    0.035369   25.035368 ^ clk (in)
                                                         clk (net)
                      0.052614    0.000000   25.035368 ^ clkbuf_0_clk/A (sky130_fd_sc_hd__clkbuf_16)
     4    0.042619    0.046937    0.104375   25.139744 ^ clkbuf_0_clk/X (sky130_fd_sc_hd__clkbuf_16)
                                                         clknet_0_clk (net)
                      0.046972    0.001117   25.140862 ^ clkbuf_2_0__f_clk/A (sky130_fd_sc_hd__clkbuf_16)
    10    0.030183    0.038278    0.095834   25.236694 ^ clkbuf_2_0__f_clk/X (sky130_fd_sc_hd__clkbuf_16)
                                                         clknet_2_0__leaf_clk (net)
                      0.038281    0.000414   25.237108 ^ _180_/CLK (sky130_fd_sc_hd__dfrtp_4)
                                 -0.250000   24.987110   clock uncertainty
                                  0.000000   24.987110   clock reconvergence pessimism
                                  0.133707   25.120817   library recovery time
                                             25.120817   data required time
---------------------------------------------------------------------------------------------
                                             25.120817   data required time
                                             -5.434312   data arrival time
---------------------------------------------------------------------------------------------
                                             19.686504   slack (MET)


Startpoint: reset (input port clocked by clk)
Endpoint: _179_ (recovery check against rising-edge clock clk)
Path Group: asynchronous
Path Type: max

Fanout         Cap        Slew       Delay        Time   Description
---------------------------------------------------------------------------------------------
                                  0.000000    0.000000   clock clk (rise edge)
                                  0.000000    0.000000   clock network delay (propagated)
                                  5.000000    5.000000 v input external delay
     1    0.002765    0.004670    0.002246    5.002246 v reset (in)
                                                         reset (net)
                      0.004670    0.000000    5.002246 v input2/A (sky130_fd_sc_hd__buf_1)
     3    0.015923    0.065825    0.086036    5.088282 v input2/X (sky130_fd_sc_hd__buf_1)
                                                         net2 (net)
                      0.065828    0.000512    5.088794 v fanout35/A (sky130_fd_sc_hd__clkbuf_4)
     9    0.051737    0.078640    0.154816    5.243610 v fanout35/X (sky130_fd_sc_hd__clkbuf_4)
                                                         net35 (net)
                      0.078655    0.001090    5.244700 v fanout34/A (sky130_fd_sc_hd__buf_4)
    10    0.055602    0.060577    0.145908    5.390608 v fanout34/X (sky130_fd_sc_hd__buf_4)
                                                         net34 (net)
                      0.060580    0.000565    5.391173 v _143_/A (sky130_fd_sc_hd__inv_2)
     1    0.003817    0.024977    0.040508    5.431681 ^ _143_/Y (sky130_fd_sc_hd__inv_2)
                                                         _030_ (net)
                      0.024977    0.000074    5.431755 ^ _179_/RESET_B (sky130_fd_sc_hd__dfrtp_4)
                                              5.431755   data arrival time

                                 25.000000   25.000000   clock clk (rise edge)
                                  0.000000   25.000000   clock source latency
     1    0.014197    0.052609    0.035369   25.035368 ^ clk (in)
                                                         clk (net)
                      0.052614    0.000000   25.035368 ^ clkbuf_0_clk/A (sky130_fd_sc_hd__clkbuf_16)
     4    0.042619    0.046937    0.104375   25.139744 ^ clkbuf_0_clk/X (sky130_fd_sc_hd__clkbuf_16)
                                                         clknet_0_clk (net)
                      0.046972    0.001114   25.140858 ^ clkbuf_2_1__f_clk/A (sky130_fd_sc_hd__clkbuf_16)
    10    0.029711    0.037945    0.095461   25.236319 ^ clkbuf_2_1__f_clk/X (sky130_fd_sc_hd__clkbuf_16)
                                                         clknet_2_1__leaf_clk (net)
                      0.037984    0.001064   25.237383 ^ _179_/CLK (sky130_fd_sc_hd__dfrtp_4)
                                 -0.250000   24.987383   clock uncertainty
                                  0.000000   24.987383   clock reconvergence pessimism
                                  0.134202   25.121586   library recovery time
                                             25.121586   data required time
---------------------------------------------------------------------------------------------
                                             25.121586   data required time
                                             -5.431755   data arrival time
---------------------------------------------------------------------------------------------
                                             19.689831   slack (MET)


Startpoint: reset (input port clocked by clk)
Endpoint: _163_ (recovery check against rising-edge clock clk)
Path Group: asynchronous
Path Type: max

Fanout         Cap        Slew       Delay        Time   Description
---------------------------------------------------------------------------------------------
                                  0.000000    0.000000   clock clk (rise edge)
                                  0.000000    0.000000   clock network delay (propagated)
                                  5.000000    5.000000 v input external delay
     1    0.002765    0.004670    0.002246    5.002246 v reset (in)
                                                         reset (net)
                      0.004670    0.000000    5.002246 v input2/A (sky130_fd_sc_hd__buf_1)
     3    0.015923    0.065825    0.086036    5.088282 v input2/X (sky130_fd_sc_hd__buf_1)
                                                         net2 (net)
                      0.065828    0.000512    5.088794 v fanout35/A (sky130_fd_sc_hd__clkbuf_4)
     9    0.051737    0.078640    0.154816    5.243610 v fanout35/X (sky130_fd_sc_hd__clkbuf_4)
                                                         net35 (net)
                      0.078655    0.001090    5.244700 v fanout34/A (sky130_fd_sc_hd__buf_4)
    10    0.055602    0.060577    0.145908    5.390608 v fanout34/X (sky130_fd_sc_hd__buf_4)
                                                         net34 (net)
                      0.060881    0.003344    5.393951 v _127_/A (sky130_fd_sc_hd__inv_2)
     1    0.005682    0.029993    0.046118    5.440070 ^ _127_/Y (sky130_fd_sc_hd__inv_2)
                                                         _014_ (net)
                      0.029994    0.000147    5.440217 ^ _163_/RESET_B (sky130_fd_sc_hd__dfrtp_1)
                                              5.440217   data arrival time

                                 25.000000   25.000000   clock clk (rise edge)
                                  0.000000   25.000000   clock source latency
     1    0.014197    0.052609    0.035369   25.035368 ^ clk (in)
                                                         clk (net)
                      0.052614    0.000000   25.035368 ^ clkbuf_0_clk/A (sky130_fd_sc_hd__clkbuf_16)
     4    0.042619    0.046937    0.104375   25.139744 ^ clkbuf_0_clk/X (sky130_fd_sc_hd__clkbuf_16)
                                                         clknet_0_clk (net)
                      0.046972    0.001117   25.140862 ^ clkbuf_2_0__f_clk/A (sky130_fd_sc_hd__clkbuf_16)
    10    0.030183    0.038278    0.095834   25.236694 ^ clkbuf_2_0__f_clk/X (sky130_fd_sc_hd__clkbuf_16)
                                                         clknet_2_0__leaf_clk (net)
                      0.038315    0.001050   25.237745 ^ _163_/CLK (sky130_fd_sc_hd__dfrtp_1)
                                 -0.250000   24.987745   clock uncertainty
                                  0.000000   24.987745   clock reconvergence pessimism
                                  0.144947   25.132692   library recovery time
                                             25.132692   data required time
---------------------------------------------------------------------------------------------
                                             25.132692   data required time
                                             -5.440217   data arrival time
---------------------------------------------------------------------------------------------
                                             19.692476   slack (MET)


Startpoint: reset (input port clocked by clk)
Endpoint: _165_ (recovery check against rising-edge clock clk)
Path Group: asynchronous
Path Type: max

Fanout         Cap        Slew       Delay        Time   Description
---------------------------------------------------------------------------------------------
                                  0.000000    0.000000   clock clk (rise edge)
                                  0.000000    0.000000   clock network delay (propagated)
                                  5.000000    5.000000 v input external delay
     1    0.002765    0.004670    0.002246    5.002246 v reset (in)
                                                         reset (net)
                      0.004670    0.000000    5.002246 v input2/A (sky130_fd_sc_hd__buf_1)
     3    0.015923    0.065825    0.086036    5.088282 v input2/X (sky130_fd_sc_hd__buf_1)
                                                         net2 (net)
                      0.065828    0.000512    5.088794 v fanout35/A (sky130_fd_sc_hd__clkbuf_4)
     9    0.051737    0.078640    0.154816    5.243610 v fanout35/X (sky130_fd_sc_hd__clkbuf_4)
                                                         net35 (net)
                      0.078655    0.001090    5.244700 v fanout34/A (sky130_fd_sc_hd__buf_4)
    10    0.055602    0.060577    0.145908    5.390608 v fanout34/X (sky130_fd_sc_hd__buf_4)
                                                         net34 (net)
                      0.060904    0.003475    5.394083 v _129_/A (sky130_fd_sc_hd__inv_2)
     1    0.005553    0.029658    0.045807    5.439890 ^ _129_/Y (sky130_fd_sc_hd__inv_2)
                                                         _016_ (net)
                      0.029659    0.000147    5.440038 ^ _165_/RESET_B (sky130_fd_sc_hd__dfrtp_1)
                                              5.440038   data arrival time

                                 25.000000   25.000000   clock clk (rise edge)
                                  0.000000   25.000000   clock source latency
     1    0.014197    0.052609    0.035369   25.035368 ^ clk (in)
                                                         clk (net)
                      0.052614    0.000000   25.035368 ^ clkbuf_0_clk/A (sky130_fd_sc_hd__clkbuf_16)
     4    0.042619    0.046937    0.104375   25.139744 ^ clkbuf_0_clk/X (sky130_fd_sc_hd__clkbuf_16)
                                                         clknet_0_clk (net)
                      0.046972    0.001117   25.140862 ^ clkbuf_2_0__f_clk/A (sky130_fd_sc_hd__clkbuf_16)
    10    0.030183    0.038278    0.095834   25.236694 ^ clkbuf_2_0__f_clk/X (sky130_fd_sc_hd__clkbuf_16)
                                                         clknet_2_0__leaf_clk (net)
                      0.038319    0.001089   25.237783 ^ _165_/CLK (sky130_fd_sc_hd__dfrtp_1)
                                 -0.250000   24.987785   clock uncertainty
                                  0.000000   24.987785   clock reconvergence pessimism
                                  0.145010   25.132793   library recovery time
                                             25.132793   data required time
---------------------------------------------------------------------------------------------
                                             25.132793   data required time
                                             -5.440038   data arrival time
---------------------------------------------------------------------------------------------
                                             19.692757   slack (MET)


Startpoint: reset (input port clocked by clk)
Endpoint: _166_ (recovery check against rising-edge clock clk)
Path Group: asynchronous
Path Type: max

Fanout         Cap        Slew       Delay        Time   Description
---------------------------------------------------------------------------------------------
                                  0.000000    0.000000   clock clk (rise edge)
                                  0.000000    0.000000   clock network delay (propagated)
                                  5.000000    5.000000 v input external delay
     1    0.002765    0.004670    0.002246    5.002246 v reset (in)
                                                         reset (net)
                      0.004670    0.000000    5.002246 v input2/A (sky130_fd_sc_hd__buf_1)
     3    0.015923    0.065825    0.086036    5.088282 v input2/X (sky130_fd_sc_hd__buf_1)
                                                         net2 (net)
                      0.065828    0.000512    5.088794 v fanout35/A (sky130_fd_sc_hd__clkbuf_4)
     9    0.051737    0.078640    0.154816    5.243610 v fanout35/X (sky130_fd_sc_hd__clkbuf_4)
                                                         net35 (net)
                      0.078655    0.001090    5.244700 v fanout34/A (sky130_fd_sc_hd__buf_4)
    10    0.055602    0.060577    0.145908    5.390608 v fanout34/X (sky130_fd_sc_hd__buf_4)
                                                         net34 (net)
                      0.060889    0.003393    5.394001 v _130_/A (sky130_fd_sc_hd__inv_2)
     1    0.004077    0.025682    0.041489    5.435489 ^ _130_/Y (sky130_fd_sc_hd__inv_2)
                                                         _017_ (net)
                      0.025682    0.000082    5.435571 ^ _166_/RESET_B (sky130_fd_sc_hd__dfrtp_1)
                                              5.435571   data arrival time

                                 25.000000   25.000000   clock clk (rise edge)
                                  0.000000   25.000000   clock source latency
     1    0.014197    0.052609    0.035369   25.035368 ^ clk (in)
                                                         clk (net)
                      0.052614    0.000000   25.035368 ^ clkbuf_0_clk/A (sky130_fd_sc_hd__clkbuf_16)
     4    0.042619    0.046937    0.104375   25.139744 ^ clkbuf_0_clk/X (sky130_fd_sc_hd__clkbuf_16)
                                                         clknet_0_clk (net)
                      0.046972    0.001117   25.140862 ^ clkbuf_2_0__f_clk/A (sky130_fd_sc_hd__clkbuf_16)
    10    0.030183    0.038278    0.095834   25.236694 ^ clkbuf_2_0__f_clk/X (sky130_fd_sc_hd__clkbuf_16)
                                                         clknet_2_0__leaf_clk (net)
                      0.038283    0.000483   25.237179 ^ _166_/CLK (sky130_fd_sc_hd__dfrtp_1)
                                 -0.250000   24.987179   clock uncertainty
                                  0.000000   24.987179   clock reconvergence pessimism
                                  0.145747   25.132925   library recovery time
                                             25.132925   data required time
---------------------------------------------------------------------------------------------
                                             25.132925   data required time
                                             -5.435571   data arrival time
---------------------------------------------------------------------------------------------
                                             19.697353   slack (MET)


Startpoint: reset (input port clocked by clk)
Endpoint: _162_ (recovery check against rising-edge clock clk)
Path Group: asynchronous
Path Type: max

Fanout         Cap        Slew       Delay        Time   Description
---------------------------------------------------------------------------------------------
                                  0.000000    0.000000   clock clk (rise edge)
                                  0.000000    0.000000   clock network delay (propagated)
                                  5.000000    5.000000 v input external delay
     1    0.002765    0.004670    0.002246    5.002246 v reset (in)
                                                         reset (net)
                      0.004670    0.000000    5.002246 v input2/A (sky130_fd_sc_hd__buf_1)
     3    0.015923    0.065825    0.086036    5.088282 v input2/X (sky130_fd_sc_hd__buf_1)
                                                         net2 (net)
                      0.065828    0.000512    5.088794 v fanout35/A (sky130_fd_sc_hd__clkbuf_4)
     9    0.051737    0.078640    0.154816    5.243610 v fanout35/X (sky130_fd_sc_hd__clkbuf_4)
                                                         net35 (net)
                      0.078655    0.001090    5.244700 v fanout34/A (sky130_fd_sc_hd__buf_4)
    10    0.055602    0.060577    0.145908    5.390608 v fanout34/X (sky130_fd_sc_hd__buf_4)
                                                         net34 (net)
                      0.060690    0.002348    5.392956 v _126_/A (sky130_fd_sc_hd__inv_2)
     1    0.004252    0.026102    0.042035    5.434991 ^ _126_/Y (sky130_fd_sc_hd__inv_2)
                                                         _013_ (net)
                      0.026102    0.000089    5.435080 ^ _162_/RESET_B (sky130_fd_sc_hd__dfrtp_1)
                                              5.435080   data arrival time

                                 25.000000   25.000000   clock clk (rise edge)
                                  0.000000   25.000000   clock source latency
     1    0.014197    0.052609    0.035369   25.035368 ^ clk (in)
                                                         clk (net)
                      0.052614    0.000000   25.035368 ^ clkbuf_0_clk/A (sky130_fd_sc_hd__clkbuf_16)
     4    0.042619    0.046937    0.104375   25.139744 ^ clkbuf_0_clk/X (sky130_fd_sc_hd__clkbuf_16)
                                                         clknet_0_clk (net)
                      0.046972    0.001117   25.140862 ^ clkbuf_2_0__f_clk/A (sky130_fd_sc_hd__clkbuf_16)
    10    0.030183    0.038278    0.095834   25.236694 ^ clkbuf_2_0__f_clk/X (sky130_fd_sc_hd__clkbuf_16)
                                                         clknet_2_0__leaf_clk (net)
                      0.038304    0.000895   25.237591 ^ _162_/CLK (sky130_fd_sc_hd__dfrtp_1)
                                 -0.250000   24.987591   clock uncertainty
                                  0.000000   24.987591   clock reconvergence pessimism
                                  0.145672   25.133263   library recovery time
                                             25.133263   data required time
---------------------------------------------------------------------------------------------
                                             25.133263   data required time
                                             -5.435080   data arrival time
---------------------------------------------------------------------------------------------
                                             19.698183   slack (MET)


Startpoint: reset (input port clocked by clk)
Endpoint: _161_ (recovery check against rising-edge clock clk)
Path Group: asynchronous
Path Type: max

Fanout         Cap        Slew       Delay        Time   Description
---------------------------------------------------------------------------------------------
                                  0.000000    0.000000   clock clk (rise edge)
                                  0.000000    0.000000   clock network delay (propagated)
                                  5.000000    5.000000 v input external delay
     1    0.002765    0.004670    0.002246    5.002246 v reset (in)
                                                         reset (net)
                      0.004670    0.000000    5.002246 v input2/A (sky130_fd_sc_hd__buf_1)
     3    0.015923    0.065825    0.086036    5.088282 v input2/X (sky130_fd_sc_hd__buf_1)
                                                         net2 (net)
                      0.065828    0.000512    5.088794 v fanout35/A (sky130_fd_sc_hd__clkbuf_4)
     9    0.051737    0.078640    0.154816    5.243610 v fanout35/X (sky130_fd_sc_hd__clkbuf_4)
                                                         net35 (net)
                      0.078655    0.001090    5.244700 v fanout34/A (sky130_fd_sc_hd__buf_4)
    10    0.055602    0.060577    0.145908    5.390608 v fanout34/X (sky130_fd_sc_hd__buf_4)
                                                         net34 (net)
                      0.060734    0.002720    5.393328 v _125_/A (sky130_fd_sc_hd__inv_2)
     1    0.004071    0.025634    0.041443    5.434771 ^ _125_/Y (sky130_fd_sc_hd__inv_2)
                                                         _012_ (net)
                      0.025634    0.000046    5.434817 ^ _161_/RESET_B (sky130_fd_sc_hd__dfrtp_1)
                                              5.434817   data arrival time

                                 25.000000   25.000000   clock clk (rise edge)
                                  0.000000   25.000000   clock source latency
     1    0.014197    0.052609    0.035369   25.035368 ^ clk (in)
                                                         clk (net)
                      0.052614    0.000000   25.035368 ^ clkbuf_0_clk/A (sky130_fd_sc_hd__clkbuf_16)
     4    0.042619    0.046937    0.104375   25.139744 ^ clkbuf_0_clk/X (sky130_fd_sc_hd__clkbuf_16)
                                                         clknet_0_clk (net)
                      0.046972    0.001117   25.140862 ^ clkbuf_2_0__f_clk/A (sky130_fd_sc_hd__clkbuf_16)
    10    0.030183    0.038278    0.095834   25.236694 ^ clkbuf_2_0__f_clk/X (sky130_fd_sc_hd__clkbuf_16)
                                                         clknet_2_0__leaf_clk (net)
                      0.038307    0.000947   25.237642 ^ _161_/CLK (sky130_fd_sc_hd__dfrtp_1)
                                 -0.250000   24.987642   clock uncertainty
                                  0.000000   24.987642   clock reconvergence pessimism
                                  0.145760   25.133402   library recovery time
                                             25.133402   data required time
---------------------------------------------------------------------------------------------
                                             25.133402   data required time
                                             -5.434817   data arrival time
---------------------------------------------------------------------------------------------
                                             19.698586   slack (MET)


Startpoint: reset (input port clocked by clk)
Endpoint: _164_ (recovery check against rising-edge clock clk)
Path Group: asynchronous
Path Type: max

Fanout         Cap        Slew       Delay        Time   Description
---------------------------------------------------------------------------------------------
                                  0.000000    0.000000   clock clk (rise edge)
                                  0.000000    0.000000   clock network delay (propagated)
                                  5.000000    5.000000 v input external delay
     1    0.002765    0.004670    0.002246    5.002246 v reset (in)
                                                         reset (net)
                      0.004670    0.000000    5.002246 v input2/A (sky130_fd_sc_hd__buf_1)
     3    0.015923    0.065825    0.086036    5.088282 v input2/X (sky130_fd_sc_hd__buf_1)
                                                         net2 (net)
                      0.065828    0.000512    5.088794 v fanout35/A (sky130_fd_sc_hd__clkbuf_4)
     9    0.051737    0.078640    0.154816    5.243610 v fanout35/X (sky130_fd_sc_hd__clkbuf_4)
                                                         net35 (net)
                      0.078655    0.001090    5.244700 v fanout34/A (sky130_fd_sc_hd__buf_4)
    10    0.055602    0.060577    0.145908    5.390608 v fanout34/X (sky130_fd_sc_hd__buf_4)
                                                         net34 (net)
                      0.060856    0.003195    5.393803 v _128_/A (sky130_fd_sc_hd__inv_2)
     1    0.003787    0.024951    0.040478    5.434281 ^ _128_/Y (sky130_fd_sc_hd__inv_2)
                                                         _015_ (net)
                      0.024951    0.000073    5.434353 ^ _164_/RESET_B (sky130_fd_sc_hd__dfrtp_1)
                                              5.434353   data arrival time

                                 25.000000   25.000000   clock clk (rise edge)
                                  0.000000   25.000000   clock source latency
     1    0.014197    0.052609    0.035369   25.035368 ^ clk (in)
                                                         clk (net)
                      0.052614    0.000000   25.035368 ^ clkbuf_0_clk/A (sky130_fd_sc_hd__clkbuf_16)
     4    0.042619    0.046937    0.104375   25.139744 ^ clkbuf_0_clk/X (sky130_fd_sc_hd__clkbuf_16)
                                                         clknet_0_clk (net)
                      0.046972    0.001117   25.140862 ^ clkbuf_2_0__f_clk/A (sky130_fd_sc_hd__clkbuf_16)
    10    0.030183    0.038278    0.095834   25.236694 ^ clkbuf_2_0__f_clk/X (sky130_fd_sc_hd__clkbuf_16)
                                                         clknet_2_0__leaf_clk (net)
                      0.038316    0.001060   25.237755 ^ _164_/CLK (sky130_fd_sc_hd__dfrtp_1)
                                 -0.250000   24.987757   clock uncertainty
                                  0.000000   24.987757   clock reconvergence pessimism
                                  0.145889   25.133646   library recovery time
                                             25.133646   data required time
---------------------------------------------------------------------------------------------
                                             25.133646   data required time
                                             -5.434353   data arrival time
---------------------------------------------------------------------------------------------
                                             19.699291   slack (MET)


Startpoint: reset (input port clocked by clk)
Endpoint: _175_ (recovery check against rising-edge clock clk)
Path Group: asynchronous
Path Type: max

Fanout         Cap        Slew       Delay        Time   Description
---------------------------------------------------------------------------------------------
                                  0.000000    0.000000   clock clk (rise edge)
                                  0.000000    0.000000   clock network delay (propagated)
                                  5.000000    5.000000 v input external delay
     1    0.002765    0.004670    0.002246    5.002246 v reset (in)
                                                         reset (net)
                      0.004670    0.000000    5.002246 v input2/A (sky130_fd_sc_hd__buf_1)
     3    0.015923    0.065825    0.086036    5.088282 v input2/X (sky130_fd_sc_hd__buf_1)
                                                         net2 (net)
                      0.065828    0.000512    5.088794 v fanout35/A (sky130_fd_sc_hd__clkbuf_4)
     9    0.051737    0.078640    0.154816    5.243610 v fanout35/X (sky130_fd_sc_hd__clkbuf_4)
                                                         net35 (net)
                      0.078655    0.001090    5.244700 v fanout34/A (sky130_fd_sc_hd__buf_4)
    10    0.055602    0.060577    0.145908    5.390608 v fanout34/X (sky130_fd_sc_hd__buf_4)
                                                         net34 (net)
                      0.060606    0.001291    5.391899 v _139_/A (sky130_fd_sc_hd__inv_2)
     1    0.004018    0.025475    0.041223    5.433123 ^ _139_/Y (sky130_fd_sc_hd__inv_2)
                                                         _026_ (net)
                      0.025475    0.000047    5.433169 ^ _175_/RESET_B (sky130_fd_sc_hd__dfrtp_1)
                                              5.433169   data arrival time

                                 25.000000   25.000000   clock clk (rise edge)
                                  0.000000   25.000000   clock source latency
     1    0.014197    0.052609    0.035369   25.035368 ^ clk (in)
                                                         clk (net)
                      0.052614    0.000000   25.035368 ^ clkbuf_0_clk/A (sky130_fd_sc_hd__clkbuf_16)
     4    0.042619    0.046937    0.104375   25.139744 ^ clkbuf_0_clk/X (sky130_fd_sc_hd__clkbuf_16)
                                                         clknet_0_clk (net)
                      0.046972    0.001117   25.140862 ^ clkbuf_2_0__f_clk/A (sky130_fd_sc_hd__clkbuf_16)
    10    0.030183    0.038278    0.095834   25.236694 ^ clkbuf_2_0__f_clk/X (sky130_fd_sc_hd__clkbuf_16)
                                                         clknet_2_0__leaf_clk (net)
                      0.038286    0.000574   25.237268 ^ _175_/CLK (sky130_fd_sc_hd__dfrtp_1)
                                 -0.250000   24.987270   clock uncertainty
                                  0.000000   24.987270   clock reconvergence pessimism
                                  0.145786   25.133055   library recovery time
                                             25.133055   data required time
---------------------------------------------------------------------------------------------
                                             25.133055   data required time
                                             -5.433169   data arrival time
---------------------------------------------------------------------------------------------
                                             19.699886   slack (MET)


Startpoint: btn (input port clocked by clk)
Endpoint: _184_ (rising edge-triggered flip-flop clocked by clk)
Path Group: clk
Path Type: max

Fanout         Cap        Slew       Delay        Time   Description
---------------------------------------------------------------------------------------------
                                  0.000000    0.000000   clock clk (rise edge)
                                  0.000000    0.000000   clock network delay (propagated)
                                  5.000000    5.000000 ^ input external delay
     1    0.003173    0.015252    0.008219    5.008219 ^ btn (in)
                                                         btn (net)
                      0.015253    0.000000    5.008219 ^ input1/A (sky130_fd_sc_hd__buf_1)
     6    0.017540    0.156789    0.133888    5.142107 ^ input1/X (sky130_fd_sc_hd__buf_1)
                                                         net1 (net)
                      0.156793    0.000685    5.142792 ^ _184_/D (sky130_fd_sc_hd__dfrtp_1)
                                              5.142792   data arrival time

                                 25.000000   25.000000   clock clk (rise edge)
                                  0.000000   25.000000   clock source latency
     1    0.014197    0.052609    0.035369   25.035368 ^ clk (in)
                                                         clk (net)
                      0.052614    0.000000   25.035368 ^ clkbuf_0_clk/A (sky130_fd_sc_hd__clkbuf_16)
     4    0.042619    0.046937    0.104375   25.139744 ^ clkbuf_0_clk/X (sky130_fd_sc_hd__clkbuf_16)
                                                         clknet_0_clk (net)
                      0.046972    0.001114   25.140858 ^ clkbuf_2_1__f_clk/A (sky130_fd_sc_hd__clkbuf_16)
    10    0.029711    0.037945    0.095461   25.236319 ^ clkbuf_2_1__f_clk/X (sky130_fd_sc_hd__clkbuf_16)
                                                         clknet_2_1__leaf_clk (net)
                      0.037987    0.001098   25.237417 ^ _184_/CLK (sky130_fd_sc_hd__dfrtp_1)
                                 -0.250000   24.987417   clock uncertainty
                                  0.000000   24.987417   clock reconvergence pessimism
                                 -0.045466   24.941952   library setup time
                                             24.941952   data required time
---------------------------------------------------------------------------------------------
                                             24.941952   data required time
                                             -5.142792   data arrival time
---------------------------------------------------------------------------------------------
                                             19.799160   slack (MET)


Startpoint: reset (input port clocked by clk)
Endpoint: _181_ (recovery check against rising-edge clock clk)
Path Group: asynchronous
Path Type: max

Fanout         Cap        Slew       Delay        Time   Description
---------------------------------------------------------------------------------------------
                                  0.000000    0.000000   clock clk (rise edge)
                                  0.000000    0.000000   clock network delay (propagated)
                                  5.000000    5.000000 v input external delay
     1    0.002765    0.004670    0.002246    5.002246 v reset (in)
                                                         reset (net)
                      0.004670    0.000000    5.002246 v input2/A (sky130_fd_sc_hd__buf_1)
     3    0.015923    0.065825    0.086036    5.088282 v input2/X (sky130_fd_sc_hd__buf_1)
                                                         net2 (net)
                      0.065828    0.000512    5.088794 v fanout35/A (sky130_fd_sc_hd__clkbuf_4)
     9    0.051737    0.078640    0.154816    5.243610 v fanout35/X (sky130_fd_sc_hd__clkbuf_4)
                                                         net35 (net)
                      0.078650    0.000925    5.244535 v _145_/A (sky130_fd_sc_hd__inv_2)
     1    0.003922    0.028556    0.045908    5.290443 ^ _145_/Y (sky130_fd_sc_hd__inv_2)
                                                         _032_ (net)
                      0.028556    0.000077    5.290520 ^ _181_/RESET_B (sky130_fd_sc_hd__dfrtp_4)
                                              5.290520   data arrival time

                                 25.000000   25.000000   clock clk (rise edge)
                                  0.000000   25.000000   clock source latency
     1    0.014197    0.052609    0.035369   25.035368 ^ clk (in)
                                                         clk (net)
                      0.052614    0.000000   25.035368 ^ clkbuf_0_clk/A (sky130_fd_sc_hd__clkbuf_16)
     4    0.042619    0.046937    0.104375   25.139744 ^ clkbuf_0_clk/X (sky130_fd_sc_hd__clkbuf_16)
                                                         clknet_0_clk (net)
                      0.046972    0.001117   25.140862 ^ clkbuf_2_0__f_clk/A (sky130_fd_sc_hd__clkbuf_16)
    10    0.030183    0.038278    0.095834   25.236694 ^ clkbuf_2_0__f_clk/X (sky130_fd_sc_hd__clkbuf_16)
                                                         clknet_2_0__leaf_clk (net)
                      0.038282    0.000449   25.237144 ^ _181_/CLK (sky130_fd_sc_hd__dfrtp_4)
                                 -0.250000   24.987146   clock uncertainty
                                  0.000000   24.987146   clock reconvergence pessimism
                                  0.133117   25.120262   library recovery time
                                             25.120262   data required time
---------------------------------------------------------------------------------------------
                                             25.120262   data required time
                                             -5.290520   data arrival time
---------------------------------------------------------------------------------------------
                                             19.829742   slack (MET)


Startpoint: reset (input port clocked by clk)
Endpoint: _159_ (recovery check against rising-edge clock clk)
Path Group: asynchronous
Path Type: max

Fanout         Cap        Slew       Delay        Time   Description
---------------------------------------------------------------------------------------------
                                  0.000000    0.000000   clock clk (rise edge)
                                  0.000000    0.000000   clock network delay (propagated)
                                  5.000000    5.000000 v input external delay
     1    0.002765    0.004670    0.002246    5.002246 v reset (in)
                                                         reset (net)
                      0.004670    0.000000    5.002246 v input2/A (sky130_fd_sc_hd__buf_1)
     3    0.015923    0.065825    0.086036    5.088282 v input2/X (sky130_fd_sc_hd__buf_1)
                                                         net2 (net)
                      0.065828    0.000512    5.088794 v fanout35/A (sky130_fd_sc_hd__clkbuf_4)
     9    0.051737    0.078640    0.154816    5.243610 v fanout35/X (sky130_fd_sc_hd__clkbuf_4)
                                                         net35 (net)
                      0.078747    0.002574    5.246184 v _123_/A (sky130_fd_sc_hd__inv_2)
     1    0.005377    0.032794    0.050850    5.297035 ^ _123_/Y (sky130_fd_sc_hd__inv_2)
                                                         _010_ (net)
                      0.032794    0.000143    5.297178 ^ _159_/RESET_B (sky130_fd_sc_hd__dfrtp_1)
                                              5.297178   data arrival time

                                 25.000000   25.000000   clock clk (rise edge)
                                  0.000000   25.000000   clock source latency
     1    0.014197    0.052609    0.035369   25.035368 ^ clk (in)
                                                         clk (net)
                      0.052614    0.000000   25.035368 ^ clkbuf_0_clk/A (sky130_fd_sc_hd__clkbuf_16)
     4    0.042619    0.046937    0.104375   25.139744 ^ clkbuf_0_clk/X (sky130_fd_sc_hd__clkbuf_16)
                                                         clknet_0_clk (net)
                      0.046972    0.001119   25.140863 ^ clkbuf_2_2__f_clk/A (sky130_fd_sc_hd__clkbuf_16)
     8    0.025763    0.035118    0.092911   25.233772 ^ clkbuf_2_2__f_clk/X (sky130_fd_sc_hd__clkbuf_16)
                                                         clknet_2_2__leaf_clk (net)
                      0.035139    0.000730   25.234503 ^ _159_/CLK (sky130_fd_sc_hd__dfrtp_1)
                                 -0.250000   24.984505   clock uncertainty
                                  0.000000   24.984505   clock reconvergence pessimism
                                  0.143949   25.128452   library recovery time
                                             25.128452   data required time
---------------------------------------------------------------------------------------------
                                             25.128452   data required time
                                             -5.297178   data arrival time
---------------------------------------------------------------------------------------------
                                             19.831274   slack (MET)


Startpoint: reset (input port clocked by clk)
Endpoint: _177_ (recovery check against rising-edge clock clk)
Path Group: asynchronous
Path Type: max

Fanout         Cap        Slew       Delay        Time   Description
---------------------------------------------------------------------------------------------
                                  0.000000    0.000000   clock clk (rise edge)
                                  0.000000    0.000000   clock network delay (propagated)
                                  5.000000    5.000000 v input external delay
     1    0.002765    0.004670    0.002246    5.002246 v reset (in)
                                                         reset (net)
                      0.004670    0.000000    5.002246 v input2/A (sky130_fd_sc_hd__buf_1)
     3    0.015923    0.065825    0.086036    5.088282 v input2/X (sky130_fd_sc_hd__buf_1)
                                                         net2 (net)
                      0.065830    0.000574    5.088856 v fanout37/A (sky130_fd_sc_hd__clkbuf_4)
     8    0.047372    0.072797    0.151224    5.240080 v fanout37/X (sky130_fd_sc_hd__clkbuf_4)
                                                         net37 (net)
                      0.072813    0.001025    5.241106 v _141_/A (sky130_fd_sc_hd__inv_2)
     1    0.004907    0.030398    0.047815    5.288920 ^ _141_/Y (sky130_fd_sc_hd__inv_2)
                                                         _028_ (net)
                      0.030398    0.000112    5.289033 ^ _177_/RESET_B (sky130_fd_sc_hd__dfrtp_4)
                                              5.289033   data arrival time

                                 25.000000   25.000000   clock clk (rise edge)
                                  0.000000   25.000000   clock source latency
     1    0.014197    0.052609    0.035369   25.035368 ^ clk (in)
                                                         clk (net)
                      0.052614    0.000000   25.035368 ^ clkbuf_0_clk/A (sky130_fd_sc_hd__clkbuf_16)
     4    0.042619    0.046937    0.104375   25.139744 ^ clkbuf_0_clk/X (sky130_fd_sc_hd__clkbuf_16)
                                                         clknet_0_clk (net)
                      0.046971    0.001105   25.140848 ^ clkbuf_2_3__f_clk/A (sky130_fd_sc_hd__clkbuf_16)
    11    0.032212    0.039728    0.097174   25.238022 ^ clkbuf_2_3__f_clk/X (sky130_fd_sc_hd__clkbuf_16)
                                                         clknet_2_3__leaf_clk (net)
                      0.039733    0.000810   25.238832 ^ _177_/CLK (sky130_fd_sc_hd__dfrtp_4)
                                 -0.250000   24.988832   clock uncertainty
                                  0.000000   24.988832   clock reconvergence pessimism
                                  0.132755   25.121588   library recovery time
                                             25.121588   data required time
---------------------------------------------------------------------------------------------
                                             25.121588   data required time
                                             -5.289033   data arrival time
---------------------------------------------------------------------------------------------
                                             19.832554   slack (MET)


Startpoint: reset (input port clocked by clk)
Endpoint: _158_ (recovery check against rising-edge clock clk)
Path Group: asynchronous
Path Type: max

Fanout         Cap        Slew       Delay        Time   Description
---------------------------------------------------------------------------------------------
                                  0.000000    0.000000   clock clk (rise edge)
                                  0.000000    0.000000   clock network delay (propagated)
                                  5.000000    5.000000 v input external delay
     1    0.002765    0.004670    0.002246    5.002246 v reset (in)
                                                         reset (net)
                      0.004670    0.000000    5.002246 v input2/A (sky130_fd_sc_hd__buf_1)
     3    0.015923    0.065825    0.086036    5.088282 v input2/X (sky130_fd_sc_hd__buf_1)
                                                         net2 (net)
                      0.065828    0.000512    5.088794 v fanout35/A (sky130_fd_sc_hd__clkbuf_4)
     9    0.051737    0.078640    0.154816    5.243610 v fanout35/X (sky130_fd_sc_hd__clkbuf_4)
                                                         net35 (net)
                      0.078765    0.002769    5.246379 v _122_/A (sky130_fd_sc_hd__inv_2)
     1    0.004796    0.031334    0.049306    5.295685 ^ _122_/Y (sky130_fd_sc_hd__inv_2)
                                                         _009_ (net)
                      0.031334    0.000113    5.295799 ^ _158_/RESET_B (sky130_fd_sc_hd__dfrtp_1)
                                              5.295799   data arrival time

                                 25.000000   25.000000   clock clk (rise edge)
                                  0.000000   25.000000   clock source latency
     1    0.014197    0.052609    0.035369   25.035368 ^ clk (in)
                                                         clk (net)
                      0.052614    0.000000   25.035368 ^ clkbuf_0_clk/A (sky130_fd_sc_hd__clkbuf_16)
     4    0.042619    0.046937    0.104375   25.139744 ^ clkbuf_0_clk/X (sky130_fd_sc_hd__clkbuf_16)
                                                         clknet_0_clk (net)
                      0.046972    0.001119   25.140863 ^ clkbuf_2_2__f_clk/A (sky130_fd_sc_hd__clkbuf_16)
     8    0.025763    0.035118    0.092911   25.233772 ^ clkbuf_2_2__f_clk/X (sky130_fd_sc_hd__clkbuf_16)
                                                         clknet_2_2__leaf_clk (net)
                      0.035139    0.000732   25.234505 ^ _158_/CLK (sky130_fd_sc_hd__dfrtp_1)
                                 -0.250000   24.984507   clock uncertainty
                                  0.000000   24.984507   clock reconvergence pessimism
                                  0.144222   25.128729   library recovery time
                                             25.128729   data required time
---------------------------------------------------------------------------------------------
                                             25.128729   data required time
                                             -5.295799   data arrival time
---------------------------------------------------------------------------------------------
                                             19.832930   slack (MET)


Startpoint: reset (input port clocked by clk)
Endpoint: _155_ (recovery check against rising-edge clock clk)
Path Group: asynchronous
Path Type: max

Fanout         Cap        Slew       Delay        Time   Description
---------------------------------------------------------------------------------------------
                                  0.000000    0.000000   clock clk (rise edge)
                                  0.000000    0.000000   clock network delay (propagated)
                                  5.000000    5.000000 v input external delay
     1    0.002765    0.004670    0.002246    5.002246 v reset (in)
                                                         reset (net)
                      0.004670    0.000000    5.002246 v input2/A (sky130_fd_sc_hd__buf_1)
     3    0.015923    0.065825    0.086036    5.088282 v input2/X (sky130_fd_sc_hd__buf_1)
                                                         net2 (net)
                      0.065828    0.000512    5.088794 v fanout35/A (sky130_fd_sc_hd__clkbuf_4)
     9    0.051737    0.078640    0.154816    5.243610 v fanout35/X (sky130_fd_sc_hd__clkbuf_4)
                                                         net35 (net)
                      0.078752    0.002627    5.246237 v _119_/A (sky130_fd_sc_hd__inv_2)
     1    0.004331    0.029814    0.047521    5.293757 ^ _119_/Y (sky130_fd_sc_hd__inv_2)
                                                         _006_ (net)
                      0.029814    0.000092    5.293850 ^ _155_/RESET_B (sky130_fd_sc_hd__dfrtp_1)
                                              5.293850   data arrival time

                                 25.000000   25.000000   clock clk (rise edge)
                                  0.000000   25.000000   clock source latency
     1    0.014197    0.052609    0.035369   25.035368 ^ clk (in)
                                                         clk (net)
                      0.052614    0.000000   25.035368 ^ clkbuf_0_clk/A (sky130_fd_sc_hd__clkbuf_16)
     4    0.042619    0.046937    0.104375   25.139744 ^ clkbuf_0_clk/X (sky130_fd_sc_hd__clkbuf_16)
                                                         clknet_0_clk (net)
                      0.046972    0.001119   25.140863 ^ clkbuf_2_2__f_clk/A (sky130_fd_sc_hd__clkbuf_16)
     8    0.025763    0.035118    0.092911   25.233772 ^ clkbuf_2_2__f_clk/X (sky130_fd_sc_hd__clkbuf_16)
                                                         clknet_2_2__leaf_clk (net)
                      0.035130    0.000579   25.234352 ^ _155_/CLK (sky130_fd_sc_hd__dfrtp_1)
                                 -0.250000   24.984354   clock uncertainty
                                  0.000000   24.984354   clock reconvergence pessimism
                                  0.144505   25.128859   library recovery time
                                             25.128859   data required time
---------------------------------------------------------------------------------------------
                                             25.128859   data required time
                                             -5.293850   data arrival time
---------------------------------------------------------------------------------------------
                                             19.835007   slack (MET)


Startpoint: reset (input port clocked by clk)
Endpoint: _160_ (recovery check against rising-edge clock clk)
Path Group: asynchronous
Path Type: max

Fanout         Cap        Slew       Delay        Time   Description
---------------------------------------------------------------------------------------------
                                  0.000000    0.000000   clock clk (rise edge)
                                  0.000000    0.000000   clock network delay (propagated)
                                  5.000000    5.000000 v input external delay
     1    0.002765    0.004670    0.002246    5.002246 v reset (in)
                                                         reset (net)
                      0.004670    0.000000    5.002246 v input2/A (sky130_fd_sc_hd__buf_1)
     3    0.015923    0.065825    0.086036    5.088282 v input2/X (sky130_fd_sc_hd__buf_1)
                                                         net2 (net)
                      0.065828    0.000512    5.088794 v fanout35/A (sky130_fd_sc_hd__clkbuf_4)
     9    0.051737    0.078640    0.154816    5.243610 v fanout35/X (sky130_fd_sc_hd__clkbuf_4)
                                                         net35 (net)
                      0.078712    0.002149    5.245759 v _124_/A (sky130_fd_sc_hd__inv_2)
     1    0.004247    0.029537    0.047200    5.292959 ^ _124_/Y (sky130_fd_sc_hd__inv_2)
                                                         _011_ (net)
                      0.029537    0.000051    5.293010 ^ _160_/RESET_B (sky130_fd_sc_hd__dfrtp_1)
                                              5.293010   data arrival time

                                 25.000000   25.000000   clock clk (rise edge)
                                  0.000000   25.000000   clock source latency
     1    0.014197    0.052609    0.035369   25.035368 ^ clk (in)
                                                         clk (net)
                      0.052614    0.000000   25.035368 ^ clkbuf_0_clk/A (sky130_fd_sc_hd__clkbuf_16)
     4    0.042619    0.046937    0.104375   25.139744 ^ clkbuf_0_clk/X (sky130_fd_sc_hd__clkbuf_16)
                                                         clknet_0_clk (net)
                      0.046972    0.001119   25.140863 ^ clkbuf_2_2__f_clk/A (sky130_fd_sc_hd__clkbuf_16)
     8    0.025763    0.035118    0.092911   25.233772 ^ clkbuf_2_2__f_clk/X (sky130_fd_sc_hd__clkbuf_16)
                                                         clknet_2_2__leaf_clk (net)
                      0.035125    0.000471   25.234243 ^ _160_/CLK (sky130_fd_sc_hd__dfrtp_1)
                                 -0.250000   24.984245   clock uncertainty
                                  0.000000   24.984245   clock reconvergence pessimism
                                  0.144556   25.128801   library recovery time
                                             25.128801   data required time
---------------------------------------------------------------------------------------------
                                             25.128801   data required time
                                             -5.293010   data arrival time
---------------------------------------------------------------------------------------------
                                             19.835791   slack (MET)


Startpoint: reset (input port clocked by clk)
Endpoint: _174_ (recovery check against rising-edge clock clk)
Path Group: asynchronous
Path Type: max

Fanout         Cap        Slew       Delay        Time   Description
---------------------------------------------------------------------------------------------
                                  0.000000    0.000000   clock clk (rise edge)
                                  0.000000    0.000000   clock network delay (propagated)
                                  5.000000    5.000000 v input external delay
     1    0.002765    0.004670    0.002246    5.002246 v reset (in)
                                                         reset (net)
                      0.004670    0.000000    5.002246 v input2/A (sky130_fd_sc_hd__buf_1)
     3    0.015923    0.065825    0.086036    5.088282 v input2/X (sky130_fd_sc_hd__buf_1)
                                                         net2 (net)
                      0.065828    0.000512    5.088794 v fanout35/A (sky130_fd_sc_hd__clkbuf_4)
     9    0.051737    0.078640    0.154816    5.243610 v fanout35/X (sky130_fd_sc_hd__clkbuf_4)
                                                         net35 (net)
                      0.078733    0.002415    5.246025 v _138_/A (sky130_fd_sc_hd__inv_2)
     1    0.004139    0.029212    0.046769    5.292794 ^ _138_/Y (sky130_fd_sc_hd__inv_2)
                                                         _025_ (net)
                      0.029212    0.000087    5.292881 ^ _174_/RESET_B (sky130_fd_sc_hd__dfrtp_1)
                                              5.292881   data arrival time

                                 25.000000   25.000000   clock clk (rise edge)
                                  0.000000   25.000000   clock source latency
     1    0.014197    0.052609    0.035369   25.035368 ^ clk (in)
                                                         clk (net)
                      0.052614    0.000000   25.035368 ^ clkbuf_0_clk/A (sky130_fd_sc_hd__clkbuf_16)
     4    0.042619    0.046937    0.104375   25.139744 ^ clkbuf_0_clk/X (sky130_fd_sc_hd__clkbuf_16)
                                                         clknet_0_clk (net)
                      0.046972    0.001119   25.140863 ^ clkbuf_2_2__f_clk/A (sky130_fd_sc_hd__clkbuf_16)
     8    0.025763    0.035118    0.092911   25.233772 ^ clkbuf_2_2__f_clk/X (sky130_fd_sc_hd__clkbuf_16)
                                                         clknet_2_2__leaf_clk (net)
                      0.035124    0.000441   25.234213 ^ _174_/CLK (sky130_fd_sc_hd__dfrtp_1)
                                 -0.250000   24.984215   clock uncertainty
                                  0.000000   24.984215   clock reconvergence pessimism
                                  0.144617   25.128832   library recovery time
                                             25.128832   data required time
---------------------------------------------------------------------------------------------
                                             25.128832   data required time
                                             -5.292881   data arrival time
---------------------------------------------------------------------------------------------
                                             19.835951   slack (MET)


Startpoint: reset (input port clocked by clk)
Endpoint: _178_ (recovery check against rising-edge clock clk)
Path Group: asynchronous
Path Type: max

Fanout         Cap        Slew       Delay        Time   Description
---------------------------------------------------------------------------------------------
                                  0.000000    0.000000   clock clk (rise edge)
                                  0.000000    0.000000   clock network delay (propagated)
                                  5.000000    5.000000 v input external delay
     1    0.002765    0.004670    0.002246    5.002246 v reset (in)
                                                         reset (net)
                      0.004670    0.000000    5.002246 v input2/A (sky130_fd_sc_hd__buf_1)
     3    0.015923    0.065825    0.086036    5.088282 v input2/X (sky130_fd_sc_hd__buf_1)
                                                         net2 (net)
                      0.065830    0.000574    5.088856 v fanout37/A (sky130_fd_sc_hd__clkbuf_4)
     8    0.047372    0.072797    0.151224    5.240080 v fanout37/X (sky130_fd_sc_hd__clkbuf_4)
                                                         net37 (net)
                      0.072815    0.001092    5.241172 v _142_/A (sky130_fd_sc_hd__inv_2)
     1    0.004063    0.027879    0.044807    5.285979 ^ _142_/Y (sky130_fd_sc_hd__inv_2)
                                                         _029_ (net)
                      0.027879    0.000083    5.286061 ^ _178_/RESET_B (sky130_fd_sc_hd__dfrtp_4)
                                              5.286061   data arrival time

                                 25.000000   25.000000   clock clk (rise edge)
                                  0.000000   25.000000   clock source latency
     1    0.014197    0.052609    0.035369   25.035368 ^ clk (in)
                                                         clk (net)
                      0.052614    0.000000   25.035368 ^ clkbuf_0_clk/A (sky130_fd_sc_hd__clkbuf_16)
     4    0.042619    0.046937    0.104375   25.139744 ^ clkbuf_0_clk/X (sky130_fd_sc_hd__clkbuf_16)
                                                         clknet_0_clk (net)
                      0.046971    0.001105   25.140848 ^ clkbuf_2_3__f_clk/A (sky130_fd_sc_hd__clkbuf_16)
    11    0.032212    0.039728    0.097174   25.238022 ^ clkbuf_2_3__f_clk/X (sky130_fd_sc_hd__clkbuf_16)
                                                         clknet_2_3__leaf_clk (net)
                      0.039732    0.000684   25.238707 ^ _178_/CLK (sky130_fd_sc_hd__dfrtp_4)
                                 -0.250000   24.988707   clock uncertainty
                                  0.000000   24.988707   clock reconvergence pessimism
                                  0.133551   25.122257   library recovery time
                                             25.122257   data required time
---------------------------------------------------------------------------------------------
                                             25.122257   data required time
                                             -5.286061   data arrival time
---------------------------------------------------------------------------------------------
                                             19.836195   slack (MET)


Startpoint: reset (input port clocked by clk)
Endpoint: _156_ (recovery check against rising-edge clock clk)
Path Group: asynchronous
Path Type: max

Fanout         Cap        Slew       Delay        Time   Description
---------------------------------------------------------------------------------------------
                                  0.000000    0.000000   clock clk (rise edge)
                                  0.000000    0.000000   clock network delay (propagated)
                                  5.000000    5.000000 v input external delay
     1    0.002765    0.004670    0.002246    5.002246 v reset (in)
                                                         reset (net)
                      0.004670    0.000000    5.002246 v input2/A (sky130_fd_sc_hd__buf_1)
     3    0.015923    0.065825    0.086036    5.088282 v input2/X (sky130_fd_sc_hd__buf_1)
                                                         net2 (net)
                      0.065828    0.000512    5.088794 v fanout35/A (sky130_fd_sc_hd__clkbuf_4)
     9    0.051737    0.078640    0.154816    5.243610 v fanout35/X (sky130_fd_sc_hd__clkbuf_4)
                                                         net35 (net)
                      0.078742    0.002521    5.246131 v _120_/A (sky130_fd_sc_hd__inv_2)
     1    0.003947    0.028640    0.046046    5.292177 ^ _120_/Y (sky130_fd_sc_hd__inv_2)
                                                         _007_ (net)
                      0.028640    0.000044    5.292221 ^ _156_/RESET_B (sky130_fd_sc_hd__dfrtp_1)
                                              5.292221   data arrival time

                                 25.000000   25.000000   clock clk (rise edge)
                                  0.000000   25.000000   clock source latency
     1    0.014197    0.052609    0.035369   25.035368 ^ clk (in)
                                                         clk (net)
                      0.052614    0.000000   25.035368 ^ clkbuf_0_clk/A (sky130_fd_sc_hd__clkbuf_16)
     4    0.042619    0.046937    0.104375   25.139744 ^ clkbuf_0_clk/X (sky130_fd_sc_hd__clkbuf_16)
                                                         clknet_0_clk (net)
                      0.046972    0.001119   25.140863 ^ clkbuf_2_2__f_clk/A (sky130_fd_sc_hd__clkbuf_16)
     8    0.025763    0.035118    0.092911   25.233772 ^ clkbuf_2_2__f_clk/X (sky130_fd_sc_hd__clkbuf_16)
                                                         clknet_2_2__leaf_clk (net)
                      0.035126    0.000494   25.234266 ^ _156_/CLK (sky130_fd_sc_hd__dfrtp_1)
                                 -0.250000   24.984268   clock uncertainty
                                  0.000000   24.984268   clock reconvergence pessimism
                                  0.144724   25.128992   library recovery time
                                             25.128992   data required time
---------------------------------------------------------------------------------------------
                                             25.128992   data required time
                                             -5.292221   data arrival time
---------------------------------------------------------------------------------------------
                                             19.836771   slack (MET)


Startpoint: reset (input port clocked by clk)
Endpoint: _157_ (recovery check against rising-edge clock clk)
Path Group: asynchronous
Path Type: max

Fanout         Cap        Slew       Delay        Time   Description
---------------------------------------------------------------------------------------------
                                  0.000000    0.000000   clock clk (rise edge)
                                  0.000000    0.000000   clock network delay (propagated)
                                  5.000000    5.000000 v input external delay
     1    0.002765    0.004670    0.002246    5.002246 v reset (in)
                                                         reset (net)
                      0.004670    0.000000    5.002246 v input2/A (sky130_fd_sc_hd__buf_1)
     3    0.015923    0.065825    0.086036    5.088282 v input2/X (sky130_fd_sc_hd__buf_1)
                                                         net2 (net)
                      0.065828    0.000512    5.088794 v fanout35/A (sky130_fd_sc_hd__clkbuf_4)
     9    0.051737    0.078640    0.154816    5.243610 v fanout35/X (sky130_fd_sc_hd__clkbuf_4)
                                                         net35 (net)
                      0.078759    0.002706    5.246316 v _121_/A (sky130_fd_sc_hd__inv_2)
     1    0.003919    0.028568    0.045926    5.292242 ^ _121_/Y (sky130_fd_sc_hd__inv_2)
                                                         _008_ (net)
                      0.028568    0.000079    5.292321 ^ _157_/RESET_B (sky130_fd_sc_hd__dfrtp_1)
                                              5.292321   data arrival time

                                 25.000000   25.000000   clock clk (rise edge)
                                  0.000000   25.000000   clock source latency
     1    0.014197    0.052609    0.035369   25.035368 ^ clk (in)
                                                         clk (net)
                      0.052614    0.000000   25.035368 ^ clkbuf_0_clk/A (sky130_fd_sc_hd__clkbuf_16)
     4    0.042619    0.046937    0.104375   25.139744 ^ clkbuf_0_clk/X (sky130_fd_sc_hd__clkbuf_16)
                                                         clknet_0_clk (net)
                      0.046972    0.001119   25.140863 ^ clkbuf_2_2__f_clk/A (sky130_fd_sc_hd__clkbuf_16)
     8    0.025763    0.035118    0.092911   25.233772 ^ clkbuf_2_2__f_clk/X (sky130_fd_sc_hd__clkbuf_16)
                                                         clknet_2_2__leaf_clk (net)
                      0.035136    0.000691   25.234465 ^ _157_/CLK (sky130_fd_sc_hd__dfrtp_1)
                                 -0.250000   24.984465   clock uncertainty
                                  0.000000   24.984465   clock reconvergence pessimism
                                  0.144739   25.129204   library recovery time
                                             25.129204   data required time
---------------------------------------------------------------------------------------------
                                             25.129204   data required time
                                             -5.292321   data arrival time
---------------------------------------------------------------------------------------------
                                             19.836884   slack (MET)


Startpoint: reset (input port clocked by clk)
Endpoint: _172_ (recovery check against rising-edge clock clk)
Path Group: asynchronous
Path Type: max

Fanout         Cap        Slew       Delay        Time   Description
---------------------------------------------------------------------------------------------
                                  0.000000    0.000000   clock clk (rise edge)
                                  0.000000    0.000000   clock network delay (propagated)
                                  5.000000    5.000000 v input external delay
     1    0.002765    0.004670    0.002246    5.002246 v reset (in)
                                                         reset (net)
                      0.004670    0.000000    5.002246 v input2/A (sky130_fd_sc_hd__buf_1)
     3    0.015923    0.065825    0.086036    5.088282 v input2/X (sky130_fd_sc_hd__buf_1)
                                                         net2 (net)
                      0.065830    0.000574    5.088856 v fanout37/A (sky130_fd_sc_hd__clkbuf_4)
     8    0.047372    0.072797    0.151224    5.240080 v fanout37/X (sky130_fd_sc_hd__clkbuf_4)
                                                         net37 (net)
                      0.072804    0.000741    5.240822 v _136_/A (sky130_fd_sc_hd__inv_2)
     1    0.005301    0.031401    0.048831    5.289652 ^ _136_/Y (sky130_fd_sc_hd__inv_2)
                                                         _023_ (net)
                      0.031401    0.000134    5.289786 ^ _172_/RESET_B (sky130_fd_sc_hd__dfrtp_1)
                                              5.289786   data arrival time

                                 25.000000   25.000000   clock clk (rise edge)
                                  0.000000   25.000000   clock source latency
     1    0.014197    0.052609    0.035369   25.035368 ^ clk (in)
                                                         clk (net)
                      0.052614    0.000000   25.035368 ^ clkbuf_0_clk/A (sky130_fd_sc_hd__clkbuf_16)
     4    0.042619    0.046937    0.104375   25.139744 ^ clkbuf_0_clk/X (sky130_fd_sc_hd__clkbuf_16)
                                                         clknet_0_clk (net)
                      0.046971    0.001105   25.140848 ^ clkbuf_2_3__f_clk/A (sky130_fd_sc_hd__clkbuf_16)
    11    0.032212    0.039728    0.097174   25.238022 ^ clkbuf_2_3__f_clk/X (sky130_fd_sc_hd__clkbuf_16)
                                                         clknet_2_3__leaf_clk (net)
                      0.039735    0.000918   25.238941 ^ _172_/CLK (sky130_fd_sc_hd__dfrtp_1)
                                 -0.250000   24.988941   clock uncertainty
                                  0.000000   24.988941   clock reconvergence pessimism
                                  0.144896   25.133837   library recovery time
                                             25.133837   data required time
---------------------------------------------------------------------------------------------
                                             25.133837   data required time
                                             -5.289786   data arrival time
---------------------------------------------------------------------------------------------
                                             19.844051   slack (MET)


Startpoint: reset (input port clocked by clk)
Endpoint: _183_ (recovery check against rising-edge clock clk)
Path Group: asynchronous
Path Type: max

Fanout         Cap        Slew       Delay        Time   Description
---------------------------------------------------------------------------------------------
                                  0.000000    0.000000   clock clk (rise edge)
                                  0.000000    0.000000   clock network delay (propagated)
                                  5.000000    5.000000 v input external delay
     1    0.002765    0.004670    0.002246    5.002246 v reset (in)
                                                         reset (net)
                      0.004670    0.000000    5.002246 v input2/A (sky130_fd_sc_hd__buf_1)
     3    0.015923    0.065825    0.086036    5.088282 v input2/X (sky130_fd_sc_hd__buf_1)
                                                         net2 (net)
                      0.065830    0.000574    5.088856 v fanout37/A (sky130_fd_sc_hd__clkbuf_4)
     8    0.047372    0.072797    0.151224    5.240080 v fanout37/X (sky130_fd_sc_hd__clkbuf_4)
                                                         net37 (net)
                      0.072812    0.001000    5.241081 v _147_/A (sky130_fd_sc_hd__inv_2)
     1    0.004656    0.029681    0.047014    5.288095 ^ _147_/Y (sky130_fd_sc_hd__inv_2)
                                                         _034_ (net)
                      0.029681    0.000106    5.288201 ^ _183_/RESET_B (sky130_fd_sc_hd__dfrtp_1)
                                              5.288201   data arrival time

                                 25.000000   25.000000   clock clk (rise edge)
                                  0.000000   25.000000   clock source latency
     1    0.014197    0.052609    0.035369   25.035368 ^ clk (in)
                                                         clk (net)
                      0.052614    0.000000   25.035368 ^ clkbuf_0_clk/A (sky130_fd_sc_hd__clkbuf_16)
     4    0.042619    0.046937    0.104375   25.139744 ^ clkbuf_0_clk/X (sky130_fd_sc_hd__clkbuf_16)
                                                         clknet_0_clk (net)
                      0.046971    0.001105   25.140848 ^ clkbuf_2_3__f_clk/A (sky130_fd_sc_hd__clkbuf_16)
    11    0.032212    0.039728    0.097174   25.238022 ^ clkbuf_2_3__f_clk/X (sky130_fd_sc_hd__clkbuf_16)
                                                         clknet_2_3__leaf_clk (net)
                      0.039734    0.000863   25.238886 ^ _183_/CLK (sky130_fd_sc_hd__dfrtp_1)
                                 -0.250000   24.988886   clock uncertainty
                                  0.000000   24.988886   clock reconvergence pessimism
                                  0.145217   25.134104   library recovery time
                                             25.134104   data required time
---------------------------------------------------------------------------------------------
                                             25.134104   data required time
                                             -5.288201   data arrival time
---------------------------------------------------------------------------------------------
                                             19.845903   slack (MET)


Startpoint: reset (input port clocked by clk)
Endpoint: _170_ (recovery check against rising-edge clock clk)
Path Group: asynchronous
Path Type: max

Fanout         Cap        Slew       Delay        Time   Description
---------------------------------------------------------------------------------------------
                                  0.000000    0.000000   clock clk (rise edge)
                                  0.000000    0.000000   clock network delay (propagated)
                                  5.000000    5.000000 v input external delay
     1    0.002765    0.004670    0.002246    5.002246 v reset (in)
                                                         reset (net)
                      0.004670    0.000000    5.002246 v input2/A (sky130_fd_sc_hd__buf_1)
     3    0.015923    0.065825    0.086036    5.088282 v input2/X (sky130_fd_sc_hd__buf_1)
                                                         net2 (net)
                      0.065830    0.000574    5.088856 v fanout37/A (sky130_fd_sc_hd__clkbuf_4)
     8    0.047372    0.072797    0.151224    5.240080 v fanout37/X (sky130_fd_sc_hd__clkbuf_4)
                                                         net37 (net)
                      0.072801    0.000570    5.240650 v _134_/A (sky130_fd_sc_hd__inv_2)
     1    0.004335    0.028673    0.045818    5.286469 ^ _134_/Y (sky130_fd_sc_hd__inv_2)
                                                         _021_ (net)
                      0.028673    0.000093    5.286561 ^ _170_/RESET_B (sky130_fd_sc_hd__dfrtp_1)
                                              5.286561   data arrival time

                                 25.000000   25.000000   clock clk (rise edge)
                                  0.000000   25.000000   clock source latency
     1    0.014197    0.052609    0.035369   25.035368 ^ clk (in)
                                                         clk (net)
                      0.052614    0.000000   25.035368 ^ clkbuf_0_clk/A (sky130_fd_sc_hd__clkbuf_16)
     4    0.042619    0.046937    0.104375   25.139744 ^ clkbuf_0_clk/X (sky130_fd_sc_hd__clkbuf_16)
                                                         clknet_0_clk (net)
                      0.046971    0.001105   25.140848 ^ clkbuf_2_3__f_clk/A (sky130_fd_sc_hd__clkbuf_16)
    11    0.032212    0.039728    0.097174   25.238022 ^ clkbuf_2_3__f_clk/X (sky130_fd_sc_hd__clkbuf_16)
                                                         clknet_2_3__leaf_clk (net)
                      0.039733    0.000817   25.238840 ^ _170_/CLK (sky130_fd_sc_hd__dfrtp_1)
                                 -0.250000   24.988840   clock uncertainty
                                  0.000000   24.988840   clock reconvergence pessimism
                                  0.145405   25.134245   library recovery time
                                             25.134245   data required time
---------------------------------------------------------------------------------------------
                                             25.134245   data required time
                                             -5.286561   data arrival time
---------------------------------------------------------------------------------------------
                                             19.847683   slack (MET)


Startpoint: reset (input port clocked by clk)
Endpoint: _182_ (recovery check against rising-edge clock clk)
Path Group: asynchronous
Path Type: max

Fanout         Cap        Slew       Delay        Time   Description
---------------------------------------------------------------------------------------------
                                  0.000000    0.000000   clock clk (rise edge)
                                  0.000000    0.000000   clock network delay (propagated)
                                  5.000000    5.000000 v input external delay
     1    0.002765    0.004670    0.002246    5.002246 v reset (in)
                                                         reset (net)
                      0.004670    0.000000    5.002246 v input2/A (sky130_fd_sc_hd__buf_1)
     3    0.015923    0.065825    0.086036    5.088282 v input2/X (sky130_fd_sc_hd__buf_1)
                                                         net2 (net)
                      0.065830    0.000574    5.088856 v fanout37/A (sky130_fd_sc_hd__clkbuf_4)
     8    0.047372    0.072797    0.151224    5.240080 v fanout37/X (sky130_fd_sc_hd__clkbuf_4)
                                                         net37 (net)
                      0.072812    0.000993    5.241074 v _146_/A (sky130_fd_sc_hd__inv_2)
     1    0.004151    0.028130    0.045135    5.286210 ^ _146_/Y (sky130_fd_sc_hd__inv_2)
                                                         _033_ (net)
                      0.028130    0.000084    5.286294 ^ _182_/RESET_B (sky130_fd_sc_hd__dfrtp_1)
                                              5.286294   data arrival time

                                 25.000000   25.000000   clock clk (rise edge)
                                  0.000000   25.000000   clock source latency
     1    0.014197    0.052609    0.035369   25.035368 ^ clk (in)
                                                         clk (net)
                      0.052614    0.000000   25.035368 ^ clkbuf_0_clk/A (sky130_fd_sc_hd__clkbuf_16)
     4    0.042619    0.046937    0.104375   25.139744 ^ clkbuf_0_clk/X (sky130_fd_sc_hd__clkbuf_16)
                                                         clknet_0_clk (net)
                      0.046971    0.001105   25.140848 ^ clkbuf_2_3__f_clk/A (sky130_fd_sc_hd__clkbuf_16)
    11    0.032212    0.039728    0.097174   25.238022 ^ clkbuf_2_3__f_clk/X (sky130_fd_sc_hd__clkbuf_16)
                                                         clknet_2_3__leaf_clk (net)
                      0.039734    0.000847   25.238869 ^ _182_/CLK (sky130_fd_sc_hd__dfrtp_1)
                                 -0.250000   24.988871   clock uncertainty
                                  0.000000   24.988871   clock reconvergence pessimism
                                  0.145506   25.134377   library recovery time
                                             25.134377   data required time
---------------------------------------------------------------------------------------------
                                             25.134377   data required time
                                             -5.286294   data arrival time
---------------------------------------------------------------------------------------------
                                             19.848083   slack (MET)


Startpoint: reset (input port clocked by clk)
Endpoint: _171_ (recovery check against rising-edge clock clk)
Path Group: asynchronous
Path Type: max

Fanout         Cap        Slew       Delay        Time   Description
---------------------------------------------------------------------------------------------
                                  0.000000    0.000000   clock clk (rise edge)
                                  0.000000    0.000000   clock network delay (propagated)
                                  5.000000    5.000000 v input external delay
     1    0.002765    0.004670    0.002246    5.002246 v reset (in)
                                                         reset (net)
                      0.004670    0.000000    5.002246 v input2/A (sky130_fd_sc_hd__buf_1)
     3    0.015923    0.065825    0.086036    5.088282 v input2/X (sky130_fd_sc_hd__buf_1)
                                                         net2 (net)
                      0.065830    0.000574    5.088856 v fanout37/A (sky130_fd_sc_hd__clkbuf_4)
     8    0.047372    0.072797    0.151224    5.240080 v fanout37/X (sky130_fd_sc_hd__clkbuf_4)
                                                         net37 (net)
                      0.072802    0.000665    5.240746 v _135_/A (sky130_fd_sc_hd__inv_2)
     1    0.004200    0.028269    0.045313    5.286058 ^ _135_/Y (sky130_fd_sc_hd__inv_2)
                                                         _022_ (net)
                      0.028269    0.000087    5.286146 ^ _171_/RESET_B (sky130_fd_sc_hd__dfrtp_1)
                                              5.286146   data arrival time

                                 25.000000   25.000000   clock clk (rise edge)
                                  0.000000   25.000000   clock source latency
     1    0.014197    0.052609    0.035369   25.035368 ^ clk (in)
                                                         clk (net)
                      0.052614    0.000000   25.035368 ^ clkbuf_0_clk/A (sky130_fd_sc_hd__clkbuf_16)
     4    0.042619    0.046937    0.104375   25.139744 ^ clkbuf_0_clk/X (sky130_fd_sc_hd__clkbuf_16)
                                                         clknet_0_clk (net)
                      0.046971    0.001105   25.140848 ^ clkbuf_2_3__f_clk/A (sky130_fd_sc_hd__clkbuf_16)
    11    0.032212    0.039728    0.097174   25.238022 ^ clkbuf_2_3__f_clk/X (sky130_fd_sc_hd__clkbuf_16)
                                                         clknet_2_3__leaf_clk (net)
                      0.039735    0.000933   25.238955 ^ _171_/CLK (sky130_fd_sc_hd__dfrtp_1)
                                 -0.250000   24.988956   clock uncertainty
                                  0.000000   24.988956   clock reconvergence pessimism
                                  0.145480   25.134436   library recovery time
                                             25.134436   data required time
---------------------------------------------------------------------------------------------
                                             25.134436   data required time
                                             -5.286146   data arrival time
---------------------------------------------------------------------------------------------
                                             19.848291   slack (MET)


Startpoint: reset (input port clocked by clk)
Endpoint: _169_ (recovery check against rising-edge clock clk)
Path Group: asynchronous
Path Type: max

Fanout         Cap        Slew       Delay        Time   Description
---------------------------------------------------------------------------------------------
                                  0.000000    0.000000   clock clk (rise edge)
                                  0.000000    0.000000   clock network delay (propagated)
                                  5.000000    5.000000 v input external delay
     1    0.002765    0.004670    0.002246    5.002246 v reset (in)
                                                         reset (net)
                      0.004670    0.000000    5.002246 v input2/A (sky130_fd_sc_hd__buf_1)
     3    0.015923    0.065825    0.086036    5.088282 v input2/X (sky130_fd_sc_hd__buf_1)
                                                         net2 (net)
                      0.065830    0.000574    5.088856 v fanout37/A (sky130_fd_sc_hd__clkbuf_4)
     8    0.047372    0.072797    0.151224    5.240080 v fanout37/X (sky130_fd_sc_hd__clkbuf_4)
                                                         net37 (net)
                      0.072814    0.001058    5.241138 v _133_/A (sky130_fd_sc_hd__inv_2)
     1    0.003895    0.027409    0.044180    5.285318 ^ _133_/Y (sky130_fd_sc_hd__inv_2)
                                                         _020_ (net)
                      0.027409    0.000078    5.285396 ^ _169_/RESET_B (sky130_fd_sc_hd__dfrtp_1)
                                              5.285396   data arrival time

                                 25.000000   25.000000   clock clk (rise edge)
                                  0.000000   25.000000   clock source latency
     1    0.014197    0.052609    0.035369   25.035368 ^ clk (in)
                                                         clk (net)
                      0.052614    0.000000   25.035368 ^ clkbuf_0_clk/A (sky130_fd_sc_hd__clkbuf_16)
     4    0.042619    0.046937    0.104375   25.139744 ^ clkbuf_0_clk/X (sky130_fd_sc_hd__clkbuf_16)
                                                         clknet_0_clk (net)
                      0.046971    0.001105   25.140848 ^ clkbuf_2_3__f_clk/A (sky130_fd_sc_hd__clkbuf_16)
    11    0.032212    0.039728    0.097174   25.238022 ^ clkbuf_2_3__f_clk/X (sky130_fd_sc_hd__clkbuf_16)
                                                         clknet_2_3__leaf_clk (net)
                      0.039734    0.000840   25.238863 ^ _169_/CLK (sky130_fd_sc_hd__dfrtp_1)
                                 -0.250000   24.988863   clock uncertainty
                                  0.000000   24.988863   clock reconvergence pessimism
                                  0.145641   25.134504   library recovery time
                                             25.134504   data required time
---------------------------------------------------------------------------------------------
                                             25.134504   data required time
                                             -5.285396   data arrival time
---------------------------------------------------------------------------------------------
                                             19.849108   slack (MET)


Startpoint: reset (input port clocked by clk)
Endpoint: _184_ (recovery check against rising-edge clock clk)
Path Group: asynchronous
Path Type: max

Fanout         Cap        Slew       Delay        Time   Description
---------------------------------------------------------------------------------------------
                                  0.000000    0.000000   clock clk (rise edge)
                                  0.000000    0.000000   clock network delay (propagated)
                                  5.000000    5.000000 v input external delay
     1    0.002765    0.004670    0.002246    5.002246 v reset (in)
                                                         reset (net)
                      0.004670    0.000000    5.002246 v input2/A (sky130_fd_sc_hd__buf_1)
     3    0.015923    0.065825    0.086036    5.088282 v input2/X (sky130_fd_sc_hd__buf_1)
                                                         net2 (net)
                      0.065826    0.000357    5.088639 v fanout36/A (sky130_fd_sc_hd__buf_4)
    10    0.057100    0.061707    0.141710    5.230349 v fanout36/X (sky130_fd_sc_hd__buf_4)
                                                         net36 (net)
                      0.061832    0.002446    5.232796 v _148_/A (sky130_fd_sc_hd__inv_2)
     1    0.004784    0.027832    0.044208    5.277004 ^ _148_/Y (sky130_fd_sc_hd__inv_2)
                                                         _035_ (net)
                      0.027832    0.000110    5.277113 ^ _184_/RESET_B (sky130_fd_sc_hd__dfrtp_1)
                                              5.277113   data arrival time

                                 25.000000   25.000000   clock clk (rise edge)
                                  0.000000   25.000000   clock source latency
     1    0.014197    0.052609    0.035369   25.035368 ^ clk (in)
                                                         clk (net)
                      0.052614    0.000000   25.035368 ^ clkbuf_0_clk/A (sky130_fd_sc_hd__clkbuf_16)
     4    0.042619    0.046937    0.104375   25.139744 ^ clkbuf_0_clk/X (sky130_fd_sc_hd__clkbuf_16)
                                                         clknet_0_clk (net)
                      0.046972    0.001114   25.140858 ^ clkbuf_2_1__f_clk/A (sky130_fd_sc_hd__clkbuf_16)
    10    0.029711    0.037945    0.095461   25.236319 ^ clkbuf_2_1__f_clk/X (sky130_fd_sc_hd__clkbuf_16)
                                                         clknet_2_1__leaf_clk (net)
                      0.037987    0.001098   25.237417 ^ _184_/CLK (sky130_fd_sc_hd__dfrtp_1)
                                 -0.250000   24.987417   clock uncertainty
                                  0.000000   24.987417   clock reconvergence pessimism
                                  0.145302   25.132719   library recovery time
                                             25.132719   data required time
---------------------------------------------------------------------------------------------
                                             25.132719   data required time
                                             -5.277113   data arrival time
---------------------------------------------------------------------------------------------
                                             19.855606   slack (MET)


Startpoint: reset (input port clocked by clk)
Endpoint: _153_ (recovery check against rising-edge clock clk)
Path Group: asynchronous
Path Type: max

Fanout         Cap        Slew       Delay        Time   Description
---------------------------------------------------------------------------------------------
                                  0.000000    0.000000   clock clk (rise edge)
                                  0.000000    0.000000   clock network delay (propagated)
                                  5.000000    5.000000 v input external delay
     1    0.002765    0.004670    0.002246    5.002246 v reset (in)
                                                         reset (net)
                      0.004670    0.000000    5.002246 v input2/A (sky130_fd_sc_hd__buf_1)
     3    0.015923    0.065825    0.086036    5.088282 v input2/X (sky130_fd_sc_hd__buf_1)
                                                         net2 (net)
                      0.065826    0.000357    5.088639 v fanout36/A (sky130_fd_sc_hd__buf_4)
    10    0.057100    0.061707    0.141710    5.230349 v fanout36/X (sky130_fd_sc_hd__buf_4)
                                                         net36 (net)
                      0.061720    0.000907    5.231256 v _117_/A (sky130_fd_sc_hd__inv_2)
     1    0.004916    0.028156    0.044513    5.275769 ^ _117_/Y (sky130_fd_sc_hd__inv_2)
                                                         _004_ (net)
                      0.028156    0.000075    5.275844 ^ _153_/RESET_B (sky130_fd_sc_hd__dfrtp_1)
                                              5.275844   data arrival time

                                 25.000000   25.000000   clock clk (rise edge)
                                  0.000000   25.000000   clock source latency
     1    0.014197    0.052609    0.035369   25.035368 ^ clk (in)
                                                         clk (net)
                      0.052614    0.000000   25.035368 ^ clkbuf_0_clk/A (sky130_fd_sc_hd__clkbuf_16)
     4    0.042619    0.046937    0.104375   25.139744 ^ clkbuf_0_clk/X (sky130_fd_sc_hd__clkbuf_16)
                                                         clknet_0_clk (net)
                      0.046972    0.001114   25.140858 ^ clkbuf_2_1__f_clk/A (sky130_fd_sc_hd__clkbuf_16)
    10    0.029711    0.037945    0.095461   25.236319 ^ clkbuf_2_1__f_clk/X (sky130_fd_sc_hd__clkbuf_16)
                                                         clknet_2_1__leaf_clk (net)
                      0.037972    0.000904   25.237223 ^ _153_/CLK (sky130_fd_sc_hd__dfrtp_1)
                                 -0.250000   24.987225   clock uncertainty
                                  0.000000   24.987225   clock reconvergence pessimism
                                  0.145239   25.132462   library recovery time
                                             25.132462   data required time
---------------------------------------------------------------------------------------------
                                             25.132462   data required time
                                             -5.275844   data arrival time
---------------------------------------------------------------------------------------------
                                             19.856619   slack (MET)


Startpoint: reset (input port clocked by clk)
Endpoint: _173_ (recovery check against rising-edge clock clk)
Path Group: asynchronous
Path Type: max

Fanout         Cap        Slew       Delay        Time   Description
---------------------------------------------------------------------------------------------
                                  0.000000    0.000000   clock clk (rise edge)
                                  0.000000    0.000000   clock network delay (propagated)
                                  5.000000    5.000000 v input external delay
     1    0.002765    0.004670    0.002246    5.002246 v reset (in)
                                                         reset (net)
                      0.004670    0.000000    5.002246 v input2/A (sky130_fd_sc_hd__buf_1)
     3    0.015923    0.065825    0.086036    5.088282 v input2/X (sky130_fd_sc_hd__buf_1)
                                                         net2 (net)
                      0.065826    0.000357    5.088639 v fanout36/A (sky130_fd_sc_hd__buf_4)
    10    0.057100    0.061707    0.141710    5.230349 v fanout36/X (sky130_fd_sc_hd__buf_4)
                                                         net36 (net)
                      0.061859    0.002673    5.233023 v _137_/A (sky130_fd_sc_hd__inv_2)
     1    0.004307    0.026474    0.042560    5.275582 ^ _137_/Y (sky130_fd_sc_hd__inv_2)
                                                         _024_ (net)
                      0.026474    0.000092    5.275674 ^ _173_/RESET_B (sky130_fd_sc_hd__dfrtp_1)
                                              5.275674   data arrival time

                                 25.000000   25.000000   clock clk (rise edge)
                                  0.000000   25.000000   clock source latency
     1    0.014197    0.052609    0.035369   25.035368 ^ clk (in)
                                                         clk (net)
                      0.052614    0.000000   25.035368 ^ clkbuf_0_clk/A (sky130_fd_sc_hd__clkbuf_16)
     4    0.042619    0.046937    0.104375   25.139744 ^ clkbuf_0_clk/X (sky130_fd_sc_hd__clkbuf_16)
                                                         clknet_0_clk (net)
                      0.046972    0.001114   25.140858 ^ clkbuf_2_1__f_clk/A (sky130_fd_sc_hd__clkbuf_16)
    10    0.029711    0.037945    0.095461   25.236319 ^ clkbuf_2_1__f_clk/X (sky130_fd_sc_hd__clkbuf_16)
                                                         clknet_2_1__leaf_clk (net)
                      0.037953    0.000558   25.236876 ^ _173_/CLK (sky130_fd_sc_hd__dfrtp_1)
                                 -0.250000   24.986877   clock uncertainty
                                  0.000000   24.986877   clock reconvergence pessimism
                                  0.145550   25.132427   library recovery time
                                             25.132427   data required time
---------------------------------------------------------------------------------------------
                                             25.132427   data required time
                                             -5.275674   data arrival time
---------------------------------------------------------------------------------------------
                                             19.856752   slack (MET)


Startpoint: reset (input port clocked by clk)
Endpoint: _150_ (recovery check against rising-edge clock clk)
Path Group: asynchronous
Path Type: max

Fanout         Cap        Slew       Delay        Time   Description
---------------------------------------------------------------------------------------------
                                  0.000000    0.000000   clock clk (rise edge)
                                  0.000000    0.000000   clock network delay (propagated)
                                  5.000000    5.000000 v input external delay
     1    0.002765    0.004670    0.002246    5.002246 v reset (in)
                                                         reset (net)
                      0.004670    0.000000    5.002246 v input2/A (sky130_fd_sc_hd__buf_1)
     3    0.015923    0.065825    0.086036    5.088282 v input2/X (sky130_fd_sc_hd__buf_1)
                                                         net2 (net)
                      0.065826    0.000357    5.088639 v fanout36/A (sky130_fd_sc_hd__buf_4)
    10    0.057100    0.061707    0.141710    5.230349 v fanout36/X (sky130_fd_sc_hd__buf_4)
                                                         net36 (net)
                      0.061801    0.002151    5.232501 v _114_/A (sky130_fd_sc_hd__inv_2)
     1    0.004182    0.026130    0.042112    5.274612 ^ _114_/Y (sky130_fd_sc_hd__inv_2)
                                                         _001_ (net)
                      0.026130    0.000089    5.274701 ^ _150_/RESET_B (sky130_fd_sc_hd__dfrtp_1)
                                              5.274701   data arrival time

                                 25.000000   25.000000   clock clk (rise edge)
                                  0.000000   25.000000   clock source latency
     1    0.014197    0.052609    0.035369   25.035368 ^ clk (in)
                                                         clk (net)
                      0.052614    0.000000   25.035368 ^ clkbuf_0_clk/A (sky130_fd_sc_hd__clkbuf_16)
     4    0.042619    0.046937    0.104375   25.139744 ^ clkbuf_0_clk/X (sky130_fd_sc_hd__clkbuf_16)
                                                         clknet_0_clk (net)
                      0.046972    0.001114   25.140858 ^ clkbuf_2_1__f_clk/A (sky130_fd_sc_hd__clkbuf_16)
    10    0.029711    0.037945    0.095461   25.236319 ^ clkbuf_2_1__f_clk/X (sky130_fd_sc_hd__clkbuf_16)
                                                         clknet_2_1__leaf_clk (net)
                      0.037953    0.000561   25.236879 ^ _150_/CLK (sky130_fd_sc_hd__dfrtp_1)
                                 -0.250000   24.986881   clock uncertainty
                                  0.000000   24.986881   clock reconvergence pessimism
                                  0.145614   25.132496   library recovery time
                                             25.132496   data required time
---------------------------------------------------------------------------------------------
                                             25.132496   data required time
                                             -5.274701   data arrival time
---------------------------------------------------------------------------------------------
                                             19.857794   slack (MET)


Startpoint: reset (input port clocked by clk)
Endpoint: _149_ (recovery check against rising-edge clock clk)
Path Group: asynchronous
Path Type: max

Fanout         Cap        Slew       Delay        Time   Description
---------------------------------------------------------------------------------------------
                                  0.000000    0.000000   clock clk (rise edge)
                                  0.000000    0.000000   clock network delay (propagated)
                                  5.000000    5.000000 v input external delay
     1    0.002765    0.004670    0.002246    5.002246 v reset (in)
                                                         reset (net)
                      0.004670    0.000000    5.002246 v input2/A (sky130_fd_sc_hd__buf_1)
     3    0.015923    0.065825    0.086036    5.088282 v input2/X (sky130_fd_sc_hd__buf_1)
                                                         net2 (net)
                      0.065826    0.000357    5.088639 v fanout36/A (sky130_fd_sc_hd__buf_4)
    10    0.057100    0.061707    0.141710    5.230349 v fanout36/X (sky130_fd_sc_hd__buf_4)
                                                         net36 (net)
                      0.061736    0.001261    5.231610 v _051_/A (sky130_fd_sc_hd__inv_2)
     1    0.004374    0.026635    0.042759    5.274369 ^ _051_/Y (sky130_fd_sc_hd__inv_2)
                                                         _000_ (net)
                      0.026635    0.000091    5.274460 ^ _149_/RESET_B (sky130_fd_sc_hd__dfrtp_1)
                                              5.274460   data arrival time

                                 25.000000   25.000000   clock clk (rise edge)
                                  0.000000   25.000000   clock source latency
     1    0.014197    0.052609    0.035369   25.035368 ^ clk (in)
                                                         clk (net)
                      0.052614    0.000000   25.035368 ^ clkbuf_0_clk/A (sky130_fd_sc_hd__clkbuf_16)
     4    0.042619    0.046937    0.104375   25.139744 ^ clkbuf_0_clk/X (sky130_fd_sc_hd__clkbuf_16)
                                                         clknet_0_clk (net)
                      0.046972    0.001114   25.140858 ^ clkbuf_2_1__f_clk/A (sky130_fd_sc_hd__clkbuf_16)
    10    0.029711    0.037945    0.095461   25.236319 ^ clkbuf_2_1__f_clk/X (sky130_fd_sc_hd__clkbuf_16)
                                                         clknet_2_1__leaf_clk (net)
                      0.037953    0.000549   25.236868 ^ _149_/CLK (sky130_fd_sc_hd__dfrtp_1)
                                 -0.250000   24.986868   clock uncertainty
                                  0.000000   24.986868   clock reconvergence pessimism
                                  0.145520   25.132387   library recovery time
                                             25.132387   data required time
---------------------------------------------------------------------------------------------
                                             25.132387   data required time
                                             -5.274460   data arrival time
---------------------------------------------------------------------------------------------
                                             19.857927   slack (MET)


Startpoint: reset (input port clocked by clk)
Endpoint: _152_ (recovery check against rising-edge clock clk)
Path Group: asynchronous
Path Type: max

Fanout         Cap        Slew       Delay        Time   Description
---------------------------------------------------------------------------------------------
                                  0.000000    0.000000   clock clk (rise edge)
                                  0.000000    0.000000   clock network delay (propagated)
                                  5.000000    5.000000 v input external delay
     1    0.002765    0.004670    0.002246    5.002246 v reset (in)
                                                         reset (net)
                      0.004670    0.000000    5.002246 v input2/A (sky130_fd_sc_hd__buf_1)
     3    0.015923    0.065825    0.086036    5.088282 v input2/X (sky130_fd_sc_hd__buf_1)
                                                         net2 (net)
                      0.065826    0.000357    5.088639 v fanout36/A (sky130_fd_sc_hd__buf_4)
    10    0.057100    0.061707    0.141710    5.230349 v fanout36/X (sky130_fd_sc_hd__buf_4)
                                                         net36 (net)
                      0.061879    0.002831    5.233180 v _116_/A (sky130_fd_sc_hd__inv_2)
     1    0.004041    0.025774    0.041644    5.274824 ^ _116_/Y (sky130_fd_sc_hd__inv_2)
                                                         _003_ (net)
                      0.025774    0.000080    5.274904 ^ _152_/RESET_B (sky130_fd_sc_hd__dfrtp_1)
                                              5.274904   data arrival time

                                 25.000000   25.000000   clock clk (rise edge)
                                  0.000000   25.000000   clock source latency
     1    0.014197    0.052609    0.035369   25.035368 ^ clk (in)
                                                         clk (net)
                      0.052614    0.000000   25.035368 ^ clkbuf_0_clk/A (sky130_fd_sc_hd__clkbuf_16)
     4    0.042619    0.046937    0.104375   25.139744 ^ clkbuf_0_clk/X (sky130_fd_sc_hd__clkbuf_16)
                                                         clknet_0_clk (net)
                      0.046972    0.001114   25.140858 ^ clkbuf_2_1__f_clk/A (sky130_fd_sc_hd__clkbuf_16)
    10    0.029711    0.037945    0.095461   25.236319 ^ clkbuf_2_1__f_clk/X (sky130_fd_sc_hd__clkbuf_16)
                                                         clknet_2_1__leaf_clk (net)
                      0.037976    0.000959   25.237278 ^ _152_/CLK (sky130_fd_sc_hd__dfrtp_1)
                                 -0.250000   24.987278   clock uncertainty
                                  0.000000   24.987278   clock reconvergence pessimism
                                  0.145684   25.132963   library recovery time
                                             25.132963   data required time
---------------------------------------------------------------------------------------------
                                             25.132963   data required time
                                             -5.274904   data arrival time
---------------------------------------------------------------------------------------------
                                             19.858059   slack (MET)


Startpoint: reset (input port clocked by clk)
Endpoint: _151_ (recovery check against rising-edge clock clk)
Path Group: asynchronous
Path Type: max

Fanout         Cap        Slew       Delay        Time   Description
---------------------------------------------------------------------------------------------
                                  0.000000    0.000000   clock clk (rise edge)
                                  0.000000    0.000000   clock network delay (propagated)
                                  5.000000    5.000000 v input external delay
     1    0.002765    0.004670    0.002246    5.002246 v reset (in)
                                                         reset (net)
                      0.004670    0.000000    5.002246 v input2/A (sky130_fd_sc_hd__buf_1)
     3    0.015923    0.065825    0.086036    5.088282 v input2/X (sky130_fd_sc_hd__buf_1)
                                                         net2 (net)
                      0.065826    0.000357    5.088639 v fanout36/A (sky130_fd_sc_hd__buf_4)
    10    0.057100    0.061707    0.141710    5.230349 v fanout36/X (sky130_fd_sc_hd__buf_4)
                                                         net36 (net)
                      0.061907    0.003029    5.233378 v _115_/A (sky130_fd_sc_hd__inv_2)
     1    0.003891    0.025397    0.041132    5.274509 ^ _115_/Y (sky130_fd_sc_hd__inv_2)
                                                         _002_ (net)
                      0.025397    0.000078    5.274587 ^ _151_/RESET_B (sky130_fd_sc_hd__dfrtp_1)
                                              5.274587   data arrival time

                                 25.000000   25.000000   clock clk (rise edge)
                                  0.000000   25.000000   clock source latency
     1    0.014197    0.052609    0.035369   25.035368 ^ clk (in)
                                                         clk (net)
                      0.052614    0.000000   25.035368 ^ clkbuf_0_clk/A (sky130_fd_sc_hd__clkbuf_16)
     4    0.042619    0.046937    0.104375   25.139744 ^ clkbuf_0_clk/X (sky130_fd_sc_hd__clkbuf_16)
                                                         clknet_0_clk (net)
                      0.046972    0.001114   25.140858 ^ clkbuf_2_1__f_clk/A (sky130_fd_sc_hd__clkbuf_16)
    10    0.029711    0.037945    0.095461   25.236319 ^ clkbuf_2_1__f_clk/X (sky130_fd_sc_hd__clkbuf_16)
                                                         clknet_2_1__leaf_clk (net)
                      0.037978    0.000989   25.237309 ^ _151_/CLK (sky130_fd_sc_hd__dfrtp_1)
                                 -0.250000   24.987309   clock uncertainty
                                  0.000000   24.987309   clock reconvergence pessimism
                                  0.145755   25.133064   library recovery time
                                             25.133064   data required time
---------------------------------------------------------------------------------------------
                                             25.133064   data required time
                                             -5.274587   data arrival time
---------------------------------------------------------------------------------------------
                                             19.858477   slack (MET)


Startpoint: reset (input port clocked by clk)
Endpoint: _167_ (recovery check against rising-edge clock clk)
Path Group: asynchronous
Path Type: max

Fanout         Cap        Slew       Delay        Time   Description
---------------------------------------------------------------------------------------------
                                  0.000000    0.000000   clock clk (rise edge)
                                  0.000000    0.000000   clock network delay (propagated)
                                  5.000000    5.000000 v input external delay
     1    0.002765    0.004670    0.002246    5.002246 v reset (in)
                                                         reset (net)
                      0.004670    0.000000    5.002246 v input2/A (sky130_fd_sc_hd__buf_1)
     3    0.015923    0.065825    0.086036    5.088282 v input2/X (sky130_fd_sc_hd__buf_1)
                                                         net2 (net)
                      0.065826    0.000357    5.088639 v fanout36/A (sky130_fd_sc_hd__buf_4)
    10    0.057100    0.061707    0.141710    5.230349 v fanout36/X (sky130_fd_sc_hd__buf_4)
                                                         net36 (net)
                      0.061810    0.002242    5.232591 v _131_/A (sky130_fd_sc_hd__inv_2)
     1    0.004434    0.026821    0.042987    5.275578 ^ _131_/Y (sky130_fd_sc_hd__inv_2)
                                                         _018_ (net)
                      0.026821    0.000100    5.275678 ^ _167_/RESET_B (sky130_fd_sc_hd__dfrtp_1)
                                              5.275678   data arrival time

                                 25.000000   25.000000   clock clk (rise edge)
                                  0.000000   25.000000   clock source latency
     1    0.014197    0.052609    0.035369   25.035368 ^ clk (in)
                                                         clk (net)
                      0.052614    0.000000   25.035368 ^ clkbuf_0_clk/A (sky130_fd_sc_hd__clkbuf_16)
     4    0.042619    0.046937    0.104375   25.139744 ^ clkbuf_0_clk/X (sky130_fd_sc_hd__clkbuf_16)
                                                         clknet_0_clk (net)
                      0.046971    0.001105   25.140848 ^ clkbuf_2_3__f_clk/A (sky130_fd_sc_hd__clkbuf_16)
    11    0.032212    0.039728    0.097174   25.238022 ^ clkbuf_2_3__f_clk/X (sky130_fd_sc_hd__clkbuf_16)
                                                         clknet_2_3__leaf_clk (net)
                      0.039733    0.000806   25.238829 ^ _167_/CLK (sky130_fd_sc_hd__dfrtp_1)
                                 -0.250000   24.988829   clock uncertainty
                                  0.000000   24.988829   clock reconvergence pessimism
                                  0.145751   25.134579   library recovery time
                                             25.134579   data required time
---------------------------------------------------------------------------------------------
                                             25.134579   data required time
                                             -5.275678   data arrival time
---------------------------------------------------------------------------------------------
                                             19.858900   slack (MET)


Startpoint: reset (input port clocked by clk)
Endpoint: _168_ (recovery check against rising-edge clock clk)
Path Group: asynchronous
Path Type: max

Fanout         Cap        Slew       Delay        Time   Description
---------------------------------------------------------------------------------------------
                                  0.000000    0.000000   clock clk (rise edge)
                                  0.000000    0.000000   clock network delay (propagated)
                                  5.000000    5.000000 v input external delay
     1    0.002765    0.004670    0.002246    5.002246 v reset (in)
                                                         reset (net)
                      0.004670    0.000000    5.002246 v input2/A (sky130_fd_sc_hd__buf_1)
     3    0.015923    0.065825    0.086036    5.088282 v input2/X (sky130_fd_sc_hd__buf_1)
                                                         net2 (net)
                      0.065826    0.000357    5.088639 v fanout36/A (sky130_fd_sc_hd__buf_4)
    10    0.057100    0.061707    0.141710    5.230349 v fanout36/X (sky130_fd_sc_hd__buf_4)
                                                         net36 (net)
                      0.061811    0.002249    5.232598 v _132_/A (sky130_fd_sc_hd__inv_2)
     1    0.004325    0.026513    0.042629    5.275227 ^ _132_/Y (sky130_fd_sc_hd__inv_2)
                                                         _019_ (net)
                      0.026513    0.000054    5.275280 ^ _168_/RESET_B (sky130_fd_sc_hd__dfrtp_1)
                                              5.275280   data arrival time

                                 25.000000   25.000000   clock clk (rise edge)
                                  0.000000   25.000000   clock source latency
     1    0.014197    0.052609    0.035369   25.035368 ^ clk (in)
                                                         clk (net)
                      0.052614    0.000000   25.035368 ^ clkbuf_0_clk/A (sky130_fd_sc_hd__clkbuf_16)
     4    0.042619    0.046937    0.104375   25.139744 ^ clkbuf_0_clk/X (sky130_fd_sc_hd__clkbuf_16)
                                                         clknet_0_clk (net)
                      0.046971    0.001105   25.140848 ^ clkbuf_2_3__f_clk/A (sky130_fd_sc_hd__clkbuf_16)
    11    0.032212    0.039728    0.097174   25.238022 ^ clkbuf_2_3__f_clk/X (sky130_fd_sc_hd__clkbuf_16)
                                                         clknet_2_3__leaf_clk (net)
                      0.039731    0.000609   25.238632 ^ _168_/CLK (sky130_fd_sc_hd__dfrtp_1)
                                 -0.250000   24.988632   clock uncertainty
                                  0.000000   24.988632   clock reconvergence pessimism
                                  0.145808   25.134439   library recovery time
                                             25.134439   data required time
---------------------------------------------------------------------------------------------
                                             25.134439   data required time
                                             -5.275280   data arrival time
---------------------------------------------------------------------------------------------
                                             19.859158   slack (MET)


Startpoint: reset (input port clocked by clk)
Endpoint: _154_ (recovery check against rising-edge clock clk)
Path Group: asynchronous
Path Type: max

Fanout         Cap        Slew       Delay        Time   Description
---------------------------------------------------------------------------------------------
                                  0.000000    0.000000   clock clk (rise edge)
                                  0.000000    0.000000   clock network delay (propagated)
                                  5.000000    5.000000 v input external delay
     1    0.002765    0.004670    0.002246    5.002246 v reset (in)
                                                         reset (net)
                      0.004670    0.000000    5.002246 v input2/A (sky130_fd_sc_hd__buf_1)
     3    0.015923    0.065825    0.086036    5.088282 v input2/X (sky130_fd_sc_hd__buf_1)
                                                         net2 (net)
                      0.065826    0.000357    5.088639 v fanout36/A (sky130_fd_sc_hd__buf_4)
    10    0.057100    0.061707    0.141710    5.230349 v fanout36/X (sky130_fd_sc_hd__buf_4)
                                                         net36 (net)
                      0.061721    0.000915    5.231265 v _118_/A (sky130_fd_sc_hd__inv_2)
     1    0.003898    0.025381    0.041105    5.272369 ^ _118_/Y (sky130_fd_sc_hd__inv_2)
                                                         _005_ (net)
                      0.025381    0.000077    5.272446 ^ _154_/RESET_B (sky130_fd_sc_hd__dfrtp_1)
                                              5.272446   data arrival time

                                 25.000000   25.000000   clock clk (rise edge)
                                  0.000000   25.000000   clock source latency
     1    0.014197    0.052609    0.035369   25.035368 ^ clk (in)
                                                         clk (net)
                      0.052614    0.000000   25.035368 ^ clkbuf_0_clk/A (sky130_fd_sc_hd__clkbuf_16)
     4    0.042619    0.046937    0.104375   25.139744 ^ clkbuf_0_clk/X (sky130_fd_sc_hd__clkbuf_16)
                                                         clknet_0_clk (net)
                      0.046972    0.001114   25.140858 ^ clkbuf_2_1__f_clk/A (sky130_fd_sc_hd__clkbuf_16)
    10    0.029711    0.037945    0.095461   25.236319 ^ clkbuf_2_1__f_clk/X (sky130_fd_sc_hd__clkbuf_16)
                                                         clknet_2_1__leaf_clk (net)
                      0.037977    0.000975   25.237293 ^ _154_/CLK (sky130_fd_sc_hd__dfrtp_1)
                                 -0.250000   24.987295   clock uncertainty
                                  0.000000   24.987295   clock reconvergence pessimism
                                  0.145758   25.133053   library recovery time
                                             25.133053   data required time
---------------------------------------------------------------------------------------------
                                             25.133053   data required time
                                             -5.272446   data arrival time
---------------------------------------------------------------------------------------------
                                             19.860605   slack (MET)


Startpoint: _176_ (rising edge-triggered flip-flop clocked by clk)
Endpoint: _177_ (rising edge-triggered flip-flop clocked by clk)
Path Group: clk
Path Type: max

Fanout         Cap        Slew       Delay        Time   Description
---------------------------------------------------------------------------------------------
                                  0.000000    0.000000   clock clk (rise edge)
                                  0.000000    0.000000   clock source latency
     1    0.014197    0.052609    0.035369    0.035369 ^ clk (in)
                                                         clk (net)
                      0.052614    0.000000    0.035369 ^ clkbuf_0_clk/A (sky130_fd_sc_hd__clkbuf_16)
     4    0.042619    0.046937    0.104375    0.139744 ^ clkbuf_0_clk/X (sky130_fd_sc_hd__clkbuf_16)
                                                         clknet_0_clk (net)
                      0.046972    0.001118    0.140862 ^ clkbuf_2_0__f_clk/A (sky130_fd_sc_hd__clkbuf_16)
    10    0.030183    0.038278    0.095834    0.236696 ^ clkbuf_2_0__f_clk/X (sky130_fd_sc_hd__clkbuf_16)
                                                         clknet_2_0__leaf_clk (net)
                      0.038297    0.000795    0.237491 ^ _176_/CLK (sky130_fd_sc_hd__dfstp_2)
     9    0.044371    0.165364    0.407593    0.645084 ^ _176_/Q (sky130_fd_sc_hd__dfstp_2)
                                                         cursor[0] (net)
                      0.165370    0.001179    0.646263 ^ hold25/A (sky130_fd_sc_hd__dlygate4sd3_1)
     1    0.004521    0.048905    0.399595    1.045858 ^ hold25/X (sky130_fd_sc_hd__dlygate4sd3_1)
                                                         net66 (net)
                      0.048905    0.000167    1.046025 ^ _177_/D (sky130_fd_sc_hd__dfrtp_4)
                                              1.046025   data arrival time

                                 25.000000   25.000000   clock clk (rise edge)
                                  0.000000   25.000000   clock source latency
     1    0.014197    0.052609    0.035369   25.035368 ^ clk (in)
                                                         clk (net)
                      0.052614    0.000000   25.035368 ^ clkbuf_0_clk/A (sky130_fd_sc_hd__clkbuf_16)
     4    0.042619    0.046937    0.104375   25.139744 ^ clkbuf_0_clk/X (sky130_fd_sc_hd__clkbuf_16)
                                                         clknet_0_clk (net)
                      0.046971    0.001105   25.140848 ^ clkbuf_2_3__f_clk/A (sky130_fd_sc_hd__clkbuf_16)
    11    0.032212    0.039728    0.097174   25.238022 ^ clkbuf_2_3__f_clk/X (sky130_fd_sc_hd__clkbuf_16)
                                                         clknet_2_3__leaf_clk (net)
                      0.039733    0.000810   25.238832 ^ _177_/CLK (sky130_fd_sc_hd__dfrtp_4)
                                 -0.250000   24.988832   clock uncertainty
                                  0.000000   24.988832   clock reconvergence pessimism
                                 -0.038972   24.949862   library setup time
                                             24.949862   data required time
---------------------------------------------------------------------------------------------
                                             24.949862   data required time
                                             -1.046025   data arrival time
---------------------------------------------------------------------------------------------
                                             23.903835   slack (MET)


Startpoint: _178_ (rising edge-triggered flip-flop clocked by clk)
Endpoint: _179_ (rising edge-triggered flip-flop clocked by clk)
Path Group: clk
Path Type: max

Fanout         Cap        Slew       Delay        Time   Description
---------------------------------------------------------------------------------------------
                                  0.000000    0.000000   clock clk (rise edge)
                                  0.000000    0.000000   clock source latency
     1    0.014197    0.052609    0.035369    0.035369 ^ clk (in)
                                                         clk (net)
                      0.052614    0.000000    0.035369 ^ clkbuf_0_clk/A (sky130_fd_sc_hd__clkbuf_16)
     4    0.042619    0.046937    0.104375    0.139744 ^ clkbuf_0_clk/X (sky130_fd_sc_hd__clkbuf_16)
                                                         clknet_0_clk (net)
                      0.046971    0.001106    0.140850 ^ clkbuf_2_3__f_clk/A (sky130_fd_sc_hd__clkbuf_16)
    11    0.032212    0.039728    0.097173    0.238023 ^ clkbuf_2_3__f_clk/X (sky130_fd_sc_hd__clkbuf_16)
                                                         clknet_2_3__leaf_clk (net)
                      0.039732    0.000683    0.238706 ^ _178_/CLK (sky130_fd_sc_hd__dfrtp_4)
     9    0.038301    0.074428    0.335883    0.574589 v _178_/Q (sky130_fd_sc_hd__dfrtp_4)
                                                         cursor[2] (net)
                      0.074432    0.000640    0.575229 v hold31/A (sky130_fd_sc_hd__dlygate4sd3_1)
     1    0.004383    0.043786    0.385394    0.960623 v hold31/X (sky130_fd_sc_hd__dlygate4sd3_1)
                                                         net72 (net)
                      0.043786    0.000161    0.960783 v _179_/D (sky130_fd_sc_hd__dfrtp_4)
                                              0.960783   data arrival time

                                 25.000000   25.000000   clock clk (rise edge)
                                  0.000000   25.000000   clock source latency
     1    0.014197    0.052609    0.035369   25.035368 ^ clk (in)
                                                         clk (net)
                      0.052614    0.000000   25.035368 ^ clkbuf_0_clk/A (sky130_fd_sc_hd__clkbuf_16)
     4    0.042619    0.046937    0.104375   25.139744 ^ clkbuf_0_clk/X (sky130_fd_sc_hd__clkbuf_16)
                                                         clknet_0_clk (net)
                      0.046972    0.001114   25.140858 ^ clkbuf_2_1__f_clk/A (sky130_fd_sc_hd__clkbuf_16)
    10    0.029711    0.037945    0.095461   25.236319 ^ clkbuf_2_1__f_clk/X (sky130_fd_sc_hd__clkbuf_16)
                                                         clknet_2_1__leaf_clk (net)
                      0.037984    0.001064   25.237383 ^ _179_/CLK (sky130_fd_sc_hd__dfrtp_4)
                                 -0.250000   24.987383   clock uncertainty
                                  0.000000   24.987383   clock reconvergence pessimism
                                 -0.076142   24.911242   library setup time
                                             24.911242   data required time
---------------------------------------------------------------------------------------------
                                             24.911242   data required time
                                             -0.960783   data arrival time
---------------------------------------------------------------------------------------------
                                             23.950459   slack (MET)


Startpoint: _177_ (rising edge-triggered flip-flop clocked by clk)
Endpoint: _178_ (rising edge-triggered flip-flop clocked by clk)
Path Group: clk
Path Type: max

Fanout         Cap        Slew       Delay        Time   Description
---------------------------------------------------------------------------------------------
                                  0.000000    0.000000   clock clk (rise edge)
                                  0.000000    0.000000   clock source latency
     1    0.014197    0.052609    0.035369    0.035369 ^ clk (in)
                                                         clk (net)
                      0.052614    0.000000    0.035369 ^ clkbuf_0_clk/A (sky130_fd_sc_hd__clkbuf_16)
     4    0.042619    0.046937    0.104375    0.139744 ^ clkbuf_0_clk/X (sky130_fd_sc_hd__clkbuf_16)
                                                         clknet_0_clk (net)
                      0.046971    0.001106    0.140850 ^ clkbuf_2_3__f_clk/A (sky130_fd_sc_hd__clkbuf_16)
    11    0.032212    0.039728    0.097173    0.238023 ^ clkbuf_2_3__f_clk/X (sky130_fd_sc_hd__clkbuf_16)
                                                         clknet_2_3__leaf_clk (net)
                      0.039733    0.000811    0.238834 ^ _177_/CLK (sky130_fd_sc_hd__dfrtp_4)
     9    0.038535    0.074738    0.335780    0.574613 v _177_/Q (sky130_fd_sc_hd__dfrtp_4)
                                                         cursor[1] (net)
                      0.074740    0.000607    0.575220 v hold28/A (sky130_fd_sc_hd__dlygate4sd3_1)
     1    0.003374    0.040604    0.380595    0.955815 v hold28/X (sky130_fd_sc_hd__dlygate4sd3_1)
                                                         net69 (net)
                      0.040604    0.000107    0.955922 v _178_/D (sky130_fd_sc_hd__dfrtp_4)
                                              0.955922   data arrival time

                                 25.000000   25.000000   clock clk (rise edge)
                                  0.000000   25.000000   clock source latency
     1    0.014197    0.052609    0.035369   25.035368 ^ clk (in)
                                                         clk (net)
                      0.052614    0.000000   25.035368 ^ clkbuf_0_clk/A (sky130_fd_sc_hd__clkbuf_16)
     4    0.042619    0.046937    0.104375   25.139744 ^ clkbuf_0_clk/X (sky130_fd_sc_hd__clkbuf_16)
                                                         clknet_0_clk (net)
                      0.046971    0.001105   25.140848 ^ clkbuf_2_3__f_clk/A (sky130_fd_sc_hd__clkbuf_16)
    11    0.032212    0.039728    0.097174   25.238022 ^ clkbuf_2_3__f_clk/X (sky130_fd_sc_hd__clkbuf_16)
                                                         clknet_2_3__leaf_clk (net)
                      0.039732    0.000684   25.238707 ^ _178_/CLK (sky130_fd_sc_hd__dfrtp_4)
                                 -0.250000   24.988707   clock uncertainty
                                  0.000000   24.988707   clock reconvergence pessimism
                                 -0.074842   24.913866   library setup time
                                             24.913866   data required time
---------------------------------------------------------------------------------------------
                                             24.913866   data required time
                                             -0.955922   data arrival time
---------------------------------------------------------------------------------------------
                                             23.957943   slack (MET)


Startpoint: _180_ (rising edge-triggered flip-flop clocked by clk)
Endpoint: _181_ (rising edge-triggered flip-flop clocked by clk)
Path Group: clk
Path Type: max

Fanout         Cap        Slew       Delay        Time   Description
---------------------------------------------------------------------------------------------
                                  0.000000    0.000000   clock clk (rise edge)
                                  0.000000    0.000000   clock source latency
     1    0.014197    0.052609    0.035369    0.035369 ^ clk (in)
                                                         clk (net)
                      0.052614    0.000000    0.035369 ^ clkbuf_0_clk/A (sky130_fd_sc_hd__clkbuf_16)
     4    0.042619    0.046937    0.104375    0.139744 ^ clkbuf_0_clk/X (sky130_fd_sc_hd__clkbuf_16)
                                                         clknet_0_clk (net)
                      0.046972    0.001118    0.140862 ^ clkbuf_2_0__f_clk/A (sky130_fd_sc_hd__clkbuf_16)
    10    0.030183    0.038278    0.095834    0.236696 ^ clkbuf_2_0__f_clk/X (sky130_fd_sc_hd__clkbuf_16)
                                                         clknet_2_0__leaf_clk (net)
                      0.038281    0.000413    0.237109 ^ _180_/CLK (sky130_fd_sc_hd__dfrtp_4)
     9    0.039457    0.075620    0.336675    0.573784 v _180_/Q (sky130_fd_sc_hd__dfrtp_4)
                                                         cursor[4] (net)
                      0.075625    0.000677    0.574461 v hold29/A (sky130_fd_sc_hd__dlygate4sd3_1)
     1    0.002938    0.038626    0.378339    0.952800 v hold29/X (sky130_fd_sc_hd__dlygate4sd3_1)
                                                         net70 (net)
                      0.038626    0.000084    0.952884 v _181_/D (sky130_fd_sc_hd__dfrtp_4)
                                              0.952884   data arrival time

                                 25.000000   25.000000   clock clk (rise edge)
                                  0.000000   25.000000   clock source latency
     1    0.014197    0.052609    0.035369   25.035368 ^ clk (in)
                                                         clk (net)
                      0.052614    0.000000   25.035368 ^ clkbuf_0_clk/A (sky130_fd_sc_hd__clkbuf_16)
     4    0.042619    0.046937    0.104375   25.139744 ^ clkbuf_0_clk/X (sky130_fd_sc_hd__clkbuf_16)
                                                         clknet_0_clk (net)
                      0.046972    0.001117   25.140862 ^ clkbuf_2_0__f_clk/A (sky130_fd_sc_hd__clkbuf_16)
    10    0.030183    0.038278    0.095834   25.236694 ^ clkbuf_2_0__f_clk/X (sky130_fd_sc_hd__clkbuf_16)
                                                         clknet_2_0__leaf_clk (net)
                      0.038282    0.000449   25.237144 ^ _181_/CLK (sky130_fd_sc_hd__dfrtp_4)
                                 -0.250000   24.987146   clock uncertainty
                                  0.000000   24.987146   clock reconvergence pessimism
                                 -0.074272   24.912874   library setup time
                                             24.912874   data required time
---------------------------------------------------------------------------------------------
                                             24.912874   data required time
                                             -0.952884   data arrival time
---------------------------------------------------------------------------------------------
                                             23.959990   slack (MET)


Startpoint: _179_ (rising edge-triggered flip-flop clocked by clk)
Endpoint: _180_ (rising edge-triggered flip-flop clocked by clk)
Path Group: clk
Path Type: max

Fanout         Cap        Slew       Delay        Time   Description
---------------------------------------------------------------------------------------------
                                  0.000000    0.000000   clock clk (rise edge)
                                  0.000000    0.000000   clock source latency
     1    0.014197    0.052609    0.035369    0.035369 ^ clk (in)
                                                         clk (net)
                      0.052614    0.000000    0.035369 ^ clkbuf_0_clk/A (sky130_fd_sc_hd__clkbuf_16)
     4    0.042619    0.046937    0.104375    0.139744 ^ clkbuf_0_clk/X (sky130_fd_sc_hd__clkbuf_16)
                                                         clknet_0_clk (net)
                      0.046972    0.001114    0.140858 ^ clkbuf_2_1__f_clk/A (sky130_fd_sc_hd__clkbuf_16)
    10    0.029711    0.037945    0.095462    0.236320 ^ clkbuf_2_1__f_clk/X (sky130_fd_sc_hd__clkbuf_16)
                                                         clknet_2_1__leaf_clk (net)
                      0.037984    0.001064    0.237383 ^ _179_/CLK (sky130_fd_sc_hd__dfrtp_4)
     9    0.038393    0.074480    0.335536    0.572919 v _179_/Q (sky130_fd_sc_hd__dfrtp_4)
                                                         cursor[3] (net)
                      0.074483    0.000600    0.573519 v hold27/A (sky130_fd_sc_hd__dlygate4sd3_1)
     1    0.002497    0.037037    0.375221    0.948740 v hold27/X (sky130_fd_sc_hd__dlygate4sd3_1)
                                                         net68 (net)
                      0.037037    0.000072    0.948812 v _180_/D (sky130_fd_sc_hd__dfrtp_4)
                                              0.948812   data arrival time

                                 25.000000   25.000000   clock clk (rise edge)
                                  0.000000   25.000000   clock source latency
     1    0.014197    0.052609    0.035369   25.035368 ^ clk (in)
                                                         clk (net)
                      0.052614    0.000000   25.035368 ^ clkbuf_0_clk/A (sky130_fd_sc_hd__clkbuf_16)
     4    0.042619    0.046937    0.104375   25.139744 ^ clkbuf_0_clk/X (sky130_fd_sc_hd__clkbuf_16)
                                                         clknet_0_clk (net)
                      0.046972    0.001117   25.140862 ^ clkbuf_2_0__f_clk/A (sky130_fd_sc_hd__clkbuf_16)
    10    0.030183    0.038278    0.095834   25.236694 ^ clkbuf_2_0__f_clk/X (sky130_fd_sc_hd__clkbuf_16)
                                                         clknet_2_0__leaf_clk (net)
                      0.038281    0.000414   25.237108 ^ _180_/CLK (sky130_fd_sc_hd__dfrtp_4)
                                 -0.250000   24.987110   clock uncertainty
                                  0.000000   24.987110   clock reconvergence pessimism
                                 -0.073705   24.913404   library setup time
                                             24.913404   data required time
---------------------------------------------------------------------------------------------
                                             24.913404   data required time
                                             -0.948812   data arrival time
---------------------------------------------------------------------------------------------
                                             23.964592   slack (MET)


Startpoint: _181_ (rising edge-triggered flip-flop clocked by clk)
Endpoint: _176_ (rising edge-triggered flip-flop clocked by clk)
Path Group: clk
Path Type: max

Fanout         Cap        Slew       Delay        Time   Description
---------------------------------------------------------------------------------------------
                                  0.000000    0.000000   clock clk (rise edge)
                                  0.000000    0.000000   clock source latency
     1    0.014197    0.052609    0.035369    0.035369 ^ clk (in)
                                                         clk (net)
                      0.052614    0.000000    0.035369 ^ clkbuf_0_clk/A (sky130_fd_sc_hd__clkbuf_16)
     4    0.042619    0.046937    0.104375    0.139744 ^ clkbuf_0_clk/X (sky130_fd_sc_hd__clkbuf_16)
                                                         clknet_0_clk (net)
                      0.046972    0.001118    0.140862 ^ clkbuf_2_0__f_clk/A (sky130_fd_sc_hd__clkbuf_16)
    10    0.030183    0.038278    0.095834    0.236696 ^ clkbuf_2_0__f_clk/X (sky130_fd_sc_hd__clkbuf_16)
                                                         clknet_2_0__leaf_clk (net)
                      0.038282    0.000450    0.237146 ^ _181_/CLK (sky130_fd_sc_hd__dfrtp_4)
     9    0.039397    0.075555    0.336610    0.573756 v _181_/Q (sky130_fd_sc_hd__dfrtp_4)
                                                         cursor[5] (net)
                      0.075573    0.001151    0.574908 v hold30/A (sky130_fd_sc_hd__dlygate4sd3_1)
     1    0.003963    0.042815    0.384035    0.958943 v hold30/X (sky130_fd_sc_hd__dlygate4sd3_1)
                                                         net71 (net)
                      0.042815    0.000128    0.959071 v _176_/D (sky130_fd_sc_hd__dfstp_2)
                                              0.959071   data arrival time

                                 25.000000   25.000000   clock clk (rise edge)
                                  0.000000   25.000000   clock source latency
     1    0.014197    0.052609    0.035369   25.035368 ^ clk (in)
                                                         clk (net)
                      0.052614    0.000000   25.035368 ^ clkbuf_0_clk/A (sky130_fd_sc_hd__clkbuf_16)
     4    0.042619    0.046937    0.104375   25.139744 ^ clkbuf_0_clk/X (sky130_fd_sc_hd__clkbuf_16)
                                                         clknet_0_clk (net)
                      0.046972    0.001117   25.140862 ^ clkbuf_2_0__f_clk/A (sky130_fd_sc_hd__clkbuf_16)
    10    0.030183    0.038278    0.095834   25.236694 ^ clkbuf_2_0__f_clk/X (sky130_fd_sc_hd__clkbuf_16)
                                                         clknet_2_0__leaf_clk (net)
                      0.038297    0.000794   25.237490 ^ _176_/CLK (sky130_fd_sc_hd__dfstp_2)
                                 -0.250000   24.987490   clock uncertainty
                                  0.000000   24.987490   clock reconvergence pessimism
                                 -0.050751   24.936739   library setup time
                                             24.936739   data required time
---------------------------------------------------------------------------------------------
                                             24.936739   data required time
                                             -0.959071   data arrival time
---------------------------------------------------------------------------------------------
                                             23.977669   slack (MET)



%OL_END_REPORT
%OL_CREATE_REPORT checks.rpt

===========================================================================
report_checks -unconstrained
===========================================================================
======================= nom_ff_n40C_1v95 Corner ===================================

Startpoint: reset (input port clocked by clk)
Endpoint: _176_ (recovery check against rising-edge clock clk)
Path Group: asynchronous
Path Type: max

Fanout         Cap        Slew       Delay        Time   Description
---------------------------------------------------------------------------------------------
                                  0.000000    0.000000   clock clk (rise edge)
                                  0.000000    0.000000   clock network delay (propagated)
                                  5.000000    5.000000 v input external delay
     1    0.002765    0.004670    0.002246    5.002246 v reset (in)
                                                         reset (net)
                      0.004670    0.000000    5.002246 v input2/A (sky130_fd_sc_hd__buf_1)
     3    0.015923    0.065825    0.086036    5.088282 v input2/X (sky130_fd_sc_hd__buf_1)
                                                         net2 (net)
                      0.065828    0.000512    5.088794 v fanout35/A (sky130_fd_sc_hd__clkbuf_4)
     9    0.051737    0.078640    0.154816    5.243610 v fanout35/X (sky130_fd_sc_hd__clkbuf_4)
                                                         net35 (net)
                      0.078655    0.001090    5.244700 v fanout34/A (sky130_fd_sc_hd__buf_4)
    10    0.055602    0.060577    0.145908    5.390608 v fanout34/X (sky130_fd_sc_hd__buf_4)
                                                         net34 (net)
                      0.060652    0.001953    5.392560 v _140_/A (sky130_fd_sc_hd__inv_2)
     1    0.004025    0.025506    0.041243    5.433804 ^ _140_/Y (sky130_fd_sc_hd__inv_2)
                                                         _027_ (net)
                      0.025506    0.000082    5.433886 ^ _176_/SET_B (sky130_fd_sc_hd__dfstp_2)
                                              5.433886   data arrival time

                                 25.000000   25.000000   clock clk (rise edge)
                                  0.000000   25.000000   clock source latency
     1    0.014197    0.052609    0.035369   25.035368 ^ clk (in)
                                                         clk (net)
                      0.052614    0.000000   25.035368 ^ clkbuf_0_clk/A (sky130_fd_sc_hd__clkbuf_16)
     4    0.042619    0.046937    0.104375   25.139744 ^ clkbuf_0_clk/X (sky130_fd_sc_hd__clkbuf_16)
                                                         clknet_0_clk (net)
                      0.046972    0.001117   25.140862 ^ clkbuf_2_0__f_clk/A (sky130_fd_sc_hd__clkbuf_16)
    10    0.030183    0.038278    0.095834   25.236694 ^ clkbuf_2_0__f_clk/X (sky130_fd_sc_hd__clkbuf_16)
                                                         clknet_2_0__leaf_clk (net)
                      0.038297    0.000794   25.237490 ^ _176_/CLK (sky130_fd_sc_hd__dfstp_2)
                                 -0.250000   24.987490   clock uncertainty
                                  0.000000   24.987490   clock reconvergence pessimism
                                  0.085028   25.072517   library recovery time
                                             25.072517   data required time
---------------------------------------------------------------------------------------------
                                             25.072517   data required time
                                             -5.433886   data arrival time
---------------------------------------------------------------------------------------------
                                             19.638630   slack (MET)


Startpoint: _183_ (rising edge-triggered flip-flop clocked by clk)
Endpoint: seg1[1] (output port clocked by clk)
Path Group: clk
Path Type: max

Fanout         Cap        Slew       Delay        Time   Description
---------------------------------------------------------------------------------------------
                                  0.000000    0.000000   clock clk (rise edge)
                                  0.000000    0.000000   clock source latency
     1    0.014197    0.052609    0.035369    0.035369 ^ clk (in)
                                                         clk (net)
                      0.052614    0.000000    0.035369 ^ clkbuf_0_clk/A (sky130_fd_sc_hd__clkbuf_16)
     4    0.042619    0.046937    0.104375    0.139744 ^ clkbuf_0_clk/X (sky130_fd_sc_hd__clkbuf_16)
                                                         clknet_0_clk (net)
                      0.046971    0.001106    0.140850 ^ clkbuf_2_3__f_clk/A (sky130_fd_sc_hd__clkbuf_16)
    11    0.032212    0.039728    0.097173    0.238023 ^ clkbuf_2_3__f_clk/X (sky130_fd_sc_hd__clkbuf_16)
                                                         clknet_2_3__leaf_clk (net)
                      0.039734    0.000863    0.238886 ^ _183_/CLK (sky130_fd_sc_hd__dfrtp_1)
     2    0.008676    0.047171    0.245567    0.484453 v _183_/Q (sky130_fd_sc_hd__dfrtp_1)
                                                         cnt[1] (net)
                      0.047172    0.000238    0.484691 v fanout30/A (sky130_fd_sc_hd__buf_2)
    10    0.036876    0.066644    0.126725    0.611416 v fanout30/X (sky130_fd_sc_hd__buf_2)
                                                         net30 (net)
                      0.066725    0.002070    0.613487 v _049_/A (sky130_fd_sc_hd__inv_2)
     3    0.016472    0.062057    0.074677    0.688164 ^ _049_/Y (sky130_fd_sc_hd__inv_2)
                                                         _038_ (net)
                      0.062060    0.000373    0.688537 ^ fanout29/A (sky130_fd_sc_hd__buf_2)
    10    0.045932    0.169270    0.173566    0.862103 ^ fanout29/X (sky130_fd_sc_hd__buf_2)
                                                         net29 (net)
                      0.169362    0.003266    0.865369 ^ _074_/A1 (sky130_fd_sc_hd__a31o_1)
     1    0.003521    0.036631    0.094251    0.959620 ^ _074_/X (sky130_fd_sc_hd__a31o_1)
                                                         net10 (net)
                      0.036631    0.000116    0.959736 ^ output10/A (sky130_fd_sc_hd__buf_2)
     1    0.034385    0.128618    0.139155    1.098891 ^ output10/X (sky130_fd_sc_hd__buf_2)
                                                         seg1[1] (net)
                      0.128624    0.000754    1.099645 ^ seg1[1] (out)
                                              1.099645   data arrival time

                                 25.000000   25.000000   clock clk (rise edge)
                                  0.000000   25.000000   clock network delay (propagated)
                                 -0.250000   24.750000   clock uncertainty
                                  0.000000   24.750000   clock reconvergence pessimism
                                 -5.000000   19.750000   output external delay
                                             19.750000   data required time
---------------------------------------------------------------------------------------------
                                             19.750000   data required time
                                             -1.099645   data arrival time
---------------------------------------------------------------------------------------------
                                             18.650354   slack (MET)




===========================================================================
report_checks --slack_max -0.01
============================================================================
======================= nom_ff_n40C_1v95 Corner ===================================

No paths found.


===========================================================================
 report_check_types -max_slew -max_cap -max_fanout -violators
============================================================================
======================= nom_ff_n40C_1v95 Corner ===================================

max fanout

Pin                                   Limit Fanout  Slack
---------------------------------------------------------
clkbuf_2_3__f_clk/X                      10     11        (VIOLATED)



===========================================================================
report_parasitic_annotation -report_unannotated
============================================================================
Found 7 unannotated drivers.
 clkload0/X
 clkload1/Y
 clkload2/X
 mini_light_up_game_38/HI
 mini_light_up_game_39/HI
 mini_light_up_game_40/HI
 mini_light_up_game_41/HI
Found 0 partially unannotated drivers.

===========================================================================
max slew violation count 0
%OL_METRIC_I design__max_slew_violation__count__corner:nom_ff_n40C_1v95 0
max fanout violation count 1
%OL_METRIC_I design__max_fanout_violation__count__corner:nom_ff_n40C_1v95 1
max cap violation count 0
%OL_METRIC_I design__max_cap_violation__count__corner:nom_ff_n40C_1v95 0
============================================================================

===========================================================================
check_setup -verbose -unconstrained_endpoints -multiple_clock -no_clock -no_input_delay -loops -generated_clocks
===========================================================================
Warning: There are 4 unconstrained endpoints.
  seg0[6]
  seg1[6]
  seg2[6]
  seg3[6]
%OL_END_REPORT
%OL_CREATE_REPORT power.rpt

===========================================================================
 report_power
============================================================================
======================= nom_ff_n40C_1v95 Corner ===================================

Group                    Internal    Switching      Leakage        Total
                            Power        Power        Power        Power (Watts)
------------------------------------------------------------------------
Sequential           6.806933e-05 1.067848e-07 6.977486e-10 6.817681e-05  48.1%
Combinational        1.410636e-06 3.388909e-06 1.923996e-09 4.801469e-06   3.4%
Clock                4.437140e-05 2.441016e-05 7.289507e-10 6.878229e-05  48.5%
Macro                0.000000e+00 0.000000e+00 0.000000e+00 0.000000e+00   0.0%
Pad                  0.000000e+00 0.000000e+00 0.000000e+00 0.000000e+00   0.0%
------------------------------------------------------------------------
Total                1.138514e-04 2.790585e-05 3.350700e-09 1.417606e-04 100.0%
                            80.3%        19.7%         0.0%
%OL_METRIC_F power__internal__total 0.00011385137622710317
%OL_METRIC_F power__switching__total 2.790584767353721e-5
%OL_METRIC_F power__leakage__total 3.3506997176857567e-9
%OL_METRIC_F power__total 0.0001417605672031641

%OL_END_REPORT
%OL_CREATE_REPORT skew.min.rpt

===========================================================================
Clock Skew (Hold)
============================================================================
%OL_METRIC_F clock__skew__worst_hold__corner:nom_ff_n40C_1v95 -0.2546722071978203
======================= nom_ff_n40C_1v95 Corner ===================================

Clock clk
0.234214 source latency _174_/CLK ^
-0.238886 target latency _183_/CLK ^
-0.250000 clock uncertainty
0.000000 CRPR
--------------
-0.254672 hold skew

%OL_END_REPORT
%OL_CREATE_REPORT skew.max.rpt

===========================================================================
Clock Skew (Setup)
============================================================================
%OL_METRIC_F clock__skew__worst_setup__corner:nom_ff_n40C_1v95 0.2546722071978203
======================= nom_ff_n40C_1v95 Corner ===================================

Clock clk
0.238886 source latency _183_/CLK ^
-0.234214 target latency _174_/CLK ^
0.250000 clock uncertainty
0.000000 CRPR
--------------
0.254672 setup skew

%OL_END_REPORT
%OL_CREATE_REPORT ws.min.rpt

===========================================================================
Worst Slack (Hold)
============================================================================
%OL_METRIC_F timing__hold__ws__corner:nom_ff_n40C_1v95 0.10239798188093768
nom_ff_n40C_1v95: 0.10239798188093768
%OL_END_REPORT
%OL_CREATE_REPORT ws.max.rpt

===========================================================================
Worst Slack (Setup)
============================================================================
%OL_METRIC_F timing__setup__ws__corner:nom_ff_n40C_1v95 18.650354677408593
nom_ff_n40C_1v95: 18.650354677408593
%OL_END_REPORT
%OL_CREATE_REPORT tns.min.rpt

===========================================================================
Total Negative Slack (Hold)
============================================================================
%OL_METRIC_F timing__hold__tns__corner:nom_ff_n40C_1v95 0.0
nom_ff_n40C_1v95: 0.0
%OL_END_REPORT
%OL_CREATE_REPORT tns.max.rpt

===========================================================================
Total Negative Slack (Setup)
============================================================================
%OL_METRIC_F timing__setup__tns__corner:nom_ff_n40C_1v95 0.0
nom_ff_n40C_1v95: 0.0
%OL_END_REPORT
%OL_CREATE_REPORT wns.min.rpt

===========================================================================
Worst Negative Slack (Hold)
============================================================================
%OL_METRIC_F timing__hold__wns__corner:nom_ff_n40C_1v95 0
nom_ff_n40C_1v95: 0
%OL_END_REPORT
%OL_CREATE_REPORT wns.max.rpt

===========================================================================
Worst Negative Slack (Setup)
============================================================================
%OL_METRIC_F timing__setup__wns__corner:nom_ff_n40C_1v95 0.0
nom_ff_n40C_1v95: 0.0
%OL_END_REPORT
%OL_CREATE_REPORT violator_list.rpt

===========================================================================
Violator List
============================================================================
%OL_METRIC_I timing__hold_vio__count__corner:nom_ff_n40C_1v95 0
%OL_METRIC_F timing__hold_r2r__ws__corner:nom_ff_n40C_1v95 0.102398
%OL_METRIC_I timing__hold_r2r_vio__count__corner:nom_ff_n40C_1v95 0
%OL_METRIC_I timing__setup_vio__count__corner:nom_ff_n40C_1v95 0
%OL_METRIC_F timing__setup_r2r__ws__corner:nom_ff_n40C_1v95 23.903835
%OL_METRIC_I timing__setup_r2r_vio__count__corner:nom_ff_n40C_1v95 0
%OL_END_REPORT
%OL_CREATE_REPORT unpropagated.rpt
%OL_END_REPORT
%OL_CREATE_REPORT clock.rpt
Clock: clk
Sources: clk 
Generated: no
Virtual: yes
Propagated: no
Period: 25.000000

===========================================================================
report_clock_properties
============================================================================
Clock                   Period          Waveform
----------------------------------------------------
clk                  25.000000    0.000000 12.500000

===========================================================================
report_clock_latency
============================================================================
Clock clk
rise -> rise
    min     max
0.000000 0.000000 source latency
0.234214         network latency _174_/CLK
        0.238956 network latency _171_/CLK
---------------
0.234214 0.238956 latency
        0.004742 skew

fall -> fall
    min     max
0.000000 0.000000 source latency
0.221873         network latency _174_/CLK
        0.225967 network latency _171_/CLK
---------------
0.221873 0.225967 latency
        0.004094 skew



===========================================================================
report_clock_min_period
============================================================================
clk period_min = 1.37 fmax = 732.44
%OL_END_REPORT
Writing SDF files for all corners…
Removing Clock latencies before writing libs…
Writing timing models for all corners…
Writing timing models for the nom_ff_n40C_1v95 corner to /mnt/c/Users/felix/Documents/Master_1ECAM/microelec/projet_microelec/src/runs/RUN_2026-04-28_09-54-31/54-openroad-stapostpnr/nom_ff_n40C_1v95/mini_light_up_game__nom_ff_n40C_1v95.lib…
