
===========================================================================
report_checks -path_delay max (Setup)
============================================================================
======================= max_ff_n40C_1v95 Corner ===================================

Startpoint: _183_ (rising edge-triggered flip-flop clocked by clk)
Endpoint: seg1[1] (output port clocked by clk)
Path Group: clk
Path Type: max

Fanout         Cap        Slew       Delay        Time   Description
---------------------------------------------------------------------------------------------
                                  0.000000    0.000000   clock clk (rise edge)
                                  0.000000    0.000000   clock source latency
     1    0.014876    0.054748    0.037187    0.037187 ^ clk (in)
                                                         clk (net)
                      0.054762    0.000000    0.037187 ^ clkbuf_0_clk/A (sky130_fd_sc_hd__clkbuf_16)
     4    0.043756    0.047740    0.104890    0.142077 ^ clkbuf_0_clk/X (sky130_fd_sc_hd__clkbuf_16)
                                                         clknet_0_clk (net)
                      0.048025    0.002584    0.144661 ^ clkbuf_2_3__f_clk/A (sky130_fd_sc_hd__clkbuf_16)
    11    0.033260    0.040327    0.097563    0.242224 ^ clkbuf_2_3__f_clk/X (sky130_fd_sc_hd__clkbuf_16)
                                                         clknet_2_3__leaf_clk (net)
                      0.040537    0.002187    0.244411 ^ _183_/CLK (sky130_fd_sc_hd__dfrtp_1)
     2    0.009205    0.049173    0.247521    0.491932 v _183_/Q (sky130_fd_sc_hd__dfrtp_1)
                                                         cnt[1] (net)
                      0.049178    0.000521    0.492453 v fanout30/A (sky130_fd_sc_hd__buf_2)
    10    0.038259    0.069759    0.127610    0.620062 v fanout30/X (sky130_fd_sc_hd__buf_2)
                                                         net30 (net)
                      0.070237    0.004578    0.624641 v _049_/A (sky130_fd_sc_hd__inv_2)
     3    0.017452    0.065722    0.078199    0.702840 ^ _049_/Y (sky130_fd_sc_hd__inv_2)
                                                         _038_ (net)
                      0.065733    0.000700    0.703540 ^ fanout29/A (sky130_fd_sc_hd__buf_2)
    10    0.047900    0.177224    0.177025    0.880565 ^ fanout29/X (sky130_fd_sc_hd__buf_2)
                                                         net29 (net)
                      0.177631    0.006957    0.887522 ^ _074_/A1 (sky130_fd_sc_hd__a31o_1)
     1    0.003720    0.037901    0.095679    0.983201 ^ _074_/X (sky130_fd_sc_hd__a31o_1)
                                                         net10 (net)
                      0.037902    0.000268    0.983470 ^ output10/A (sky130_fd_sc_hd__buf_2)
     1    0.034443    0.128912    0.139085    1.122555 ^ output10/X (sky130_fd_sc_hd__buf_2)
                                                         seg1[1] (net)
                      0.128942    0.001620    1.124175 ^ seg1[1] (out)
                                              1.124175   data arrival time

                                 25.000000   25.000000   clock clk (rise edge)
                                  0.000000   25.000000   clock network delay (propagated)
                                 -0.250000   24.750000   clock uncertainty
                                  0.000000   24.750000   clock reconvergence pessimism
                                 -5.000000   19.750000   output external delay
                                             19.750000   data required time
---------------------------------------------------------------------------------------------
                                             19.750000   data required time
                                             -1.124175   data arrival time
---------------------------------------------------------------------------------------------
                                             18.625826   slack (MET)


Startpoint: _183_ (rising edge-triggered flip-flop clocked by clk)
Endpoint: seg1[3] (output port clocked by clk)
Path Group: clk
Path Type: max

Fanout         Cap        Slew       Delay        Time   Description
---------------------------------------------------------------------------------------------
                                  0.000000    0.000000   clock clk (rise edge)
                                  0.000000    0.000000   clock source latency
     1    0.014876    0.054748    0.037187    0.037187 ^ clk (in)
                                                         clk (net)
                      0.054762    0.000000    0.037187 ^ clkbuf_0_clk/A (sky130_fd_sc_hd__clkbuf_16)
     4    0.043756    0.047740    0.104890    0.142077 ^ clkbuf_0_clk/X (sky130_fd_sc_hd__clkbuf_16)
                                                         clknet_0_clk (net)
                      0.048025    0.002584    0.144661 ^ clkbuf_2_3__f_clk/A (sky130_fd_sc_hd__clkbuf_16)
    11    0.033260    0.040327    0.097563    0.242224 ^ clkbuf_2_3__f_clk/X (sky130_fd_sc_hd__clkbuf_16)
                                                         clknet_2_3__leaf_clk (net)
                      0.040537    0.002187    0.244411 ^ _183_/CLK (sky130_fd_sc_hd__dfrtp_1)
     2    0.009205    0.049173    0.247521    0.491932 v _183_/Q (sky130_fd_sc_hd__dfrtp_1)
                                                         cnt[1] (net)
                      0.049178    0.000521    0.492453 v fanout30/A (sky130_fd_sc_hd__buf_2)
    10    0.038259    0.069759    0.127610    0.620062 v fanout30/X (sky130_fd_sc_hd__buf_2)
                                                         net30 (net)
                      0.070237    0.004578    0.624641 v _049_/A (sky130_fd_sc_hd__inv_2)
     3    0.017452    0.065722    0.078199    0.702840 ^ _049_/Y (sky130_fd_sc_hd__inv_2)
                                                         _038_ (net)
                      0.065733    0.000700    0.703540 ^ fanout29/A (sky130_fd_sc_hd__buf_2)
    10    0.047900    0.177224    0.177025    0.880565 ^ fanout29/X (sky130_fd_sc_hd__buf_2)
                                                         net29 (net)
                      0.177574    0.006462    0.887028 ^ _078_/A1 (sky130_fd_sc_hd__a31o_1)
     1    0.003598    0.037164    0.095054    0.982082 ^ _078_/X (sky130_fd_sc_hd__a31o_1)
                                                         net12 (net)
                      0.037164    0.000152    0.982234 ^ output12/A (sky130_fd_sc_hd__buf_2)
     1    0.034148    0.127487    0.138170    1.120404 ^ output12/X (sky130_fd_sc_hd__buf_2)
                                                         seg1[3] (net)
                      0.127518    0.001649    1.122053 ^ seg1[3] (out)
                                              1.122053   data arrival time

                                 25.000000   25.000000   clock clk (rise edge)
                                  0.000000   25.000000   clock network delay (propagated)
                                 -0.250000   24.750000   clock uncertainty
                                  0.000000   24.750000   clock reconvergence pessimism
                                 -5.000000   19.750000   output external delay
                                             19.750000   data required time
---------------------------------------------------------------------------------------------
                                             19.750000   data required time
                                             -1.122053   data arrival time
---------------------------------------------------------------------------------------------
                                             18.627947   slack (MET)


Startpoint: _183_ (rising edge-triggered flip-flop clocked by clk)
Endpoint: seg1[0] (output port clocked by clk)
Path Group: clk
Path Type: max

Fanout         Cap        Slew       Delay        Time   Description
---------------------------------------------------------------------------------------------
                                  0.000000    0.000000   clock clk (rise edge)
                                  0.000000    0.000000   clock source latency
     1    0.014876    0.054748    0.037187    0.037187 ^ clk (in)
                                                         clk (net)
                      0.054762    0.000000    0.037187 ^ clkbuf_0_clk/A (sky130_fd_sc_hd__clkbuf_16)
     4    0.043756    0.047740    0.104890    0.142077 ^ clkbuf_0_clk/X (sky130_fd_sc_hd__clkbuf_16)
                                                         clknet_0_clk (net)
                      0.048025    0.002584    0.144661 ^ clkbuf_2_3__f_clk/A (sky130_fd_sc_hd__clkbuf_16)
    11    0.033260    0.040327    0.097563    0.242224 ^ clkbuf_2_3__f_clk/X (sky130_fd_sc_hd__clkbuf_16)
                                                         clknet_2_3__leaf_clk (net)
                      0.040537    0.002187    0.244411 ^ _183_/CLK (sky130_fd_sc_hd__dfrtp_1)
     2    0.009205    0.049173    0.247521    0.491932 v _183_/Q (sky130_fd_sc_hd__dfrtp_1)
                                                         cnt[1] (net)
                      0.049178    0.000521    0.492453 v fanout30/A (sky130_fd_sc_hd__buf_2)
    10    0.038259    0.069759    0.127610    0.620062 v fanout30/X (sky130_fd_sc_hd__buf_2)
                                                         net30 (net)
                      0.070237    0.004578    0.624641 v _049_/A (sky130_fd_sc_hd__inv_2)
     3    0.017452    0.065722    0.078199    0.702840 ^ _049_/Y (sky130_fd_sc_hd__inv_2)
                                                         _038_ (net)
                      0.065733    0.000700    0.703540 ^ fanout29/A (sky130_fd_sc_hd__buf_2)
    10    0.047900    0.177224    0.177025    0.880565 ^ fanout29/X (sky130_fd_sc_hd__buf_2)
                                                         net29 (net)
                      0.177658    0.007178    0.887743 ^ _072_/A1 (sky130_fd_sc_hd__a31o_1)
     1    0.003287    0.035396    0.093329    0.981072 ^ _072_/X (sky130_fd_sc_hd__a31o_1)
                                                         net9 (net)
                      0.035397    0.000196    0.981268 ^ output9/A (sky130_fd_sc_hd__buf_2)
     1    0.034222    0.127752    0.137779    1.119047 ^ output9/X (sky130_fd_sc_hd__buf_2)
                                                         seg1[0] (net)
                      0.127785    0.001704    1.120751 ^ seg1[0] (out)
                                              1.120751   data arrival time

                                 25.000000   25.000000   clock clk (rise edge)
                                  0.000000   25.000000   clock network delay (propagated)
                                 -0.250000   24.750000   clock uncertainty
                                  0.000000   24.750000   clock reconvergence pessimism
                                 -5.000000   19.750000   output external delay
                                             19.750000   data required time
---------------------------------------------------------------------------------------------
                                             19.750000   data required time
                                             -1.120751   data arrival time
---------------------------------------------------------------------------------------------
                                             18.629248   slack (MET)


Startpoint: _183_ (rising edge-triggered flip-flop clocked by clk)
Endpoint: seg0[4] (output port clocked by clk)
Path Group: clk
Path Type: max

Fanout         Cap        Slew       Delay        Time   Description
---------------------------------------------------------------------------------------------
                                  0.000000    0.000000   clock clk (rise edge)
                                  0.000000    0.000000   clock source latency
     1    0.014876    0.054748    0.037187    0.037187 ^ clk (in)
                                                         clk (net)
                      0.054762    0.000000    0.037187 ^ clkbuf_0_clk/A (sky130_fd_sc_hd__clkbuf_16)
     4    0.043756    0.047740    0.104890    0.142077 ^ clkbuf_0_clk/X (sky130_fd_sc_hd__clkbuf_16)
                                                         clknet_0_clk (net)
                      0.048025    0.002584    0.144661 ^ clkbuf_2_3__f_clk/A (sky130_fd_sc_hd__clkbuf_16)
    11    0.033260    0.040327    0.097563    0.242224 ^ clkbuf_2_3__f_clk/X (sky130_fd_sc_hd__clkbuf_16)
                                                         clknet_2_3__leaf_clk (net)
                      0.040537    0.002187    0.244411 ^ _183_/CLK (sky130_fd_sc_hd__dfrtp_1)
     2    0.009205    0.049173    0.247521    0.491932 v _183_/Q (sky130_fd_sc_hd__dfrtp_1)
                                                         cnt[1] (net)
                      0.049178    0.000521    0.492453 v fanout30/A (sky130_fd_sc_hd__buf_2)
    10    0.038259    0.069759    0.127610    0.620062 v fanout30/X (sky130_fd_sc_hd__buf_2)
                                                         net30 (net)
                      0.070237    0.004578    0.624641 v _049_/A (sky130_fd_sc_hd__inv_2)
     3    0.017452    0.065722    0.078199    0.702840 ^ _049_/Y (sky130_fd_sc_hd__inv_2)
                                                         _038_ (net)
                      0.065733    0.000700    0.703540 ^ fanout29/A (sky130_fd_sc_hd__buf_2)
    10    0.047900    0.177224    0.177025    0.880565 ^ fanout29/X (sky130_fd_sc_hd__buf_2)
                                                         net29 (net)
                      0.177434    0.005044    0.885609 ^ _066_/A1 (sky130_fd_sc_hd__a31o_1)
     1    0.003401    0.035957    0.093937    0.979546 ^ _066_/X (sky130_fd_sc_hd__a31o_1)
                                                         net7 (net)
                      0.035958    0.000219    0.979765 ^ output7/A (sky130_fd_sc_hd__buf_2)
     1    0.034638    0.129232    0.138996    1.118761 ^ output7/X (sky130_fd_sc_hd__buf_2)
                                                         seg0[4] (net)
                      0.129263    0.001684    1.120445 ^ seg0[4] (out)
                                              1.120445   data arrival time

                                 25.000000   25.000000   clock clk (rise edge)
                                  0.000000   25.000000   clock network delay (propagated)
                                 -0.250000   24.750000   clock uncertainty
                                  0.000000   24.750000   clock reconvergence pessimism
                                 -5.000000   19.750000   output external delay
                                             19.750000   data required time
---------------------------------------------------------------------------------------------
                                             19.750000   data required time
                                             -1.120445   data arrival time
---------------------------------------------------------------------------------------------
                                             18.629555   slack (MET)


Startpoint: _183_ (rising edge-triggered flip-flop clocked by clk)
Endpoint: seg0[0] (output port clocked by clk)
Path Group: clk
Path Type: max

Fanout         Cap        Slew       Delay        Time   Description
---------------------------------------------------------------------------------------------
                                  0.000000    0.000000   clock clk (rise edge)
                                  0.000000    0.000000   clock source latency
     1    0.014876    0.054748    0.037187    0.037187 ^ clk (in)
                                                         clk (net)
                      0.054762    0.000000    0.037187 ^ clkbuf_0_clk/A (sky130_fd_sc_hd__clkbuf_16)
     4    0.043756    0.047740    0.104890    0.142077 ^ clkbuf_0_clk/X (sky130_fd_sc_hd__clkbuf_16)
                                                         clknet_0_clk (net)
                      0.048025    0.002584    0.144661 ^ clkbuf_2_3__f_clk/A (sky130_fd_sc_hd__clkbuf_16)
    11    0.033260    0.040327    0.097563    0.242224 ^ clkbuf_2_3__f_clk/X (sky130_fd_sc_hd__clkbuf_16)
                                                         clknet_2_3__leaf_clk (net)
                      0.040537    0.002187    0.244411 ^ _183_/CLK (sky130_fd_sc_hd__dfrtp_1)
     2    0.009205    0.049173    0.247521    0.491932 v _183_/Q (sky130_fd_sc_hd__dfrtp_1)
                                                         cnt[1] (net)
                      0.049178    0.000521    0.492453 v fanout30/A (sky130_fd_sc_hd__buf_2)
    10    0.038259    0.069759    0.127610    0.620062 v fanout30/X (sky130_fd_sc_hd__buf_2)
                                                         net30 (net)
                      0.070237    0.004578    0.624641 v _049_/A (sky130_fd_sc_hd__inv_2)
     3    0.017452    0.065722    0.078199    0.702840 ^ _049_/Y (sky130_fd_sc_hd__inv_2)
                                                         _038_ (net)
                      0.065733    0.000700    0.703540 ^ fanout29/A (sky130_fd_sc_hd__buf_2)
    10    0.047900    0.177224    0.177025    0.880565 ^ fanout29/X (sky130_fd_sc_hd__buf_2)
                                                         net29 (net)
                      0.177503    0.005790    0.886356 ^ _058_/A1 (sky130_fd_sc_hd__a31o_1)
     1    0.003278    0.035353    0.093261    0.979617 ^ _058_/X (sky130_fd_sc_hd__a31o_1)
                                                         net3 (net)
                      0.035354    0.000207    0.979824 ^ output3/A (sky130_fd_sc_hd__buf_2)
     1    0.034530    0.128842    0.138486    1.118310 ^ output3/X (sky130_fd_sc_hd__buf_2)
                                                         seg0[0] (net)
                      0.128877    0.001759    1.120069 ^ seg0[0] (out)
                                              1.120069   data arrival time

                                 25.000000   25.000000   clock clk (rise edge)
                                  0.000000   25.000000   clock network delay (propagated)
                                 -0.250000   24.750000   clock uncertainty
                                  0.000000   24.750000   clock reconvergence pessimism
                                 -5.000000   19.750000   output external delay
                                             19.750000   data required time
---------------------------------------------------------------------------------------------
                                             19.750000   data required time
                                             -1.120069   data arrival time
---------------------------------------------------------------------------------------------
                                             18.629930   slack (MET)


Startpoint: _183_ (rising edge-triggered flip-flop clocked by clk)
Endpoint: seg0[1] (output port clocked by clk)
Path Group: clk
Path Type: max

Fanout         Cap        Slew       Delay        Time   Description
---------------------------------------------------------------------------------------------
                                  0.000000    0.000000   clock clk (rise edge)
                                  0.000000    0.000000   clock source latency
     1    0.014876    0.054748    0.037187    0.037187 ^ clk (in)
                                                         clk (net)
                      0.054762    0.000000    0.037187 ^ clkbuf_0_clk/A (sky130_fd_sc_hd__clkbuf_16)
     4    0.043756    0.047740    0.104890    0.142077 ^ clkbuf_0_clk/X (sky130_fd_sc_hd__clkbuf_16)
                                                         clknet_0_clk (net)
                      0.048025    0.002584    0.144661 ^ clkbuf_2_3__f_clk/A (sky130_fd_sc_hd__clkbuf_16)
    11    0.033260    0.040327    0.097563    0.242224 ^ clkbuf_2_3__f_clk/X (sky130_fd_sc_hd__clkbuf_16)
                                                         clknet_2_3__leaf_clk (net)
                      0.040537    0.002187    0.244411 ^ _183_/CLK (sky130_fd_sc_hd__dfrtp_1)
     2    0.009205    0.049173    0.247521    0.491932 v _183_/Q (sky130_fd_sc_hd__dfrtp_1)
                                                         cnt[1] (net)
                      0.049178    0.000521    0.492453 v fanout30/A (sky130_fd_sc_hd__buf_2)
    10    0.038259    0.069759    0.127610    0.620062 v fanout30/X (sky130_fd_sc_hd__buf_2)
                                                         net30 (net)
                      0.070237    0.004578    0.624641 v _049_/A (sky130_fd_sc_hd__inv_2)
     3    0.017452    0.065722    0.078199    0.702840 ^ _049_/Y (sky130_fd_sc_hd__inv_2)
                                                         _038_ (net)
                      0.065733    0.000700    0.703540 ^ fanout29/A (sky130_fd_sc_hd__buf_2)
    10    0.047900    0.177224    0.177025    0.880565 ^ fanout29/X (sky130_fd_sc_hd__buf_2)
                                                         net29 (net)
                      0.177498    0.005743    0.886309 ^ _060_/A1 (sky130_fd_sc_hd__a31o_1)
     1    0.002938    0.033313    0.091372    0.977680 ^ _060_/X (sky130_fd_sc_hd__a31o_1)
                                                         net4 (net)
                      0.033314    0.000213    0.977894 ^ output4/A (sky130_fd_sc_hd__buf_2)
     1    0.035144    0.131033    0.139421    1.117314 ^ output4/X (sky130_fd_sc_hd__buf_2)
                                                         seg0[1] (net)
                      0.131066    0.001712    1.119027 ^ seg0[1] (out)
                                              1.119027   data arrival time

                                 25.000000   25.000000   clock clk (rise edge)
                                  0.000000   25.000000   clock network delay (propagated)
                                 -0.250000   24.750000   clock uncertainty
                                  0.000000   24.750000   clock reconvergence pessimism
                                 -5.000000   19.750000   output external delay
                                             19.750000   data required time
---------------------------------------------------------------------------------------------
                                             19.750000   data required time
                                             -1.119027   data arrival time
---------------------------------------------------------------------------------------------
                                             18.630972   slack (MET)


Startpoint: _183_ (rising edge-triggered flip-flop clocked by clk)
Endpoint: seg1[2] (output port clocked by clk)
Path Group: clk
Path Type: max

Fanout         Cap        Slew       Delay        Time   Description
---------------------------------------------------------------------------------------------
                                  0.000000    0.000000   clock clk (rise edge)
                                  0.000000    0.000000   clock source latency
     1    0.014876    0.054748    0.037187    0.037187 ^ clk (in)
                                                         clk (net)
                      0.054762    0.000000    0.037187 ^ clkbuf_0_clk/A (sky130_fd_sc_hd__clkbuf_16)
     4    0.043756    0.047740    0.104890    0.142077 ^ clkbuf_0_clk/X (sky130_fd_sc_hd__clkbuf_16)
                                                         clknet_0_clk (net)
                      0.048025    0.002584    0.144661 ^ clkbuf_2_3__f_clk/A (sky130_fd_sc_hd__clkbuf_16)
    11    0.033260    0.040327    0.097563    0.242224 ^ clkbuf_2_3__f_clk/X (sky130_fd_sc_hd__clkbuf_16)
                                                         clknet_2_3__leaf_clk (net)
                      0.040537    0.002187    0.244411 ^ _183_/CLK (sky130_fd_sc_hd__dfrtp_1)
     2    0.009205    0.049173    0.247521    0.491932 v _183_/Q (sky130_fd_sc_hd__dfrtp_1)
                                                         cnt[1] (net)
                      0.049178    0.000521    0.492453 v fanout30/A (sky130_fd_sc_hd__buf_2)
    10    0.038259    0.069759    0.127610    0.620062 v fanout30/X (sky130_fd_sc_hd__buf_2)
                                                         net30 (net)
                      0.070237    0.004578    0.624641 v _049_/A (sky130_fd_sc_hd__inv_2)
     3    0.017452    0.065722    0.078199    0.702840 ^ _049_/Y (sky130_fd_sc_hd__inv_2)
                                                         _038_ (net)
                      0.065733    0.000700    0.703540 ^ fanout29/A (sky130_fd_sc_hd__buf_2)
    10    0.047900    0.177224    0.177025    0.880565 ^ fanout29/X (sky130_fd_sc_hd__buf_2)
                                                         net29 (net)
                      0.177660    0.007188    0.887753 ^ _076_/A1 (sky130_fd_sc_hd__a31o_1)
     1    0.002977    0.033380    0.091635    0.979388 ^ _076_/X (sky130_fd_sc_hd__a31o_1)
                                                         net11 (net)
                      0.033380    0.000123    0.979512 ^ output11/A (sky130_fd_sc_hd__buf_2)
     1    0.034056    0.127172    0.136813    1.116325 ^ output11/X (sky130_fd_sc_hd__buf_2)
                                                         seg1[2] (net)
                      0.127202    0.001624    1.117949 ^ seg1[2] (out)
                                              1.117949   data arrival time

                                 25.000000   25.000000   clock clk (rise edge)
                                  0.000000   25.000000   clock network delay (propagated)
                                 -0.250000   24.750000   clock uncertainty
                                  0.000000   24.750000   clock reconvergence pessimism
                                 -5.000000   19.750000   output external delay
                                             19.750000   data required time
---------------------------------------------------------------------------------------------
                                             19.750000   data required time
                                             -1.117949   data arrival time
---------------------------------------------------------------------------------------------
                                             18.632051   slack (MET)


Startpoint: _182_ (rising edge-triggered flip-flop clocked by clk)
Endpoint: seg2[1] (output port clocked by clk)
Path Group: clk
Path Type: max

Fanout         Cap        Slew       Delay        Time   Description
---------------------------------------------------------------------------------------------
                                  0.000000    0.000000   clock clk (rise edge)
                                  0.000000    0.000000   clock source latency
     1    0.014876    0.054748    0.037187    0.037187 ^ clk (in)
                                                         clk (net)
                      0.054762    0.000000    0.037187 ^ clkbuf_0_clk/A (sky130_fd_sc_hd__clkbuf_16)
     4    0.043756    0.047740    0.104890    0.142077 ^ clkbuf_0_clk/X (sky130_fd_sc_hd__clkbuf_16)
                                                         clknet_0_clk (net)
                      0.048025    0.002584    0.144661 ^ clkbuf_2_3__f_clk/A (sky130_fd_sc_hd__clkbuf_16)
    11    0.033260    0.040327    0.097563    0.242224 ^ clkbuf_2_3__f_clk/X (sky130_fd_sc_hd__clkbuf_16)
                                                         clknet_2_3__leaf_clk (net)
                      0.040530    0.002143    0.244367 ^ _182_/CLK (sky130_fd_sc_hd__dfrtp_1)
     2    0.006198    0.038791    0.236724    0.481091 v _182_/Q (sky130_fd_sc_hd__dfrtp_1)
                                                         cnt[0] (net)
                      0.038791    0.000369    0.481460 v fanout32/A (sky130_fd_sc_hd__buf_2)
    10    0.036703    0.066909    0.122634    0.604095 v fanout32/X (sky130_fd_sc_hd__buf_2)
                                                         net32 (net)
                      0.067098    0.002770    0.606864 v _050_/A (sky130_fd_sc_hd__inv_2)
     3    0.018417    0.068587    0.078586    0.685450 ^ _050_/Y (sky130_fd_sc_hd__inv_2)
                                                         _039_ (net)
                      0.068618    0.001190    0.686640 ^ fanout28/A (sky130_fd_sc_hd__buf_2)
    10    0.047866    0.176929    0.178587    0.865227 ^ fanout28/X (sky130_fd_sc_hd__buf_2)
                                                         net28 (net)
                      0.176976    0.002437    0.867664 ^ _089_/A2 (sky130_fd_sc_hd__a31o_1)
     1    0.004434    0.042453    0.105046    0.972710 ^ _089_/X (sky130_fd_sc_hd__a31o_1)
                                                         net16 (net)
                      0.042455    0.000310    0.973019 ^ output16/A (sky130_fd_sc_hd__buf_2)
     1    0.034141    0.127451    0.139762    1.112781 ^ output16/X (sky130_fd_sc_hd__buf_2)
                                                         seg2[1] (net)
                      0.127482    0.001641    1.114421 ^ seg2[1] (out)
                                              1.114421   data arrival time

                                 25.000000   25.000000   clock clk (rise edge)
                                  0.000000   25.000000   clock network delay (propagated)
                                 -0.250000   24.750000   clock uncertainty
                                  0.000000   24.750000   clock reconvergence pessimism
                                 -5.000000   19.750000   output external delay
                                             19.750000   data required time
---------------------------------------------------------------------------------------------
                                             19.750000   data required time
                                             -1.114421   data arrival time
---------------------------------------------------------------------------------------------
                                             18.635578   slack (MET)


Startpoint: _183_ (rising edge-triggered flip-flop clocked by clk)
Endpoint: seg0[3] (output port clocked by clk)
Path Group: clk
Path Type: max

Fanout         Cap        Slew       Delay        Time   Description
---------------------------------------------------------------------------------------------
                                  0.000000    0.000000   clock clk (rise edge)
                                  0.000000    0.000000   clock source latency
     1    0.014876    0.054748    0.037187    0.037187 ^ clk (in)
                                                         clk (net)
                      0.054762    0.000000    0.037187 ^ clkbuf_0_clk/A (sky130_fd_sc_hd__clkbuf_16)
     4    0.043756    0.047740    0.104890    0.142077 ^ clkbuf_0_clk/X (sky130_fd_sc_hd__clkbuf_16)
                                                         clknet_0_clk (net)
                      0.048025    0.002584    0.144661 ^ clkbuf_2_3__f_clk/A (sky130_fd_sc_hd__clkbuf_16)
    11    0.033260    0.040327    0.097563    0.242224 ^ clkbuf_2_3__f_clk/X (sky130_fd_sc_hd__clkbuf_16)
                                                         clknet_2_3__leaf_clk (net)
                      0.040537    0.002187    0.244411 ^ _183_/CLK (sky130_fd_sc_hd__dfrtp_1)
     2    0.009205    0.049173    0.247521    0.491932 v _183_/Q (sky130_fd_sc_hd__dfrtp_1)
                                                         cnt[1] (net)
                      0.049178    0.000521    0.492453 v fanout30/A (sky130_fd_sc_hd__buf_2)
    10    0.038259    0.069759    0.127610    0.620062 v fanout30/X (sky130_fd_sc_hd__buf_2)
                                                         net30 (net)
                      0.070237    0.004578    0.624641 v _049_/A (sky130_fd_sc_hd__inv_2)
     3    0.017452    0.065722    0.078199    0.702840 ^ _049_/Y (sky130_fd_sc_hd__inv_2)
                                                         _038_ (net)
                      0.065733    0.000700    0.703540 ^ fanout29/A (sky130_fd_sc_hd__buf_2)
    10    0.047900    0.177224    0.177025    0.880565 ^ fanout29/X (sky130_fd_sc_hd__buf_2)
                                                         net29 (net)
                      0.177281    0.002665    0.883231 ^ _064_/A1 (sky130_fd_sc_hd__a31o_1)
     1    0.002568    0.031140    0.089341    0.972572 ^ _064_/X (sky130_fd_sc_hd__a31o_1)
                                                         net6 (net)
                      0.031140    0.000170    0.972741 ^ output6/A (sky130_fd_sc_hd__buf_2)
     1    0.035336    0.131717    0.139181    1.111922 ^ output6/X (sky130_fd_sc_hd__buf_2)
                                                         seg0[3] (net)
                      0.131753    0.001800    1.113721 ^ seg0[3] (out)
                                              1.113721   data arrival time

                                 25.000000   25.000000   clock clk (rise edge)
                                  0.000000   25.000000   clock network delay (propagated)
                                 -0.250000   24.750000   clock uncertainty
                                  0.000000   24.750000   clock reconvergence pessimism
                                 -5.000000   19.750000   output external delay
                                             19.750000   data required time
---------------------------------------------------------------------------------------------
                                             19.750000   data required time
                                             -1.113721   data arrival time
---------------------------------------------------------------------------------------------
                                             18.636278   slack (MET)


Startpoint: _182_ (rising edge-triggered flip-flop clocked by clk)
Endpoint: seg2[3] (output port clocked by clk)
Path Group: clk
Path Type: max

Fanout         Cap        Slew       Delay        Time   Description
---------------------------------------------------------------------------------------------
                                  0.000000    0.000000   clock clk (rise edge)
                                  0.000000    0.000000   clock source latency
     1    0.014876    0.054748    0.037187    0.037187 ^ clk (in)
                                                         clk (net)
                      0.054762    0.000000    0.037187 ^ clkbuf_0_clk/A (sky130_fd_sc_hd__clkbuf_16)
     4    0.043756    0.047740    0.104890    0.142077 ^ clkbuf_0_clk/X (sky130_fd_sc_hd__clkbuf_16)
                                                         clknet_0_clk (net)
                      0.048025    0.002584    0.144661 ^ clkbuf_2_3__f_clk/A (sky130_fd_sc_hd__clkbuf_16)
    11    0.033260    0.040327    0.097563    0.242224 ^ clkbuf_2_3__f_clk/X (sky130_fd_sc_hd__clkbuf_16)
                                                         clknet_2_3__leaf_clk (net)
                      0.040530    0.002143    0.244367 ^ _182_/CLK (sky130_fd_sc_hd__dfrtp_1)
     2    0.006198    0.038791    0.236724    0.481091 v _182_/Q (sky130_fd_sc_hd__dfrtp_1)
                                                         cnt[0] (net)
                      0.038791    0.000369    0.481460 v fanout32/A (sky130_fd_sc_hd__buf_2)
    10    0.036703    0.066909    0.122634    0.604095 v fanout32/X (sky130_fd_sc_hd__buf_2)
                                                         net32 (net)
                      0.067098    0.002770    0.606864 v _050_/A (sky130_fd_sc_hd__inv_2)
     3    0.018417    0.068587    0.078586    0.685450 ^ _050_/Y (sky130_fd_sc_hd__inv_2)
                                                         _039_ (net)
                      0.068618    0.001190    0.686640 ^ fanout28/A (sky130_fd_sc_hd__buf_2)
    10    0.047866    0.176929    0.178587    0.865227 ^ fanout28/X (sky130_fd_sc_hd__buf_2)
                                                         net28 (net)
                      0.176985    0.002634    0.867861 ^ _093_/A2 (sky130_fd_sc_hd__a31o_1)
     1    0.003900    0.039113    0.102406    0.970267 ^ _093_/X (sky130_fd_sc_hd__a31o_1)
                                                         net18 (net)
                      0.039115    0.000267    0.970534 ^ output18/A (sky130_fd_sc_hd__buf_2)
     1    0.033973    0.127238    0.138311    1.108845 ^ output18/X (sky130_fd_sc_hd__buf_2)
                                                         seg2[3] (net)
                      0.127267    0.001589    1.110434 ^ seg2[3] (out)
                                              1.110434   data arrival time

                                 25.000000   25.000000   clock clk (rise edge)
                                  0.000000   25.000000   clock network delay (propagated)
                                 -0.250000   24.750000   clock uncertainty
                                  0.000000   24.750000   clock reconvergence pessimism
                                 -5.000000   19.750000   output external delay
                                             19.750000   data required time
---------------------------------------------------------------------------------------------
                                             19.750000   data required time
                                             -1.110434   data arrival time
---------------------------------------------------------------------------------------------
                                             18.639565   slack (MET)


Startpoint: _183_ (rising edge-triggered flip-flop clocked by clk)
Endpoint: seg0[5] (output port clocked by clk)
Path Group: clk
Path Type: max

Fanout         Cap        Slew       Delay        Time   Description
---------------------------------------------------------------------------------------------
                                  0.000000    0.000000   clock clk (rise edge)
                                  0.000000    0.000000   clock source latency
     1    0.014876    0.054748    0.037187    0.037187 ^ clk (in)
                                                         clk (net)
                      0.054762    0.000000    0.037187 ^ clkbuf_0_clk/A (sky130_fd_sc_hd__clkbuf_16)
     4    0.043756    0.047740    0.104890    0.142077 ^ clkbuf_0_clk/X (sky130_fd_sc_hd__clkbuf_16)
                                                         clknet_0_clk (net)
                      0.048025    0.002584    0.144661 ^ clkbuf_2_3__f_clk/A (sky130_fd_sc_hd__clkbuf_16)
    11    0.033260    0.040327    0.097563    0.242224 ^ clkbuf_2_3__f_clk/X (sky130_fd_sc_hd__clkbuf_16)
                                                         clknet_2_3__leaf_clk (net)
                      0.040537    0.002187    0.244411 ^ _183_/CLK (sky130_fd_sc_hd__dfrtp_1)
     2    0.009205    0.049173    0.247521    0.491932 v _183_/Q (sky130_fd_sc_hd__dfrtp_1)
                                                         cnt[1] (net)
                      0.049178    0.000521    0.492453 v fanout30/A (sky130_fd_sc_hd__buf_2)
    10    0.038259    0.069759    0.127610    0.620062 v fanout30/X (sky130_fd_sc_hd__buf_2)
                                                         net30 (net)
                      0.070237    0.004578    0.624641 v _049_/A (sky130_fd_sc_hd__inv_2)
     3    0.017452    0.065722    0.078199    0.702840 ^ _049_/Y (sky130_fd_sc_hd__inv_2)
                                                         _038_ (net)
                      0.065733    0.000700    0.703540 ^ fanout29/A (sky130_fd_sc_hd__buf_2)
    10    0.047900    0.177224    0.177025    0.880565 ^ fanout29/X (sky130_fd_sc_hd__buf_2)
                                                         net29 (net)
                      0.177367    0.004177    0.884742 ^ _068_/A1 (sky130_fd_sc_hd__a31o_1)
     1    0.002003    0.027651    0.086243    0.970985 ^ _068_/X (sky130_fd_sc_hd__a31o_1)
                                                         net8 (net)
                      0.027651    0.000092    0.971077 ^ output8/A (sky130_fd_sc_hd__buf_2)
     1    0.035087    0.130841    0.137528    1.108605 ^ output8/X (sky130_fd_sc_hd__buf_2)
                                                         seg0[5] (net)
                      0.130875    0.001760    1.110366 ^ seg0[5] (out)
                                              1.110366   data arrival time

                                 25.000000   25.000000   clock clk (rise edge)
                                  0.000000   25.000000   clock network delay (propagated)
                                 -0.250000   24.750000   clock uncertainty
                                  0.000000   24.750000   clock reconvergence pessimism
                                 -5.000000   19.750000   output external delay
                                             19.750000   data required time
---------------------------------------------------------------------------------------------
                                             19.750000   data required time
                                             -1.110366   data arrival time
---------------------------------------------------------------------------------------------
                                             18.639635   slack (MET)


Startpoint: _183_ (rising edge-triggered flip-flop clocked by clk)
Endpoint: seg0[2] (output port clocked by clk)
Path Group: clk
Path Type: max

Fanout         Cap        Slew       Delay        Time   Description
---------------------------------------------------------------------------------------------
                                  0.000000    0.000000   clock clk (rise edge)
                                  0.000000    0.000000   clock source latency
     1    0.014876    0.054748    0.037187    0.037187 ^ clk (in)
                                                         clk (net)
                      0.054762    0.000000    0.037187 ^ clkbuf_0_clk/A (sky130_fd_sc_hd__clkbuf_16)
     4    0.043756    0.047740    0.104890    0.142077 ^ clkbuf_0_clk/X (sky130_fd_sc_hd__clkbuf_16)
                                                         clknet_0_clk (net)
                      0.048025    0.002584    0.144661 ^ clkbuf_2_3__f_clk/A (sky130_fd_sc_hd__clkbuf_16)
    11    0.033260    0.040327    0.097563    0.242224 ^ clkbuf_2_3__f_clk/X (sky130_fd_sc_hd__clkbuf_16)
                                                         clknet_2_3__leaf_clk (net)
                      0.040537    0.002187    0.244411 ^ _183_/CLK (sky130_fd_sc_hd__dfrtp_1)
     2    0.009205    0.049173    0.247521    0.491932 v _183_/Q (sky130_fd_sc_hd__dfrtp_1)
                                                         cnt[1] (net)
                      0.049178    0.000521    0.492453 v fanout30/A (sky130_fd_sc_hd__buf_2)
    10    0.038259    0.069759    0.127610    0.620062 v fanout30/X (sky130_fd_sc_hd__buf_2)
                                                         net30 (net)
                      0.070237    0.004578    0.624641 v _049_/A (sky130_fd_sc_hd__inv_2)
     3    0.017452    0.065722    0.078199    0.702840 ^ _049_/Y (sky130_fd_sc_hd__inv_2)
                                                         _038_ (net)
                      0.065733    0.000700    0.703540 ^ fanout29/A (sky130_fd_sc_hd__buf_2)
    10    0.047900    0.177224    0.177025    0.880565 ^ fanout29/X (sky130_fd_sc_hd__buf_2)
                                                         net29 (net)
                      0.177238    0.001316    0.881881 ^ _062_/A1 (sky130_fd_sc_hd__a31o_1)
     1    0.002037    0.028110    0.086423    0.968304 ^ _062_/X (sky130_fd_sc_hd__a31o_1)
                                                         net5 (net)
                      0.028110    0.000094    0.968399 ^ output5/A (sky130_fd_sc_hd__buf_2)
     1    0.035173    0.131147    0.137886    1.106285 ^ output5/X (sky130_fd_sc_hd__buf_2)
                                                         seg0[2] (net)
                      0.131181    0.001749    1.108034 ^ seg0[2] (out)
                                              1.108034   data arrival time

                                 25.000000   25.000000   clock clk (rise edge)
                                  0.000000   25.000000   clock network delay (propagated)
                                 -0.250000   24.750000   clock uncertainty
                                  0.000000   24.750000   clock reconvergence pessimism
                                 -5.000000   19.750000   output external delay
                                             19.750000   data required time
---------------------------------------------------------------------------------------------
                                             19.750000   data required time
                                             -1.108034   data arrival time
---------------------------------------------------------------------------------------------
                                             18.641966   slack (MET)


Startpoint: _182_ (rising edge-triggered flip-flop clocked by clk)
Endpoint: seg2[2] (output port clocked by clk)
Path Group: clk
Path Type: max

Fanout         Cap        Slew       Delay        Time   Description
---------------------------------------------------------------------------------------------
                                  0.000000    0.000000   clock clk (rise edge)
                                  0.000000    0.000000   clock source latency
     1    0.014876    0.054748    0.037187    0.037187 ^ clk (in)
                                                         clk (net)
                      0.054762    0.000000    0.037187 ^ clkbuf_0_clk/A (sky130_fd_sc_hd__clkbuf_16)
     4    0.043756    0.047740    0.104890    0.142077 ^ clkbuf_0_clk/X (sky130_fd_sc_hd__clkbuf_16)
                                                         clknet_0_clk (net)
                      0.048025    0.002584    0.144661 ^ clkbuf_2_3__f_clk/A (sky130_fd_sc_hd__clkbuf_16)
    11    0.033260    0.040327    0.097563    0.242224 ^ clkbuf_2_3__f_clk/X (sky130_fd_sc_hd__clkbuf_16)
                                                         clknet_2_3__leaf_clk (net)
                      0.040530    0.002143    0.244367 ^ _182_/CLK (sky130_fd_sc_hd__dfrtp_1)
     2    0.006198    0.038791    0.236724    0.481091 v _182_/Q (sky130_fd_sc_hd__dfrtp_1)
                                                         cnt[0] (net)
                      0.038791    0.000369    0.481460 v fanout32/A (sky130_fd_sc_hd__buf_2)
    10    0.036703    0.066909    0.122634    0.604095 v fanout32/X (sky130_fd_sc_hd__buf_2)
                                                         net32 (net)
                      0.067098    0.002770    0.606864 v _050_/A (sky130_fd_sc_hd__inv_2)
     3    0.018417    0.068587    0.078586    0.685450 ^ _050_/Y (sky130_fd_sc_hd__inv_2)
                                                         _039_ (net)
                      0.068618    0.001190    0.686640 ^ fanout28/A (sky130_fd_sc_hd__buf_2)
    10    0.047866    0.176929    0.178587    0.865227 ^ fanout28/X (sky130_fd_sc_hd__buf_2)
                                                         net28 (net)
                      0.177005    0.003055    0.868282 ^ _091_/A2 (sky130_fd_sc_hd__a31o_1)
     1    0.002837    0.032706    0.096484    0.964766 ^ _091_/X (sky130_fd_sc_hd__a31o_1)
                                                         net17 (net)
                      0.032707    0.000205    0.964971 ^ output17/A (sky130_fd_sc_hd__buf_2)
     1    0.034205    0.127696    0.136922    1.101892 ^ output17/X (sky130_fd_sc_hd__buf_2)
                                                         seg2[2] (net)
                      0.127729    0.001703    1.103596 ^ seg2[2] (out)
                                              1.103596   data arrival time

                                 25.000000   25.000000   clock clk (rise edge)
                                  0.000000   25.000000   clock network delay (propagated)
                                 -0.250000   24.750000   clock uncertainty
                                  0.000000   24.750000   clock reconvergence pessimism
                                 -5.000000   19.750000   output external delay
                                             19.750000   data required time
---------------------------------------------------------------------------------------------
                                             19.750000   data required time
                                             -1.103596   data arrival time
---------------------------------------------------------------------------------------------
                                             18.646404   slack (MET)


Startpoint: _182_ (rising edge-triggered flip-flop clocked by clk)
Endpoint: seg2[0] (output port clocked by clk)
Path Group: clk
Path Type: max

Fanout         Cap        Slew       Delay        Time   Description
---------------------------------------------------------------------------------------------
                                  0.000000    0.000000   clock clk (rise edge)
                                  0.000000    0.000000   clock source latency
     1    0.014876    0.054748    0.037187    0.037187 ^ clk (in)
                                                         clk (net)
                      0.054762    0.000000    0.037187 ^ clkbuf_0_clk/A (sky130_fd_sc_hd__clkbuf_16)
     4    0.043756    0.047740    0.104890    0.142077 ^ clkbuf_0_clk/X (sky130_fd_sc_hd__clkbuf_16)
                                                         clknet_0_clk (net)
                      0.048025    0.002584    0.144661 ^ clkbuf_2_3__f_clk/A (sky130_fd_sc_hd__clkbuf_16)
    11    0.033260    0.040327    0.097563    0.242224 ^ clkbuf_2_3__f_clk/X (sky130_fd_sc_hd__clkbuf_16)
                                                         clknet_2_3__leaf_clk (net)
                      0.040530    0.002143    0.244367 ^ _182_/CLK (sky130_fd_sc_hd__dfrtp_1)
     2    0.006198    0.038791    0.236724    0.481091 v _182_/Q (sky130_fd_sc_hd__dfrtp_1)
                                                         cnt[0] (net)
                      0.038791    0.000369    0.481460 v fanout32/A (sky130_fd_sc_hd__buf_2)
    10    0.036703    0.066909    0.122634    0.604095 v fanout32/X (sky130_fd_sc_hd__buf_2)
                                                         net32 (net)
                      0.067098    0.002770    0.606864 v _050_/A (sky130_fd_sc_hd__inv_2)
     3    0.018417    0.068587    0.078586    0.685450 ^ _050_/Y (sky130_fd_sc_hd__inv_2)
                                                         _039_ (net)
                      0.068618    0.001190    0.686640 ^ fanout28/A (sky130_fd_sc_hd__buf_2)
    10    0.047866    0.176929    0.178587    0.865227 ^ fanout28/X (sky130_fd_sc_hd__buf_2)
                                                         net28 (net)
                      0.177010    0.003158    0.868386 ^ _086_/A2 (sky130_fd_sc_hd__a31o_1)
     1    0.002441    0.030410    0.094253    0.962639 ^ _086_/X (sky130_fd_sc_hd__a31o_1)
                                                         net15 (net)
                      0.030411    0.000179    0.962818 ^ output15/A (sky130_fd_sc_hd__buf_2)
     1    0.034456    0.128590    0.136802    1.099620 ^ output15/X (sky130_fd_sc_hd__buf_2)
                                                         seg2[0] (net)
                      0.128625    0.001774    1.101393 ^ seg2[0] (out)
                                              1.101393   data arrival time

                                 25.000000   25.000000   clock clk (rise edge)
                                  0.000000   25.000000   clock network delay (propagated)
                                 -0.250000   24.750000   clock uncertainty
                                  0.000000   24.750000   clock reconvergence pessimism
                                 -5.000000   19.750000   output external delay
                                             19.750000   data required time
---------------------------------------------------------------------------------------------
                                             19.750000   data required time
                                             -1.101393   data arrival time
---------------------------------------------------------------------------------------------
                                             18.648607   slack (MET)


Startpoint: _182_ (rising edge-triggered flip-flop clocked by clk)
Endpoint: seg2[5] (output port clocked by clk)
Path Group: clk
Path Type: max

Fanout         Cap        Slew       Delay        Time   Description
---------------------------------------------------------------------------------------------
                                  0.000000    0.000000   clock clk (rise edge)
                                  0.000000    0.000000   clock source latency
     1    0.014876    0.054748    0.037187    0.037187 ^ clk (in)
                                                         clk (net)
                      0.054762    0.000000    0.037187 ^ clkbuf_0_clk/A (sky130_fd_sc_hd__clkbuf_16)
     4    0.043756    0.047740    0.104890    0.142077 ^ clkbuf_0_clk/X (sky130_fd_sc_hd__clkbuf_16)
                                                         clknet_0_clk (net)
                      0.048025    0.002584    0.144661 ^ clkbuf_2_3__f_clk/A (sky130_fd_sc_hd__clkbuf_16)
    11    0.033260    0.040327    0.097563    0.242224 ^ clkbuf_2_3__f_clk/X (sky130_fd_sc_hd__clkbuf_16)
                                                         clknet_2_3__leaf_clk (net)
                      0.040530    0.002143    0.244367 ^ _182_/CLK (sky130_fd_sc_hd__dfrtp_1)
     2    0.006198    0.038791    0.236724    0.481091 v _182_/Q (sky130_fd_sc_hd__dfrtp_1)
                                                         cnt[0] (net)
                      0.038791    0.000369    0.481460 v fanout32/A (sky130_fd_sc_hd__buf_2)
    10    0.036703    0.066909    0.122634    0.604095 v fanout32/X (sky130_fd_sc_hd__buf_2)
                                                         net32 (net)
                      0.067098    0.002770    0.606864 v _050_/A (sky130_fd_sc_hd__inv_2)
     3    0.018417    0.068587    0.078586    0.685450 ^ _050_/Y (sky130_fd_sc_hd__inv_2)
                                                         _039_ (net)
                      0.068618    0.001190    0.686640 ^ fanout28/A (sky130_fd_sc_hd__buf_2)
    10    0.047866    0.176929    0.178587    0.865227 ^ fanout28/X (sky130_fd_sc_hd__buf_2)
                                                         net28 (net)
                      0.177159    0.005255    0.870483 ^ _097_/A2 (sky130_fd_sc_hd__a31o_1)
     1    0.002010    0.027957    0.091852    0.962334 ^ _097_/X (sky130_fd_sc_hd__a31o_1)
                                                         net20 (net)
                      0.027957    0.000093    0.962428 ^ output20/A (sky130_fd_sc_hd__buf_2)
     1    0.034908    0.130205    0.137200    1.099628 ^ output20/X (sky130_fd_sc_hd__buf_2)
                                                         seg2[5] (net)
                      0.130239    0.001738    1.101366 ^ seg2[5] (out)
                                              1.101366   data arrival time

                                 25.000000   25.000000   clock clk (rise edge)
                                  0.000000   25.000000   clock network delay (propagated)
                                 -0.250000   24.750000   clock uncertainty
                                  0.000000   24.750000   clock reconvergence pessimism
                                 -5.000000   19.750000   output external delay
                                             19.750000   data required time
---------------------------------------------------------------------------------------------
                                             19.750000   data required time
                                             -1.101366   data arrival time
---------------------------------------------------------------------------------------------
                                             18.648634   slack (MET)


Startpoint: _182_ (rising edge-triggered flip-flop clocked by clk)
Endpoint: seg2[4] (output port clocked by clk)
Path Group: clk
Path Type: max

Fanout         Cap        Slew       Delay        Time   Description
---------------------------------------------------------------------------------------------
                                  0.000000    0.000000   clock clk (rise edge)
                                  0.000000    0.000000   clock source latency
     1    0.014876    0.054748    0.037187    0.037187 ^ clk (in)
                                                         clk (net)
                      0.054762    0.000000    0.037187 ^ clkbuf_0_clk/A (sky130_fd_sc_hd__clkbuf_16)
     4    0.043756    0.047740    0.104890    0.142077 ^ clkbuf_0_clk/X (sky130_fd_sc_hd__clkbuf_16)
                                                         clknet_0_clk (net)
                      0.048025    0.002584    0.144661 ^ clkbuf_2_3__f_clk/A (sky130_fd_sc_hd__clkbuf_16)
    11    0.033260    0.040327    0.097563    0.242224 ^ clkbuf_2_3__f_clk/X (sky130_fd_sc_hd__clkbuf_16)
                                                         clknet_2_3__leaf_clk (net)
                      0.040530    0.002143    0.244367 ^ _182_/CLK (sky130_fd_sc_hd__dfrtp_1)
     2    0.006198    0.038791    0.236724    0.481091 v _182_/Q (sky130_fd_sc_hd__dfrtp_1)
                                                         cnt[0] (net)
                      0.038791    0.000369    0.481460 v fanout32/A (sky130_fd_sc_hd__buf_2)
    10    0.036703    0.066909    0.122634    0.604095 v fanout32/X (sky130_fd_sc_hd__buf_2)
                                                         net32 (net)
                      0.067098    0.002770    0.606864 v _050_/A (sky130_fd_sc_hd__inv_2)
     3    0.018417    0.068587    0.078586    0.685450 ^ _050_/Y (sky130_fd_sc_hd__inv_2)
                                                         _039_ (net)
                      0.068618    0.001190    0.686640 ^ fanout28/A (sky130_fd_sc_hd__buf_2)
    10    0.047866    0.176929    0.178587    0.865227 ^ fanout28/X (sky130_fd_sc_hd__buf_2)
                                                         net28 (net)
                      0.176993    0.002821    0.868048 ^ _095_/A2 (sky130_fd_sc_hd__a31o_1)
     1    0.002179    0.028918    0.092779    0.960827 ^ _095_/X (sky130_fd_sc_hd__a31o_1)
                                                         net19 (net)
                      0.028918    0.000155    0.960982 ^ output19/A (sky130_fd_sc_hd__buf_2)
     1    0.034538    0.129272    0.136599    1.097581 ^ output19/X (sky130_fd_sc_hd__buf_2)
                                                         seg2[4] (net)
                      0.129302    0.001618    1.099199 ^ seg2[4] (out)
                                              1.099199   data arrival time

                                 25.000000   25.000000   clock clk (rise edge)
                                  0.000000   25.000000   clock network delay (propagated)
                                 -0.250000   24.750000   clock uncertainty
                                  0.000000   24.750000   clock reconvergence pessimism
                                 -5.000000   19.750000   output external delay
                                             19.750000   data required time
---------------------------------------------------------------------------------------------
                                             19.750000   data required time
                                             -1.099199   data arrival time
---------------------------------------------------------------------------------------------
                                             18.650801   slack (MET)


Startpoint: _183_ (rising edge-triggered flip-flop clocked by clk)
Endpoint: seg1[5] (output port clocked by clk)
Path Group: clk
Path Type: max

Fanout         Cap        Slew       Delay        Time   Description
---------------------------------------------------------------------------------------------
                                  0.000000    0.000000   clock clk (rise edge)
                                  0.000000    0.000000   clock source latency
     1    0.014876    0.054748    0.037187    0.037187 ^ clk (in)
                                                         clk (net)
                      0.054762    0.000000    0.037187 ^ clkbuf_0_clk/A (sky130_fd_sc_hd__clkbuf_16)
     4    0.043756    0.047740    0.104890    0.142077 ^ clkbuf_0_clk/X (sky130_fd_sc_hd__clkbuf_16)
                                                         clknet_0_clk (net)
                      0.048025    0.002584    0.144661 ^ clkbuf_2_3__f_clk/A (sky130_fd_sc_hd__clkbuf_16)
    11    0.033260    0.040327    0.097563    0.242224 ^ clkbuf_2_3__f_clk/X (sky130_fd_sc_hd__clkbuf_16)
                                                         clknet_2_3__leaf_clk (net)
                      0.040537    0.002187    0.244411 ^ _183_/CLK (sky130_fd_sc_hd__dfrtp_1)
     2    0.009205    0.049173    0.247521    0.491932 v _183_/Q (sky130_fd_sc_hd__dfrtp_1)
                                                         cnt[1] (net)
                      0.049178    0.000521    0.492453 v fanout30/A (sky130_fd_sc_hd__buf_2)
    10    0.038259    0.069759    0.127610    0.620062 v fanout30/X (sky130_fd_sc_hd__buf_2)
                                                         net30 (net)
                      0.070237    0.004578    0.624641 v _049_/A (sky130_fd_sc_hd__inv_2)
     3    0.017452    0.065722    0.078199    0.702840 ^ _049_/Y (sky130_fd_sc_hd__inv_2)
                                                         _038_ (net)
                      0.065760    0.001284    0.704124 ^ _082_/A1 (sky130_fd_sc_hd__a31o_1)
     1    0.005982    0.051989    0.095040    0.799164 ^ _082_/X (sky130_fd_sc_hd__a31o_1)
                                                         net14 (net)
                      0.051992    0.000495    0.799659 ^ output14/A (sky130_fd_sc_hd__buf_2)
     1    0.034469    0.128974    0.143387    0.943046 ^ output14/X (sky130_fd_sc_hd__buf_2)
                                                         seg1[5] (net)
                      0.129006    0.001664    0.944710 ^ seg1[5] (out)
                                              0.944710   data arrival time

                                 25.000000   25.000000   clock clk (rise edge)
                                  0.000000   25.000000   clock network delay (propagated)
                                 -0.250000   24.750000   clock uncertainty
                                  0.000000   24.750000   clock reconvergence pessimism
                                 -5.000000   19.750000   output external delay
                                             19.750000   data required time
---------------------------------------------------------------------------------------------
                                             19.750000   data required time
                                             -0.944710   data arrival time
---------------------------------------------------------------------------------------------
                                             18.805290   slack (MET)


Startpoint: _183_ (rising edge-triggered flip-flop clocked by clk)
Endpoint: seg1[4] (output port clocked by clk)
Path Group: clk
Path Type: max

Fanout         Cap        Slew       Delay        Time   Description
---------------------------------------------------------------------------------------------
                                  0.000000    0.000000   clock clk (rise edge)
                                  0.000000    0.000000   clock source latency
     1    0.014876    0.054748    0.037187    0.037187 ^ clk (in)
                                                         clk (net)
                      0.054762    0.000000    0.037187 ^ clkbuf_0_clk/A (sky130_fd_sc_hd__clkbuf_16)
     4    0.043756    0.047740    0.104890    0.142077 ^ clkbuf_0_clk/X (sky130_fd_sc_hd__clkbuf_16)
                                                         clknet_0_clk (net)
                      0.048025    0.002584    0.144661 ^ clkbuf_2_3__f_clk/A (sky130_fd_sc_hd__clkbuf_16)
    11    0.033260    0.040327    0.097563    0.242224 ^ clkbuf_2_3__f_clk/X (sky130_fd_sc_hd__clkbuf_16)
                                                         clknet_2_3__leaf_clk (net)
                      0.040537    0.002187    0.244411 ^ _183_/CLK (sky130_fd_sc_hd__dfrtp_1)
     2    0.009205    0.049173    0.247521    0.491932 v _183_/Q (sky130_fd_sc_hd__dfrtp_1)
                                                         cnt[1] (net)
                      0.049178    0.000521    0.492453 v fanout30/A (sky130_fd_sc_hd__buf_2)
    10    0.038259    0.069759    0.127610    0.620062 v fanout30/X (sky130_fd_sc_hd__buf_2)
                                                         net30 (net)
                      0.070237    0.004578    0.624641 v _049_/A (sky130_fd_sc_hd__inv_2)
     3    0.017452    0.065722    0.078199    0.702840 ^ _049_/Y (sky130_fd_sc_hd__inv_2)
                                                         _038_ (net)
                      0.065757    0.001217    0.704057 ^ _080_/A1 (sky130_fd_sc_hd__a31o_1)
     1    0.004324    0.041396    0.086958    0.791015 ^ _080_/X (sky130_fd_sc_hd__a31o_1)
                                                         net13 (net)
                      0.041397    0.000260    0.791275 ^ output13/A (sky130_fd_sc_hd__buf_2)
     1    0.034222    0.127738    0.139596    0.930871 ^ output13/X (sky130_fd_sc_hd__buf_2)
                                                         seg1[4] (net)
                      0.127771    0.001704    0.932575 ^ seg1[4] (out)
                                              0.932575   data arrival time

                                 25.000000   25.000000   clock clk (rise edge)
                                  0.000000   25.000000   clock network delay (propagated)
                                 -0.250000   24.750000   clock uncertainty
                                  0.000000   24.750000   clock reconvergence pessimism
                                 -5.000000   19.750000   output external delay
                                             19.750000   data required time
---------------------------------------------------------------------------------------------
                                             19.750000   data required time
                                             -0.932575   data arrival time
---------------------------------------------------------------------------------------------
                                             18.817425   slack (MET)


Startpoint: _176_ (rising edge-triggered flip-flop clocked by clk)
Endpoint: seg3[0] (output port clocked by clk)
Path Group: clk
Path Type: max

Fanout         Cap        Slew       Delay        Time   Description
---------------------------------------------------------------------------------------------
                                  0.000000    0.000000   clock clk (rise edge)
                                  0.000000    0.000000   clock source latency
     1    0.014876    0.054748    0.037187    0.037187 ^ clk (in)
                                                         clk (net)
                      0.054762    0.000000    0.037187 ^ clkbuf_0_clk/A (sky130_fd_sc_hd__clkbuf_16)
     4    0.043756    0.047740    0.104890    0.142077 ^ clkbuf_0_clk/X (sky130_fd_sc_hd__clkbuf_16)
                                                         clknet_0_clk (net)
                      0.048030    0.002612    0.144689 ^ clkbuf_2_0__f_clk/A (sky130_fd_sc_hd__clkbuf_16)
    10    0.031349    0.039062    0.096426    0.241115 ^ clkbuf_2_0__f_clk/X (sky130_fd_sc_hd__clkbuf_16)
                                                         clknet_2_0__leaf_clk (net)
                      0.039206    0.002133    0.243248 ^ _176_/CLK (sky130_fd_sc_hd__dfstp_2)
     9    0.046642    0.172931    0.412572    0.655821 ^ _176_/Q (sky130_fd_sc_hd__dfstp_2)
                                                         cursor[0] (net)
                      0.172986    0.002940    0.658760 ^ _101_/A3 (sky130_fd_sc_hd__a31o_1)
     1    0.002240    0.029191    0.092084    0.750844 ^ _101_/X (sky130_fd_sc_hd__a31o_1)
                                                         net21 (net)
                      0.029191    0.000162    0.751006 ^ output21/A (sky130_fd_sc_hd__buf_2)
     1    0.034506    0.128782    0.136653    0.887659 ^ output21/X (sky130_fd_sc_hd__buf_2)
                                                         seg3[0] (net)
                      0.128813    0.001639    0.889297 ^ seg3[0] (out)
                                              0.889297   data arrival time

                                 25.000000   25.000000   clock clk (rise edge)
                                  0.000000   25.000000   clock network delay (propagated)
                                 -0.250000   24.750000   clock uncertainty
                                  0.000000   24.750000   clock reconvergence pessimism
                                 -5.000000   19.750000   output external delay
                                             19.750000   data required time
---------------------------------------------------------------------------------------------
                                             19.750000   data required time
                                             -0.889297   data arrival time
---------------------------------------------------------------------------------------------
                                             18.860703   slack (MET)


Startpoint: _183_ (rising edge-triggered flip-flop clocked by clk)
Endpoint: seg3[4] (output port clocked by clk)
Path Group: clk
Path Type: max

Fanout         Cap        Slew       Delay        Time   Description
---------------------------------------------------------------------------------------------
                                  0.000000    0.000000   clock clk (rise edge)
                                  0.000000    0.000000   clock source latency
     1    0.014876    0.054748    0.037187    0.037187 ^ clk (in)
                                                         clk (net)
                      0.054762    0.000000    0.037187 ^ clkbuf_0_clk/A (sky130_fd_sc_hd__clkbuf_16)
     4    0.043756    0.047740    0.104890    0.142077 ^ clkbuf_0_clk/X (sky130_fd_sc_hd__clkbuf_16)
                                                         clknet_0_clk (net)
                      0.048025    0.002584    0.144661 ^ clkbuf_2_3__f_clk/A (sky130_fd_sc_hd__clkbuf_16)
    11    0.033260    0.040327    0.097563    0.242224 ^ clkbuf_2_3__f_clk/X (sky130_fd_sc_hd__clkbuf_16)
                                                         clknet_2_3__leaf_clk (net)
                      0.040537    0.002187    0.244411 ^ _183_/CLK (sky130_fd_sc_hd__dfrtp_1)
     2    0.009205    0.049173    0.247521    0.491932 v _183_/Q (sky130_fd_sc_hd__dfrtp_1)
                                                         cnt[1] (net)
                      0.049179    0.000561    0.492493 v fanout31/A (sky130_fd_sc_hd__clkbuf_2)
     9    0.031364    0.084525    0.128138    0.620631 v fanout31/X (sky130_fd_sc_hd__clkbuf_2)
                                                         net31 (net)
                      0.084643    0.002367    0.622998 v _110_/A1 (sky130_fd_sc_hd__a31o_1)
     1    0.003475    0.029704    0.129777    0.752775 v _110_/X (sky130_fd_sc_hd__a31o_1)
                                                         net25 (net)
                      0.029704    0.000232    0.753007 v output25/A (sky130_fd_sc_hd__buf_2)
     1    0.034160    0.062626    0.116268    0.869275 v output25/X (sky130_fd_sc_hd__buf_2)
                                                         seg3[4] (net)
                      0.062678    0.001622    0.870896 v seg3[4] (out)
                                              0.870896   data arrival time

                                 25.000000   25.000000   clock clk (rise edge)
                                  0.000000   25.000000   clock network delay (propagated)
                                 -0.250000   24.750000   clock uncertainty
                                  0.000000   24.750000   clock reconvergence pessimism
                                 -5.000000   19.750000   output external delay
                                             19.750000   data required time
---------------------------------------------------------------------------------------------
                                             19.750000   data required time
                                             -0.870896   data arrival time
---------------------------------------------------------------------------------------------
                                             18.879103   slack (MET)


Startpoint: _183_ (rising edge-triggered flip-flop clocked by clk)
Endpoint: seg3[5] (output port clocked by clk)
Path Group: clk
Path Type: max

Fanout         Cap        Slew       Delay        Time   Description
---------------------------------------------------------------------------------------------
                                  0.000000    0.000000   clock clk (rise edge)
                                  0.000000    0.000000   clock source latency
     1    0.014876    0.054748    0.037187    0.037187 ^ clk (in)
                                                         clk (net)
                      0.054762    0.000000    0.037187 ^ clkbuf_0_clk/A (sky130_fd_sc_hd__clkbuf_16)
     4    0.043756    0.047740    0.104890    0.142077 ^ clkbuf_0_clk/X (sky130_fd_sc_hd__clkbuf_16)
                                                         clknet_0_clk (net)
                      0.048025    0.002584    0.144661 ^ clkbuf_2_3__f_clk/A (sky130_fd_sc_hd__clkbuf_16)
    11    0.033260    0.040327    0.097563    0.242224 ^ clkbuf_2_3__f_clk/X (sky130_fd_sc_hd__clkbuf_16)
                                                         clknet_2_3__leaf_clk (net)
                      0.040537    0.002187    0.244411 ^ _183_/CLK (sky130_fd_sc_hd__dfrtp_1)
     2    0.009205    0.049173    0.247521    0.491932 v _183_/Q (sky130_fd_sc_hd__dfrtp_1)
                                                         cnt[1] (net)
                      0.049179    0.000561    0.492493 v fanout31/A (sky130_fd_sc_hd__clkbuf_2)
     9    0.031364    0.084525    0.128138    0.620631 v fanout31/X (sky130_fd_sc_hd__clkbuf_2)
                                                         net31 (net)
                      0.084645    0.002387    0.623019 v _112_/A1 (sky130_fd_sc_hd__a31o_1)
     1    0.003271    0.028974    0.128893    0.751912 v _112_/X (sky130_fd_sc_hd__a31o_1)
                                                         net26 (net)
                      0.028974    0.000192    0.752104 v output26/A (sky130_fd_sc_hd__buf_2)
     1    0.034080    0.062505    0.115884    0.867988 v output26/X (sky130_fd_sc_hd__buf_2)
                                                         seg3[5] (net)
                      0.062556    0.001608    0.869596 v seg3[5] (out)
                                              0.869596   data arrival time

                                 25.000000   25.000000   clock clk (rise edge)
                                  0.000000   25.000000   clock network delay (propagated)
                                 -0.250000   24.750000   clock uncertainty
                                  0.000000   24.750000   clock reconvergence pessimism
                                 -5.000000   19.750000   output external delay
                                             19.750000   data required time
---------------------------------------------------------------------------------------------
                                             19.750000   data required time
                                             -0.869596   data arrival time
---------------------------------------------------------------------------------------------
                                             18.880404   slack (MET)


Startpoint: _183_ (rising edge-triggered flip-flop clocked by clk)
Endpoint: seg3[2] (output port clocked by clk)
Path Group: clk
Path Type: max

Fanout         Cap        Slew       Delay        Time   Description
---------------------------------------------------------------------------------------------
                                  0.000000    0.000000   clock clk (rise edge)
                                  0.000000    0.000000   clock source latency
     1    0.014876    0.054748    0.037187    0.037187 ^ clk (in)
                                                         clk (net)
                      0.054762    0.000000    0.037187 ^ clkbuf_0_clk/A (sky130_fd_sc_hd__clkbuf_16)
     4    0.043756    0.047740    0.104890    0.142077 ^ clkbuf_0_clk/X (sky130_fd_sc_hd__clkbuf_16)
                                                         clknet_0_clk (net)
                      0.048025    0.002584    0.144661 ^ clkbuf_2_3__f_clk/A (sky130_fd_sc_hd__clkbuf_16)
    11    0.033260    0.040327    0.097563    0.242224 ^ clkbuf_2_3__f_clk/X (sky130_fd_sc_hd__clkbuf_16)
                                                         clknet_2_3__leaf_clk (net)
                      0.040537    0.002187    0.244411 ^ _183_/CLK (sky130_fd_sc_hd__dfrtp_1)
     2    0.009205    0.049173    0.247521    0.491932 v _183_/Q (sky130_fd_sc_hd__dfrtp_1)
                                                         cnt[1] (net)
                      0.049179    0.000561    0.492493 v fanout31/A (sky130_fd_sc_hd__clkbuf_2)
     9    0.031364    0.084525    0.128138    0.620631 v fanout31/X (sky130_fd_sc_hd__clkbuf_2)
                                                         net31 (net)
                      0.084607    0.002353    0.622985 v _106_/A1 (sky130_fd_sc_hd__a31o_1)
     1    0.003076    0.028302    0.128012    0.750997 v _106_/X (sky130_fd_sc_hd__a31o_1)
                                                         net23 (net)
                      0.028302    0.000194    0.751191 v output23/A (sky130_fd_sc_hd__buf_2)
     1    0.034429    0.063019    0.116062    0.867253 v output23/X (sky130_fd_sc_hd__buf_2)
                                                         seg3[2] (net)
                      0.063070    0.001617    0.868870 v seg3[2] (out)
                                              0.868870   data arrival time

                                 25.000000   25.000000   clock clk (rise edge)
                                  0.000000   25.000000   clock network delay (propagated)
                                 -0.250000   24.750000   clock uncertainty
                                  0.000000   24.750000   clock reconvergence pessimism
                                 -5.000000   19.750000   output external delay
                                             19.750000   data required time
---------------------------------------------------------------------------------------------
                                             19.750000   data required time
                                             -0.868870   data arrival time
---------------------------------------------------------------------------------------------
                                             18.881130   slack (MET)


Startpoint: _183_ (rising edge-triggered flip-flop clocked by clk)
Endpoint: seg3[3] (output port clocked by clk)
Path Group: clk
Path Type: max

Fanout         Cap        Slew       Delay        Time   Description
---------------------------------------------------------------------------------------------
                                  0.000000    0.000000   clock clk (rise edge)
                                  0.000000    0.000000   clock source latency
     1    0.014876    0.054748    0.037187    0.037187 ^ clk (in)
                                                         clk (net)
                      0.054762    0.000000    0.037187 ^ clkbuf_0_clk/A (sky130_fd_sc_hd__clkbuf_16)
     4    0.043756    0.047740    0.104890    0.142077 ^ clkbuf_0_clk/X (sky130_fd_sc_hd__clkbuf_16)
                                                         clknet_0_clk (net)
                      0.048025    0.002584    0.144661 ^ clkbuf_2_3__f_clk/A (sky130_fd_sc_hd__clkbuf_16)
    11    0.033260    0.040327    0.097563    0.242224 ^ clkbuf_2_3__f_clk/X (sky130_fd_sc_hd__clkbuf_16)
                                                         clknet_2_3__leaf_clk (net)
                      0.040537    0.002187    0.244411 ^ _183_/CLK (sky130_fd_sc_hd__dfrtp_1)
     2    0.009205    0.049173    0.247521    0.491932 v _183_/Q (sky130_fd_sc_hd__dfrtp_1)
                                                         cnt[1] (net)
                      0.049179    0.000561    0.492493 v fanout31/A (sky130_fd_sc_hd__clkbuf_2)
     9    0.031364    0.084525    0.128138    0.620631 v fanout31/X (sky130_fd_sc_hd__clkbuf_2)
                                                         net31 (net)
                      0.084583    0.002022    0.622653 v _108_/A1 (sky130_fd_sc_hd__a31o_1)
     1    0.003073    0.028296    0.127964    0.750617 v _108_/X (sky130_fd_sc_hd__a31o_1)
                                                         net24 (net)
                      0.028296    0.000226    0.750843 v output24/A (sky130_fd_sc_hd__buf_2)
     1    0.034468    0.063110    0.115990    0.866833 v output24/X (sky130_fd_sc_hd__buf_2)
                                                         seg3[3] (net)
                      0.063170    0.001753    0.868586 v seg3[3] (out)
                                              0.868586   data arrival time

                                 25.000000   25.000000   clock clk (rise edge)
                                  0.000000   25.000000   clock network delay (propagated)
                                 -0.250000   24.750000   clock uncertainty
                                  0.000000   24.750000   clock reconvergence pessimism
                                 -5.000000   19.750000   output external delay
                                             19.750000   data required time
---------------------------------------------------------------------------------------------
                                             19.750000   data required time
                                             -0.868586   data arrival time
---------------------------------------------------------------------------------------------
                                             18.881413   slack (MET)


Startpoint: _183_ (rising edge-triggered flip-flop clocked by clk)
Endpoint: seg3[1] (output port clocked by clk)
Path Group: clk
Path Type: max

Fanout         Cap        Slew       Delay        Time   Description
---------------------------------------------------------------------------------------------
                                  0.000000    0.000000   clock clk (rise edge)
                                  0.000000    0.000000   clock source latency
     1    0.014876    0.054748    0.037187    0.037187 ^ clk (in)
                                                         clk (net)
                      0.054762    0.000000    0.037187 ^ clkbuf_0_clk/A (sky130_fd_sc_hd__clkbuf_16)
     4    0.043756    0.047740    0.104890    0.142077 ^ clkbuf_0_clk/X (sky130_fd_sc_hd__clkbuf_16)
                                                         clknet_0_clk (net)
                      0.048025    0.002584    0.144661 ^ clkbuf_2_3__f_clk/A (sky130_fd_sc_hd__clkbuf_16)
    11    0.033260    0.040327    0.097563    0.242224 ^ clkbuf_2_3__f_clk/X (sky130_fd_sc_hd__clkbuf_16)
                                                         clknet_2_3__leaf_clk (net)
                      0.040537    0.002187    0.244411 ^ _183_/CLK (sky130_fd_sc_hd__dfrtp_1)
     2    0.009205    0.049173    0.247521    0.491932 v _183_/Q (sky130_fd_sc_hd__dfrtp_1)
                                                         cnt[1] (net)
                      0.049179    0.000561    0.492493 v fanout31/A (sky130_fd_sc_hd__clkbuf_2)
     9    0.031364    0.084525    0.128138    0.620631 v fanout31/X (sky130_fd_sc_hd__clkbuf_2)
                                                         net31 (net)
                      0.084662    0.002589    0.623221 v _104_/A1 (sky130_fd_sc_hd__a31o_1)
     1    0.002675    0.026976    0.126259    0.749479 v _104_/X (sky130_fd_sc_hd__a31o_1)
                                                         net22 (net)
                      0.026976    0.000169    0.749648 v output22/A (sky130_fd_sc_hd__buf_2)
     1    0.034429    0.063019    0.115531    0.865179 v output22/X (sky130_fd_sc_hd__buf_2)
                                                         seg3[1] (net)
                      0.063070    0.001617    0.866796 v seg3[1] (out)
                                              0.866796   data arrival time

                                 25.000000   25.000000   clock clk (rise edge)
                                  0.000000   25.000000   clock network delay (propagated)
                                 -0.250000   24.750000   clock uncertainty
                                  0.000000   24.750000   clock reconvergence pessimism
                                 -5.000000   19.750000   output external delay
                                             19.750000   data required time
---------------------------------------------------------------------------------------------
                                             19.750000   data required time
                                             -0.866796   data arrival time
---------------------------------------------------------------------------------------------
                                             18.883204   slack (MET)


Startpoint: btn (input port clocked by clk)
Endpoint: _173_ (rising edge-triggered flip-flop clocked by clk)
Path Group: clk
Path Type: max

Fanout         Cap        Slew       Delay        Time   Description
---------------------------------------------------------------------------------------------
                                  0.000000    0.000000   clock clk (rise edge)
                                  0.000000    0.000000   clock network delay (propagated)
                                  5.000000    5.000000 ^ input external delay
     1    0.003254    0.015546    0.008476    5.008476 ^ btn (in)
                                                         btn (net)
                      0.015547    0.000000    5.008476 ^ input1/A (sky130_fd_sc_hd__buf_1)
     6    0.018137    0.161962    0.136915    5.145391 ^ input1/X (sky130_fd_sc_hd__buf_1)
                                                         net1 (net)
                      0.161977    0.001268    5.146659 ^ _055_/D_N (sky130_fd_sc_hd__nor4b_1)
     2    0.006177    0.247240    0.219674    5.366333 ^ _055_/Y (sky130_fd_sc_hd__nor4b_1)
                                                         _042_ (net)
                      0.247240    0.000222    5.366554 ^ max_cap27/A (sky130_fd_sc_hd__clkbuf_2)
     6    0.023843    0.104226    0.150484    5.517038 ^ max_cap27/X (sky130_fd_sc_hd__clkbuf_2)
                                                         net27 (net)
                      0.104319    0.001898    5.518936 ^ _069_/A2 (sky130_fd_sc_hd__a21o_1)
     2    0.006460    0.049555    0.094732    5.613668 ^ _069_/X (sky130_fd_sc_hd__a21o_1)
                                                         nxt0[5] (net)
                      0.049556    0.000341    5.614008 ^ _070_/D (sky130_fd_sc_hd__and4_1)
     1    0.003641    0.041623    0.113887    5.727896 ^ _070_/X (sky130_fd_sc_hd__and4_1)
                                                         _044_ (net)
                      0.041624    0.000220    5.728116 ^ _071_/C (sky130_fd_sc_hd__and3_1)
     1    0.002676    0.033298    0.088817    5.816933 ^ _071_/X (sky130_fd_sc_hd__and3_1)
                                                         done_comb[0] (net)
                      0.033299    0.000183    5.817116 ^ _173_/D (sky130_fd_sc_hd__dfrtp_1)
                                              5.817116   data arrival time

                                 25.000000   25.000000   clock clk (rise edge)
                                  0.000000   25.000000   clock source latency
     1    0.014876    0.054748    0.037188   25.037188 ^ clk (in)
                                                         clk (net)
                      0.054762    0.000000   25.037188 ^ clkbuf_0_clk/A (sky130_fd_sc_hd__clkbuf_16)
     4    0.043756    0.047740    0.104889   25.142076 ^ clkbuf_0_clk/X (sky130_fd_sc_hd__clkbuf_16)
                                                         clknet_0_clk (net)
                      0.048053    0.002744   25.144821 ^ clkbuf_2_1__f_clk/A (sky130_fd_sc_hd__clkbuf_16)
    10    0.030829    0.038507    0.095923   25.240744 ^ clkbuf_2_1__f_clk/X (sky130_fd_sc_hd__clkbuf_16)
                                                         clknet_2_1__leaf_clk (net)
                      0.038794    0.001407   25.242151 ^ _173_/CLK (sky130_fd_sc_hd__dfrtp_1)
                                 -0.250000   24.992151   clock uncertainty
                                  0.000000   24.992151   clock reconvergence pessimism
                                 -0.033753   24.958399   library setup time
                                             24.958399   data required time
---------------------------------------------------------------------------------------------
                                             24.958399   data required time
                                             -5.817116   data arrival time
---------------------------------------------------------------------------------------------
                                             19.141283   slack (MET)


Startpoint: btn (input port clocked by clk)
Endpoint: _174_ (rising edge-triggered flip-flop clocked by clk)
Path Group: clk
Path Type: max

Fanout         Cap        Slew       Delay        Time   Description
---------------------------------------------------------------------------------------------
                                  0.000000    0.000000   clock clk (rise edge)
                                  0.000000    0.000000   clock network delay (propagated)
                                  5.000000    5.000000 v input external delay
     1    0.003066    0.005105    0.002556    5.002556 v btn (in)
                                                         btn (net)
                      0.005113    0.000000    5.002556 v input1/A (sky130_fd_sc_hd__buf_1)
     6    0.017707    0.072729    0.090632    5.093188 v input1/X (sky130_fd_sc_hd__buf_1)
                                                         net1 (net)
                      0.072796    0.001561    5.094749 v _052_/C (sky130_fd_sc_hd__and4bb_2)
     8    0.028828    0.072913    0.202307    5.297056 v _052_/X (sky130_fd_sc_hd__and4bb_2)
                                                         _040_ (net)
                      0.072926    0.000994    5.298050 v _083_/A2 (sky130_fd_sc_hd__a21o_1)
     2    0.006415    0.034622    0.136895    5.434945 v _083_/X (sky130_fd_sc_hd__a21o_1)
                                                         nxt1[5] (net)
                      0.034628    0.000450    5.435395 v _084_/D (sky130_fd_sc_hd__and4_1)
     1    0.004856    0.034747    0.131946    5.567340 v _084_/X (sky130_fd_sc_hd__and4_1)
                                                         _045_ (net)
                      0.034749    0.000244    5.567585 v _085_/C (sky130_fd_sc_hd__and3_1)
     1    0.002908    0.027656    0.111904    5.679488 v _085_/X (sky130_fd_sc_hd__and3_1)
                                                         done_comb[1] (net)
                      0.027667    0.000196    5.679685 v _174_/D (sky130_fd_sc_hd__dfrtp_1)
                                              5.679685   data arrival time

                                 25.000000   25.000000   clock clk (rise edge)
                                  0.000000   25.000000   clock source latency
     1    0.014876    0.054748    0.037188   25.037188 ^ clk (in)
                                                         clk (net)
                      0.054762    0.000000   25.037188 ^ clkbuf_0_clk/A (sky130_fd_sc_hd__clkbuf_16)
     4    0.043756    0.047740    0.104889   25.142076 ^ clkbuf_0_clk/X (sky130_fd_sc_hd__clkbuf_16)
                                                         clknet_0_clk (net)
                      0.048028    0.002601   25.144676 ^ clkbuf_2_2__f_clk/A (sky130_fd_sc_hd__clkbuf_16)
     8    0.026435    0.035708    0.093271   25.237947 ^ clkbuf_2_2__f_clk/X (sky130_fd_sc_hd__clkbuf_16)
                                                         clknet_2_2__leaf_clk (net)
                      0.035758    0.001160   25.239107 ^ _174_/CLK (sky130_fd_sc_hd__dfrtp_1)
                                 -0.250000   24.989109   clock uncertainty
                                  0.000000   24.989109   clock reconvergence pessimism
                                 -0.070536   24.918573   library setup time
                                             24.918573   data required time
---------------------------------------------------------------------------------------------
                                             24.918573   data required time
                                             -5.679685   data arrival time
---------------------------------------------------------------------------------------------
                                             19.238888   slack (MET)


Startpoint: btn (input port clocked by clk)
Endpoint: _175_ (rising edge-triggered flip-flop clocked by clk)
Path Group: clk
Path Type: max

Fanout         Cap        Slew       Delay        Time   Description
---------------------------------------------------------------------------------------------
                                  0.000000    0.000000   clock clk (rise edge)
                                  0.000000    0.000000   clock network delay (propagated)
                                  5.000000    5.000000 v input external delay
     1    0.003066    0.005105    0.002556    5.002556 v btn (in)
                                                         btn (net)
                      0.005113    0.000000    5.002556 v input1/A (sky130_fd_sc_hd__buf_1)
     6    0.017707    0.072729    0.090632    5.093188 v input1/X (sky130_fd_sc_hd__buf_1)
                                                         net1 (net)
                      0.072790    0.001457    5.094645 v _087_/C (sky130_fd_sc_hd__and4bb_2)
     6    0.024574    0.065911    0.195191    5.289835 v _087_/X (sky130_fd_sc_hd__and4bb_2)
                                                         _046_ (net)
                      0.065963    0.001673    5.291509 v _098_/A2 (sky130_fd_sc_hd__a21o_1)
     2    0.006478    0.034803    0.134708    5.426217 v _098_/X (sky130_fd_sc_hd__a21o_1)
                                                         nxt2[5] (net)
                      0.034807    0.000385    5.426602 v _099_/D (sky130_fd_sc_hd__and4_1)
     1    0.005050    0.035245    0.132674    5.559276 v _099_/X (sky130_fd_sc_hd__and4_1)
                                                         _047_ (net)
                      0.035247    0.000287    5.559563 v _100_/C (sky130_fd_sc_hd__and3_1)
     1    0.004703    0.033060    0.119230    5.678793 v _100_/X (sky130_fd_sc_hd__and3_1)
                                                         done_comb[2] (net)
                      0.033069    0.000276    5.679070 v _175_/D (sky130_fd_sc_hd__dfrtp_1)
                                              5.679070   data arrival time

                                 25.000000   25.000000   clock clk (rise edge)
                                  0.000000   25.000000   clock source latency
     1    0.014876    0.054748    0.037188   25.037188 ^ clk (in)
                                                         clk (net)
                      0.054762    0.000000   25.037188 ^ clkbuf_0_clk/A (sky130_fd_sc_hd__clkbuf_16)
     4    0.043756    0.047740    0.104889   25.142076 ^ clkbuf_0_clk/X (sky130_fd_sc_hd__clkbuf_16)
                                                         clknet_0_clk (net)
                      0.048030    0.002611   25.144688 ^ clkbuf_2_0__f_clk/A (sky130_fd_sc_hd__clkbuf_16)
    10    0.031349    0.039062    0.096428   25.241116 ^ clkbuf_2_0__f_clk/X (sky130_fd_sc_hd__clkbuf_16)
                                                         clknet_2_0__leaf_clk (net)
                      0.039136    0.001512   25.242626 ^ _175_/CLK (sky130_fd_sc_hd__dfrtp_1)
                                 -0.250000   24.992628   clock uncertainty
                                  0.000000   24.992628   clock reconvergence pessimism
                                 -0.072140   24.920488   library setup time
                                             24.920488   data required time
---------------------------------------------------------------------------------------------
                                             24.920488   data required time
                                             -5.679070   data arrival time
---------------------------------------------------------------------------------------------
                                             19.241419   slack (MET)


Startpoint: btn (input port clocked by clk)
Endpoint: _151_ (rising edge-triggered flip-flop clocked by clk)
Path Group: clk
Path Type: max

Fanout         Cap        Slew       Delay        Time   Description
---------------------------------------------------------------------------------------------
                                  0.000000    0.000000   clock clk (rise edge)
                                  0.000000    0.000000   clock network delay (propagated)
                                  5.000000    5.000000 ^ input external delay
     1    0.003254    0.015546    0.008476    5.008476 ^ btn (in)
                                                         btn (net)
                      0.015547    0.000000    5.008476 ^ input1/A (sky130_fd_sc_hd__buf_1)
     6    0.018137    0.161962    0.136915    5.145391 ^ input1/X (sky130_fd_sc_hd__buf_1)
                                                         net1 (net)
                      0.161977    0.001268    5.146659 ^ _055_/D_N (sky130_fd_sc_hd__nor4b_1)
     2    0.006177    0.247240    0.219674    5.366333 ^ _055_/Y (sky130_fd_sc_hd__nor4b_1)
                                                         _042_ (net)
                      0.247240    0.000222    5.366554 ^ max_cap27/A (sky130_fd_sc_hd__clkbuf_2)
     6    0.023843    0.104226    0.150484    5.517038 ^ max_cap27/X (sky130_fd_sc_hd__clkbuf_2)
                                                         net27 (net)
                      0.104303    0.001595    5.518634 ^ _063_/A2 (sky130_fd_sc_hd__a21o_1)
     2    0.007220    0.054243    0.098110    5.616744 ^ _063_/X (sky130_fd_sc_hd__a21o_1)
                                                         nxt0[2] (net)
                      0.054246    0.000473    5.617216 ^ _151_/D (sky130_fd_sc_hd__dfrtp_1)
                                              5.617216   data arrival time

                                 25.000000   25.000000   clock clk (rise edge)
                                  0.000000   25.000000   clock source latency
     1    0.014876    0.054748    0.037188   25.037188 ^ clk (in)
                                                         clk (net)
                      0.054762    0.000000   25.037188 ^ clkbuf_0_clk/A (sky130_fd_sc_hd__clkbuf_16)
     4    0.043756    0.047740    0.104889   25.142076 ^ clkbuf_0_clk/X (sky130_fd_sc_hd__clkbuf_16)
                                                         clknet_0_clk (net)
                      0.048053    0.002744   25.144821 ^ clkbuf_2_1__f_clk/A (sky130_fd_sc_hd__clkbuf_16)
    10    0.030829    0.038507    0.095923   25.240744 ^ clkbuf_2_1__f_clk/X (sky130_fd_sc_hd__clkbuf_16)
                                                         clknet_2_1__leaf_clk (net)
                      0.038965    0.002490   25.243235 ^ _151_/CLK (sky130_fd_sc_hd__dfrtp_1)
                                 -0.250000   24.993235   clock uncertainty
                                  0.000000   24.993235   clock reconvergence pessimism
                                 -0.035728   24.957506   library setup time
                                             24.957506   data required time
---------------------------------------------------------------------------------------------
                                             24.957506   data required time
                                             -5.617216   data arrival time
---------------------------------------------------------------------------------------------
                                             19.340292   slack (MET)


Startpoint: btn (input port clocked by clk)
Endpoint: _152_ (rising edge-triggered flip-flop clocked by clk)
Path Group: clk
Path Type: max

Fanout         Cap        Slew       Delay        Time   Description
---------------------------------------------------------------------------------------------
                                  0.000000    0.000000   clock clk (rise edge)
                                  0.000000    0.000000   clock network delay (propagated)
                                  5.000000    5.000000 ^ input external delay
     1    0.003254    0.015546    0.008476    5.008476 ^ btn (in)
                                                         btn (net)
                      0.015547    0.000000    5.008476 ^ input1/A (sky130_fd_sc_hd__buf_1)
     6    0.018137    0.161962    0.136915    5.145391 ^ input1/X (sky130_fd_sc_hd__buf_1)
                                                         net1 (net)
                      0.161977    0.001268    5.146659 ^ _055_/D_N (sky130_fd_sc_hd__nor4b_1)
     2    0.006177    0.247240    0.219674    5.366333 ^ _055_/Y (sky130_fd_sc_hd__nor4b_1)
                                                         _042_ (net)
                      0.247240    0.000222    5.366554 ^ max_cap27/A (sky130_fd_sc_hd__clkbuf_2)
     6    0.023843    0.104226    0.150484    5.517038 ^ max_cap27/X (sky130_fd_sc_hd__clkbuf_2)
                                                         net27 (net)
                      0.104305    0.001637    5.518676 ^ _065_/A2 (sky130_fd_sc_hd__a21o_1)
     2    0.006743    0.051296    0.095940    5.614616 ^ _065_/X (sky130_fd_sc_hd__a21o_1)
                                                         nxt0[3] (net)
                      0.051299    0.000458    5.615074 ^ _152_/D (sky130_fd_sc_hd__dfrtp_1)
                                              5.615074   data arrival time

                                 25.000000   25.000000   clock clk (rise edge)
                                  0.000000   25.000000   clock source latency
     1    0.014876    0.054748    0.037188   25.037188 ^ clk (in)
                                                         clk (net)
                      0.054762    0.000000   25.037188 ^ clkbuf_0_clk/A (sky130_fd_sc_hd__clkbuf_16)
     4    0.043756    0.047740    0.104889   25.142076 ^ clkbuf_0_clk/X (sky130_fd_sc_hd__clkbuf_16)
                                                         clknet_0_clk (net)
                      0.048053    0.002744   25.144821 ^ clkbuf_2_1__f_clk/A (sky130_fd_sc_hd__clkbuf_16)
    10    0.030829    0.038507    0.095923   25.240744 ^ clkbuf_2_1__f_clk/X (sky130_fd_sc_hd__clkbuf_16)
                                                         clknet_2_1__leaf_clk (net)
                      0.038942    0.002366   25.243109 ^ _152_/CLK (sky130_fd_sc_hd__dfrtp_1)
                                 -0.250000   24.993111   clock uncertainty
                                  0.000000   24.993111   clock reconvergence pessimism
                                 -0.035450   24.957661   library setup time
                                             24.957661   data required time
---------------------------------------------------------------------------------------------
                                             24.957661   data required time
                                             -5.615074   data arrival time
---------------------------------------------------------------------------------------------
                                             19.342587   slack (MET)


Startpoint: btn (input port clocked by clk)
Endpoint: _154_ (rising edge-triggered flip-flop clocked by clk)
Path Group: clk
Path Type: max

Fanout         Cap        Slew       Delay        Time   Description
---------------------------------------------------------------------------------------------
                                  0.000000    0.000000   clock clk (rise edge)
                                  0.000000    0.000000   clock network delay (propagated)
                                  5.000000    5.000000 ^ input external delay
     1    0.003254    0.015546    0.008476    5.008476 ^ btn (in)
                                                         btn (net)
                      0.015547    0.000000    5.008476 ^ input1/A (sky130_fd_sc_hd__buf_1)
     6    0.018137    0.161962    0.136915    5.145391 ^ input1/X (sky130_fd_sc_hd__buf_1)
                                                         net1 (net)
                      0.161977    0.001268    5.146659 ^ _055_/D_N (sky130_fd_sc_hd__nor4b_1)
     2    0.006177    0.247240    0.219674    5.366333 ^ _055_/Y (sky130_fd_sc_hd__nor4b_1)
                                                         _042_ (net)
                      0.247240    0.000222    5.366554 ^ max_cap27/A (sky130_fd_sc_hd__clkbuf_2)
     6    0.023843    0.104226    0.150484    5.517038 ^ max_cap27/X (sky130_fd_sc_hd__clkbuf_2)
                                                         net27 (net)
                      0.104319    0.001898    5.518936 ^ _069_/A2 (sky130_fd_sc_hd__a21o_1)
     2    0.006460    0.049555    0.094732    5.613668 ^ _069_/X (sky130_fd_sc_hd__a21o_1)
                                                         nxt0[5] (net)
                      0.049555    0.000255    5.613923 ^ _154_/D (sky130_fd_sc_hd__dfrtp_1)
                                              5.613923   data arrival time

                                 25.000000   25.000000   clock clk (rise edge)
                                  0.000000   25.000000   clock source latency
     1    0.014876    0.054748    0.037188   25.037188 ^ clk (in)
                                                         clk (net)
                      0.054762    0.000000   25.037188 ^ clkbuf_0_clk/A (sky130_fd_sc_hd__clkbuf_16)
     4    0.043756    0.047740    0.104889   25.142076 ^ clkbuf_0_clk/X (sky130_fd_sc_hd__clkbuf_16)
                                                         clknet_0_clk (net)
                      0.048053    0.002744   25.144821 ^ clkbuf_2_1__f_clk/A (sky130_fd_sc_hd__clkbuf_16)
    10    0.030829    0.038507    0.095923   25.240744 ^ clkbuf_2_1__f_clk/X (sky130_fd_sc_hd__clkbuf_16)
                                                         clknet_2_1__leaf_clk (net)
                      0.038961    0.002469   25.243212 ^ _154_/CLK (sky130_fd_sc_hd__dfrtp_1)
                                 -0.250000   24.993214   clock uncertainty
                                  0.000000   24.993214   clock reconvergence pessimism
                                 -0.035285   24.957928   library setup time
                                             24.957928   data required time
---------------------------------------------------------------------------------------------
                                             24.957928   data required time
                                             -5.613923   data arrival time
---------------------------------------------------------------------------------------------
                                             19.344004   slack (MET)


Startpoint: btn (input port clocked by clk)
Endpoint: _153_ (rising edge-triggered flip-flop clocked by clk)
Path Group: clk
Path Type: max

Fanout         Cap        Slew       Delay        Time   Description
---------------------------------------------------------------------------------------------
                                  0.000000    0.000000   clock clk (rise edge)
                                  0.000000    0.000000   clock network delay (propagated)
                                  5.000000    5.000000 ^ input external delay
     1    0.003254    0.015546    0.008476    5.008476 ^ btn (in)
                                                         btn (net)
                      0.015547    0.000000    5.008476 ^ input1/A (sky130_fd_sc_hd__buf_1)
     6    0.018137    0.161962    0.136915    5.145391 ^ input1/X (sky130_fd_sc_hd__buf_1)
                                                         net1 (net)
                      0.161977    0.001268    5.146659 ^ _055_/D_N (sky130_fd_sc_hd__nor4b_1)
     2    0.006177    0.247240    0.219674    5.366333 ^ _055_/Y (sky130_fd_sc_hd__nor4b_1)
                                                         _042_ (net)
                      0.247240    0.000222    5.366554 ^ max_cap27/A (sky130_fd_sc_hd__clkbuf_2)
     6    0.023843    0.104226    0.150484    5.517038 ^ max_cap27/X (sky130_fd_sc_hd__clkbuf_2)
                                                         net27 (net)
                      0.104307    0.001668    5.518706 ^ _067_/A2 (sky130_fd_sc_hd__a21o_1)
     2    0.006182    0.047776    0.093379    5.612085 ^ _067_/X (sky130_fd_sc_hd__a21o_1)
                                                         nxt0[4] (net)
                      0.047781    0.000513    5.612598 ^ _153_/D (sky130_fd_sc_hd__dfrtp_1)
                                              5.612598   data arrival time

                                 25.000000   25.000000   clock clk (rise edge)
                                  0.000000   25.000000   clock source latency
     1    0.014876    0.054748    0.037188   25.037188 ^ clk (in)
                                                         clk (net)
                      0.054762    0.000000   25.037188 ^ clkbuf_0_clk/A (sky130_fd_sc_hd__clkbuf_16)
     4    0.043756    0.047740    0.104889   25.142076 ^ clkbuf_0_clk/X (sky130_fd_sc_hd__clkbuf_16)
                                                         clknet_0_clk (net)
                      0.048053    0.002744   25.144821 ^ clkbuf_2_1__f_clk/A (sky130_fd_sc_hd__clkbuf_16)
    10    0.030829    0.038507    0.095923   25.240744 ^ clkbuf_2_1__f_clk/X (sky130_fd_sc_hd__clkbuf_16)
                                                         clknet_2_1__leaf_clk (net)
                      0.038927    0.002276   25.243019 ^ _153_/CLK (sky130_fd_sc_hd__dfrtp_1)
                                 -0.250000   24.993019   clock uncertainty
                                  0.000000   24.993019   clock reconvergence pessimism
                                 -0.035118   24.957901   library setup time
                                             24.957901   data required time
---------------------------------------------------------------------------------------------
                                             24.957901   data required time
                                             -5.612598   data arrival time
---------------------------------------------------------------------------------------------
                                             19.345303   slack (MET)


Startpoint: btn (input port clocked by clk)
Endpoint: _149_ (rising edge-triggered flip-flop clocked by clk)
Path Group: clk
Path Type: max

Fanout         Cap        Slew       Delay        Time   Description
---------------------------------------------------------------------------------------------
                                  0.000000    0.000000   clock clk (rise edge)
                                  0.000000    0.000000   clock network delay (propagated)
                                  5.000000    5.000000 ^ input external delay
     1    0.003254    0.015546    0.008476    5.008476 ^ btn (in)
                                                         btn (net)
                      0.015547    0.000000    5.008476 ^ input1/A (sky130_fd_sc_hd__buf_1)
     6    0.018137    0.161962    0.136915    5.145391 ^ input1/X (sky130_fd_sc_hd__buf_1)
                                                         net1 (net)
                      0.161977    0.001268    5.146659 ^ _055_/D_N (sky130_fd_sc_hd__nor4b_1)
     2    0.006177    0.247240    0.219674    5.366333 ^ _055_/Y (sky130_fd_sc_hd__nor4b_1)
                                                         _042_ (net)
                      0.247240    0.000222    5.366554 ^ max_cap27/A (sky130_fd_sc_hd__clkbuf_2)
     6    0.023843    0.104226    0.150484    5.517038 ^ max_cap27/X (sky130_fd_sc_hd__clkbuf_2)
                                                         net27 (net)
                      0.104318    0.001888    5.518926 ^ _059_/A2 (sky130_fd_sc_hd__a21o_1)
     2    0.005657    0.045168    0.091106    5.610032 ^ _059_/X (sky130_fd_sc_hd__a21o_1)
                                                         nxt0[0] (net)
                      0.045168    0.000218    5.610250 ^ _149_/D (sky130_fd_sc_hd__dfrtp_1)
                                              5.610250   data arrival time

                                 25.000000   25.000000   clock clk (rise edge)
                                  0.000000   25.000000   clock source latency
     1    0.014876    0.054748    0.037188   25.037188 ^ clk (in)
                                                         clk (net)
                      0.054762    0.000000   25.037188 ^ clkbuf_0_clk/A (sky130_fd_sc_hd__clkbuf_16)
     4    0.043756    0.047740    0.104889   25.142076 ^ clkbuf_0_clk/X (sky130_fd_sc_hd__clkbuf_16)
                                                         clknet_0_clk (net)
                      0.048053    0.002744   25.144821 ^ clkbuf_2_1__f_clk/A (sky130_fd_sc_hd__clkbuf_16)
    10    0.030829    0.038507    0.095923   25.240744 ^ clkbuf_2_1__f_clk/X (sky130_fd_sc_hd__clkbuf_16)
                                                         clknet_2_1__leaf_clk (net)
                      0.038791    0.001384   25.242126 ^ _149_/CLK (sky130_fd_sc_hd__dfrtp_1)
                                 -0.250000   24.992128   clock uncertainty
                                  0.000000   24.992128   clock reconvergence pessimism
                                 -0.034876   24.957253   library setup time
                                             24.957253   data required time
---------------------------------------------------------------------------------------------
                                             24.957253   data required time
                                             -5.610250   data arrival time
---------------------------------------------------------------------------------------------
                                             19.347002   slack (MET)


Startpoint: btn (input port clocked by clk)
Endpoint: _150_ (rising edge-triggered flip-flop clocked by clk)
Path Group: clk
Path Type: max

Fanout         Cap        Slew       Delay        Time   Description
---------------------------------------------------------------------------------------------
                                  0.000000    0.000000   clock clk (rise edge)
                                  0.000000    0.000000   clock network delay (propagated)
                                  5.000000    5.000000 ^ input external delay
     1    0.003254    0.015546    0.008476    5.008476 ^ btn (in)
                                                         btn (net)
                      0.015547    0.000000    5.008476 ^ input1/A (sky130_fd_sc_hd__buf_1)
     6    0.018137    0.161962    0.136915    5.145391 ^ input1/X (sky130_fd_sc_hd__buf_1)
                                                         net1 (net)
                      0.161977    0.001268    5.146659 ^ _055_/D_N (sky130_fd_sc_hd__nor4b_1)
     2    0.006177    0.247240    0.219674    5.366333 ^ _055_/Y (sky130_fd_sc_hd__nor4b_1)
                                                         _042_ (net)
                      0.247240    0.000222    5.366554 ^ max_cap27/A (sky130_fd_sc_hd__clkbuf_2)
     6    0.023843    0.104226    0.150484    5.517038 ^ max_cap27/X (sky130_fd_sc_hd__clkbuf_2)
                                                         net27 (net)
                      0.104283    0.001076    5.518114 ^ _061_/A2 (sky130_fd_sc_hd__a21o_1)
     2    0.004989    0.040493    0.088033    5.606147 ^ _061_/X (sky130_fd_sc_hd__a21o_1)
                                                         nxt0[1] (net)
                      0.040494    0.000279    5.606426 ^ _150_/D (sky130_fd_sc_hd__dfrtp_1)
                                              5.606426   data arrival time

                                 25.000000   25.000000   clock clk (rise edge)
                                  0.000000   25.000000   clock source latency
     1    0.014876    0.054748    0.037188   25.037188 ^ clk (in)
                                                         clk (net)
                      0.054762    0.000000   25.037188 ^ clkbuf_0_clk/A (sky130_fd_sc_hd__clkbuf_16)
     4    0.043756    0.047740    0.104889   25.142076 ^ clkbuf_0_clk/X (sky130_fd_sc_hd__clkbuf_16)
                                                         clknet_0_clk (net)
                      0.048053    0.002744   25.144821 ^ clkbuf_2_1__f_clk/A (sky130_fd_sc_hd__clkbuf_16)
    10    0.030829    0.038507    0.095923   25.240744 ^ clkbuf_2_1__f_clk/X (sky130_fd_sc_hd__clkbuf_16)
                                                         clknet_2_1__leaf_clk (net)
                      0.038795    0.001410   25.242153 ^ _150_/CLK (sky130_fd_sc_hd__dfrtp_1)
                                 -0.250000   24.992155   clock uncertainty
                                  0.000000   24.992155   clock reconvergence pessimism
                                 -0.034434   24.957722   library setup time
                                             24.957722   data required time
---------------------------------------------------------------------------------------------
                                             24.957722   data required time
                                             -5.606426   data arrival time
---------------------------------------------------------------------------------------------
                                             19.351295   slack (MET)


Startpoint: btn (input port clocked by clk)
Endpoint: _182_ (rising edge-triggered flip-flop clocked by clk)
Path Group: clk
Path Type: max

Fanout         Cap        Slew       Delay        Time   Description
---------------------------------------------------------------------------------------------
                                  0.000000    0.000000   clock clk (rise edge)
                                  0.000000    0.000000   clock network delay (propagated)
                                  5.000000    5.000000 ^ input external delay
     1    0.003254    0.015546    0.008476    5.008476 ^ btn (in)
                                                         btn (net)
                      0.015547    0.000000    5.008476 ^ input1/A (sky130_fd_sc_hd__buf_1)
     6    0.018137    0.161962    0.136915    5.145391 ^ input1/X (sky130_fd_sc_hd__buf_1)
                                                         net1 (net)
                      0.161985    0.001604    5.146995 ^ _052_/C (sky130_fd_sc_hd__and4bb_2)
     8    0.030295    0.141513    0.229934    5.376928 ^ _052_/X (sky130_fd_sc_hd__and4bb_2)
                                                         _040_ (net)
                      0.141517    0.000977    5.377905 ^ _057_/A2_N (sky130_fd_sc_hd__o2bb2a_1)
     1    0.002756    0.037510    0.134918    5.512823 v _057_/X (sky130_fd_sc_hd__o2bb2a_1)
                                                         _036_ (net)
                      0.037510    0.000199    5.513022 v _182_/D (sky130_fd_sc_hd__dfrtp_1)
                                              5.513022   data arrival time

                                 25.000000   25.000000   clock clk (rise edge)
                                  0.000000   25.000000   clock source latency
     1    0.014876    0.054748    0.037188   25.037188 ^ clk (in)
                                                         clk (net)
                      0.054762    0.000000   25.037188 ^ clkbuf_0_clk/A (sky130_fd_sc_hd__clkbuf_16)
     4    0.043756    0.047740    0.104889   25.142076 ^ clkbuf_0_clk/X (sky130_fd_sc_hd__clkbuf_16)
                                                         clknet_0_clk (net)
                      0.048025    0.002585   25.144661 ^ clkbuf_2_3__f_clk/A (sky130_fd_sc_hd__clkbuf_16)
    11    0.033260    0.040327    0.097563   25.242224 ^ clkbuf_2_3__f_clk/X (sky130_fd_sc_hd__clkbuf_16)
                                                         clknet_2_3__leaf_clk (net)
                      0.040530    0.002142   25.244366 ^ _182_/CLK (sky130_fd_sc_hd__dfrtp_1)
                                 -0.250000   24.994366   clock uncertainty
                                  0.000000   24.994366   clock reconvergence pessimism
                                 -0.073591   24.920776   library setup time
                                             24.920776   data required time
---------------------------------------------------------------------------------------------
                                             24.920776   data required time
                                             -5.513022   data arrival time
---------------------------------------------------------------------------------------------
                                             19.407755   slack (MET)


Startpoint: btn (input port clocked by clk)
Endpoint: _155_ (rising edge-triggered flip-flop clocked by clk)
Path Group: clk
Path Type: max

Fanout         Cap        Slew       Delay        Time   Description
---------------------------------------------------------------------------------------------
                                  0.000000    0.000000   clock clk (rise edge)
                                  0.000000    0.000000   clock network delay (propagated)
                                  5.000000    5.000000 ^ input external delay
     1    0.003254    0.015546    0.008476    5.008476 ^ btn (in)
                                                         btn (net)
                      0.015547    0.000000    5.008476 ^ input1/A (sky130_fd_sc_hd__buf_1)
     6    0.018137    0.161962    0.136915    5.145391 ^ input1/X (sky130_fd_sc_hd__buf_1)
                                                         net1 (net)
                      0.161985    0.001604    5.146995 ^ _052_/C (sky130_fd_sc_hd__and4bb_2)
     8    0.030295    0.141513    0.229934    5.376928 ^ _052_/X (sky130_fd_sc_hd__and4bb_2)
                                                         _040_ (net)
                      0.141541    0.001960    5.378888 ^ _073_/A2 (sky130_fd_sc_hd__a21o_1)
     2    0.009529    0.068822    0.112432    5.491320 ^ _073_/X (sky130_fd_sc_hd__a21o_1)
                                                         nxt1[0] (net)
                      0.068823    0.000384    5.491704 ^ _155_/D (sky130_fd_sc_hd__dfrtp_1)
                                              5.491704   data arrival time

                                 25.000000   25.000000   clock clk (rise edge)
                                  0.000000   25.000000   clock source latency
     1    0.014876    0.054748    0.037188   25.037188 ^ clk (in)
                                                         clk (net)
                      0.054762    0.000000   25.037188 ^ clkbuf_0_clk/A (sky130_fd_sc_hd__clkbuf_16)
     4    0.043756    0.047740    0.104889   25.142076 ^ clkbuf_0_clk/X (sky130_fd_sc_hd__clkbuf_16)
                                                         clknet_0_clk (net)
                      0.048028    0.002601   25.144676 ^ clkbuf_2_2__f_clk/A (sky130_fd_sc_hd__clkbuf_16)
     8    0.026435    0.035708    0.093271   25.237947 ^ clkbuf_2_2__f_clk/X (sky130_fd_sc_hd__clkbuf_16)
                                                         clknet_2_2__leaf_clk (net)
                      0.035789    0.001435   25.239384 ^ _155_/CLK (sky130_fd_sc_hd__dfrtp_1)
                                 -0.250000   24.989384   clock uncertainty
                                  0.000000   24.989384   clock reconvergence pessimism
                                 -0.037222   24.952162   library setup time
                                             24.952162   data required time
---------------------------------------------------------------------------------------------
                                             24.952162   data required time
                                             -5.491704   data arrival time
---------------------------------------------------------------------------------------------
                                             19.460459   slack (MET)


Startpoint: btn (input port clocked by clk)
Endpoint: _156_ (rising edge-triggered flip-flop clocked by clk)
Path Group: clk
Path Type: max

Fanout         Cap        Slew       Delay        Time   Description
---------------------------------------------------------------------------------------------
                                  0.000000    0.000000   clock clk (rise edge)
                                  0.000000    0.000000   clock network delay (propagated)
                                  5.000000    5.000000 ^ input external delay
     1    0.003254    0.015546    0.008476    5.008476 ^ btn (in)
                                                         btn (net)
                      0.015547    0.000000    5.008476 ^ input1/A (sky130_fd_sc_hd__buf_1)
     6    0.018137    0.161962    0.136915    5.145391 ^ input1/X (sky130_fd_sc_hd__buf_1)
                                                         net1 (net)
                      0.161985    0.001604    5.146995 ^ _052_/C (sky130_fd_sc_hd__and4bb_2)
     8    0.030295    0.141513    0.229934    5.376928 ^ _052_/X (sky130_fd_sc_hd__and4bb_2)
                                                         _040_ (net)
                      0.141538    0.001875    5.378803 ^ _075_/A2 (sky130_fd_sc_hd__a21o_1)
     2    0.007682    0.057216    0.104001    5.482804 ^ _075_/X (sky130_fd_sc_hd__a21o_1)
                                                         nxt1[1] (net)
                      0.057219    0.000453    5.483257 ^ _156_/D (sky130_fd_sc_hd__dfrtp_1)
                                              5.483257   data arrival time

                                 25.000000   25.000000   clock clk (rise edge)
                                  0.000000   25.000000   clock source latency
     1    0.014876    0.054748    0.037188   25.037188 ^ clk (in)
                                                         clk (net)
                      0.054762    0.000000   25.037188 ^ clkbuf_0_clk/A (sky130_fd_sc_hd__clkbuf_16)
     4    0.043756    0.047740    0.104889   25.142076 ^ clkbuf_0_clk/X (sky130_fd_sc_hd__clkbuf_16)
                                                         clknet_0_clk (net)
                      0.048028    0.002601   25.144676 ^ clkbuf_2_2__f_clk/A (sky130_fd_sc_hd__clkbuf_16)
     8    0.026435    0.035708    0.093271   25.237947 ^ clkbuf_2_2__f_clk/X (sky130_fd_sc_hd__clkbuf_16)
                                                         clknet_2_2__leaf_clk (net)
                      0.035777    0.001336   25.239283 ^ _156_/CLK (sky130_fd_sc_hd__dfrtp_1)
                                 -0.250000   24.989285   clock uncertainty
                                  0.000000   24.989285   clock reconvergence pessimism
                                 -0.036123   24.953159   library setup time
                                             24.953159   data required time
---------------------------------------------------------------------------------------------
                                             24.953159   data required time
                                             -5.483257   data arrival time
---------------------------------------------------------------------------------------------
                                             19.469904   slack (MET)


Startpoint: btn (input port clocked by clk)
Endpoint: _159_ (rising edge-triggered flip-flop clocked by clk)
Path Group: clk
Path Type: max

Fanout         Cap        Slew       Delay        Time   Description
---------------------------------------------------------------------------------------------
                                  0.000000    0.000000   clock clk (rise edge)
                                  0.000000    0.000000   clock network delay (propagated)
                                  5.000000    5.000000 ^ input external delay
     1    0.003254    0.015546    0.008476    5.008476 ^ btn (in)
                                                         btn (net)
                      0.015547    0.000000    5.008476 ^ input1/A (sky130_fd_sc_hd__buf_1)
     6    0.018137    0.161962    0.136915    5.145391 ^ input1/X (sky130_fd_sc_hd__buf_1)
                                                         net1 (net)
                      0.161985    0.001604    5.146995 ^ _052_/C (sky130_fd_sc_hd__and4bb_2)
     8    0.030295    0.141513    0.229934    5.376928 ^ _052_/X (sky130_fd_sc_hd__and4bb_2)
                                                         _040_ (net)
                      0.141519    0.001127    5.378055 ^ _081_/A2 (sky130_fd_sc_hd__a21o_1)
     2    0.006752    0.051512    0.099766    5.477821 ^ _081_/X (sky130_fd_sc_hd__a21o_1)
                                                         nxt1[4] (net)
                      0.051515    0.000467    5.478288 ^ _159_/D (sky130_fd_sc_hd__dfrtp_1)
                                              5.478288   data arrival time

                                 25.000000   25.000000   clock clk (rise edge)
                                  0.000000   25.000000   clock source latency
     1    0.014876    0.054748    0.037188   25.037188 ^ clk (in)
                                                         clk (net)
                      0.054762    0.000000   25.037188 ^ clkbuf_0_clk/A (sky130_fd_sc_hd__clkbuf_16)
     4    0.043756    0.047740    0.104889   25.142076 ^ clkbuf_0_clk/X (sky130_fd_sc_hd__clkbuf_16)
                                                         clknet_0_clk (net)
                      0.048028    0.002601   25.144676 ^ clkbuf_2_2__f_clk/A (sky130_fd_sc_hd__clkbuf_16)
     8    0.026435    0.035708    0.093271   25.237947 ^ clkbuf_2_2__f_clk/X (sky130_fd_sc_hd__clkbuf_16)
                                                         clknet_2_2__leaf_clk (net)
                      0.035827    0.001716   25.239664 ^ _159_/CLK (sky130_fd_sc_hd__dfrtp_1)
                                 -0.250000   24.989664   clock uncertainty
                                  0.000000   24.989664   clock reconvergence pessimism
                                 -0.035582   24.954082   library setup time
                                             24.954082   data required time
---------------------------------------------------------------------------------------------
                                             24.954082   data required time
                                             -5.478288   data arrival time
---------------------------------------------------------------------------------------------
                                             19.475794   slack (MET)


Startpoint: btn (input port clocked by clk)
Endpoint: _160_ (rising edge-triggered flip-flop clocked by clk)
Path Group: clk
Path Type: max

Fanout         Cap        Slew       Delay        Time   Description
---------------------------------------------------------------------------------------------
                                  0.000000    0.000000   clock clk (rise edge)
                                  0.000000    0.000000   clock network delay (propagated)
                                  5.000000    5.000000 ^ input external delay
     1    0.003254    0.015546    0.008476    5.008476 ^ btn (in)
                                                         btn (net)
                      0.015547    0.000000    5.008476 ^ input1/A (sky130_fd_sc_hd__buf_1)
     6    0.018137    0.161962    0.136915    5.145391 ^ input1/X (sky130_fd_sc_hd__buf_1)
                                                         net1 (net)
                      0.161985    0.001604    5.146995 ^ _052_/C (sky130_fd_sc_hd__and4bb_2)
     8    0.030295    0.141513    0.229934    5.376928 ^ _052_/X (sky130_fd_sc_hd__and4bb_2)
                                                         _040_ (net)
                      0.141518    0.001048    5.377976 ^ _083_/A2 (sky130_fd_sc_hd__a21o_1)
     2    0.006557    0.050315    0.098902    5.476878 ^ _083_/X (sky130_fd_sc_hd__a21o_1)
                                                         nxt1[5] (net)
                      0.050317    0.000417    5.477294 ^ _160_/D (sky130_fd_sc_hd__dfrtp_1)
                                              5.477294   data arrival time

                                 25.000000   25.000000   clock clk (rise edge)
                                  0.000000   25.000000   clock source latency
     1    0.014876    0.054748    0.037188   25.037188 ^ clk (in)
                                                         clk (net)
                      0.054762    0.000000   25.037188 ^ clkbuf_0_clk/A (sky130_fd_sc_hd__clkbuf_16)
     4    0.043756    0.047740    0.104889   25.142076 ^ clkbuf_0_clk/X (sky130_fd_sc_hd__clkbuf_16)
                                                         clknet_0_clk (net)
                      0.048028    0.002601   25.144676 ^ clkbuf_2_2__f_clk/A (sky130_fd_sc_hd__clkbuf_16)
     8    0.026435    0.035708    0.093271   25.237947 ^ clkbuf_2_2__f_clk/X (sky130_fd_sc_hd__clkbuf_16)
                                                         clknet_2_2__leaf_clk (net)
                      0.035767    0.001240   25.239187 ^ _160_/CLK (sky130_fd_sc_hd__dfrtp_1)
                                 -0.250000   24.989189   clock uncertainty
                                  0.000000   24.989189   clock reconvergence pessimism
                                 -0.035470   24.953718   library setup time
                                             24.953718   data required time
---------------------------------------------------------------------------------------------
                                             24.953718   data required time
                                             -5.477294   data arrival time
---------------------------------------------------------------------------------------------
                                             19.476425   slack (MET)


Startpoint: btn (input port clocked by clk)
Endpoint: _158_ (rising edge-triggered flip-flop clocked by clk)
Path Group: clk
Path Type: max

Fanout         Cap        Slew       Delay        Time   Description
---------------------------------------------------------------------------------------------
                                  0.000000    0.000000   clock clk (rise edge)
                                  0.000000    0.000000   clock network delay (propagated)
                                  5.000000    5.000000 ^ input external delay
     1    0.003254    0.015546    0.008476    5.008476 ^ btn (in)
                                                         btn (net)
                      0.015547    0.000000    5.008476 ^ input1/A (sky130_fd_sc_hd__buf_1)
     6    0.018137    0.161962    0.136915    5.145391 ^ input1/X (sky130_fd_sc_hd__buf_1)
                                                         net1 (net)
                      0.161985    0.001604    5.146995 ^ _052_/C (sky130_fd_sc_hd__and4bb_2)
     8    0.030295    0.141513    0.229934    5.376928 ^ _052_/X (sky130_fd_sc_hd__and4bb_2)
                                                         _040_ (net)
                      0.141534    0.001739    5.378668 ^ _079_/A2 (sky130_fd_sc_hd__a21o_1)
     2    0.005368    0.043067    0.093604    5.472271 ^ _079_/X (sky130_fd_sc_hd__a21o_1)
                                                         nxt1[3] (net)
                      0.043068    0.000268    5.472539 ^ _158_/D (sky130_fd_sc_hd__dfrtp_1)
                                              5.472539   data arrival time

                                 25.000000   25.000000   clock clk (rise edge)
                                  0.000000   25.000000   clock source latency
     1    0.014876    0.054748    0.037188   25.037188 ^ clk (in)
                                                         clk (net)
                      0.054762    0.000000   25.037188 ^ clkbuf_0_clk/A (sky130_fd_sc_hd__clkbuf_16)
     4    0.043756    0.047740    0.104889   25.142076 ^ clkbuf_0_clk/X (sky130_fd_sc_hd__clkbuf_16)
                                                         clknet_0_clk (net)
                      0.048028    0.002601   25.144676 ^ clkbuf_2_2__f_clk/A (sky130_fd_sc_hd__clkbuf_16)
     8    0.026435    0.035708    0.093271   25.237947 ^ clkbuf_2_2__f_clk/X (sky130_fd_sc_hd__clkbuf_16)
                                                         clknet_2_2__leaf_clk (net)
                      0.035827    0.001721   25.239670 ^ _158_/CLK (sky130_fd_sc_hd__dfrtp_1)
                                 -0.250000   24.989670   clock uncertainty
                                  0.000000   24.989670   clock reconvergence pessimism
                                 -0.034781   24.954889   library setup time
                                             24.954889   data required time
---------------------------------------------------------------------------------------------
                                             24.954889   data required time
                                             -5.472539   data arrival time
---------------------------------------------------------------------------------------------
                                             19.482349   slack (MET)


Startpoint: btn (input port clocked by clk)
Endpoint: _157_ (rising edge-triggered flip-flop clocked by clk)
Path Group: clk
Path Type: max

Fanout         Cap        Slew       Delay        Time   Description
---------------------------------------------------------------------------------------------
                                  0.000000    0.000000   clock clk (rise edge)
                                  0.000000    0.000000   clock network delay (propagated)
                                  5.000000    5.000000 ^ input external delay
     1    0.003254    0.015546    0.008476    5.008476 ^ btn (in)
                                                         btn (net)
                      0.015547    0.000000    5.008476 ^ input1/A (sky130_fd_sc_hd__buf_1)
     6    0.018137    0.161962    0.136915    5.145391 ^ input1/X (sky130_fd_sc_hd__buf_1)
                                                         net1 (net)
                      0.161985    0.001604    5.146995 ^ _052_/C (sky130_fd_sc_hd__and4bb_2)
     8    0.030295    0.141513    0.229934    5.376928 ^ _052_/X (sky130_fd_sc_hd__and4bb_2)
                                                         _040_ (net)
                      0.141532    0.001687    5.378615 ^ _077_/A2 (sky130_fd_sc_hd__a21o_1)
     2    0.005018    0.040902    0.091982    5.470597 ^ _077_/X (sky130_fd_sc_hd__a21o_1)
                                                         nxt1[2] (net)
                      0.040903    0.000301    5.470897 ^ _157_/D (sky130_fd_sc_hd__dfrtp_1)
                                              5.470897   data arrival time

                                 25.000000   25.000000   clock clk (rise edge)
                                  0.000000   25.000000   clock source latency
     1    0.014876    0.054748    0.037188   25.037188 ^ clk (in)
                                                         clk (net)
                      0.054762    0.000000   25.037188 ^ clkbuf_0_clk/A (sky130_fd_sc_hd__clkbuf_16)
     4    0.043756    0.047740    0.104889   25.142076 ^ clkbuf_0_clk/X (sky130_fd_sc_hd__clkbuf_16)
                                                         clknet_0_clk (net)
                      0.048028    0.002601   25.144676 ^ clkbuf_2_2__f_clk/A (sky130_fd_sc_hd__clkbuf_16)
     8    0.026435    0.035708    0.093271   25.237947 ^ clkbuf_2_2__f_clk/X (sky130_fd_sc_hd__clkbuf_16)
                                                         clknet_2_2__leaf_clk (net)
                      0.035820    0.001668   25.239616 ^ _157_/CLK (sky130_fd_sc_hd__dfrtp_1)
                                 -0.250000   24.989616   clock uncertainty
                                  0.000000   24.989616   clock reconvergence pessimism
                                 -0.034577   24.955040   library setup time
                                             24.955040   data required time
---------------------------------------------------------------------------------------------
                                             24.955040   data required time
                                             -5.470897   data arrival time
---------------------------------------------------------------------------------------------
                                             19.484142   slack (MET)


Startpoint: btn (input port clocked by clk)
Endpoint: _162_ (rising edge-triggered flip-flop clocked by clk)
Path Group: clk
Path Type: max

Fanout         Cap        Slew       Delay        Time   Description
---------------------------------------------------------------------------------------------
                                  0.000000    0.000000   clock clk (rise edge)
                                  0.000000    0.000000   clock network delay (propagated)
                                  5.000000    5.000000 ^ input external delay
     1    0.003254    0.015546    0.008476    5.008476 ^ btn (in)
                                                         btn (net)
                      0.015547    0.000000    5.008476 ^ input1/A (sky130_fd_sc_hd__buf_1)
     6    0.018137    0.161962    0.136915    5.145391 ^ input1/X (sky130_fd_sc_hd__buf_1)
                                                         net1 (net)
                      0.161982    0.001497    5.146888 ^ _087_/C (sky130_fd_sc_hd__and4bb_2)
     6    0.025756    0.122957    0.216279    5.363166 ^ _087_/X (sky130_fd_sc_hd__and4bb_2)
                                                         _046_ (net)
                      0.122975    0.001503    5.364669 ^ _090_/A2 (sky130_fd_sc_hd__a21o_1)
     2    0.007781    0.057598    0.103444    5.468114 ^ _090_/X (sky130_fd_sc_hd__a21o_1)
                                                         nxt2[1] (net)
                      0.057604    0.000641    5.468755 ^ _162_/D (sky130_fd_sc_hd__dfrtp_1)
                                              5.468755   data arrival time

                                 25.000000   25.000000   clock clk (rise edge)
                                  0.000000   25.000000   clock source latency
     1    0.014876    0.054748    0.037188   25.037188 ^ clk (in)
                                                         clk (net)
                      0.054762    0.000000   25.037188 ^ clkbuf_0_clk/A (sky130_fd_sc_hd__clkbuf_16)
     4    0.043756    0.047740    0.104889   25.142076 ^ clkbuf_0_clk/X (sky130_fd_sc_hd__clkbuf_16)
                                                         clknet_0_clk (net)
                      0.048030    0.002611   25.144688 ^ clkbuf_2_0__f_clk/A (sky130_fd_sc_hd__clkbuf_16)
    10    0.031349    0.039062    0.096428   25.241116 ^ clkbuf_2_0__f_clk/X (sky130_fd_sc_hd__clkbuf_16)
                                                         clknet_2_0__leaf_clk (net)
                      0.039226    0.002288   25.243402 ^ _162_/CLK (sky130_fd_sc_hd__dfrtp_1)
                                 -0.250000   24.993404   clock uncertainty
                                  0.000000   24.993404   clock reconvergence pessimism
                                 -0.036037   24.957367   library setup time
                                             24.957367   data required time
---------------------------------------------------------------------------------------------
                                             24.957367   data required time
                                             -5.468755   data arrival time
---------------------------------------------------------------------------------------------
                                             19.488611   slack (MET)


Startpoint: btn (input port clocked by clk)
Endpoint: _166_ (rising edge-triggered flip-flop clocked by clk)
Path Group: clk
Path Type: max

Fanout         Cap        Slew       Delay        Time   Description
---------------------------------------------------------------------------------------------
                                  0.000000    0.000000   clock clk (rise edge)
                                  0.000000    0.000000   clock network delay (propagated)
                                  5.000000    5.000000 v input external delay
     1    0.003066    0.005105    0.002556    5.002556 v btn (in)
                                                         btn (net)
                      0.005113    0.000000    5.002556 v input1/A (sky130_fd_sc_hd__buf_1)
     6    0.017707    0.072729    0.090632    5.093188 v input1/X (sky130_fd_sc_hd__buf_1)
                                                         net1 (net)
                      0.072790    0.001457    5.094645 v _087_/C (sky130_fd_sc_hd__and4bb_2)
     6    0.024574    0.065911    0.195191    5.289835 v _087_/X (sky130_fd_sc_hd__and4bb_2)
                                                         _046_ (net)
                      0.065963    0.001673    5.291509 v _098_/A2 (sky130_fd_sc_hd__a21o_1)
     2    0.006478    0.034803    0.134708    5.426217 v _098_/X (sky130_fd_sc_hd__a21o_1)
                                                         nxt2[5] (net)
                      0.034807    0.000367    5.426583 v _166_/D (sky130_fd_sc_hd__dfrtp_1)
                                              5.426583   data arrival time

                                 25.000000   25.000000   clock clk (rise edge)
                                  0.000000   25.000000   clock source latency
     1    0.014876    0.054748    0.037188   25.037188 ^ clk (in)
                                                         clk (net)
                      0.054762    0.000000   25.037188 ^ clkbuf_0_clk/A (sky130_fd_sc_hd__clkbuf_16)
     4    0.043756    0.047740    0.104889   25.142076 ^ clkbuf_0_clk/X (sky130_fd_sc_hd__clkbuf_16)
                                                         clknet_0_clk (net)
                      0.048030    0.002611   25.144688 ^ clkbuf_2_0__f_clk/A (sky130_fd_sc_hd__clkbuf_16)
    10    0.031349    0.039062    0.096428   25.241116 ^ clkbuf_2_0__f_clk/X (sky130_fd_sc_hd__clkbuf_16)
                                                         clknet_2_0__leaf_clk (net)
                      0.039102    0.001117   25.242231 ^ _166_/CLK (sky130_fd_sc_hd__dfrtp_1)
                                 -0.250000   24.992233   clock uncertainty
                                  0.000000   24.992233   clock reconvergence pessimism
                                 -0.072763   24.919470   library setup time
                                             24.919470   data required time
---------------------------------------------------------------------------------------------
                                             24.919470   data required time
                                             -5.426583   data arrival time
---------------------------------------------------------------------------------------------
                                             19.492886   slack (MET)


Startpoint: btn (input port clocked by clk)
Endpoint: _165_ (rising edge-triggered flip-flop clocked by clk)
Path Group: clk
Path Type: max

Fanout         Cap        Slew       Delay        Time   Description
---------------------------------------------------------------------------------------------
                                  0.000000    0.000000   clock clk (rise edge)
                                  0.000000    0.000000   clock network delay (propagated)
                                  5.000000    5.000000 v input external delay
     1    0.003066    0.005105    0.002556    5.002556 v btn (in)
                                                         btn (net)
                      0.005113    0.000000    5.002556 v input1/A (sky130_fd_sc_hd__buf_1)
     6    0.017707    0.072729    0.090632    5.093188 v input1/X (sky130_fd_sc_hd__buf_1)
                                                         net1 (net)
                      0.072790    0.001457    5.094645 v _087_/C (sky130_fd_sc_hd__and4bb_2)
     6    0.024574    0.065911    0.195191    5.289835 v _087_/X (sky130_fd_sc_hd__and4bb_2)
                                                         _046_ (net)
                      0.065966    0.001720    5.291556 v _096_/A2 (sky130_fd_sc_hd__a21o_1)
     2    0.006765    0.035660    0.135615    5.427171 v _096_/X (sky130_fd_sc_hd__a21o_1)
                                                         nxt2[4] (net)
                      0.035664    0.000397    5.427568 v _165_/D (sky130_fd_sc_hd__dfrtp_1)
                                              5.427568   data arrival time

                                 25.000000   25.000000   clock clk (rise edge)
                                  0.000000   25.000000   clock source latency
     1    0.014876    0.054748    0.037188   25.037188 ^ clk (in)
                                                         clk (net)
                      0.054762    0.000000   25.037188 ^ clkbuf_0_clk/A (sky130_fd_sc_hd__clkbuf_16)
     4    0.043756    0.047740    0.104889   25.142076 ^ clkbuf_0_clk/X (sky130_fd_sc_hd__clkbuf_16)
                                                         clknet_0_clk (net)
                      0.048030    0.002611   25.144688 ^ clkbuf_2_0__f_clk/A (sky130_fd_sc_hd__clkbuf_16)
    10    0.031349    0.039062    0.096428   25.241116 ^ clkbuf_2_0__f_clk/X (sky130_fd_sc_hd__clkbuf_16)
                                                         clknet_2_0__leaf_clk (net)
                      0.039268    0.002583   25.243698 ^ _165_/CLK (sky130_fd_sc_hd__dfrtp_1)
                                 -0.250000   24.993698   clock uncertainty
                                  0.000000   24.993698   clock reconvergence pessimism
                                 -0.073053   24.920647   library setup time
                                             24.920647   data required time
---------------------------------------------------------------------------------------------
                                             24.920647   data required time
                                             -5.427568   data arrival time
---------------------------------------------------------------------------------------------
                                             19.493078   slack (MET)


Startpoint: btn (input port clocked by clk)
Endpoint: _164_ (rising edge-triggered flip-flop clocked by clk)
Path Group: clk
Path Type: max

Fanout         Cap        Slew       Delay        Time   Description
---------------------------------------------------------------------------------------------
                                  0.000000    0.000000   clock clk (rise edge)
                                  0.000000    0.000000   clock network delay (propagated)
                                  5.000000    5.000000 v input external delay
     1    0.003066    0.005105    0.002556    5.002556 v btn (in)
                                                         btn (net)
                      0.005113    0.000000    5.002556 v input1/A (sky130_fd_sc_hd__buf_1)
     6    0.017707    0.072729    0.090632    5.093188 v input1/X (sky130_fd_sc_hd__buf_1)
                                                         net1 (net)
                      0.072790    0.001457    5.094645 v _087_/C (sky130_fd_sc_hd__and4bb_2)
     6    0.024574    0.065911    0.195191    5.289835 v _087_/X (sky130_fd_sc_hd__and4bb_2)
                                                         _046_ (net)
                      0.065953    0.001525    5.291360 v _094_/A2 (sky130_fd_sc_hd__a21o_1)
     2    0.006527    0.034917    0.134912    5.426272 v _094_/X (sky130_fd_sc_hd__a21o_1)
                                                         nxt2[3] (net)
                      0.034920    0.000366    5.426638 v _164_/D (sky130_fd_sc_hd__dfrtp_1)
                                              5.426638   data arrival time

                                 25.000000   25.000000   clock clk (rise edge)
                                  0.000000   25.000000   clock source latency
     1    0.014876    0.054748    0.037188   25.037188 ^ clk (in)
                                                         clk (net)
                      0.054762    0.000000   25.037188 ^ clkbuf_0_clk/A (sky130_fd_sc_hd__clkbuf_16)
     4    0.043756    0.047740    0.104889   25.142076 ^ clkbuf_0_clk/X (sky130_fd_sc_hd__clkbuf_16)
                                                         clknet_0_clk (net)
                      0.048030    0.002611   25.144688 ^ clkbuf_2_0__f_clk/A (sky130_fd_sc_hd__clkbuf_16)
    10    0.031349    0.039062    0.096428   25.241116 ^ clkbuf_2_0__f_clk/X (sky130_fd_sc_hd__clkbuf_16)
                                                         clknet_2_0__leaf_clk (net)
                      0.039262    0.002538   25.243652 ^ _164_/CLK (sky130_fd_sc_hd__dfrtp_1)
                                 -0.250000   24.993654   clock uncertainty
                                  0.000000   24.993654   clock reconvergence pessimism
                                 -0.072788   24.920866   library setup time
                                             24.920866   data required time
---------------------------------------------------------------------------------------------
                                             24.920866   data required time
                                             -5.426638   data arrival time
---------------------------------------------------------------------------------------------
                                             19.494226   slack (MET)


Startpoint: btn (input port clocked by clk)
Endpoint: _163_ (rising edge-triggered flip-flop clocked by clk)
Path Group: clk
Path Type: max

Fanout         Cap        Slew       Delay        Time   Description
---------------------------------------------------------------------------------------------
                                  0.000000    0.000000   clock clk (rise edge)
                                  0.000000    0.000000   clock network delay (propagated)
                                  5.000000    5.000000 v input external delay
     1    0.003066    0.005105    0.002556    5.002556 v btn (in)
                                                         btn (net)
                      0.005113    0.000000    5.002556 v input1/A (sky130_fd_sc_hd__buf_1)
     6    0.017707    0.072729    0.090632    5.093188 v input1/X (sky130_fd_sc_hd__buf_1)
                                                         net1 (net)
                      0.072790    0.001457    5.094645 v _087_/C (sky130_fd_sc_hd__and4bb_2)
     6    0.024574    0.065911    0.195191    5.289835 v _087_/X (sky130_fd_sc_hd__and4bb_2)
                                                         _046_ (net)
                      0.065964    0.001693    5.291529 v _092_/A2 (sky130_fd_sc_hd__a21o_1)
     2    0.006358    0.034438    0.134340    5.425869 v _092_/X (sky130_fd_sc_hd__a21o_1)
                                                         nxt2[2] (net)
                      0.034441    0.000349    5.426218 v _163_/D (sky130_fd_sc_hd__dfrtp_1)
                                              5.426218   data arrival time

                                 25.000000   25.000000   clock clk (rise edge)
                                  0.000000   25.000000   clock source latency
     1    0.014876    0.054748    0.037188   25.037188 ^ clk (in)
                                                         clk (net)
                      0.054762    0.000000   25.037188 ^ clkbuf_0_clk/A (sky130_fd_sc_hd__clkbuf_16)
     4    0.043756    0.047740    0.104889   25.142076 ^ clkbuf_0_clk/X (sky130_fd_sc_hd__clkbuf_16)
                                                         clknet_0_clk (net)
                      0.048030    0.002611   25.144688 ^ clkbuf_2_0__f_clk/A (sky130_fd_sc_hd__clkbuf_16)
    10    0.031349    0.039062    0.096428   25.241116 ^ clkbuf_2_0__f_clk/X (sky130_fd_sc_hd__clkbuf_16)
                                                         clknet_2_0__leaf_clk (net)
                      0.039260    0.002528   25.243643 ^ _163_/CLK (sky130_fd_sc_hd__dfrtp_1)
                                 -0.250000   24.993643   clock uncertainty
                                  0.000000   24.993643   clock reconvergence pessimism
                                 -0.072618   24.921026   library setup time
                                             24.921026   data required time
---------------------------------------------------------------------------------------------
                                             24.921026   data required time
                                             -5.426218   data arrival time
---------------------------------------------------------------------------------------------
                                             19.494808   slack (MET)


Startpoint: btn (input port clocked by clk)
Endpoint: _161_ (rising edge-triggered flip-flop clocked by clk)
Path Group: clk
Path Type: max

Fanout         Cap        Slew       Delay        Time   Description
---------------------------------------------------------------------------------------------
                                  0.000000    0.000000   clock clk (rise edge)
                                  0.000000    0.000000   clock network delay (propagated)
                                  5.000000    5.000000 v input external delay
     1    0.003066    0.005105    0.002556    5.002556 v btn (in)
                                                         btn (net)
                      0.005113    0.000000    5.002556 v input1/A (sky130_fd_sc_hd__buf_1)
     6    0.017707    0.072729    0.090632    5.093188 v input1/X (sky130_fd_sc_hd__buf_1)
                                                         net1 (net)
                      0.072790    0.001457    5.094645 v _087_/C (sky130_fd_sc_hd__and4bb_2)
     6    0.024574    0.065911    0.195191    5.289835 v _087_/X (sky130_fd_sc_hd__and4bb_2)
                                                         _046_ (net)
                      0.065957    0.001592    5.291427 v _088_/A2 (sky130_fd_sc_hd__a21o_1)
     2    0.005255    0.031195    0.130922    5.422349 v _088_/X (sky130_fd_sc_hd__a21o_1)
                                                         nxt2[0] (net)
                      0.031197    0.000268    5.422617 v _161_/D (sky130_fd_sc_hd__dfrtp_1)
                                              5.422617   data arrival time

                                 25.000000   25.000000   clock clk (rise edge)
                                  0.000000   25.000000   clock source latency
     1    0.014876    0.054748    0.037188   25.037188 ^ clk (in)
                                                         clk (net)
                      0.054762    0.000000   25.037188 ^ clkbuf_0_clk/A (sky130_fd_sc_hd__clkbuf_16)
     4    0.043756    0.047740    0.104889   25.142076 ^ clkbuf_0_clk/X (sky130_fd_sc_hd__clkbuf_16)
                                                         clknet_0_clk (net)
                      0.048030    0.002611   25.144688 ^ clkbuf_2_0__f_clk/A (sky130_fd_sc_hd__clkbuf_16)
    10    0.031349    0.039062    0.096428   25.241116 ^ clkbuf_2_0__f_clk/X (sky130_fd_sc_hd__clkbuf_16)
                                                         clknet_2_0__leaf_clk (net)
                      0.039229    0.002309   25.243423 ^ _161_/CLK (sky130_fd_sc_hd__dfrtp_1)
                                 -0.250000   24.993425   clock uncertainty
                                  0.000000   24.993425   clock reconvergence pessimism
                                 -0.071462   24.921963   library setup time
                                             24.921963   data required time
---------------------------------------------------------------------------------------------
                                             24.921963   data required time
                                             -5.422617   data arrival time
---------------------------------------------------------------------------------------------
                                             19.499346   slack (MET)


Startpoint: btn (input port clocked by clk)
Endpoint: _183_ (rising edge-triggered flip-flop clocked by clk)
Path Group: clk
Path Type: max

Fanout         Cap        Slew       Delay        Time   Description
---------------------------------------------------------------------------------------------
                                  0.000000    0.000000   clock clk (rise edge)
                                  0.000000    0.000000   clock network delay (propagated)
                                  5.000000    5.000000 ^ input external delay
     1    0.003254    0.015546    0.008476    5.008476 ^ btn (in)
                                                         btn (net)
                      0.015547    0.000000    5.008476 ^ input1/A (sky130_fd_sc_hd__buf_1)
     6    0.018137    0.161962    0.136915    5.145391 ^ input1/X (sky130_fd_sc_hd__buf_1)
                                                         net1 (net)
                      0.161985    0.001604    5.146995 ^ _052_/C (sky130_fd_sc_hd__and4bb_2)
     8    0.030295    0.141513    0.229934    5.376928 ^ _052_/X (sky130_fd_sc_hd__and4bb_2)
                                                         _040_ (net)
                      0.141517    0.001005    5.377933 ^ _053_/A2 (sky130_fd_sc_hd__a21o_1)
     1    0.002756    0.027882    0.081259    5.459192 ^ _053_/X (sky130_fd_sc_hd__a21o_1)
                                                         _037_ (net)
                      0.027883    0.000187    5.459379 ^ _183_/D (sky130_fd_sc_hd__dfrtp_1)
                                              5.459379   data arrival time

                                 25.000000   25.000000   clock clk (rise edge)
                                  0.000000   25.000000   clock source latency
     1    0.014876    0.054748    0.037188   25.037188 ^ clk (in)
                                                         clk (net)
                      0.054762    0.000000   25.037188 ^ clkbuf_0_clk/A (sky130_fd_sc_hd__clkbuf_16)
     4    0.043756    0.047740    0.104889   25.142076 ^ clkbuf_0_clk/X (sky130_fd_sc_hd__clkbuf_16)
                                                         clknet_0_clk (net)
                      0.048025    0.002585   25.144661 ^ clkbuf_2_3__f_clk/A (sky130_fd_sc_hd__clkbuf_16)
    11    0.033260    0.040327    0.097563   25.242224 ^ clkbuf_2_3__f_clk/X (sky130_fd_sc_hd__clkbuf_16)
                                                         clknet_2_3__leaf_clk (net)
                      0.040537    0.002187   25.244410 ^ _183_/CLK (sky130_fd_sc_hd__dfrtp_1)
                                 -0.250000   24.994411   clock uncertainty
                                  0.000000   24.994411   clock reconvergence pessimism
                                 -0.033181   24.961229   library setup time
                                             24.961229   data required time
---------------------------------------------------------------------------------------------
                                             24.961229   data required time
                                             -5.459379   data arrival time
---------------------------------------------------------------------------------------------
                                             19.501852   slack (MET)


Startpoint: btn (input port clocked by clk)
Endpoint: _168_ (rising edge-triggered flip-flop clocked by clk)
Path Group: clk
Path Type: max

Fanout         Cap        Slew       Delay        Time   Description
---------------------------------------------------------------------------------------------
                                  0.000000    0.000000   clock clk (rise edge)
                                  0.000000    0.000000   clock network delay (propagated)
                                  5.000000    5.000000 ^ input external delay
     1    0.003254    0.015546    0.008476    5.008476 ^ btn (in)
                                                         btn (net)
                      0.015547    0.000000    5.008476 ^ input1/A (sky130_fd_sc_hd__buf_1)
     6    0.018137    0.161962    0.136915    5.145391 ^ input1/X (sky130_fd_sc_hd__buf_1)
                                                         net1 (net)
                      0.161985    0.001584    5.146975 ^ _102_/B (sky130_fd_sc_hd__and4b_2)
     6    0.023949    0.106804    0.206672    5.353647 ^ _102_/X (sky130_fd_sc_hd__and4b_2)
                                                         _048_ (net)
                      0.106844    0.001942    5.355588 ^ _105_/A2 (sky130_fd_sc_hd__a21o_1)
     1    0.004769    0.039153    0.087452    5.443041 ^ _105_/X (sky130_fd_sc_hd__a21o_1)
                                                         nxt3[1] (net)
                      0.039155    0.000318    5.443359 ^ _168_/D (sky130_fd_sc_hd__dfrtp_1)
                                              5.443359   data arrival time

                                 25.000000   25.000000   clock clk (rise edge)
                                  0.000000   25.000000   clock source latency
     1    0.014876    0.054748    0.037188   25.037188 ^ clk (in)
                                                         clk (net)
                      0.054762    0.000000   25.037188 ^ clkbuf_0_clk/A (sky130_fd_sc_hd__clkbuf_16)
     4    0.043756    0.047740    0.104889   25.142076 ^ clkbuf_0_clk/X (sky130_fd_sc_hd__clkbuf_16)
                                                         clknet_0_clk (net)
                      0.048025    0.002585   25.144661 ^ clkbuf_2_3__f_clk/A (sky130_fd_sc_hd__clkbuf_16)
    11    0.033260    0.040327    0.097563   25.242224 ^ clkbuf_2_3__f_clk/X (sky130_fd_sc_hd__clkbuf_16)
                                                         clknet_2_3__leaf_clk (net)
                      0.040464    0.001618   25.243841 ^ _168_/CLK (sky130_fd_sc_hd__dfrtp_1)
                                 -0.250000   24.993843   clock uncertainty
                                  0.000000   24.993843   clock reconvergence pessimism
                                 -0.034249   24.959595   library setup time
                                             24.959595   data required time
---------------------------------------------------------------------------------------------
                                             24.959595   data required time
                                             -5.443359   data arrival time
---------------------------------------------------------------------------------------------
                                             19.516235   slack (MET)


Startpoint: btn (input port clocked by clk)
Endpoint: _169_ (rising edge-triggered flip-flop clocked by clk)
Path Group: clk
Path Type: max

Fanout         Cap        Slew       Delay        Time   Description
---------------------------------------------------------------------------------------------
                                  0.000000    0.000000   clock clk (rise edge)
                                  0.000000    0.000000   clock network delay (propagated)
                                  5.000000    5.000000 ^ input external delay
     1    0.003254    0.015546    0.008476    5.008476 ^ btn (in)
                                                         btn (net)
                      0.015547    0.000000    5.008476 ^ input1/A (sky130_fd_sc_hd__buf_1)
     6    0.018137    0.161962    0.136915    5.145391 ^ input1/X (sky130_fd_sc_hd__buf_1)
                                                         net1 (net)
                      0.161985    0.001584    5.146975 ^ _102_/B (sky130_fd_sc_hd__and4b_2)
     6    0.023949    0.106804    0.206672    5.353647 ^ _102_/X (sky130_fd_sc_hd__and4b_2)
                                                         _048_ (net)
                      0.106814    0.001149    5.354796 ^ _107_/A2 (sky130_fd_sc_hd__a21o_1)
     1    0.004061    0.034886    0.084257    5.439053 ^ _107_/X (sky130_fd_sc_hd__a21o_1)
                                                         nxt3[2] (net)
                      0.034887    0.000248    5.439301 ^ _169_/D (sky130_fd_sc_hd__dfrtp_1)
                                              5.439301   data arrival time

                                 25.000000   25.000000   clock clk (rise edge)
                                  0.000000   25.000000   clock source latency
     1    0.014876    0.054748    0.037188   25.037188 ^ clk (in)
                                                         clk (net)
                      0.054762    0.000000   25.037188 ^ clkbuf_0_clk/A (sky130_fd_sc_hd__clkbuf_16)
     4    0.043756    0.047740    0.104889   25.142076 ^ clkbuf_0_clk/X (sky130_fd_sc_hd__clkbuf_16)
                                                         clknet_0_clk (net)
                      0.048025    0.002585   25.144661 ^ clkbuf_2_3__f_clk/A (sky130_fd_sc_hd__clkbuf_16)
    11    0.033260    0.040327    0.097563   25.242224 ^ clkbuf_2_3__f_clk/X (sky130_fd_sc_hd__clkbuf_16)
                                                         clknet_2_3__leaf_clk (net)
                      0.040525    0.002105   25.244328 ^ _169_/CLK (sky130_fd_sc_hd__dfrtp_1)
                                 -0.250000   24.994329   clock uncertainty
                                  0.000000   24.994329   clock reconvergence pessimism
                                 -0.033843   24.960485   library setup time
                                             24.960485   data required time
---------------------------------------------------------------------------------------------
                                             24.960485   data required time
                                             -5.439301   data arrival time
---------------------------------------------------------------------------------------------
                                             19.521185   slack (MET)


Startpoint: btn (input port clocked by clk)
Endpoint: _171_ (rising edge-triggered flip-flop clocked by clk)
Path Group: clk
Path Type: max

Fanout         Cap        Slew       Delay        Time   Description
---------------------------------------------------------------------------------------------
                                  0.000000    0.000000   clock clk (rise edge)
                                  0.000000    0.000000   clock network delay (propagated)
                                  5.000000    5.000000 ^ input external delay
     1    0.003254    0.015546    0.008476    5.008476 ^ btn (in)
                                                         btn (net)
                      0.015547    0.000000    5.008476 ^ input1/A (sky130_fd_sc_hd__buf_1)
     6    0.018137    0.161962    0.136915    5.145391 ^ input1/X (sky130_fd_sc_hd__buf_1)
                                                         net1 (net)
                      0.161985    0.001584    5.146975 ^ _102_/B (sky130_fd_sc_hd__and4b_2)
     6    0.023949    0.106804    0.206672    5.353647 ^ _102_/X (sky130_fd_sc_hd__and4b_2)
                                                         _048_ (net)
                      0.106834    0.001739    5.355385 ^ _111_/A2 (sky130_fd_sc_hd__a21o_1)
     1    0.003613    0.032301    0.082115    5.437500 ^ _111_/X (sky130_fd_sc_hd__a21o_1)
                                                         nxt3[4] (net)
                      0.032302    0.000224    5.437724 ^ _171_/D (sky130_fd_sc_hd__dfrtp_1)
                                              5.437724   data arrival time

                                 25.000000   25.000000   clock clk (rise edge)
                                  0.000000   25.000000   clock source latency
     1    0.014876    0.054748    0.037188   25.037188 ^ clk (in)
                                                         clk (net)
                      0.054762    0.000000   25.037188 ^ clkbuf_0_clk/A (sky130_fd_sc_hd__clkbuf_16)
     4    0.043756    0.047740    0.104889   25.142076 ^ clkbuf_0_clk/X (sky130_fd_sc_hd__clkbuf_16)
                                                         clknet_0_clk (net)
                      0.048025    0.002585   25.144661 ^ clkbuf_2_3__f_clk/A (sky130_fd_sc_hd__clkbuf_16)
    11    0.033260    0.040327    0.097563   25.242224 ^ clkbuf_2_3__f_clk/X (sky130_fd_sc_hd__clkbuf_16)
                                                         clknet_2_3__leaf_clk (net)
                      0.040560    0.002350   25.244574 ^ _171_/CLK (sky130_fd_sc_hd__dfrtp_1)
                                 -0.250000   24.994574   clock uncertainty
                                  0.000000   24.994574   clock reconvergence pessimism
                                 -0.033598   24.960976   library setup time
                                             24.960976   data required time
---------------------------------------------------------------------------------------------
                                             24.960976   data required time
                                             -5.437724   data arrival time
---------------------------------------------------------------------------------------------
                                             19.523252   slack (MET)


Startpoint: btn (input port clocked by clk)
Endpoint: _172_ (rising edge-triggered flip-flop clocked by clk)
Path Group: clk
Path Type: max

Fanout         Cap        Slew       Delay        Time   Description
---------------------------------------------------------------------------------------------
                                  0.000000    0.000000   clock clk (rise edge)
                                  0.000000    0.000000   clock network delay (propagated)
                                  5.000000    5.000000 ^ input external delay
     1    0.003254    0.015546    0.008476    5.008476 ^ btn (in)
                                                         btn (net)
                      0.015547    0.000000    5.008476 ^ input1/A (sky130_fd_sc_hd__buf_1)
     6    0.018137    0.161962    0.136915    5.145391 ^ input1/X (sky130_fd_sc_hd__buf_1)
                                                         net1 (net)
                      0.161985    0.001584    5.146975 ^ _102_/B (sky130_fd_sc_hd__and4b_2)
     6    0.023949    0.106804    0.206672    5.353647 ^ _102_/X (sky130_fd_sc_hd__and4b_2)
                                                         _048_ (net)
                      0.106836    0.001765    5.355412 ^ _113_/A2 (sky130_fd_sc_hd__a21o_1)
     1    0.002739    0.027345    0.077795    5.433207 ^ _113_/X (sky130_fd_sc_hd__a21o_1)
                                                         nxt3[5] (net)
                      0.027346    0.000201    5.433408 ^ _172_/D (sky130_fd_sc_hd__dfrtp_1)
                                              5.433408   data arrival time

                                 25.000000   25.000000   clock clk (rise edge)
                                  0.000000   25.000000   clock source latency
     1    0.014876    0.054748    0.037188   25.037188 ^ clk (in)
                                                         clk (net)
                      0.054762    0.000000   25.037188 ^ clkbuf_0_clk/A (sky130_fd_sc_hd__clkbuf_16)
     4    0.043756    0.047740    0.104889   25.142076 ^ clkbuf_0_clk/X (sky130_fd_sc_hd__clkbuf_16)
                                                         clknet_0_clk (net)
                      0.048025    0.002585   25.144661 ^ clkbuf_2_3__f_clk/A (sky130_fd_sc_hd__clkbuf_16)
    11    0.033260    0.040327    0.097563   25.242224 ^ clkbuf_2_3__f_clk/X (sky130_fd_sc_hd__clkbuf_16)
                                                         clknet_2_3__leaf_clk (net)
                      0.040556    0.002322   25.244545 ^ _172_/CLK (sky130_fd_sc_hd__dfrtp_1)
                                 -0.250000   24.994545   clock uncertainty
                                  0.000000   24.994545   clock reconvergence pessimism
                                 -0.033130   24.961416   library setup time
                                             24.961416   data required time
---------------------------------------------------------------------------------------------
                                             24.961416   data required time
                                             -5.433408   data arrival time
---------------------------------------------------------------------------------------------
                                             19.528009   slack (MET)


Startpoint: btn (input port clocked by clk)
Endpoint: _170_ (rising edge-triggered flip-flop clocked by clk)
Path Group: clk
Path Type: max

Fanout         Cap        Slew       Delay        Time   Description
---------------------------------------------------------------------------------------------
                                  0.000000    0.000000   clock clk (rise edge)
                                  0.000000    0.000000   clock network delay (propagated)
                                  5.000000    5.000000 ^ input external delay
     1    0.003254    0.015546    0.008476    5.008476 ^ btn (in)
                                                         btn (net)
                      0.015547    0.000000    5.008476 ^ input1/A (sky130_fd_sc_hd__buf_1)
     6    0.018137    0.161962    0.136915    5.145391 ^ input1/X (sky130_fd_sc_hd__buf_1)
                                                         net1 (net)
                      0.161985    0.001584    5.146975 ^ _102_/B (sky130_fd_sc_hd__and4b_2)
     6    0.023949    0.106804    0.206672    5.353647 ^ _102_/X (sky130_fd_sc_hd__and4b_2)
                                                         _048_ (net)
                      0.106820    0.001352    5.354999 ^ _109_/A2 (sky130_fd_sc_hd__a21o_1)
     1    0.002651    0.026829    0.077367    5.432366 ^ _109_/X (sky130_fd_sc_hd__a21o_1)
                                                         nxt3[3] (net)
                      0.026830    0.000182    5.432548 ^ _170_/D (sky130_fd_sc_hd__dfrtp_1)
                                              5.432548   data arrival time

                                 25.000000   25.000000   clock clk (rise edge)
                                  0.000000   25.000000   clock source latency
     1    0.014876    0.054748    0.037188   25.037188 ^ clk (in)
                                                         clk (net)
                      0.054762    0.000000   25.037188 ^ clkbuf_0_clk/A (sky130_fd_sc_hd__clkbuf_16)
     4    0.043756    0.047740    0.104889   25.142076 ^ clkbuf_0_clk/X (sky130_fd_sc_hd__clkbuf_16)
                                                         clknet_0_clk (net)
                      0.048025    0.002585   25.144661 ^ clkbuf_2_3__f_clk/A (sky130_fd_sc_hd__clkbuf_16)
    11    0.033260    0.040327    0.097563   25.242224 ^ clkbuf_2_3__f_clk/X (sky130_fd_sc_hd__clkbuf_16)
                                                         clknet_2_3__leaf_clk (net)
                      0.040524    0.002094   25.244318 ^ _170_/CLK (sky130_fd_sc_hd__dfrtp_1)
                                 -0.250000   24.994318   clock uncertainty
                                  0.000000   24.994318   clock reconvergence pessimism
                                 -0.033082   24.961237   library setup time
                                             24.961237   data required time
---------------------------------------------------------------------------------------------
                                             24.961237   data required time
                                             -5.432548   data arrival time
---------------------------------------------------------------------------------------------
                                             19.528688   slack (MET)


Startpoint: btn (input port clocked by clk)
Endpoint: _167_ (rising edge-triggered flip-flop clocked by clk)
Path Group: clk
Path Type: max

Fanout         Cap        Slew       Delay        Time   Description
---------------------------------------------------------------------------------------------
                                  0.000000    0.000000   clock clk (rise edge)
                                  0.000000    0.000000   clock network delay (propagated)
                                  5.000000    5.000000 ^ input external delay
     1    0.003254    0.015546    0.008476    5.008476 ^ btn (in)
                                                         btn (net)
                      0.015547    0.000000    5.008476 ^ input1/A (sky130_fd_sc_hd__buf_1)
     6    0.018137    0.161962    0.136915    5.145391 ^ input1/X (sky130_fd_sc_hd__buf_1)
                                                         net1 (net)
                      0.161985    0.001584    5.146975 ^ _102_/B (sky130_fd_sc_hd__and4b_2)
     6    0.023949    0.106804    0.206672    5.353647 ^ _102_/X (sky130_fd_sc_hd__and4b_2)
                                                         _048_ (net)
                      0.106814    0.001144    5.354790 ^ _103_/A2 (sky130_fd_sc_hd__a21o_1)
     1    0.002607    0.027581    0.077148    5.431938 ^ _103_/X (sky130_fd_sc_hd__a21o_1)
                                                         nxt3[0] (net)
                      0.027581    0.000179    5.432117 ^ _167_/D (sky130_fd_sc_hd__dfrtp_1)
                                              5.432117   data arrival time

                                 25.000000   25.000000   clock clk (rise edge)
                                  0.000000   25.000000   clock source latency
     1    0.014876    0.054748    0.037188   25.037188 ^ clk (in)
                                                         clk (net)
                      0.054762    0.000000   25.037188 ^ clkbuf_0_clk/A (sky130_fd_sc_hd__clkbuf_16)
     4    0.043756    0.047740    0.104889   25.142076 ^ clkbuf_0_clk/X (sky130_fd_sc_hd__clkbuf_16)
                                                         clknet_0_clk (net)
                      0.048025    0.002585   25.144661 ^ clkbuf_2_3__f_clk/A (sky130_fd_sc_hd__clkbuf_16)
    11    0.033260    0.040327    0.097563   25.242224 ^ clkbuf_2_3__f_clk/X (sky130_fd_sc_hd__clkbuf_16)
                                                         clknet_2_3__leaf_clk (net)
                      0.040515    0.002034   25.244257 ^ _167_/CLK (sky130_fd_sc_hd__dfrtp_1)
                                 -0.250000   24.994259   clock uncertainty
                                  0.000000   24.994259   clock reconvergence pessimism
                                 -0.033153   24.961103   library setup time
                                             24.961103   data required time
---------------------------------------------------------------------------------------------
                                             24.961103   data required time
                                             -5.432117   data arrival time
---------------------------------------------------------------------------------------------
                                             19.528988   slack (MET)


Startpoint: reset (input port clocked by clk)
Endpoint: _176_ (recovery check against rising-edge clock clk)
Path Group: asynchronous
Path Type: max

Fanout         Cap        Slew       Delay        Time   Description
---------------------------------------------------------------------------------------------
                                  0.000000    0.000000   clock clk (rise edge)
                                  0.000000    0.000000   clock network delay (propagated)
                                  5.000000    5.000000 v input external delay
     1    0.002824    0.004747    0.002339    5.002339 v reset (in)
                                                         reset (net)
                      0.004755    0.000000    5.002339 v input2/A (sky130_fd_sc_hd__buf_1)
     3    0.016857    0.069439    0.088394    5.090734 v input2/X (sky130_fd_sc_hd__buf_1)
                                                         net2 (net)
                      0.069478    0.001023    5.091756 v fanout35/A (sky130_fd_sc_hd__clkbuf_4)
     9    0.053255    0.081352    0.156184    5.247941 v fanout35/X (sky130_fd_sc_hd__clkbuf_4)
                                                         net35 (net)
                      0.081494    0.002512    5.250452 v fanout34/A (sky130_fd_sc_hd__buf_4)
    10    0.057071    0.063080    0.145647    5.396099 v fanout34/X (sky130_fd_sc_hd__buf_4)
                                                         net34 (net)
                      0.063621    0.004808    5.400907 v _140_/A (sky130_fd_sc_hd__inv_2)
     1    0.004085    0.026229    0.042228    5.443135 ^ _140_/Y (sky130_fd_sc_hd__inv_2)
                                                         _027_ (net)
                      0.026231    0.000215    5.443350 ^ _176_/SET_B (sky130_fd_sc_hd__dfstp_2)
                                              5.443350   data arrival time

                                 25.000000   25.000000   clock clk (rise edge)
                                  0.000000   25.000000   clock source latency
     1    0.014876    0.054748    0.037188   25.037188 ^ clk (in)
                                                         clk (net)
                      0.054762    0.000000   25.037188 ^ clkbuf_0_clk/A (sky130_fd_sc_hd__clkbuf_16)
     4    0.043756    0.047740    0.104889   25.142076 ^ clkbuf_0_clk/X (sky130_fd_sc_hd__clkbuf_16)
                                                         clknet_0_clk (net)
                      0.048030    0.002611   25.144688 ^ clkbuf_2_0__f_clk/A (sky130_fd_sc_hd__clkbuf_16)
    10    0.031349    0.039062    0.096428   25.241116 ^ clkbuf_2_0__f_clk/X (sky130_fd_sc_hd__clkbuf_16)
                                                         clknet_2_0__leaf_clk (net)
                      0.039206    0.002132   25.243246 ^ _176_/CLK (sky130_fd_sc_hd__dfstp_2)
                                 -0.250000   24.993248   clock uncertainty
                                  0.000000   24.993248   clock reconvergence pessimism
                                  0.085161   25.078407   library recovery time
                                             25.078407   data required time
---------------------------------------------------------------------------------------------
                                             25.078407   data required time
                                             -5.443350   data arrival time
---------------------------------------------------------------------------------------------
                                             19.635057   slack (MET)


Startpoint: reset (input port clocked by clk)
Endpoint: _180_ (recovery check against rising-edge clock clk)
Path Group: asynchronous
Path Type: max

Fanout         Cap        Slew       Delay        Time   Description
---------------------------------------------------------------------------------------------
                                  0.000000    0.000000   clock clk (rise edge)
                                  0.000000    0.000000   clock network delay (propagated)
                                  5.000000    5.000000 v input external delay
     1    0.002824    0.004747    0.002339    5.002339 v reset (in)
                                                         reset (net)
                      0.004755    0.000000    5.002339 v input2/A (sky130_fd_sc_hd__buf_1)
     3    0.016857    0.069439    0.088394    5.090734 v input2/X (sky130_fd_sc_hd__buf_1)
                                                         net2 (net)
                      0.069478    0.001023    5.091756 v fanout35/A (sky130_fd_sc_hd__clkbuf_4)
     9    0.053255    0.081352    0.156184    5.247941 v fanout35/X (sky130_fd_sc_hd__clkbuf_4)
                                                         net35 (net)
                      0.081494    0.002512    5.250452 v fanout34/A (sky130_fd_sc_hd__buf_4)
    10    0.057071    0.063080    0.145647    5.396099 v fanout34/X (sky130_fd_sc_hd__buf_4)
                                                         net34 (net)
                      0.063196    0.002310    5.398409 v _144_/A (sky130_fd_sc_hd__inv_2)
     1    0.004557    0.027448    0.043753    5.442163 ^ _144_/Y (sky130_fd_sc_hd__inv_2)
                                                         _031_ (net)
                      0.027449    0.000246    5.442409 ^ _180_/RESET_B (sky130_fd_sc_hd__dfrtp_4)
                                              5.442409   data arrival time

                                 25.000000   25.000000   clock clk (rise edge)
                                  0.000000   25.000000   clock source latency
     1    0.014876    0.054748    0.037188   25.037188 ^ clk (in)
                                                         clk (net)
                      0.054762    0.000000   25.037188 ^ clkbuf_0_clk/A (sky130_fd_sc_hd__clkbuf_16)
     4    0.043756    0.047740    0.104889   25.142076 ^ clkbuf_0_clk/X (sky130_fd_sc_hd__clkbuf_16)
                                                         clknet_0_clk (net)
                      0.048030    0.002611   25.144688 ^ clkbuf_2_0__f_clk/A (sky130_fd_sc_hd__clkbuf_16)
    10    0.031349    0.039062    0.096428   25.241116 ^ clkbuf_2_0__f_clk/X (sky130_fd_sc_hd__clkbuf_16)
                                                         clknet_2_0__leaf_clk (net)
                      0.039094    0.001013   25.242126 ^ _180_/CLK (sky130_fd_sc_hd__dfrtp_4)
                                 -0.250000   24.992128   clock uncertainty
                                  0.000000   24.992128   clock reconvergence pessimism
                                  0.133590   25.125717   library recovery time
                                             25.125717   data required time
---------------------------------------------------------------------------------------------
                                             25.125717   data required time
                                             -5.442409   data arrival time
---------------------------------------------------------------------------------------------
                                             19.683308   slack (MET)


Startpoint: reset (input port clocked by clk)
Endpoint: _165_ (recovery check against rising-edge clock clk)
Path Group: asynchronous
Path Type: max

Fanout         Cap        Slew       Delay        Time   Description
---------------------------------------------------------------------------------------------
                                  0.000000    0.000000   clock clk (rise edge)
                                  0.000000    0.000000   clock network delay (propagated)
                                  5.000000    5.000000 v input external delay
     1    0.002824    0.004747    0.002339    5.002339 v reset (in)
                                                         reset (net)
                      0.004755    0.000000    5.002339 v input2/A (sky130_fd_sc_hd__buf_1)
     3    0.016857    0.069439    0.088394    5.090734 v input2/X (sky130_fd_sc_hd__buf_1)
                                                         net2 (net)
                      0.069478    0.001023    5.091756 v fanout35/A (sky130_fd_sc_hd__clkbuf_4)
     9    0.053255    0.081352    0.156184    5.247941 v fanout35/X (sky130_fd_sc_hd__clkbuf_4)
                                                         net35 (net)
                      0.081494    0.002512    5.250452 v fanout34/A (sky130_fd_sc_hd__buf_4)
    10    0.057071    0.063080    0.145647    5.396099 v fanout34/X (sky130_fd_sc_hd__buf_4)
                                                         net34 (net)
                      0.064666    0.007968    5.404068 v _129_/A (sky130_fd_sc_hd__inv_2)
     1    0.005768    0.030955    0.047434    5.451502 ^ _129_/Y (sky130_fd_sc_hd__inv_2)
                                                         _016_ (net)
                      0.030958    0.000341    5.451843 ^ _165_/RESET_B (sky130_fd_sc_hd__dfrtp_1)
                                              5.451843   data arrival time

                                 25.000000   25.000000   clock clk (rise edge)
                                  0.000000   25.000000   clock source latency
     1    0.014876    0.054748    0.037188   25.037188 ^ clk (in)
                                                         clk (net)
                      0.054762    0.000000   25.037188 ^ clkbuf_0_clk/A (sky130_fd_sc_hd__clkbuf_16)
     4    0.043756    0.047740    0.104889   25.142076 ^ clkbuf_0_clk/X (sky130_fd_sc_hd__clkbuf_16)
                                                         clknet_0_clk (net)
                      0.048030    0.002611   25.144688 ^ clkbuf_2_0__f_clk/A (sky130_fd_sc_hd__clkbuf_16)
    10    0.031349    0.039062    0.096428   25.241116 ^ clkbuf_2_0__f_clk/X (sky130_fd_sc_hd__clkbuf_16)
                                                         clknet_2_0__leaf_clk (net)
                      0.039268    0.002583   25.243698 ^ _165_/CLK (sky130_fd_sc_hd__dfrtp_1)
                                 -0.250000   24.993698   clock uncertainty
                                  0.000000   24.993698   clock reconvergence pessimism
                                  0.144909   25.138607   library recovery time
                                             25.138607   data required time
---------------------------------------------------------------------------------------------
                                             25.138607   data required time
                                             -5.451843   data arrival time
---------------------------------------------------------------------------------------------
                                             19.686764   slack (MET)


Startpoint: reset (input port clocked by clk)
Endpoint: _163_ (recovery check against rising-edge clock clk)
Path Group: asynchronous
Path Type: max

Fanout         Cap        Slew       Delay        Time   Description
---------------------------------------------------------------------------------------------
                                  0.000000    0.000000   clock clk (rise edge)
                                  0.000000    0.000000   clock network delay (propagated)
                                  5.000000    5.000000 v input external delay
     1    0.002824    0.004747    0.002339    5.002339 v reset (in)
                                                         reset (net)
                      0.004755    0.000000    5.002339 v input2/A (sky130_fd_sc_hd__buf_1)
     3    0.016857    0.069439    0.088394    5.090734 v input2/X (sky130_fd_sc_hd__buf_1)
                                                         net2 (net)
                      0.069478    0.001023    5.091756 v fanout35/A (sky130_fd_sc_hd__clkbuf_4)
     9    0.053255    0.081352    0.156184    5.247941 v fanout35/X (sky130_fd_sc_hd__clkbuf_4)
                                                         net35 (net)
                      0.081494    0.002512    5.250452 v fanout34/A (sky130_fd_sc_hd__buf_4)
    10    0.057071    0.063080    0.145647    5.396099 v fanout34/X (sky130_fd_sc_hd__buf_4)
                                                         net34 (net)
                      0.064551    0.007686    5.403786 v _127_/A (sky130_fd_sc_hd__inv_2)
     1    0.005834    0.031108    0.047580    5.451366 ^ _127_/Y (sky130_fd_sc_hd__inv_2)
                                                         _014_ (net)
                      0.031112    0.000318    5.451684 ^ _163_/RESET_B (sky130_fd_sc_hd__dfrtp_1)
                                              5.451684   data arrival time

                                 25.000000   25.000000   clock clk (rise edge)
                                  0.000000   25.000000   clock source latency
     1    0.014876    0.054748    0.037188   25.037188 ^ clk (in)
                                                         clk (net)
                      0.054762    0.000000   25.037188 ^ clkbuf_0_clk/A (sky130_fd_sc_hd__clkbuf_16)
     4    0.043756    0.047740    0.104889   25.142076 ^ clkbuf_0_clk/X (sky130_fd_sc_hd__clkbuf_16)
                                                         clknet_0_clk (net)
                      0.048030    0.002611   25.144688 ^ clkbuf_2_0__f_clk/A (sky130_fd_sc_hd__clkbuf_16)
    10    0.031349    0.039062    0.096428   25.241116 ^ clkbuf_2_0__f_clk/X (sky130_fd_sc_hd__clkbuf_16)
                                                         clknet_2_0__leaf_clk (net)
                      0.039260    0.002528   25.243643 ^ _163_/CLK (sky130_fd_sc_hd__dfrtp_1)
                                 -0.250000   24.993643   clock uncertainty
                                  0.000000   24.993643   clock reconvergence pessimism
                                  0.144879   25.138521   library recovery time
                                             25.138521   data required time
---------------------------------------------------------------------------------------------
                                             25.138521   data required time
                                             -5.451684   data arrival time
---------------------------------------------------------------------------------------------
                                             19.686838   slack (MET)


Startpoint: reset (input port clocked by clk)
Endpoint: _179_ (recovery check against rising-edge clock clk)
Path Group: asynchronous
Path Type: max

Fanout         Cap        Slew       Delay        Time   Description
---------------------------------------------------------------------------------------------
                                  0.000000    0.000000   clock clk (rise edge)
                                  0.000000    0.000000   clock network delay (propagated)
                                  5.000000    5.000000 v input external delay
     1    0.002824    0.004747    0.002339    5.002339 v reset (in)
                                                         reset (net)
                      0.004755    0.000000    5.002339 v input2/A (sky130_fd_sc_hd__buf_1)
     3    0.016857    0.069439    0.088394    5.090734 v input2/X (sky130_fd_sc_hd__buf_1)
                                                         net2 (net)
                      0.069478    0.001023    5.091756 v fanout35/A (sky130_fd_sc_hd__clkbuf_4)
     9    0.053255    0.081352    0.156184    5.247941 v fanout35/X (sky130_fd_sc_hd__clkbuf_4)
                                                         net35 (net)
                      0.081494    0.002512    5.250452 v fanout34/A (sky130_fd_sc_hd__buf_4)
    10    0.057071    0.063080    0.145647    5.396099 v fanout34/X (sky130_fd_sc_hd__buf_4)
                                                         net34 (net)
                      0.063123    0.001421    5.397521 v _143_/A (sky130_fd_sc_hd__inv_2)
     1    0.003846    0.025526    0.041252    5.438772 ^ _143_/Y (sky130_fd_sc_hd__inv_2)
                                                         _030_ (net)
                      0.025527    0.000203    5.438975 ^ _179_/RESET_B (sky130_fd_sc_hd__dfrtp_4)
                                              5.438975   data arrival time

                                 25.000000   25.000000   clock clk (rise edge)
                                  0.000000   25.000000   clock source latency
     1    0.014876    0.054748    0.037188   25.037188 ^ clk (in)
                                                         clk (net)
                      0.054762    0.000000   25.037188 ^ clkbuf_0_clk/A (sky130_fd_sc_hd__clkbuf_16)
     4    0.043756    0.047740    0.104889   25.142076 ^ clkbuf_0_clk/X (sky130_fd_sc_hd__clkbuf_16)
                                                         clknet_0_clk (net)
                      0.048053    0.002744   25.144821 ^ clkbuf_2_1__f_clk/A (sky130_fd_sc_hd__clkbuf_16)
    10    0.030829    0.038507    0.095923   25.240744 ^ clkbuf_2_1__f_clk/X (sky130_fd_sc_hd__clkbuf_16)
                                                         clknet_2_1__leaf_clk (net)
                      0.038984    0.002590   25.243334 ^ _179_/CLK (sky130_fd_sc_hd__dfrtp_4)
                                 -0.250000   24.993334   clock uncertainty
                                  0.000000   24.993334   clock reconvergence pessimism
                                  0.134180   25.127516   library recovery time
                                             25.127516   data required time
---------------------------------------------------------------------------------------------
                                             25.127516   data required time
                                             -5.438975   data arrival time
---------------------------------------------------------------------------------------------
                                             19.688540   slack (MET)


Startpoint: reset (input port clocked by clk)
Endpoint: _166_ (recovery check against rising-edge clock clk)
Path Group: asynchronous
Path Type: max

Fanout         Cap        Slew       Delay        Time   Description
---------------------------------------------------------------------------------------------
                                  0.000000    0.000000   clock clk (rise edge)
                                  0.000000    0.000000   clock network delay (propagated)
                                  5.000000    5.000000 v input external delay
     1    0.002824    0.004747    0.002339    5.002339 v reset (in)
                                                         reset (net)
                      0.004755    0.000000    5.002339 v input2/A (sky130_fd_sc_hd__buf_1)
     3    0.016857    0.069439    0.088394    5.090734 v input2/X (sky130_fd_sc_hd__buf_1)
                                                         net2 (net)
                      0.069478    0.001023    5.091756 v fanout35/A (sky130_fd_sc_hd__clkbuf_4)
     9    0.053255    0.081352    0.156184    5.247941 v fanout35/X (sky130_fd_sc_hd__clkbuf_4)
                                                         net35 (net)
                      0.081494    0.002512    5.250452 v fanout34/A (sky130_fd_sc_hd__buf_4)
    10    0.057071    0.063080    0.145647    5.396099 v fanout34/X (sky130_fd_sc_hd__buf_4)
                                                         net34 (net)
                      0.064592    0.007788    5.403887 v _130_/A (sky130_fd_sc_hd__inv_2)
     1    0.004137    0.026552    0.042683    5.446570 ^ _130_/Y (sky130_fd_sc_hd__inv_2)
                                                         _017_ (net)
                      0.026553    0.000222    5.446792 ^ _166_/RESET_B (sky130_fd_sc_hd__dfrtp_1)
                                              5.446792   data arrival time

                                 25.000000   25.000000   clock clk (rise edge)
                                  0.000000   25.000000   clock source latency
     1    0.014876    0.054748    0.037188   25.037188 ^ clk (in)
                                                         clk (net)
                      0.054762    0.000000   25.037188 ^ clkbuf_0_clk/A (sky130_fd_sc_hd__clkbuf_16)
     4    0.043756    0.047740    0.104889   25.142076 ^ clkbuf_0_clk/X (sky130_fd_sc_hd__clkbuf_16)
                                                         clknet_0_clk (net)
                      0.048030    0.002611   25.144688 ^ clkbuf_2_0__f_clk/A (sky130_fd_sc_hd__clkbuf_16)
    10    0.031349    0.039062    0.096428   25.241116 ^ clkbuf_2_0__f_clk/X (sky130_fd_sc_hd__clkbuf_16)
                                                         clknet_2_0__leaf_clk (net)
                      0.039102    0.001117   25.242231 ^ _166_/CLK (sky130_fd_sc_hd__dfrtp_1)
                                 -0.250000   24.992233   clock uncertainty
                                  0.000000   24.992233   clock reconvergence pessimism
                                  0.145706   25.137939   library recovery time
                                             25.137939   data required time
---------------------------------------------------------------------------------------------
                                             25.137939   data required time
                                             -5.446792   data arrival time
---------------------------------------------------------------------------------------------
                                             19.691147   slack (MET)


Startpoint: reset (input port clocked by clk)
Endpoint: _162_ (recovery check against rising-edge clock clk)
Path Group: asynchronous
Path Type: max

Fanout         Cap        Slew       Delay        Time   Description
---------------------------------------------------------------------------------------------
                                  0.000000    0.000000   clock clk (rise edge)
                                  0.000000    0.000000   clock network delay (propagated)
                                  5.000000    5.000000 v input external delay
     1    0.002824    0.004747    0.002339    5.002339 v reset (in)
                                                         reset (net)
                      0.004755    0.000000    5.002339 v input2/A (sky130_fd_sc_hd__buf_1)
     3    0.016857    0.069439    0.088394    5.090734 v input2/X (sky130_fd_sc_hd__buf_1)
                                                         net2 (net)
                      0.069478    0.001023    5.091756 v fanout35/A (sky130_fd_sc_hd__clkbuf_4)
     9    0.053255    0.081352    0.156184    5.247941 v fanout35/X (sky130_fd_sc_hd__clkbuf_4)
                                                         net35 (net)
                      0.081494    0.002512    5.250452 v fanout34/A (sky130_fd_sc_hd__buf_4)
    10    0.057071    0.063080    0.145647    5.396099 v fanout34/X (sky130_fd_sc_hd__buf_4)
                                                         net34 (net)
                      0.063848    0.005663    5.401763 v _126_/A (sky130_fd_sc_hd__inv_2)
     1    0.004311    0.026866    0.043076    5.444839 ^ _126_/Y (sky130_fd_sc_hd__inv_2)
                                                         _013_ (net)
                      0.026877    0.000236    5.445075 ^ _162_/RESET_B (sky130_fd_sc_hd__dfrtp_1)
                                              5.445075   data arrival time

                                 25.000000   25.000000   clock clk (rise edge)
                                  0.000000   25.000000   clock source latency
     1    0.014876    0.054748    0.037188   25.037188 ^ clk (in)
                                                         clk (net)
                      0.054762    0.000000   25.037188 ^ clkbuf_0_clk/A (sky130_fd_sc_hd__clkbuf_16)
     4    0.043756    0.047740    0.104889   25.142076 ^ clkbuf_0_clk/X (sky130_fd_sc_hd__clkbuf_16)
                                                         clknet_0_clk (net)
                      0.048030    0.002611   25.144688 ^ clkbuf_2_0__f_clk/A (sky130_fd_sc_hd__clkbuf_16)
    10    0.031349    0.039062    0.096428   25.241116 ^ clkbuf_2_0__f_clk/X (sky130_fd_sc_hd__clkbuf_16)
                                                         clknet_2_0__leaf_clk (net)
                      0.039226    0.002288   25.243402 ^ _162_/CLK (sky130_fd_sc_hd__dfrtp_1)
                                 -0.250000   24.993404   clock uncertainty
                                  0.000000   24.993404   clock reconvergence pessimism
                                  0.145665   25.139069   library recovery time
                                             25.139069   data required time
---------------------------------------------------------------------------------------------
                                             25.139069   data required time
                                             -5.445075   data arrival time
---------------------------------------------------------------------------------------------
                                             19.693993   slack (MET)


Startpoint: reset (input port clocked by clk)
Endpoint: _161_ (recovery check against rising-edge clock clk)
Path Group: asynchronous
Path Type: max

Fanout         Cap        Slew       Delay        Time   Description
---------------------------------------------------------------------------------------------
                                  0.000000    0.000000   clock clk (rise edge)
                                  0.000000    0.000000   clock network delay (propagated)
                                  5.000000    5.000000 v input external delay
     1    0.002824    0.004747    0.002339    5.002339 v reset (in)
                                                         reset (net)
                      0.004755    0.000000    5.002339 v input2/A (sky130_fd_sc_hd__buf_1)
     3    0.016857    0.069439    0.088394    5.090734 v input2/X (sky130_fd_sc_hd__buf_1)
                                                         net2 (net)
                      0.069478    0.001023    5.091756 v fanout35/A (sky130_fd_sc_hd__clkbuf_4)
     9    0.053255    0.081352    0.156184    5.247941 v fanout35/X (sky130_fd_sc_hd__clkbuf_4)
                                                         net35 (net)
                      0.081494    0.002512    5.250452 v fanout34/A (sky130_fd_sc_hd__buf_4)
    10    0.057071    0.063080    0.145647    5.396099 v fanout34/X (sky130_fd_sc_hd__buf_4)
                                                         net34 (net)
                      0.064053    0.006325    5.402424 v _125_/A (sky130_fd_sc_hd__inv_2)
     1    0.004110    0.026365    0.042489    5.444913 ^ _125_/Y (sky130_fd_sc_hd__inv_2)
                                                         _012_ (net)
                      0.026365    0.000103    5.445016 ^ _161_/RESET_B (sky130_fd_sc_hd__dfrtp_1)
                                              5.445016   data arrival time

                                 25.000000   25.000000   clock clk (rise edge)
                                  0.000000   25.000000   clock source latency
     1    0.014876    0.054748    0.037188   25.037188 ^ clk (in)
                                                         clk (net)
                      0.054762    0.000000   25.037188 ^ clkbuf_0_clk/A (sky130_fd_sc_hd__clkbuf_16)
     4    0.043756    0.047740    0.104889   25.142076 ^ clkbuf_0_clk/X (sky130_fd_sc_hd__clkbuf_16)
                                                         clknet_0_clk (net)
                      0.048030    0.002611   25.144688 ^ clkbuf_2_0__f_clk/A (sky130_fd_sc_hd__clkbuf_16)
    10    0.031349    0.039062    0.096428   25.241116 ^ clkbuf_2_0__f_clk/X (sky130_fd_sc_hd__clkbuf_16)
                                                         clknet_2_0__leaf_clk (net)
                      0.039229    0.002309   25.243423 ^ _161_/CLK (sky130_fd_sc_hd__dfrtp_1)
                                 -0.250000   24.993425   clock uncertainty
                                  0.000000   24.993425   clock reconvergence pessimism
                                  0.145761   25.139185   library recovery time
                                             25.139185   data required time
---------------------------------------------------------------------------------------------
                                             25.139185   data required time
                                             -5.445016   data arrival time
---------------------------------------------------------------------------------------------
                                             19.694170   slack (MET)


Startpoint: reset (input port clocked by clk)
Endpoint: _164_ (recovery check against rising-edge clock clk)
Path Group: asynchronous
Path Type: max

Fanout         Cap        Slew       Delay        Time   Description
---------------------------------------------------------------------------------------------
                                  0.000000    0.000000   clock clk (rise edge)
                                  0.000000    0.000000   clock network delay (propagated)
                                  5.000000    5.000000 v input external delay
     1    0.002824    0.004747    0.002339    5.002339 v reset (in)
                                                         reset (net)
                      0.004755    0.000000    5.002339 v input2/A (sky130_fd_sc_hd__buf_1)
     3    0.016857    0.069439    0.088394    5.090734 v input2/X (sky130_fd_sc_hd__buf_1)
                                                         net2 (net)
                      0.069478    0.001023    5.091756 v fanout35/A (sky130_fd_sc_hd__clkbuf_4)
     9    0.053255    0.081352    0.156184    5.247941 v fanout35/X (sky130_fd_sc_hd__clkbuf_4)
                                                         net35 (net)
                      0.081494    0.002512    5.250452 v fanout34/A (sky130_fd_sc_hd__buf_4)
    10    0.057071    0.063080    0.145647    5.396099 v fanout34/X (sky130_fd_sc_hd__buf_4)
                                                         net34 (net)
                      0.064404    0.007314    5.403413 v _128_/A (sky130_fd_sc_hd__inv_2)
     1    0.003808    0.025664    0.041474    5.444888 ^ _128_/Y (sky130_fd_sc_hd__inv_2)
                                                         _015_ (net)
                      0.025665    0.000201    5.445089 ^ _164_/RESET_B (sky130_fd_sc_hd__dfrtp_1)
                                              5.445089   data arrival time

                                 25.000000   25.000000   clock clk (rise edge)
                                  0.000000   25.000000   clock source latency
     1    0.014876    0.054748    0.037188   25.037188 ^ clk (in)
                                                         clk (net)
                      0.054762    0.000000   25.037188 ^ clkbuf_0_clk/A (sky130_fd_sc_hd__clkbuf_16)
     4    0.043756    0.047740    0.104889   25.142076 ^ clkbuf_0_clk/X (sky130_fd_sc_hd__clkbuf_16)
                                                         clknet_0_clk (net)
                      0.048030    0.002611   25.144688 ^ clkbuf_2_0__f_clk/A (sky130_fd_sc_hd__clkbuf_16)
    10    0.031349    0.039062    0.096428   25.241116 ^ clkbuf_2_0__f_clk/X (sky130_fd_sc_hd__clkbuf_16)
                                                         clknet_2_0__leaf_clk (net)
                      0.039262    0.002538   25.243652 ^ _164_/CLK (sky130_fd_sc_hd__dfrtp_1)
                                 -0.250000   24.993654   clock uncertainty
                                  0.000000   24.993654   clock reconvergence pessimism
                                  0.145896   25.139549   library recovery time
                                             25.139549   data required time
---------------------------------------------------------------------------------------------
                                             25.139549   data required time
                                             -5.445089   data arrival time
---------------------------------------------------------------------------------------------
                                             19.694462   slack (MET)


Startpoint: reset (input port clocked by clk)
Endpoint: _175_ (recovery check against rising-edge clock clk)
Path Group: asynchronous
Path Type: max

Fanout         Cap        Slew       Delay        Time   Description
---------------------------------------------------------------------------------------------
                                  0.000000    0.000000   clock clk (rise edge)
                                  0.000000    0.000000   clock network delay (propagated)
                                  5.000000    5.000000 v input external delay
     1    0.002824    0.004747    0.002339    5.002339 v reset (in)
                                                         reset (net)
                      0.004755    0.000000    5.002339 v input2/A (sky130_fd_sc_hd__buf_1)
     3    0.016857    0.069439    0.088394    5.090734 v input2/X (sky130_fd_sc_hd__buf_1)
                                                         net2 (net)
                      0.069478    0.001023    5.091756 v fanout35/A (sky130_fd_sc_hd__clkbuf_4)
     9    0.053255    0.081352    0.156184    5.247941 v fanout35/X (sky130_fd_sc_hd__clkbuf_4)
                                                         net35 (net)
                      0.081494    0.002512    5.250452 v fanout34/A (sky130_fd_sc_hd__buf_4)
    10    0.057071    0.063080    0.145647    5.396099 v fanout34/X (sky130_fd_sc_hd__buf_4)
                                                         net34 (net)
                      0.063314    0.003237    5.399336 v _139_/A (sky130_fd_sc_hd__inv_2)
     1    0.004034    0.026027    0.042013    5.441349 ^ _139_/Y (sky130_fd_sc_hd__inv_2)
                                                         _026_ (net)
                      0.026027    0.000102    5.441451 ^ _175_/RESET_B (sky130_fd_sc_hd__dfrtp_1)
                                              5.441451   data arrival time

                                 25.000000   25.000000   clock clk (rise edge)
                                  0.000000   25.000000   clock source latency
     1    0.014876    0.054748    0.037188   25.037188 ^ clk (in)
                                                         clk (net)
                      0.054762    0.000000   25.037188 ^ clkbuf_0_clk/A (sky130_fd_sc_hd__clkbuf_16)
     4    0.043756    0.047740    0.104889   25.142076 ^ clkbuf_0_clk/X (sky130_fd_sc_hd__clkbuf_16)
                                                         clknet_0_clk (net)
                      0.048030    0.002611   25.144688 ^ clkbuf_2_0__f_clk/A (sky130_fd_sc_hd__clkbuf_16)
    10    0.031349    0.039062    0.096428   25.241116 ^ clkbuf_2_0__f_clk/X (sky130_fd_sc_hd__clkbuf_16)
                                                         clknet_2_0__leaf_clk (net)
                      0.039136    0.001512   25.242626 ^ _175_/CLK (sky130_fd_sc_hd__dfrtp_1)
                                 -0.250000   24.992628   clock uncertainty
                                  0.000000   24.992628   clock reconvergence pessimism
                                  0.145810   25.138437   library recovery time
                                             25.138437   data required time
---------------------------------------------------------------------------------------------
                                             25.138437   data required time
                                             -5.441451   data arrival time
---------------------------------------------------------------------------------------------
                                             19.696987   slack (MET)


Startpoint: btn (input port clocked by clk)
Endpoint: _184_ (rising edge-triggered flip-flop clocked by clk)
Path Group: clk
Path Type: max

Fanout         Cap        Slew       Delay        Time   Description
---------------------------------------------------------------------------------------------
                                  0.000000    0.000000   clock clk (rise edge)
                                  0.000000    0.000000   clock network delay (propagated)
                                  5.000000    5.000000 ^ input external delay
     1    0.003254    0.015546    0.008476    5.008476 ^ btn (in)
                                                         btn (net)
                      0.015547    0.000000    5.008476 ^ input1/A (sky130_fd_sc_hd__buf_1)
     6    0.018137    0.161962    0.136915    5.145391 ^ input1/X (sky130_fd_sc_hd__buf_1)
                                                         net1 (net)
                      0.161982    0.001491    5.146882 ^ _184_/D (sky130_fd_sc_hd__dfrtp_1)
                                              5.146882   data arrival time

                                 25.000000   25.000000   clock clk (rise edge)
                                  0.000000   25.000000   clock source latency
     1    0.014876    0.054748    0.037188   25.037188 ^ clk (in)
                                                         clk (net)
                      0.054762    0.000000   25.037188 ^ clkbuf_0_clk/A (sky130_fd_sc_hd__clkbuf_16)
     4    0.043756    0.047740    0.104889   25.142076 ^ clkbuf_0_clk/X (sky130_fd_sc_hd__clkbuf_16)
                                                         clknet_0_clk (net)
                      0.048053    0.002744   25.144821 ^ clkbuf_2_1__f_clk/A (sky130_fd_sc_hd__clkbuf_16)
    10    0.030829    0.038507    0.095923   25.240744 ^ clkbuf_2_1__f_clk/X (sky130_fd_sc_hd__clkbuf_16)
                                                         clknet_2_1__leaf_clk (net)
                      0.038996    0.002654   25.243397 ^ _184_/CLK (sky130_fd_sc_hd__dfrtp_1)
                                 -0.250000   24.993399   clock uncertainty
                                  0.000000   24.993399   clock reconvergence pessimism
                                 -0.045916   24.947483   library setup time
                                             24.947483   data required time
---------------------------------------------------------------------------------------------
                                             24.947483   data required time
                                             -5.146882   data arrival time
---------------------------------------------------------------------------------------------
                                             19.800600   slack (MET)


Startpoint: reset (input port clocked by clk)
Endpoint: _159_ (recovery check against rising-edge clock clk)
Path Group: asynchronous
Path Type: max

Fanout         Cap        Slew       Delay        Time   Description
---------------------------------------------------------------------------------------------
                                  0.000000    0.000000   clock clk (rise edge)
                                  0.000000    0.000000   clock network delay (propagated)
                                  5.000000    5.000000 v input external delay
     1    0.002824    0.004747    0.002339    5.002339 v reset (in)
                                                         reset (net)
                      0.004755    0.000000    5.002339 v input2/A (sky130_fd_sc_hd__buf_1)
     3    0.016857    0.069439    0.088394    5.090734 v input2/X (sky130_fd_sc_hd__buf_1)
                                                         net2 (net)
                      0.069478    0.001023    5.091756 v fanout35/A (sky130_fd_sc_hd__clkbuf_4)
     9    0.053255    0.081352    0.156184    5.247941 v fanout35/X (sky130_fd_sc_hd__clkbuf_4)
                                                         net35 (net)
                      0.081872    0.005166    5.253106 v _123_/A (sky130_fd_sc_hd__inv_2)
     1    0.005580    0.033926    0.052293    5.305399 ^ _123_/Y (sky130_fd_sc_hd__inv_2)
                                                         _010_ (net)
                      0.033927    0.000332    5.305731 ^ _159_/RESET_B (sky130_fd_sc_hd__dfrtp_1)
                                              5.305731   data arrival time

                                 25.000000   25.000000   clock clk (rise edge)
                                  0.000000   25.000000   clock source latency
     1    0.014876    0.054748    0.037188   25.037188 ^ clk (in)
                                                         clk (net)
                      0.054762    0.000000   25.037188 ^ clkbuf_0_clk/A (sky130_fd_sc_hd__clkbuf_16)
     4    0.043756    0.047740    0.104889   25.142076 ^ clkbuf_0_clk/X (sky130_fd_sc_hd__clkbuf_16)
                                                         clknet_0_clk (net)
                      0.048028    0.002601   25.144676 ^ clkbuf_2_2__f_clk/A (sky130_fd_sc_hd__clkbuf_16)
     8    0.026435    0.035708    0.093271   25.237947 ^ clkbuf_2_2__f_clk/X (sky130_fd_sc_hd__clkbuf_16)
                                                         clknet_2_2__leaf_clk (net)
                      0.035827    0.001716   25.239664 ^ _159_/CLK (sky130_fd_sc_hd__dfrtp_1)
                                 -0.250000   24.989664   clock uncertainty
                                  0.000000   24.989664   clock reconvergence pessimism
                                  0.143840   25.133505   library recovery time
                                             25.133505   data required time
---------------------------------------------------------------------------------------------
                                             25.133505   data required time
                                             -5.305731   data arrival time
---------------------------------------------------------------------------------------------
                                             19.827774   slack (MET)


Startpoint: reset (input port clocked by clk)
Endpoint: _181_ (recovery check against rising-edge clock clk)
Path Group: asynchronous
Path Type: max

Fanout         Cap        Slew       Delay        Time   Description
---------------------------------------------------------------------------------------------
                                  0.000000    0.000000   clock clk (rise edge)
                                  0.000000    0.000000   clock network delay (propagated)
                                  5.000000    5.000000 v input external delay
     1    0.002824    0.004747    0.002339    5.002339 v reset (in)
                                                         reset (net)
                      0.004755    0.000000    5.002339 v input2/A (sky130_fd_sc_hd__buf_1)
     3    0.016857    0.069439    0.088394    5.090734 v input2/X (sky130_fd_sc_hd__buf_1)
                                                         net2 (net)
                      0.069478    0.001023    5.091756 v fanout35/A (sky130_fd_sc_hd__clkbuf_4)
     9    0.053255    0.081352    0.156184    5.247941 v fanout35/X (sky130_fd_sc_hd__clkbuf_4)
                                                         net35 (net)
                      0.081483    0.002383    5.250323 v _145_/A (sky130_fd_sc_hd__inv_2)
     1    0.003964    0.029218    0.046803    5.297126 ^ _145_/Y (sky130_fd_sc_hd__inv_2)
                                                         _032_ (net)
                      0.029219    0.000208    5.297334 ^ _181_/RESET_B (sky130_fd_sc_hd__dfrtp_4)
                                              5.297334   data arrival time

                                 25.000000   25.000000   clock clk (rise edge)
                                  0.000000   25.000000   clock source latency
     1    0.014876    0.054748    0.037188   25.037188 ^ clk (in)
                                                         clk (net)
                      0.054762    0.000000   25.037188 ^ clkbuf_0_clk/A (sky130_fd_sc_hd__clkbuf_16)
     4    0.043756    0.047740    0.104889   25.142076 ^ clkbuf_0_clk/X (sky130_fd_sc_hd__clkbuf_16)
                                                         clknet_0_clk (net)
                      0.048030    0.002611   25.144688 ^ clkbuf_2_0__f_clk/A (sky130_fd_sc_hd__clkbuf_16)
    10    0.031349    0.039062    0.096428   25.241116 ^ clkbuf_2_0__f_clk/X (sky130_fd_sc_hd__clkbuf_16)
                                                         clknet_2_0__leaf_clk (net)
                      0.039097    0.001060   25.242176 ^ _181_/CLK (sky130_fd_sc_hd__dfrtp_4)
                                 -0.250000   24.992176   clock uncertainty
                                  0.000000   24.992176   clock reconvergence pessimism
                                  0.133031   25.125208   library recovery time
                                             25.125208   data required time
---------------------------------------------------------------------------------------------
                                             25.125208   data required time
                                             -5.297334   data arrival time
---------------------------------------------------------------------------------------------
                                             19.827873   slack (MET)


Startpoint: reset (input port clocked by clk)
Endpoint: _158_ (recovery check against rising-edge clock clk)
Path Group: asynchronous
Path Type: max

Fanout         Cap        Slew       Delay        Time   Description
---------------------------------------------------------------------------------------------
                                  0.000000    0.000000   clock clk (rise edge)
                                  0.000000    0.000000   clock network delay (propagated)
                                  5.000000    5.000000 v input external delay
     1    0.002824    0.004747    0.002339    5.002339 v reset (in)
                                                         reset (net)
                      0.004755    0.000000    5.002339 v input2/A (sky130_fd_sc_hd__buf_1)
     3    0.016857    0.069439    0.088394    5.090734 v input2/X (sky130_fd_sc_hd__buf_1)
                                                         net2 (net)
                      0.069478    0.001023    5.091756 v fanout35/A (sky130_fd_sc_hd__clkbuf_4)
     9    0.053255    0.081352    0.156184    5.247941 v fanout35/X (sky130_fd_sc_hd__clkbuf_4)
                                                         net35 (net)
                      0.081936    0.005477    5.253418 v _122_/A (sky130_fd_sc_hd__inv_2)
     1    0.004922    0.032299    0.050547    5.303965 ^ _122_/Y (sky130_fd_sc_hd__inv_2)
                                                         _009_ (net)
                      0.032299    0.000273    5.304237 ^ _158_/RESET_B (sky130_fd_sc_hd__dfrtp_1)
                                              5.304237   data arrival time

                                 25.000000   25.000000   clock clk (rise edge)
                                  0.000000   25.000000   clock source latency
     1    0.014876    0.054748    0.037188   25.037188 ^ clk (in)
                                                         clk (net)
                      0.054762    0.000000   25.037188 ^ clkbuf_0_clk/A (sky130_fd_sc_hd__clkbuf_16)
     4    0.043756    0.047740    0.104889   25.142076 ^ clkbuf_0_clk/X (sky130_fd_sc_hd__clkbuf_16)
                                                         clknet_0_clk (net)
                      0.048028    0.002601   25.144676 ^ clkbuf_2_2__f_clk/A (sky130_fd_sc_hd__clkbuf_16)
     8    0.026435    0.035708    0.093271   25.237947 ^ clkbuf_2_2__f_clk/X (sky130_fd_sc_hd__clkbuf_16)
                                                         clknet_2_2__leaf_clk (net)
                      0.035827    0.001721   25.239670 ^ _158_/CLK (sky130_fd_sc_hd__dfrtp_1)
                                 -0.250000   24.989670   clock uncertainty
                                  0.000000   24.989670   clock reconvergence pessimism
                                  0.144145   25.133814   library recovery time
                                             25.133814   data required time
---------------------------------------------------------------------------------------------
                                             25.133814   data required time
                                             -5.304237   data arrival time
---------------------------------------------------------------------------------------------
                                             19.829576   slack (MET)


Startpoint: reset (input port clocked by clk)
Endpoint: _177_ (recovery check against rising-edge clock clk)
Path Group: asynchronous
Path Type: max

Fanout         Cap        Slew       Delay        Time   Description
---------------------------------------------------------------------------------------------
                                  0.000000    0.000000   clock clk (rise edge)
                                  0.000000    0.000000   clock network delay (propagated)
                                  5.000000    5.000000 v input external delay
     1    0.002824    0.004747    0.002339    5.002339 v reset (in)
                                                         reset (net)
                      0.004755    0.000000    5.002339 v input2/A (sky130_fd_sc_hd__buf_1)
     3    0.016857    0.069439    0.088394    5.090734 v input2/X (sky130_fd_sc_hd__buf_1)
                                                         net2 (net)
                      0.069482    0.001108    5.091842 v fanout37/A (sky130_fd_sc_hd__clkbuf_4)
     8    0.048668    0.074347    0.153506    5.245347 v fanout37/X (sky130_fd_sc_hd__clkbuf_4)
                                                         net37 (net)
                      0.074416    0.002023    5.247371 v _141_/A (sky130_fd_sc_hd__inv_2)
     1    0.005025    0.031022    0.048554    5.295924 ^ _141_/Y (sky130_fd_sc_hd__inv_2)
                                                         _028_ (net)
                      0.031022    0.000274    5.296198 ^ _177_/RESET_B (sky130_fd_sc_hd__dfrtp_4)
                                              5.296198   data arrival time

                                 25.000000   25.000000   clock clk (rise edge)
                                  0.000000   25.000000   clock source latency
     1    0.014876    0.054748    0.037188   25.037188 ^ clk (in)
                                                         clk (net)
                      0.054762    0.000000   25.037188 ^ clkbuf_0_clk/A (sky130_fd_sc_hd__clkbuf_16)
     4    0.043756    0.047740    0.104889   25.142076 ^ clkbuf_0_clk/X (sky130_fd_sc_hd__clkbuf_16)
                                                         clknet_0_clk (net)
                      0.048025    0.002585   25.144661 ^ clkbuf_2_3__f_clk/A (sky130_fd_sc_hd__clkbuf_16)
    11    0.033260    0.040327    0.097563   25.242224 ^ clkbuf_2_3__f_clk/X (sky130_fd_sc_hd__clkbuf_16)
                                                         clknet_2_3__leaf_clk (net)
                      0.040515    0.002029   25.244251 ^ _177_/CLK (sky130_fd_sc_hd__dfrtp_4)
                                 -0.250000   24.994253   clock uncertainty
                                  0.000000   24.994253   clock reconvergence pessimism
                                  0.132676   25.126928   library recovery time
                                             25.126928   data required time
---------------------------------------------------------------------------------------------
                                             25.126928   data required time
                                             -5.296198   data arrival time
---------------------------------------------------------------------------------------------
                                             19.830732   slack (MET)


Startpoint: reset (input port clocked by clk)
Endpoint: _155_ (recovery check against rising-edge clock clk)
Path Group: asynchronous
Path Type: max

Fanout         Cap        Slew       Delay        Time   Description
---------------------------------------------------------------------------------------------
                                  0.000000    0.000000   clock clk (rise edge)
                                  0.000000    0.000000   clock network delay (propagated)
                                  5.000000    5.000000 v input external delay
     1    0.002824    0.004747    0.002339    5.002339 v reset (in)
                                                         reset (net)
                      0.004755    0.000000    5.002339 v input2/A (sky130_fd_sc_hd__buf_1)
     3    0.016857    0.069439    0.088394    5.090734 v input2/X (sky130_fd_sc_hd__buf_1)
                                                         net2 (net)
                      0.069478    0.001023    5.091756 v fanout35/A (sky130_fd_sc_hd__clkbuf_4)
     9    0.053255    0.081352    0.156184    5.247941 v fanout35/X (sky130_fd_sc_hd__clkbuf_4)
                                                         net35 (net)
                      0.081890    0.005254    5.253194 v _119_/A (sky130_fd_sc_hd__inv_2)
     1    0.004421    0.030724    0.048710    5.301904 ^ _119_/Y (sky130_fd_sc_hd__inv_2)
                                                         _006_ (net)
                      0.030724    0.000246    5.302150 ^ _155_/RESET_B (sky130_fd_sc_hd__dfrtp_1)
                                              5.302150   data arrival time

                                 25.000000   25.000000   clock clk (rise edge)
                                  0.000000   25.000000   clock source latency
     1    0.014876    0.054748    0.037188   25.037188 ^ clk (in)
                                                         clk (net)
                      0.054762    0.000000   25.037188 ^ clkbuf_0_clk/A (sky130_fd_sc_hd__clkbuf_16)
     4    0.043756    0.047740    0.104889   25.142076 ^ clkbuf_0_clk/X (sky130_fd_sc_hd__clkbuf_16)
                                                         clknet_0_clk (net)
                      0.048028    0.002601   25.144676 ^ clkbuf_2_2__f_clk/A (sky130_fd_sc_hd__clkbuf_16)
     8    0.026435    0.035708    0.093271   25.237947 ^ clkbuf_2_2__f_clk/X (sky130_fd_sc_hd__clkbuf_16)
                                                         clknet_2_2__leaf_clk (net)
                      0.035789    0.001435   25.239384 ^ _155_/CLK (sky130_fd_sc_hd__dfrtp_1)
                                 -0.250000   24.989384   clock uncertainty
                                  0.000000   24.989384   clock reconvergence pessimism
                                  0.144433   25.133818   library recovery time
                                             25.133818   data required time
---------------------------------------------------------------------------------------------
                                             25.133818   data required time
                                             -5.302150   data arrival time
---------------------------------------------------------------------------------------------
                                             19.831667   slack (MET)


Startpoint: reset (input port clocked by clk)
Endpoint: _174_ (recovery check against rising-edge clock clk)
Path Group: asynchronous
Path Type: max

Fanout         Cap        Slew       Delay        Time   Description
---------------------------------------------------------------------------------------------
                                  0.000000    0.000000   clock clk (rise edge)
                                  0.000000    0.000000   clock network delay (propagated)
                                  5.000000    5.000000 v input external delay
     1    0.002824    0.004747    0.002339    5.002339 v reset (in)
                                                         reset (net)
                      0.004755    0.000000    5.002339 v input2/A (sky130_fd_sc_hd__buf_1)
     3    0.016857    0.069439    0.088394    5.090734 v input2/X (sky130_fd_sc_hd__buf_1)
                                                         net2 (net)
                      0.069478    0.001023    5.091756 v fanout35/A (sky130_fd_sc_hd__clkbuf_4)
     9    0.053255    0.081352    0.156184    5.247941 v fanout35/X (sky130_fd_sc_hd__clkbuf_4)
                                                         net35 (net)
                      0.081813    0.004855    5.252795 v _138_/A (sky130_fd_sc_hd__inv_2)
     1    0.004192    0.029967    0.047788    5.300583 ^ _138_/Y (sky130_fd_sc_hd__inv_2)
                                                         _025_ (net)
                      0.029969    0.000226    5.300809 ^ _174_/RESET_B (sky130_fd_sc_hd__dfrtp_1)
                                              5.300809   data arrival time

                                 25.000000   25.000000   clock clk (rise edge)
                                  0.000000   25.000000   clock source latency
     1    0.014876    0.054748    0.037188   25.037188 ^ clk (in)
                                                         clk (net)
                      0.054762    0.000000   25.037188 ^ clkbuf_0_clk/A (sky130_fd_sc_hd__clkbuf_16)
     4    0.043756    0.047740    0.104889   25.142076 ^ clkbuf_0_clk/X (sky130_fd_sc_hd__clkbuf_16)
                                                         clknet_0_clk (net)
                      0.048028    0.002601   25.144676 ^ clkbuf_2_2__f_clk/A (sky130_fd_sc_hd__clkbuf_16)
     8    0.026435    0.035708    0.093271   25.237947 ^ clkbuf_2_2__f_clk/X (sky130_fd_sc_hd__clkbuf_16)
                                                         clknet_2_2__leaf_clk (net)
                      0.035758    0.001160   25.239107 ^ _174_/CLK (sky130_fd_sc_hd__dfrtp_1)
                                 -0.250000   24.989109   clock uncertainty
                                  0.000000   24.989109   clock reconvergence pessimism
                                  0.144570   25.133678   library recovery time
                                             25.133678   data required time
---------------------------------------------------------------------------------------------
                                             25.133678   data required time
                                             -5.300809   data arrival time
---------------------------------------------------------------------------------------------
                                             19.832870   slack (MET)


Startpoint: reset (input port clocked by clk)
Endpoint: _160_ (recovery check against rising-edge clock clk)
Path Group: asynchronous
Path Type: max

Fanout         Cap        Slew       Delay        Time   Description
---------------------------------------------------------------------------------------------
                                  0.000000    0.000000   clock clk (rise edge)
                                  0.000000    0.000000   clock network delay (propagated)
                                  5.000000    5.000000 v input external delay
     1    0.002824    0.004747    0.002339    5.002339 v reset (in)
                                                         reset (net)
                      0.004755    0.000000    5.002339 v input2/A (sky130_fd_sc_hd__buf_1)
     3    0.016857    0.069439    0.088394    5.090734 v input2/X (sky130_fd_sc_hd__buf_1)
                                                         net2 (net)
                      0.069478    0.001023    5.091756 v fanout35/A (sky130_fd_sc_hd__clkbuf_4)
     9    0.053255    0.081352    0.156184    5.247941 v fanout35/X (sky130_fd_sc_hd__clkbuf_4)
                                                         net35 (net)
                      0.081697    0.004178    5.252119 v _124_/A (sky130_fd_sc_hd__inv_2)
     1    0.004315    0.030334    0.048300    5.300418 ^ _124_/Y (sky130_fd_sc_hd__inv_2)
                                                         _011_ (net)
                      0.030335    0.000110    5.300528 ^ _160_/RESET_B (sky130_fd_sc_hd__dfrtp_1)
                                              5.300528   data arrival time

                                 25.000000   25.000000   clock clk (rise edge)
                                  0.000000   25.000000   clock source latency
     1    0.014876    0.054748    0.037188   25.037188 ^ clk (in)
                                                         clk (net)
                      0.054762    0.000000   25.037188 ^ clkbuf_0_clk/A (sky130_fd_sc_hd__clkbuf_16)
     4    0.043756    0.047740    0.104889   25.142076 ^ clkbuf_0_clk/X (sky130_fd_sc_hd__clkbuf_16)
                                                         clknet_0_clk (net)
                      0.048028    0.002601   25.144676 ^ clkbuf_2_2__f_clk/A (sky130_fd_sc_hd__clkbuf_16)
     8    0.026435    0.035708    0.093271   25.237947 ^ clkbuf_2_2__f_clk/X (sky130_fd_sc_hd__clkbuf_16)
                                                         clknet_2_2__leaf_clk (net)
                      0.035767    0.001240   25.239187 ^ _160_/CLK (sky130_fd_sc_hd__dfrtp_1)
                                 -0.250000   24.989189   clock uncertainty
                                  0.000000   24.989189   clock reconvergence pessimism
                                  0.144503   25.133692   library recovery time
                                             25.133692   data required time
---------------------------------------------------------------------------------------------
                                             25.133692   data required time
                                             -5.300528   data arrival time
---------------------------------------------------------------------------------------------
                                             19.833162   slack (MET)


Startpoint: reset (input port clocked by clk)
Endpoint: _156_ (recovery check against rising-edge clock clk)
Path Group: asynchronous
Path Type: max

Fanout         Cap        Slew       Delay        Time   Description
---------------------------------------------------------------------------------------------
                                  0.000000    0.000000   clock clk (rise edge)
                                  0.000000    0.000000   clock network delay (propagated)
                                  5.000000    5.000000 v input external delay
     1    0.002824    0.004747    0.002339    5.002339 v reset (in)
                                                         reset (net)
                      0.004755    0.000000    5.002339 v input2/A (sky130_fd_sc_hd__buf_1)
     3    0.016857    0.069439    0.088394    5.090734 v input2/X (sky130_fd_sc_hd__buf_1)
                                                         net2 (net)
                      0.069478    0.001023    5.091756 v fanout35/A (sky130_fd_sc_hd__clkbuf_4)
     9    0.053255    0.081352    0.156184    5.247941 v fanout35/X (sky130_fd_sc_hd__clkbuf_4)
                                                         net35 (net)
                      0.081847    0.005040    5.252980 v _120_/A (sky130_fd_sc_hd__inv_2)
     1    0.003985    0.029335    0.047041    5.300021 ^ _120_/Y (sky130_fd_sc_hd__inv_2)
                                                         _007_ (net)
                      0.029335    0.000097    5.300118 ^ _156_/RESET_B (sky130_fd_sc_hd__dfrtp_1)
                                              5.300118   data arrival time

                                 25.000000   25.000000   clock clk (rise edge)
                                  0.000000   25.000000   clock source latency
     1    0.014876    0.054748    0.037188   25.037188 ^ clk (in)
                                                         clk (net)
                      0.054762    0.000000   25.037188 ^ clkbuf_0_clk/A (sky130_fd_sc_hd__clkbuf_16)
     4    0.043756    0.047740    0.104889   25.142076 ^ clkbuf_0_clk/X (sky130_fd_sc_hd__clkbuf_16)
                                                         clknet_0_clk (net)
                      0.048028    0.002601   25.144676 ^ clkbuf_2_2__f_clk/A (sky130_fd_sc_hd__clkbuf_16)
     8    0.026435    0.035708    0.093271   25.237947 ^ clkbuf_2_2__f_clk/X (sky130_fd_sc_hd__clkbuf_16)
                                                         clknet_2_2__leaf_clk (net)
                      0.035777    0.001336   25.239283 ^ _156_/CLK (sky130_fd_sc_hd__dfrtp_1)
                                 -0.250000   24.989285   clock uncertainty
                                  0.000000   24.989285   clock reconvergence pessimism
                                  0.144691   25.133976   library recovery time
                                             25.133976   data required time
---------------------------------------------------------------------------------------------
                                             25.133976   data required time
                                             -5.300118   data arrival time
---------------------------------------------------------------------------------------------
                                             19.833858   slack (MET)


Startpoint: reset (input port clocked by clk)
Endpoint: _157_ (recovery check against rising-edge clock clk)
Path Group: asynchronous
Path Type: max

Fanout         Cap        Slew       Delay        Time   Description
---------------------------------------------------------------------------------------------
                                  0.000000    0.000000   clock clk (rise edge)
                                  0.000000    0.000000   clock network delay (propagated)
                                  5.000000    5.000000 v input external delay
     1    0.002824    0.004747    0.002339    5.002339 v reset (in)
                                                         reset (net)
                      0.004755    0.000000    5.002339 v input2/A (sky130_fd_sc_hd__buf_1)
     3    0.016857    0.069439    0.088394    5.090734 v input2/X (sky130_fd_sc_hd__buf_1)
                                                         net2 (net)
                      0.069478    0.001023    5.091756 v fanout35/A (sky130_fd_sc_hd__clkbuf_4)
     9    0.053255    0.081352    0.156184    5.247941 v fanout35/X (sky130_fd_sc_hd__clkbuf_4)
                                                         net35 (net)
                      0.081903    0.005318    5.253258 v _121_/A (sky130_fd_sc_hd__inv_2)
     1    0.003961    0.029289    0.046909    5.300168 ^ _121_/Y (sky130_fd_sc_hd__inv_2)
                                                         _008_ (net)
                      0.029290    0.000210    5.300378 ^ _157_/RESET_B (sky130_fd_sc_hd__dfrtp_1)
                                              5.300378   data arrival time

                                 25.000000   25.000000   clock clk (rise edge)
                                  0.000000   25.000000   clock source latency
     1    0.014876    0.054748    0.037188   25.037188 ^ clk (in)
                                                         clk (net)
                      0.054762    0.000000   25.037188 ^ clkbuf_0_clk/A (sky130_fd_sc_hd__clkbuf_16)
     4    0.043756    0.047740    0.104889   25.142076 ^ clkbuf_0_clk/X (sky130_fd_sc_hd__clkbuf_16)
                                                         clknet_0_clk (net)
                      0.048028    0.002601   25.144676 ^ clkbuf_2_2__f_clk/A (sky130_fd_sc_hd__clkbuf_16)
     8    0.026435    0.035708    0.093271   25.237947 ^ clkbuf_2_2__f_clk/X (sky130_fd_sc_hd__clkbuf_16)
                                                         clknet_2_2__leaf_clk (net)
                      0.035820    0.001668   25.239616 ^ _157_/CLK (sky130_fd_sc_hd__dfrtp_1)
                                 -0.250000   24.989616   clock uncertainty
                                  0.000000   24.989616   clock reconvergence pessimism
                                  0.144706   25.134321   library recovery time
                                             25.134321   data required time
---------------------------------------------------------------------------------------------
                                             25.134321   data required time
                                             -5.300378   data arrival time
---------------------------------------------------------------------------------------------
                                             19.833944   slack (MET)


Startpoint: reset (input port clocked by clk)
Endpoint: _178_ (recovery check against rising-edge clock clk)
Path Group: asynchronous
Path Type: max

Fanout         Cap        Slew       Delay        Time   Description
---------------------------------------------------------------------------------------------
                                  0.000000    0.000000   clock clk (rise edge)
                                  0.000000    0.000000   clock network delay (propagated)
                                  5.000000    5.000000 v input external delay
     1    0.002824    0.004747    0.002339    5.002339 v reset (in)
                                                         reset (net)
                      0.004755    0.000000    5.002339 v input2/A (sky130_fd_sc_hd__buf_1)
     3    0.016857    0.069439    0.088394    5.090734 v input2/X (sky130_fd_sc_hd__buf_1)
                                                         net2 (net)
                      0.069482    0.001108    5.091842 v fanout37/A (sky130_fd_sc_hd__clkbuf_4)
     8    0.048668    0.074347    0.153506    5.245347 v fanout37/X (sky130_fd_sc_hd__clkbuf_4)
                                                         net37 (net)
                      0.074417    0.002036    5.247383 v _142_/A (sky130_fd_sc_hd__inv_2)
     1    0.004125    0.028370    0.045430    5.292813 ^ _142_/Y (sky130_fd_sc_hd__inv_2)
                                                         _029_ (net)
                      0.028371    0.000219    5.293032 ^ _178_/RESET_B (sky130_fd_sc_hd__dfrtp_4)
                                              5.293032   data arrival time

                                 25.000000   25.000000   clock clk (rise edge)
                                  0.000000   25.000000   clock source latency
     1    0.014876    0.054748    0.037188   25.037188 ^ clk (in)
                                                         clk (net)
                      0.054762    0.000000   25.037188 ^ clkbuf_0_clk/A (sky130_fd_sc_hd__clkbuf_16)
     4    0.043756    0.047740    0.104889   25.142076 ^ clkbuf_0_clk/X (sky130_fd_sc_hd__clkbuf_16)
                                                         clknet_0_clk (net)
                      0.048025    0.002585   25.144661 ^ clkbuf_2_3__f_clk/A (sky130_fd_sc_hd__clkbuf_16)
    11    0.033260    0.040327    0.097563   25.242224 ^ clkbuf_2_3__f_clk/X (sky130_fd_sc_hd__clkbuf_16)
                                                         clknet_2_3__leaf_clk (net)
                      0.040474    0.001709   25.243933 ^ _178_/CLK (sky130_fd_sc_hd__dfrtp_4)
                                 -0.250000   24.993933   clock uncertainty
                                  0.000000   24.993933   clock reconvergence pessimism
                                  0.133508   25.127439   library recovery time
                                             25.127439   data required time
---------------------------------------------------------------------------------------------
                                             25.127439   data required time
                                             -5.293032   data arrival time
---------------------------------------------------------------------------------------------
                                             19.834408   slack (MET)


Startpoint: reset (input port clocked by clk)
Endpoint: _172_ (recovery check against rising-edge clock clk)
Path Group: asynchronous
Path Type: max

Fanout         Cap        Slew       Delay        Time   Description
---------------------------------------------------------------------------------------------
                                  0.000000    0.000000   clock clk (rise edge)
                                  0.000000    0.000000   clock network delay (propagated)
                                  5.000000    5.000000 v input external delay
     1    0.002824    0.004747    0.002339    5.002339 v reset (in)
                                                         reset (net)
                      0.004755    0.000000    5.002339 v input2/A (sky130_fd_sc_hd__buf_1)
     3    0.016857    0.069439    0.088394    5.090734 v input2/X (sky130_fd_sc_hd__buf_1)
                                                         net2 (net)
                      0.069482    0.001108    5.091842 v fanout37/A (sky130_fd_sc_hd__clkbuf_4)
     8    0.048668    0.074347    0.153506    5.245347 v fanout37/X (sky130_fd_sc_hd__clkbuf_4)
                                                         net37 (net)
                      0.074403    0.001838    5.247185 v _136_/A (sky130_fd_sc_hd__inv_2)
     1    0.005512    0.032256    0.049819    5.297004 ^ _136_/Y (sky130_fd_sc_hd__inv_2)
                                                         _023_ (net)
                      0.032257    0.000303    5.297307 ^ _172_/RESET_B (sky130_fd_sc_hd__dfrtp_1)
                                              5.297307   data arrival time

                                 25.000000   25.000000   clock clk (rise edge)
                                  0.000000   25.000000   clock source latency
     1    0.014876    0.054748    0.037188   25.037188 ^ clk (in)
                                                         clk (net)
                      0.054762    0.000000   25.037188 ^ clkbuf_0_clk/A (sky130_fd_sc_hd__clkbuf_16)
     4    0.043756    0.047740    0.104889   25.142076 ^ clkbuf_0_clk/X (sky130_fd_sc_hd__clkbuf_16)
                                                         clknet_0_clk (net)
                      0.048025    0.002585   25.144661 ^ clkbuf_2_3__f_clk/A (sky130_fd_sc_hd__clkbuf_16)
    11    0.033260    0.040327    0.097563   25.242224 ^ clkbuf_2_3__f_clk/X (sky130_fd_sc_hd__clkbuf_16)
                                                         clknet_2_3__leaf_clk (net)
                      0.040556    0.002322   25.244545 ^ _172_/CLK (sky130_fd_sc_hd__dfrtp_1)
                                 -0.250000   24.994545   clock uncertainty
                                  0.000000   24.994545   clock reconvergence pessimism
                                  0.144858   25.139404   library recovery time
                                             25.139404   data required time
---------------------------------------------------------------------------------------------
                                             25.139404   data required time
                                             -5.297307   data arrival time
---------------------------------------------------------------------------------------------
                                             19.842096   slack (MET)


Startpoint: reset (input port clocked by clk)
Endpoint: _183_ (recovery check against rising-edge clock clk)
Path Group: asynchronous
Path Type: max

Fanout         Cap        Slew       Delay        Time   Description
---------------------------------------------------------------------------------------------
                                  0.000000    0.000000   clock clk (rise edge)
                                  0.000000    0.000000   clock network delay (propagated)
                                  5.000000    5.000000 v input external delay
     1    0.002824    0.004747    0.002339    5.002339 v reset (in)
                                                         reset (net)
                      0.004755    0.000000    5.002339 v input2/A (sky130_fd_sc_hd__buf_1)
     3    0.016857    0.069439    0.088394    5.090734 v input2/X (sky130_fd_sc_hd__buf_1)
                                                         net2 (net)
                      0.069482    0.001108    5.091842 v fanout37/A (sky130_fd_sc_hd__clkbuf_4)
     8    0.048668    0.074347    0.153506    5.245347 v fanout37/X (sky130_fd_sc_hd__clkbuf_4)
                                                         net37 (net)
                      0.074403    0.001837    5.247185 v _147_/A (sky130_fd_sc_hd__inv_2)
     1    0.004802    0.030451    0.047969    5.295153 ^ _147_/Y (sky130_fd_sc_hd__inv_2)
                                                         _034_ (net)
                      0.030452    0.000259    5.295413 ^ _183_/RESET_B (sky130_fd_sc_hd__dfrtp_1)
                                              5.295413   data arrival time

                                 25.000000   25.000000   clock clk (rise edge)
                                  0.000000   25.000000   clock source latency
     1    0.014876    0.054748    0.037188   25.037188 ^ clk (in)
                                                         clk (net)
                      0.054762    0.000000   25.037188 ^ clkbuf_0_clk/A (sky130_fd_sc_hd__clkbuf_16)
     4    0.043756    0.047740    0.104889   25.142076 ^ clkbuf_0_clk/X (sky130_fd_sc_hd__clkbuf_16)
                                                         clknet_0_clk (net)
                      0.048025    0.002585   25.144661 ^ clkbuf_2_3__f_clk/A (sky130_fd_sc_hd__clkbuf_16)
    11    0.033260    0.040327    0.097563   25.242224 ^ clkbuf_2_3__f_clk/X (sky130_fd_sc_hd__clkbuf_16)
                                                         clknet_2_3__leaf_clk (net)
                      0.040537    0.002187   25.244410 ^ _183_/CLK (sky130_fd_sc_hd__dfrtp_1)
                                 -0.250000   24.994411   clock uncertainty
                                  0.000000   24.994411   clock reconvergence pessimism
                                  0.145192   25.139603   library recovery time
                                             25.139603   data required time
---------------------------------------------------------------------------------------------
                                             25.139603   data required time
                                             -5.295413   data arrival time
---------------------------------------------------------------------------------------------
                                             19.844191   slack (MET)


Startpoint: reset (input port clocked by clk)
Endpoint: _170_ (recovery check against rising-edge clock clk)
Path Group: asynchronous
Path Type: max

Fanout         Cap        Slew       Delay        Time   Description
---------------------------------------------------------------------------------------------
                                  0.000000    0.000000   clock clk (rise edge)
                                  0.000000    0.000000   clock network delay (propagated)
                                  5.000000    5.000000 v input external delay
     1    0.002824    0.004747    0.002339    5.002339 v reset (in)
                                                         reset (net)
                      0.004755    0.000000    5.002339 v input2/A (sky130_fd_sc_hd__buf_1)
     3    0.016857    0.069439    0.088394    5.090734 v input2/X (sky130_fd_sc_hd__buf_1)
                                                         net2 (net)
                      0.069482    0.001108    5.091842 v fanout37/A (sky130_fd_sc_hd__clkbuf_4)
     8    0.048668    0.074347    0.153506    5.245347 v fanout37/X (sky130_fd_sc_hd__clkbuf_4)
                                                         net37 (net)
                      0.074374    0.001322    5.246669 v _134_/A (sky130_fd_sc_hd__inv_2)
     1    0.004405    0.029199    0.046464    5.293133 ^ _134_/Y (sky130_fd_sc_hd__inv_2)
                                                         _021_ (net)
                      0.029199    0.000244    5.293377 ^ _170_/RESET_B (sky130_fd_sc_hd__dfrtp_1)
                                              5.293377   data arrival time

                                 25.000000   25.000000   clock clk (rise edge)
                                  0.000000   25.000000   clock source latency
     1    0.014876    0.054748    0.037188   25.037188 ^ clk (in)
                                                         clk (net)
                      0.054762    0.000000   25.037188 ^ clkbuf_0_clk/A (sky130_fd_sc_hd__clkbuf_16)
     4    0.043756    0.047740    0.104889   25.142076 ^ clkbuf_0_clk/X (sky130_fd_sc_hd__clkbuf_16)
                                                         clknet_0_clk (net)
                      0.048025    0.002585   25.144661 ^ clkbuf_2_3__f_clk/A (sky130_fd_sc_hd__clkbuf_16)
    11    0.033260    0.040327    0.097563   25.242224 ^ clkbuf_2_3__f_clk/X (sky130_fd_sc_hd__clkbuf_16)
                                                         clknet_2_3__leaf_clk (net)
                      0.040524    0.002094   25.244318 ^ _170_/CLK (sky130_fd_sc_hd__dfrtp_1)
                                 -0.250000   24.994318   clock uncertainty
                                  0.000000   24.994318   clock reconvergence pessimism
                                  0.145424   25.139744   library recovery time
                                             25.139744   data required time
---------------------------------------------------------------------------------------------
                                             25.139744   data required time
                                             -5.293377   data arrival time
---------------------------------------------------------------------------------------------
                                             19.846365   slack (MET)


Startpoint: reset (input port clocked by clk)
Endpoint: _182_ (recovery check against rising-edge clock clk)
Path Group: asynchronous
Path Type: max

Fanout         Cap        Slew       Delay        Time   Description
---------------------------------------------------------------------------------------------
                                  0.000000    0.000000   clock clk (rise edge)
                                  0.000000    0.000000   clock network delay (propagated)
                                  5.000000    5.000000 v input external delay
     1    0.002824    0.004747    0.002339    5.002339 v reset (in)
                                                         reset (net)
                      0.004755    0.000000    5.002339 v input2/A (sky130_fd_sc_hd__buf_1)
     3    0.016857    0.069439    0.088394    5.090734 v input2/X (sky130_fd_sc_hd__buf_1)
                                                         net2 (net)
                      0.069482    0.001108    5.091842 v fanout37/A (sky130_fd_sc_hd__clkbuf_4)
     8    0.048668    0.074347    0.153506    5.245347 v fanout37/X (sky130_fd_sc_hd__clkbuf_4)
                                                         net37 (net)
                      0.074408    0.001919    5.247266 v _146_/A (sky130_fd_sc_hd__inv_2)
     1    0.004221    0.028644    0.045788    5.293054 ^ _146_/Y (sky130_fd_sc_hd__inv_2)
                                                         _033_ (net)
                      0.028646    0.000222    5.293277 ^ _182_/RESET_B (sky130_fd_sc_hd__dfrtp_1)
                                              5.293277   data arrival time

                                 25.000000   25.000000   clock clk (rise edge)
                                  0.000000   25.000000   clock source latency
     1    0.014876    0.054748    0.037188   25.037188 ^ clk (in)
                                                         clk (net)
                      0.054762    0.000000   25.037188 ^ clkbuf_0_clk/A (sky130_fd_sc_hd__clkbuf_16)
     4    0.043756    0.047740    0.104889   25.142076 ^ clkbuf_0_clk/X (sky130_fd_sc_hd__clkbuf_16)
                                                         clknet_0_clk (net)
                      0.048025    0.002585   25.144661 ^ clkbuf_2_3__f_clk/A (sky130_fd_sc_hd__clkbuf_16)
    11    0.033260    0.040327    0.097563   25.242224 ^ clkbuf_2_3__f_clk/X (sky130_fd_sc_hd__clkbuf_16)
                                                         clknet_2_3__leaf_clk (net)
                      0.040530    0.002142   25.244366 ^ _182_/CLK (sky130_fd_sc_hd__dfrtp_1)
                                 -0.250000   24.994366   clock uncertainty
                                  0.000000   24.994366   clock reconvergence pessimism
                                  0.145529   25.139894   library recovery time
                                             25.139894   data required time
---------------------------------------------------------------------------------------------
                                             25.139894   data required time
                                             -5.293277   data arrival time
---------------------------------------------------------------------------------------------
                                             19.846617   slack (MET)


Startpoint: reset (input port clocked by clk)
Endpoint: _171_ (recovery check against rising-edge clock clk)
Path Group: asynchronous
Path Type: max

Fanout         Cap        Slew       Delay        Time   Description
---------------------------------------------------------------------------------------------
                                  0.000000    0.000000   clock clk (rise edge)
                                  0.000000    0.000000   clock network delay (propagated)
                                  5.000000    5.000000 v input external delay
     1    0.002824    0.004747    0.002339    5.002339 v reset (in)
                                                         reset (net)
                      0.004755    0.000000    5.002339 v input2/A (sky130_fd_sc_hd__buf_1)
     3    0.016857    0.069439    0.088394    5.090734 v input2/X (sky130_fd_sc_hd__buf_1)
                                                         net2 (net)
                      0.069482    0.001108    5.091842 v fanout37/A (sky130_fd_sc_hd__clkbuf_4)
     8    0.048668    0.074347    0.153506    5.245347 v fanout37/X (sky130_fd_sc_hd__clkbuf_4)
                                                         net37 (net)
                      0.074391    0.001660    5.247008 v _135_/A (sky130_fd_sc_hd__inv_2)
     1    0.004283    0.028822    0.046019    5.293026 ^ _135_/Y (sky130_fd_sc_hd__inv_2)
                                                         _022_ (net)
                      0.028829    0.000227    5.293254 ^ _171_/RESET_B (sky130_fd_sc_hd__dfrtp_1)
                                              5.293254   data arrival time

                                 25.000000   25.000000   clock clk (rise edge)
                                  0.000000   25.000000   clock source latency
     1    0.014876    0.054748    0.037188   25.037188 ^ clk (in)
                                                         clk (net)
                      0.054762    0.000000   25.037188 ^ clkbuf_0_clk/A (sky130_fd_sc_hd__clkbuf_16)
     4    0.043756    0.047740    0.104889   25.142076 ^ clkbuf_0_clk/X (sky130_fd_sc_hd__clkbuf_16)
                                                         clknet_0_clk (net)
                      0.048025    0.002585   25.144661 ^ clkbuf_2_3__f_clk/A (sky130_fd_sc_hd__clkbuf_16)
    11    0.033260    0.040327    0.097563   25.242224 ^ clkbuf_2_3__f_clk/X (sky130_fd_sc_hd__clkbuf_16)
                                                         clknet_2_3__leaf_clk (net)
                      0.040560    0.002350   25.244574 ^ _171_/CLK (sky130_fd_sc_hd__dfrtp_1)
                                 -0.250000   24.994574   clock uncertainty
                                  0.000000   24.994574   clock reconvergence pessimism
                                  0.145499   25.140074   library recovery time
                                             25.140074   data required time
---------------------------------------------------------------------------------------------
                                             25.140074   data required time
                                             -5.293254   data arrival time
---------------------------------------------------------------------------------------------
                                             19.846819   slack (MET)


Startpoint: reset (input port clocked by clk)
Endpoint: _169_ (recovery check against rising-edge clock clk)
Path Group: asynchronous
Path Type: max

Fanout         Cap        Slew       Delay        Time   Description
---------------------------------------------------------------------------------------------
                                  0.000000    0.000000   clock clk (rise edge)
                                  0.000000    0.000000   clock network delay (propagated)
                                  5.000000    5.000000 v input external delay
     1    0.002824    0.004747    0.002339    5.002339 v reset (in)
                                                         reset (net)
                      0.004755    0.000000    5.002339 v input2/A (sky130_fd_sc_hd__buf_1)
     3    0.016857    0.069439    0.088394    5.090734 v input2/X (sky130_fd_sc_hd__buf_1)
                                                         net2 (net)
                      0.069482    0.001108    5.091842 v fanout37/A (sky130_fd_sc_hd__clkbuf_4)
     8    0.048668    0.074347    0.153506    5.245347 v fanout37/X (sky130_fd_sc_hd__clkbuf_4)
                                                         net37 (net)
                      0.074419    0.002069    5.247416 v _133_/A (sky130_fd_sc_hd__inv_2)
     1    0.003922    0.027797    0.044667    5.292083 ^ _133_/Y (sky130_fd_sc_hd__inv_2)
                                                         _020_ (net)
                      0.027799    0.000210    5.292293 ^ _169_/RESET_B (sky130_fd_sc_hd__dfrtp_1)
                                              5.292293   data arrival time

                                 25.000000   25.000000   clock clk (rise edge)
                                  0.000000   25.000000   clock source latency
     1    0.014876    0.054748    0.037188   25.037188 ^ clk (in)
                                                         clk (net)
                      0.054762    0.000000   25.037188 ^ clkbuf_0_clk/A (sky130_fd_sc_hd__clkbuf_16)
     4    0.043756    0.047740    0.104889   25.142076 ^ clkbuf_0_clk/X (sky130_fd_sc_hd__clkbuf_16)
                                                         clknet_0_clk (net)
                      0.048025    0.002585   25.144661 ^ clkbuf_2_3__f_clk/A (sky130_fd_sc_hd__clkbuf_16)
    11    0.033260    0.040327    0.097563   25.242224 ^ clkbuf_2_3__f_clk/X (sky130_fd_sc_hd__clkbuf_16)
                                                         clknet_2_3__leaf_clk (net)
                      0.040525    0.002105   25.244328 ^ _169_/CLK (sky130_fd_sc_hd__dfrtp_1)
                                 -0.250000   24.994329   clock uncertainty
                                  0.000000   24.994329   clock reconvergence pessimism
                                  0.145686   25.140015   library recovery time
                                             25.140015   data required time
---------------------------------------------------------------------------------------------
                                             25.140015   data required time
                                             -5.292293   data arrival time
---------------------------------------------------------------------------------------------
                                             19.847723   slack (MET)


Startpoint: reset (input port clocked by clk)
Endpoint: _184_ (recovery check against rising-edge clock clk)
Path Group: asynchronous
Path Type: max

Fanout         Cap        Slew       Delay        Time   Description
---------------------------------------------------------------------------------------------
                                  0.000000    0.000000   clock clk (rise edge)
                                  0.000000    0.000000   clock network delay (propagated)
                                  5.000000    5.000000 v input external delay
     1    0.002824    0.004747    0.002339    5.002339 v reset (in)
                                                         reset (net)
                      0.004755    0.000000    5.002339 v input2/A (sky130_fd_sc_hd__buf_1)
     3    0.016857    0.069439    0.088394    5.090734 v input2/X (sky130_fd_sc_hd__buf_1)
                                                         net2 (net)
                      0.069449    0.000846    5.091579 v fanout36/A (sky130_fd_sc_hd__buf_4)
    10    0.058827    0.064297    0.142249    5.233829 v fanout36/X (sky130_fd_sc_hd__buf_4)
                                                         net36 (net)
                      0.065099    0.005699    5.239528 v _148_/A (sky130_fd_sc_hd__inv_2)
     1    0.004869    0.028713    0.045338    5.284866 ^ _148_/Y (sky130_fd_sc_hd__inv_2)
                                                         _035_ (net)
                      0.028713    0.000280    5.285146 ^ _184_/RESET_B (sky130_fd_sc_hd__dfrtp_1)
                                              5.285146   data arrival time

                                 25.000000   25.000000   clock clk (rise edge)
                                  0.000000   25.000000   clock source latency
     1    0.014876    0.054748    0.037188   25.037188 ^ clk (in)
                                                         clk (net)
                      0.054762    0.000000   25.037188 ^ clkbuf_0_clk/A (sky130_fd_sc_hd__clkbuf_16)
     4    0.043756    0.047740    0.104889   25.142076 ^ clkbuf_0_clk/X (sky130_fd_sc_hd__clkbuf_16)
                                                         clknet_0_clk (net)
                      0.048053    0.002744   25.144821 ^ clkbuf_2_1__f_clk/A (sky130_fd_sc_hd__clkbuf_16)
    10    0.030829    0.038507    0.095923   25.240744 ^ clkbuf_2_1__f_clk/X (sky130_fd_sc_hd__clkbuf_16)
                                                         clknet_2_1__leaf_clk (net)
                      0.038996    0.002654   25.243397 ^ _184_/CLK (sky130_fd_sc_hd__dfrtp_1)
                                 -0.250000   24.993399   clock uncertainty
                                  0.000000   24.993399   clock reconvergence pessimism
                                  0.145287   25.138685   library recovery time
                                             25.138685   data required time
---------------------------------------------------------------------------------------------
                                             25.138685   data required time
                                             -5.285146   data arrival time
---------------------------------------------------------------------------------------------
                                             19.853539   slack (MET)


Startpoint: reset (input port clocked by clk)
Endpoint: _173_ (recovery check against rising-edge clock clk)
Path Group: asynchronous
Path Type: max

Fanout         Cap        Slew       Delay        Time   Description
---------------------------------------------------------------------------------------------
                                  0.000000    0.000000   clock clk (rise edge)
                                  0.000000    0.000000   clock network delay (propagated)
                                  5.000000    5.000000 v input external delay
     1    0.002824    0.004747    0.002339    5.002339 v reset (in)
                                                         reset (net)
                      0.004755    0.000000    5.002339 v input2/A (sky130_fd_sc_hd__buf_1)
     3    0.016857    0.069439    0.088394    5.090734 v input2/X (sky130_fd_sc_hd__buf_1)
                                                         net2 (net)
                      0.069449    0.000846    5.091579 v fanout36/A (sky130_fd_sc_hd__buf_4)
    10    0.058827    0.064297    0.142249    5.233829 v fanout36/X (sky130_fd_sc_hd__buf_4)
                                                         net36 (net)
                      0.065217    0.006099    5.239927 v _137_/A (sky130_fd_sc_hd__inv_2)
     1    0.004395    0.027377    0.043772    5.283700 ^ _137_/Y (sky130_fd_sc_hd__inv_2)
                                                         _024_ (net)
                      0.027378    0.000239    5.283939 ^ _173_/RESET_B (sky130_fd_sc_hd__dfrtp_1)
                                              5.283939   data arrival time

                                 25.000000   25.000000   clock clk (rise edge)
                                  0.000000   25.000000   clock source latency
     1    0.014876    0.054748    0.037188   25.037188 ^ clk (in)
                                                         clk (net)
                      0.054762    0.000000   25.037188 ^ clkbuf_0_clk/A (sky130_fd_sc_hd__clkbuf_16)
     4    0.043756    0.047740    0.104889   25.142076 ^ clkbuf_0_clk/X (sky130_fd_sc_hd__clkbuf_16)
                                                         clknet_0_clk (net)
                      0.048053    0.002744   25.144821 ^ clkbuf_2_1__f_clk/A (sky130_fd_sc_hd__clkbuf_16)
    10    0.030829    0.038507    0.095923   25.240744 ^ clkbuf_2_1__f_clk/X (sky130_fd_sc_hd__clkbuf_16)
                                                         clknet_2_1__leaf_clk (net)
                      0.038794    0.001407   25.242151 ^ _173_/CLK (sky130_fd_sc_hd__dfrtp_1)
                                 -0.250000   24.992151   clock uncertainty
                                  0.000000   24.992151   clock reconvergence pessimism
                                  0.145507   25.137657   library recovery time
                                             25.137657   data required time
---------------------------------------------------------------------------------------------
                                             25.137657   data required time
                                             -5.283939   data arrival time
---------------------------------------------------------------------------------------------
                                             19.853720   slack (MET)


Startpoint: reset (input port clocked by clk)
Endpoint: _150_ (recovery check against rising-edge clock clk)
Path Group: asynchronous
Path Type: max

Fanout         Cap        Slew       Delay        Time   Description
---------------------------------------------------------------------------------------------
                                  0.000000    0.000000   clock clk (rise edge)
                                  0.000000    0.000000   clock network delay (propagated)
                                  5.000000    5.000000 v input external delay
     1    0.002824    0.004747    0.002339    5.002339 v reset (in)
                                                         reset (net)
                      0.004755    0.000000    5.002339 v input2/A (sky130_fd_sc_hd__buf_1)
     3    0.016857    0.069439    0.088394    5.090734 v input2/X (sky130_fd_sc_hd__buf_1)
                                                         net2 (net)
                      0.069449    0.000846    5.091579 v fanout36/A (sky130_fd_sc_hd__buf_4)
    10    0.058827    0.064297    0.142249    5.233829 v fanout36/X (sky130_fd_sc_hd__buf_4)
                                                         net36 (net)
                      0.064929    0.005065    5.238894 v _114_/A (sky130_fd_sc_hd__inv_2)
     1    0.004273    0.026978    0.043261    5.282155 ^ _114_/Y (sky130_fd_sc_hd__inv_2)
                                                         _001_ (net)
                      0.026980    0.000226    5.282382 ^ _150_/RESET_B (sky130_fd_sc_hd__dfrtp_1)
                                              5.282382   data arrival time

                                 25.000000   25.000000   clock clk (rise edge)
                                  0.000000   25.000000   clock source latency
     1    0.014876    0.054748    0.037188   25.037188 ^ clk (in)
                                                         clk (net)
                      0.054762    0.000000   25.037188 ^ clkbuf_0_clk/A (sky130_fd_sc_hd__clkbuf_16)
     4    0.043756    0.047740    0.104889   25.142076 ^ clkbuf_0_clk/X (sky130_fd_sc_hd__clkbuf_16)
                                                         clknet_0_clk (net)
                      0.048053    0.002744   25.144821 ^ clkbuf_2_1__f_clk/A (sky130_fd_sc_hd__clkbuf_16)
    10    0.030829    0.038507    0.095923   25.240744 ^ clkbuf_2_1__f_clk/X (sky130_fd_sc_hd__clkbuf_16)
                                                         clknet_2_1__leaf_clk (net)
                      0.038795    0.001410   25.242153 ^ _150_/CLK (sky130_fd_sc_hd__dfrtp_1)
                                 -0.250000   24.992155   clock uncertainty
                                  0.000000   24.992155   clock reconvergence pessimism
                                  0.145581   25.137735   library recovery time
                                             25.137735   data required time
---------------------------------------------------------------------------------------------
                                             25.137735   data required time
                                             -5.282382   data arrival time
---------------------------------------------------------------------------------------------
                                             19.855354   slack (MET)


Startpoint: reset (input port clocked by clk)
Endpoint: _152_ (recovery check against rising-edge clock clk)
Path Group: asynchronous
Path Type: max

Fanout         Cap        Slew       Delay        Time   Description
---------------------------------------------------------------------------------------------
                                  0.000000    0.000000   clock clk (rise edge)
                                  0.000000    0.000000   clock network delay (propagated)
                                  5.000000    5.000000 v input external delay
     1    0.002824    0.004747    0.002339    5.002339 v reset (in)
                                                         reset (net)
                      0.004755    0.000000    5.002339 v input2/A (sky130_fd_sc_hd__buf_1)
     3    0.016857    0.069439    0.088394    5.090734 v input2/X (sky130_fd_sc_hd__buf_1)
                                                         net2 (net)
                      0.069449    0.000846    5.091579 v fanout36/A (sky130_fd_sc_hd__buf_4)
    10    0.058827    0.064297    0.142249    5.233829 v fanout36/X (sky130_fd_sc_hd__buf_4)
                                                         net36 (net)
                      0.065327    0.006445    5.240273 v _116_/A (sky130_fd_sc_hd__inv_2)
     1    0.004101    0.026592    0.042767    5.283041 ^ _116_/Y (sky130_fd_sc_hd__inv_2)
                                                         _003_ (net)
                      0.026594    0.000215    5.283255 ^ _152_/RESET_B (sky130_fd_sc_hd__dfrtp_1)
                                              5.283255   data arrival time

                                 25.000000   25.000000   clock clk (rise edge)
                                  0.000000   25.000000   clock source latency
     1    0.014876    0.054748    0.037188   25.037188 ^ clk (in)
                                                         clk (net)
                      0.054762    0.000000   25.037188 ^ clkbuf_0_clk/A (sky130_fd_sc_hd__clkbuf_16)
     4    0.043756    0.047740    0.104889   25.142076 ^ clkbuf_0_clk/X (sky130_fd_sc_hd__clkbuf_16)
                                                         clknet_0_clk (net)
                      0.048053    0.002744   25.144821 ^ clkbuf_2_1__f_clk/A (sky130_fd_sc_hd__clkbuf_16)
    10    0.030829    0.038507    0.095923   25.240744 ^ clkbuf_2_1__f_clk/X (sky130_fd_sc_hd__clkbuf_16)
                                                         clknet_2_1__leaf_clk (net)
                      0.038942    0.002366   25.243109 ^ _152_/CLK (sky130_fd_sc_hd__dfrtp_1)
                                 -0.250000   24.993111   clock uncertainty
                                  0.000000   24.993111   clock reconvergence pessimism
                                  0.145675   25.138786   library recovery time
                                             25.138786   data required time
---------------------------------------------------------------------------------------------
                                             25.138786   data required time
                                             -5.283255   data arrival time
---------------------------------------------------------------------------------------------
                                             19.855532   slack (MET)


Startpoint: reset (input port clocked by clk)
Endpoint: _151_ (recovery check against rising-edge clock clk)
Path Group: asynchronous
Path Type: max

Fanout         Cap        Slew       Delay        Time   Description
---------------------------------------------------------------------------------------------
                                  0.000000    0.000000   clock clk (rise edge)
                                  0.000000    0.000000   clock network delay (propagated)
                                  5.000000    5.000000 v input external delay
     1    0.002824    0.004747    0.002339    5.002339 v reset (in)
                                                         reset (net)
                      0.004755    0.000000    5.002339 v input2/A (sky130_fd_sc_hd__buf_1)
     3    0.016857    0.069439    0.088394    5.090734 v input2/X (sky130_fd_sc_hd__buf_1)
                                                         net2 (net)
                      0.069449    0.000846    5.091579 v fanout36/A (sky130_fd_sc_hd__buf_4)
    10    0.058827    0.064297    0.142249    5.233829 v fanout36/X (sky130_fd_sc_hd__buf_4)
                                                         net36 (net)
                      0.065438    0.006775    5.240603 v _115_/A (sky130_fd_sc_hd__inv_2)
     1    0.003926    0.026154    0.042176    5.282780 ^ _115_/Y (sky130_fd_sc_hd__inv_2)
                                                         _002_ (net)
                      0.026156    0.000209    5.282989 ^ _151_/RESET_B (sky130_fd_sc_hd__dfrtp_1)
                                              5.282989   data arrival time

                                 25.000000   25.000000   clock clk (rise edge)
                                  0.000000   25.000000   clock source latency
     1    0.014876    0.054748    0.037188   25.037188 ^ clk (in)
                                                         clk (net)
                      0.054762    0.000000   25.037188 ^ clkbuf_0_clk/A (sky130_fd_sc_hd__clkbuf_16)
     4    0.043756    0.047740    0.104889   25.142076 ^ clkbuf_0_clk/X (sky130_fd_sc_hd__clkbuf_16)
                                                         clknet_0_clk (net)
                      0.048053    0.002744   25.144821 ^ clkbuf_2_1__f_clk/A (sky130_fd_sc_hd__clkbuf_16)
    10    0.030829    0.038507    0.095923   25.240744 ^ clkbuf_2_1__f_clk/X (sky130_fd_sc_hd__clkbuf_16)
                                                         clknet_2_1__leaf_clk (net)
                      0.038965    0.002490   25.243235 ^ _151_/CLK (sky130_fd_sc_hd__dfrtp_1)
                                 -0.250000   24.993235   clock uncertainty
                                  0.000000   24.993235   clock reconvergence pessimism
                                  0.145760   25.138996   library recovery time
                                             25.138996   data required time
---------------------------------------------------------------------------------------------
                                             25.138996   data required time
                                             -5.282989   data arrival time
---------------------------------------------------------------------------------------------
                                             19.856007   slack (MET)


Startpoint: reset (input port clocked by clk)
Endpoint: _153_ (recovery check against rising-edge clock clk)
Path Group: asynchronous
Path Type: max

Fanout         Cap        Slew       Delay        Time   Description
---------------------------------------------------------------------------------------------
                                  0.000000    0.000000   clock clk (rise edge)
                                  0.000000    0.000000   clock network delay (propagated)
                                  5.000000    5.000000 v input external delay
     1    0.002824    0.004747    0.002339    5.002339 v reset (in)
                                                         reset (net)
                      0.004755    0.000000    5.002339 v input2/A (sky130_fd_sc_hd__buf_1)
     3    0.016857    0.069439    0.088394    5.090734 v input2/X (sky130_fd_sc_hd__buf_1)
                                                         net2 (net)
                      0.069449    0.000846    5.091579 v fanout36/A (sky130_fd_sc_hd__buf_4)
    10    0.058827    0.064297    0.142249    5.233829 v fanout36/X (sky130_fd_sc_hd__buf_4)
                                                         net36 (net)
                      0.064469    0.002510    5.236338 v _117_/A (sky130_fd_sc_hd__inv_2)
     1    0.004990    0.028906    0.045501    5.281839 ^ _117_/Y (sky130_fd_sc_hd__inv_2)
                                                         _004_ (net)
                      0.028906    0.000143    5.281983 ^ _153_/RESET_B (sky130_fd_sc_hd__dfrtp_1)
                                              5.281983   data arrival time

                                 25.000000   25.000000   clock clk (rise edge)
                                  0.000000   25.000000   clock source latency
     1    0.014876    0.054748    0.037188   25.037188 ^ clk (in)
                                                         clk (net)
                      0.054762    0.000000   25.037188 ^ clkbuf_0_clk/A (sky130_fd_sc_hd__clkbuf_16)
     4    0.043756    0.047740    0.104889   25.142076 ^ clkbuf_0_clk/X (sky130_fd_sc_hd__clkbuf_16)
                                                         clknet_0_clk (net)
                      0.048053    0.002744   25.144821 ^ clkbuf_2_1__f_clk/A (sky130_fd_sc_hd__clkbuf_16)
    10    0.030829    0.038507    0.095923   25.240744 ^ clkbuf_2_1__f_clk/X (sky130_fd_sc_hd__clkbuf_16)
                                                         clknet_2_1__leaf_clk (net)
                      0.038927    0.002276   25.243019 ^ _153_/CLK (sky130_fd_sc_hd__dfrtp_1)
                                 -0.250000   24.993019   clock uncertainty
                                  0.000000   24.993019   clock reconvergence pessimism
                                  0.145241   25.138260   library recovery time
                                             25.138260   data required time
---------------------------------------------------------------------------------------------
                                             25.138260   data required time
                                             -5.281983   data arrival time
---------------------------------------------------------------------------------------------
                                             19.856277   slack (MET)


Startpoint: reset (input port clocked by clk)
Endpoint: _149_ (recovery check against rising-edge clock clk)
Path Group: asynchronous
Path Type: max

Fanout         Cap        Slew       Delay        Time   Description
---------------------------------------------------------------------------------------------
                                  0.000000    0.000000   clock clk (rise edge)
                                  0.000000    0.000000   clock network delay (propagated)
                                  5.000000    5.000000 v input external delay
     1    0.002824    0.004747    0.002339    5.002339 v reset (in)
                                                         reset (net)
                      0.004755    0.000000    5.002339 v input2/A (sky130_fd_sc_hd__buf_1)
     3    0.016857    0.069439    0.088394    5.090734 v input2/X (sky130_fd_sc_hd__buf_1)
                                                         net2 (net)
                      0.069449    0.000846    5.091579 v fanout36/A (sky130_fd_sc_hd__buf_4)
    10    0.058827    0.064297    0.142249    5.233829 v fanout36/X (sky130_fd_sc_hd__buf_4)
                                                         net36 (net)
                      0.064576    0.003310    5.237138 v _051_/A (sky130_fd_sc_hd__inv_2)
     1    0.004465    0.027454    0.043835    5.280973 ^ _051_/Y (sky130_fd_sc_hd__inv_2)
                                                         _000_ (net)
                      0.027455    0.000238    5.281212 ^ _149_/RESET_B (sky130_fd_sc_hd__dfrtp_1)
                                              5.281212   data arrival time

                                 25.000000   25.000000   clock clk (rise edge)
                                  0.000000   25.000000   clock source latency
     1    0.014876    0.054748    0.037188   25.037188 ^ clk (in)
                                                         clk (net)
                      0.054762    0.000000   25.037188 ^ clkbuf_0_clk/A (sky130_fd_sc_hd__clkbuf_16)
     4    0.043756    0.047740    0.104889   25.142076 ^ clkbuf_0_clk/X (sky130_fd_sc_hd__clkbuf_16)
                                                         clknet_0_clk (net)
                      0.048053    0.002744   25.144821 ^ clkbuf_2_1__f_clk/A (sky130_fd_sc_hd__clkbuf_16)
    10    0.030829    0.038507    0.095923   25.240744 ^ clkbuf_2_1__f_clk/X (sky130_fd_sc_hd__clkbuf_16)
                                                         clknet_2_1__leaf_clk (net)
                      0.038791    0.001384   25.242126 ^ _149_/CLK (sky130_fd_sc_hd__dfrtp_1)
                                 -0.250000   24.992128   clock uncertainty
                                  0.000000   24.992128   clock reconvergence pessimism
                                  0.145492   25.137621   library recovery time
                                             25.137621   data required time
---------------------------------------------------------------------------------------------
                                             25.137621   data required time
                                             -5.281212   data arrival time
---------------------------------------------------------------------------------------------
                                             19.856409   slack (MET)


Startpoint: reset (input port clocked by clk)
Endpoint: _167_ (recovery check against rising-edge clock clk)
Path Group: asynchronous
Path Type: max

Fanout         Cap        Slew       Delay        Time   Description
---------------------------------------------------------------------------------------------
                                  0.000000    0.000000   clock clk (rise edge)
                                  0.000000    0.000000   clock network delay (propagated)
                                  5.000000    5.000000 v input external delay
     1    0.002824    0.004747    0.002339    5.002339 v reset (in)
                                                         reset (net)
                      0.004755    0.000000    5.002339 v input2/A (sky130_fd_sc_hd__buf_1)
     3    0.016857    0.069439    0.088394    5.090734 v input2/X (sky130_fd_sc_hd__buf_1)
                                                         net2 (net)
                      0.069449    0.000846    5.091579 v fanout36/A (sky130_fd_sc_hd__buf_4)
    10    0.058827    0.064297    0.142249    5.233829 v fanout36/X (sky130_fd_sc_hd__buf_4)
                                                         net36 (net)
                      0.064910    0.004989    5.238818 v _131_/A (sky130_fd_sc_hd__inv_2)
     1    0.004519    0.027680    0.044117    5.282935 ^ _131_/Y (sky130_fd_sc_hd__inv_2)
                                                         _018_ (net)
                      0.027680    0.000255    5.283190 ^ _167_/RESET_B (sky130_fd_sc_hd__dfrtp_1)
                                              5.283190   data arrival time

                                 25.000000   25.000000   clock clk (rise edge)
                                  0.000000   25.000000   clock source latency
     1    0.014876    0.054748    0.037188   25.037188 ^ clk (in)
                                                         clk (net)
                      0.054762    0.000000   25.037188 ^ clkbuf_0_clk/A (sky130_fd_sc_hd__clkbuf_16)
     4    0.043756    0.047740    0.104889   25.142076 ^ clkbuf_0_clk/X (sky130_fd_sc_hd__clkbuf_16)
                                                         clknet_0_clk (net)
                      0.048025    0.002585   25.144661 ^ clkbuf_2_3__f_clk/A (sky130_fd_sc_hd__clkbuf_16)
    11    0.033260    0.040327    0.097563   25.242224 ^ clkbuf_2_3__f_clk/X (sky130_fd_sc_hd__clkbuf_16)
                                                         clknet_2_3__leaf_clk (net)
                      0.040515    0.002034   25.244257 ^ _167_/CLK (sky130_fd_sc_hd__dfrtp_1)
                                 -0.250000   24.994259   clock uncertainty
                                  0.000000   24.994259   clock reconvergence pessimism
                                  0.145707   25.139965   library recovery time
                                             25.139965   data required time
---------------------------------------------------------------------------------------------
                                             25.139965   data required time
                                             -5.283190   data arrival time
---------------------------------------------------------------------------------------------
                                             19.856777   slack (MET)


Startpoint: reset (input port clocked by clk)
Endpoint: _168_ (recovery check against rising-edge clock clk)
Path Group: asynchronous
Path Type: max

Fanout         Cap        Slew       Delay        Time   Description
---------------------------------------------------------------------------------------------
                                  0.000000    0.000000   clock clk (rise edge)
                                  0.000000    0.000000   clock network delay (propagated)
                                  5.000000    5.000000 v input external delay
     1    0.002824    0.004747    0.002339    5.002339 v reset (in)
                                                         reset (net)
                      0.004755    0.000000    5.002339 v input2/A (sky130_fd_sc_hd__buf_1)
     3    0.016857    0.069439    0.088394    5.090734 v input2/X (sky130_fd_sc_hd__buf_1)
                                                         net2 (net)
                      0.069449    0.000846    5.091579 v fanout36/A (sky130_fd_sc_hd__buf_4)
    10    0.058827    0.064297    0.142249    5.233829 v fanout36/X (sky130_fd_sc_hd__buf_4)
                                                         net36 (net)
                      0.064913    0.005000    5.238828 v _132_/A (sky130_fd_sc_hd__inv_2)
     1    0.004354    0.027198    0.043599    5.282427 ^ _132_/Y (sky130_fd_sc_hd__inv_2)
                                                         _019_ (net)
                      0.027198    0.000113    5.282541 ^ _168_/RESET_B (sky130_fd_sc_hd__dfrtp_1)
                                              5.282541   data arrival time

                                 25.000000   25.000000   clock clk (rise edge)
                                  0.000000   25.000000   clock source latency
     1    0.014876    0.054748    0.037188   25.037188 ^ clk (in)
                                                         clk (net)
                      0.054762    0.000000   25.037188 ^ clkbuf_0_clk/A (sky130_fd_sc_hd__clkbuf_16)
     4    0.043756    0.047740    0.104889   25.142076 ^ clkbuf_0_clk/X (sky130_fd_sc_hd__clkbuf_16)
                                                         clknet_0_clk (net)
                      0.048025    0.002585   25.144661 ^ clkbuf_2_3__f_clk/A (sky130_fd_sc_hd__clkbuf_16)
    11    0.033260    0.040327    0.097563   25.242224 ^ clkbuf_2_3__f_clk/X (sky130_fd_sc_hd__clkbuf_16)
                                                         clknet_2_3__leaf_clk (net)
                      0.040464    0.001618   25.243841 ^ _168_/CLK (sky130_fd_sc_hd__dfrtp_1)
                                 -0.250000   24.993843   clock uncertainty
                                  0.000000   24.993843   clock reconvergence pessimism
                                  0.145789   25.139631   library recovery time
                                             25.139631   data required time
---------------------------------------------------------------------------------------------
                                             25.139631   data required time
                                             -5.282541   data arrival time
---------------------------------------------------------------------------------------------
                                             19.857090   slack (MET)


Startpoint: reset (input port clocked by clk)
Endpoint: _154_ (recovery check against rising-edge clock clk)
Path Group: asynchronous
Path Type: max

Fanout         Cap        Slew       Delay        Time   Description
---------------------------------------------------------------------------------------------
                                  0.000000    0.000000   clock clk (rise edge)
                                  0.000000    0.000000   clock network delay (propagated)
                                  5.000000    5.000000 v input external delay
     1    0.002824    0.004747    0.002339    5.002339 v reset (in)
                                                         reset (net)
                      0.004755    0.000000    5.002339 v input2/A (sky130_fd_sc_hd__buf_1)
     3    0.016857    0.069439    0.088394    5.090734 v input2/X (sky130_fd_sc_hd__buf_1)
                                                         net2 (net)
                      0.069449    0.000846    5.091579 v fanout36/A (sky130_fd_sc_hd__buf_4)
    10    0.058827    0.064297    0.142249    5.233829 v fanout36/X (sky130_fd_sc_hd__buf_4)
                                                         net36 (net)
                      0.064471    0.002522    5.236351 v _118_/A (sky130_fd_sc_hd__inv_2)
     1    0.003935    0.026001    0.041938    5.278288 ^ _118_/Y (sky130_fd_sc_hd__inv_2)
                                                         _005_ (net)
                      0.026002    0.000210    5.278498 ^ _154_/RESET_B (sky130_fd_sc_hd__dfrtp_1)
                                              5.278498   data arrival time

                                 25.000000   25.000000   clock clk (rise edge)
                                  0.000000   25.000000   clock source latency
     1    0.014876    0.054748    0.037188   25.037188 ^ clk (in)
                                                         clk (net)
                      0.054762    0.000000   25.037188 ^ clkbuf_0_clk/A (sky130_fd_sc_hd__clkbuf_16)
     4    0.043756    0.047740    0.104889   25.142076 ^ clkbuf_0_clk/X (sky130_fd_sc_hd__clkbuf_16)
                                                         clknet_0_clk (net)
                      0.048053    0.002744   25.144821 ^ clkbuf_2_1__f_clk/A (sky130_fd_sc_hd__clkbuf_16)
    10    0.030829    0.038507    0.095923   25.240744 ^ clkbuf_2_1__f_clk/X (sky130_fd_sc_hd__clkbuf_16)
                                                         clknet_2_1__leaf_clk (net)
                      0.038961    0.002469   25.243212 ^ _154_/CLK (sky130_fd_sc_hd__dfrtp_1)
                                 -0.250000   24.993214   clock uncertainty
                                  0.000000   24.993214   clock reconvergence pessimism
                                  0.145788   25.139002   library recovery time
                                             25.139002   data required time
---------------------------------------------------------------------------------------------
                                             25.139002   data required time
                                             -5.278498   data arrival time
---------------------------------------------------------------------------------------------
                                             19.860504   slack (MET)


Startpoint: _176_ (rising edge-triggered flip-flop clocked by clk)
Endpoint: _177_ (rising edge-triggered flip-flop clocked by clk)
Path Group: clk
Path Type: max

Fanout         Cap        Slew       Delay        Time   Description
---------------------------------------------------------------------------------------------
                                  0.000000    0.000000   clock clk (rise edge)
                                  0.000000    0.000000   clock source latency
     1    0.014876    0.054748    0.037187    0.037187 ^ clk (in)
                                                         clk (net)
                      0.054762    0.000000    0.037187 ^ clkbuf_0_clk/A (sky130_fd_sc_hd__clkbuf_16)
     4    0.043756    0.047740    0.104890    0.142077 ^ clkbuf_0_clk/X (sky130_fd_sc_hd__clkbuf_16)
                                                         clknet_0_clk (net)
                      0.048030    0.002612    0.144689 ^ clkbuf_2_0__f_clk/A (sky130_fd_sc_hd__clkbuf_16)
    10    0.031349    0.039062    0.096426    0.241115 ^ clkbuf_2_0__f_clk/X (sky130_fd_sc_hd__clkbuf_16)
                                                         clknet_2_0__leaf_clk (net)
                      0.039206    0.002133    0.243248 ^ _176_/CLK (sky130_fd_sc_hd__dfstp_2)
     9    0.046642    0.172931    0.412572    0.655821 ^ _176_/Q (sky130_fd_sc_hd__dfstp_2)
                                                         cursor[0] (net)
                      0.172971    0.002588    0.658408 ^ hold25/A (sky130_fd_sc_hd__dlygate4sd3_1)
     1    0.004850    0.051068    0.401837    1.060245 ^ hold25/X (sky130_fd_sc_hd__dlygate4sd3_1)
                                                         net66 (net)
                      0.051068    0.000346    1.060591 ^ _177_/D (sky130_fd_sc_hd__dfrtp_4)
                                              1.060591   data arrival time

                                 25.000000   25.000000   clock clk (rise edge)
                                  0.000000   25.000000   clock source latency
     1    0.014876    0.054748    0.037188   25.037188 ^ clk (in)
                                                         clk (net)
                      0.054762    0.000000   25.037188 ^ clkbuf_0_clk/A (sky130_fd_sc_hd__clkbuf_16)
     4    0.043756    0.047740    0.104889   25.142076 ^ clkbuf_0_clk/X (sky130_fd_sc_hd__clkbuf_16)
                                                         clknet_0_clk (net)
                      0.048025    0.002585   25.144661 ^ clkbuf_2_3__f_clk/A (sky130_fd_sc_hd__clkbuf_16)
    11    0.033260    0.040327    0.097563   25.242224 ^ clkbuf_2_3__f_clk/X (sky130_fd_sc_hd__clkbuf_16)
                                                         clknet_2_3__leaf_clk (net)
                      0.040515    0.002029   25.244251 ^ _177_/CLK (sky130_fd_sc_hd__dfrtp_4)
                                 -0.250000   24.994253   clock uncertainty
                                  0.000000   24.994253   clock reconvergence pessimism
                                 -0.039157   24.955097   library setup time
                                             24.955097   data required time
---------------------------------------------------------------------------------------------
                                             24.955097   data required time
                                             -1.060591   data arrival time
---------------------------------------------------------------------------------------------
                                             23.894505   slack (MET)


Startpoint: _178_ (rising edge-triggered flip-flop clocked by clk)
Endpoint: _179_ (rising edge-triggered flip-flop clocked by clk)
Path Group: clk
Path Type: max

Fanout         Cap        Slew       Delay        Time   Description
---------------------------------------------------------------------------------------------
                                  0.000000    0.000000   clock clk (rise edge)
                                  0.000000    0.000000   clock source latency
     1    0.014876    0.054748    0.037187    0.037187 ^ clk (in)
                                                         clk (net)
                      0.054762    0.000000    0.037187 ^ clkbuf_0_clk/A (sky130_fd_sc_hd__clkbuf_16)
     4    0.043756    0.047740    0.104890    0.142077 ^ clkbuf_0_clk/X (sky130_fd_sc_hd__clkbuf_16)
                                                         clknet_0_clk (net)
                      0.048025    0.002584    0.144661 ^ clkbuf_2_3__f_clk/A (sky130_fd_sc_hd__clkbuf_16)
    11    0.033260    0.040327    0.097563    0.242224 ^ clkbuf_2_3__f_clk/X (sky130_fd_sc_hd__clkbuf_16)
                                                         clknet_2_3__leaf_clk (net)
                      0.040474    0.001708    0.243932 ^ _178_/CLK (sky130_fd_sc_hd__dfrtp_4)
     9    0.040491    0.076738    0.338061    0.581994 v _178_/Q (sky130_fd_sc_hd__dfrtp_4)
                                                         cursor[2] (net)
                      0.076772    0.001525    0.583518 v hold31/A (sky130_fd_sc_hd__dlygate4sd3_1)
     1    0.004676    0.045047    0.387570    0.971089 v hold31/X (sky130_fd_sc_hd__dlygate4sd3_1)
                                                         net72 (net)
                      0.045047    0.000344    0.971433 v _179_/D (sky130_fd_sc_hd__dfrtp_4)
                                              0.971433   data arrival time

                                 25.000000   25.000000   clock clk (rise edge)
                                  0.000000   25.000000   clock source latency
     1    0.014876    0.054748    0.037188   25.037188 ^ clk (in)
                                                         clk (net)
                      0.054762    0.000000   25.037188 ^ clkbuf_0_clk/A (sky130_fd_sc_hd__clkbuf_16)
     4    0.043756    0.047740    0.104889   25.142076 ^ clkbuf_0_clk/X (sky130_fd_sc_hd__clkbuf_16)
                                                         clknet_0_clk (net)
                      0.048053    0.002744   25.144821 ^ clkbuf_2_1__f_clk/A (sky130_fd_sc_hd__clkbuf_16)
    10    0.030829    0.038507    0.095923   25.240744 ^ clkbuf_2_1__f_clk/X (sky130_fd_sc_hd__clkbuf_16)
                                                         clknet_2_1__leaf_clk (net)
                      0.038984    0.002590   25.243334 ^ _179_/CLK (sky130_fd_sc_hd__dfrtp_4)
                                 -0.250000   24.993334   clock uncertainty
                                  0.000000   24.993334   clock reconvergence pessimism
                                 -0.076498   24.916836   library setup time
                                             24.916836   data required time
---------------------------------------------------------------------------------------------
                                             24.916836   data required time
                                             -0.971433   data arrival time
---------------------------------------------------------------------------------------------
                                             23.945402   slack (MET)


Startpoint: _177_ (rising edge-triggered flip-flop clocked by clk)
Endpoint: _178_ (rising edge-triggered flip-flop clocked by clk)
Path Group: clk
Path Type: max

Fanout         Cap        Slew       Delay        Time   Description
---------------------------------------------------------------------------------------------
                                  0.000000    0.000000   clock clk (rise edge)
                                  0.000000    0.000000   clock source latency
     1    0.014876    0.054748    0.037187    0.037187 ^ clk (in)
                                                         clk (net)
                      0.054762    0.000000    0.037187 ^ clkbuf_0_clk/A (sky130_fd_sc_hd__clkbuf_16)
     4    0.043756    0.047740    0.104890    0.142077 ^ clkbuf_0_clk/X (sky130_fd_sc_hd__clkbuf_16)
                                                         clknet_0_clk (net)
                      0.048025    0.002584    0.144661 ^ clkbuf_2_3__f_clk/A (sky130_fd_sc_hd__clkbuf_16)
    11    0.033260    0.040327    0.097563    0.242224 ^ clkbuf_2_3__f_clk/X (sky130_fd_sc_hd__clkbuf_16)
                                                         clknet_2_3__leaf_clk (net)
                      0.040515    0.002029    0.244253 ^ _177_/CLK (sky130_fd_sc_hd__dfrtp_4)
     9    0.040154    0.077168    0.336706    0.580959 v _177_/Q (sky130_fd_sc_hd__dfrtp_4)
                                                         cursor[1] (net)
                      0.077201    0.001651    0.582610 v hold28/A (sky130_fd_sc_hd__dlygate4sd3_1)
     1    0.003515    0.041271    0.382415    0.965025 v hold28/X (sky130_fd_sc_hd__dlygate4sd3_1)
                                                         net69 (net)
                      0.041271    0.000223    0.965248 v _178_/D (sky130_fd_sc_hd__dfrtp_4)
                                              0.965248   data arrival time

                                 25.000000   25.000000   clock clk (rise edge)
                                  0.000000   25.000000   clock source latency
     1    0.014876    0.054748    0.037188   25.037188 ^ clk (in)
                                                         clk (net)
                      0.054762    0.000000   25.037188 ^ clkbuf_0_clk/A (sky130_fd_sc_hd__clkbuf_16)
     4    0.043756    0.047740    0.104889   25.142076 ^ clkbuf_0_clk/X (sky130_fd_sc_hd__clkbuf_16)
                                                         clknet_0_clk (net)
                      0.048025    0.002585   25.144661 ^ clkbuf_2_3__f_clk/A (sky130_fd_sc_hd__clkbuf_16)
    11    0.033260    0.040327    0.097563   25.242224 ^ clkbuf_2_3__f_clk/X (sky130_fd_sc_hd__clkbuf_16)
                                                         clknet_2_3__leaf_clk (net)
                      0.040474    0.001709   25.243933 ^ _178_/CLK (sky130_fd_sc_hd__dfrtp_4)
                                 -0.250000   24.993933   clock uncertainty
                                  0.000000   24.993933   clock reconvergence pessimism
                                 -0.075010   24.918922   library setup time
                                             24.918922   data required time
---------------------------------------------------------------------------------------------
                                             24.918922   data required time
                                             -0.965248   data arrival time
---------------------------------------------------------------------------------------------
                                             23.953676   slack (MET)


Startpoint: _180_ (rising edge-triggered flip-flop clocked by clk)
Endpoint: _181_ (rising edge-triggered flip-flop clocked by clk)
Path Group: clk
Path Type: max

Fanout         Cap        Slew       Delay        Time   Description
---------------------------------------------------------------------------------------------
                                  0.000000    0.000000   clock clk (rise edge)
                                  0.000000    0.000000   clock source latency
     1    0.014876    0.054748    0.037187    0.037187 ^ clk (in)
                                                         clk (net)
                      0.054762    0.000000    0.037187 ^ clkbuf_0_clk/A (sky130_fd_sc_hd__clkbuf_16)
     4    0.043756    0.047740    0.104890    0.142077 ^ clkbuf_0_clk/X (sky130_fd_sc_hd__clkbuf_16)
                                                         clknet_0_clk (net)
                      0.048030    0.002612    0.144689 ^ clkbuf_2_0__f_clk/A (sky130_fd_sc_hd__clkbuf_16)
    10    0.031349    0.039062    0.096426    0.241115 ^ clkbuf_2_0__f_clk/X (sky130_fd_sc_hd__clkbuf_16)
                                                         clknet_2_0__leaf_clk (net)
                      0.039094    0.001014    0.242128 ^ _180_/CLK (sky130_fd_sc_hd__dfrtp_4)
     9    0.041000    0.077430    0.337883    0.580012 v _180_/Q (sky130_fd_sc_hd__dfrtp_4)
                                                         cursor[4] (net)
                      0.077474    0.001749    0.581761 v hold29/A (sky130_fd_sc_hd__dlygate4sd3_1)
     1    0.003007    0.038902    0.379478    0.961239 v hold29/X (sky130_fd_sc_hd__dlygate4sd3_1)
                                                         net70 (net)
                      0.038902    0.000192    0.961431 v _181_/D (sky130_fd_sc_hd__dfrtp_4)
                                              0.961431   data arrival time

                                 25.000000   25.000000   clock clk (rise edge)
                                  0.000000   25.000000   clock source latency
     1    0.014876    0.054748    0.037188   25.037188 ^ clk (in)
                                                         clk (net)
                      0.054762    0.000000   25.037188 ^ clkbuf_0_clk/A (sky130_fd_sc_hd__clkbuf_16)
     4    0.043756    0.047740    0.104889   25.142076 ^ clkbuf_0_clk/X (sky130_fd_sc_hd__clkbuf_16)
                                                         clknet_0_clk (net)
                      0.048030    0.002611   25.144688 ^ clkbuf_2_0__f_clk/A (sky130_fd_sc_hd__clkbuf_16)
    10    0.031349    0.039062    0.096428   25.241116 ^ clkbuf_2_0__f_clk/X (sky130_fd_sc_hd__clkbuf_16)
                                                         clknet_2_0__leaf_clk (net)
                      0.039097    0.001060   25.242176 ^ _181_/CLK (sky130_fd_sc_hd__dfrtp_4)
                                 -0.250000   24.992176   clock uncertainty
                                  0.000000   24.992176   clock reconvergence pessimism
                                 -0.074294   24.917881   library setup time
                                             24.917881   data required time
---------------------------------------------------------------------------------------------
                                             24.917881   data required time
                                             -0.961431   data arrival time
---------------------------------------------------------------------------------------------
                                             23.956450   slack (MET)


Startpoint: _179_ (rising edge-triggered flip-flop clocked by clk)
Endpoint: _180_ (rising edge-triggered flip-flop clocked by clk)
Path Group: clk
Path Type: max

Fanout         Cap        Slew       Delay        Time   Description
---------------------------------------------------------------------------------------------
                                  0.000000    0.000000   clock clk (rise edge)
                                  0.000000    0.000000   clock source latency
     1    0.014876    0.054748    0.037187    0.037187 ^ clk (in)
                                                         clk (net)
                      0.054762    0.000000    0.037187 ^ clkbuf_0_clk/A (sky130_fd_sc_hd__clkbuf_16)
     4    0.043756    0.047740    0.104890    0.142077 ^ clkbuf_0_clk/X (sky130_fd_sc_hd__clkbuf_16)
                                                         clknet_0_clk (net)
                      0.048053    0.002744    0.144821 ^ clkbuf_2_1__f_clk/A (sky130_fd_sc_hd__clkbuf_16)
    10    0.030829    0.038507    0.095924    0.240745 ^ clkbuf_2_1__f_clk/X (sky130_fd_sc_hd__clkbuf_16)
                                                         clknet_2_1__leaf_clk (net)
                      0.038984    0.002589    0.243334 ^ _179_/CLK (sky130_fd_sc_hd__dfrtp_4)
     9    0.040414    0.076589    0.337682    0.581016 v _179_/Q (sky130_fd_sc_hd__dfrtp_4)
                                                         cursor[3] (net)
                      0.076610    0.001242    0.582258 v hold27/A (sky130_fd_sc_hd__dlygate4sd3_1)
     1    0.002558    0.037183    0.376426    0.958684 v hold27/X (sky130_fd_sc_hd__dlygate4sd3_1)
                                                         net68 (net)
                      0.037183    0.000178    0.958862 v _180_/D (sky130_fd_sc_hd__dfrtp_4)
                                              0.958862   data arrival time

                                 25.000000   25.000000   clock clk (rise edge)
                                  0.000000   25.000000   clock source latency
     1    0.014876    0.054748    0.037188   25.037188 ^ clk (in)
                                                         clk (net)
                      0.054762    0.000000   25.037188 ^ clkbuf_0_clk/A (sky130_fd_sc_hd__clkbuf_16)
     4    0.043756    0.047740    0.104889   25.142076 ^ clkbuf_0_clk/X (sky130_fd_sc_hd__clkbuf_16)
                                                         clknet_0_clk (net)
                      0.048030    0.002611   25.144688 ^ clkbuf_2_0__f_clk/A (sky130_fd_sc_hd__clkbuf_16)
    10    0.031349    0.039062    0.096428   25.241116 ^ clkbuf_2_0__f_clk/X (sky130_fd_sc_hd__clkbuf_16)
                                                         clknet_2_0__leaf_clk (net)
                      0.039094    0.001013   25.242126 ^ _180_/CLK (sky130_fd_sc_hd__dfrtp_4)
                                 -0.250000   24.992128   clock uncertainty
                                  0.000000   24.992128   clock reconvergence pessimism
                                 -0.073681   24.918447   library setup time
                                             24.918447   data required time
---------------------------------------------------------------------------------------------
                                             24.918447   data required time
                                             -0.958862   data arrival time
---------------------------------------------------------------------------------------------
                                             23.959585   slack (MET)


Startpoint: _181_ (rising edge-triggered flip-flop clocked by clk)
Endpoint: _176_ (rising edge-triggered flip-flop clocked by clk)
Path Group: clk
Path Type: max

Fanout         Cap        Slew       Delay        Time   Description
---------------------------------------------------------------------------------------------
                                  0.000000    0.000000   clock clk (rise edge)
                                  0.000000    0.000000   clock source latency
     1    0.014876    0.054748    0.037187    0.037187 ^ clk (in)
                                                         clk (net)
                      0.054762    0.000000    0.037187 ^ clkbuf_0_clk/A (sky130_fd_sc_hd__clkbuf_16)
     4    0.043756    0.047740    0.104890    0.142077 ^ clkbuf_0_clk/X (sky130_fd_sc_hd__clkbuf_16)
                                                         clknet_0_clk (net)
                      0.048030    0.002612    0.144689 ^ clkbuf_2_0__f_clk/A (sky130_fd_sc_hd__clkbuf_16)
    10    0.031349    0.039062    0.096426    0.241115 ^ clkbuf_2_0__f_clk/X (sky130_fd_sc_hd__clkbuf_16)
                                                         clknet_2_0__leaf_clk (net)
                      0.039097    0.001061    0.242176 ^ _181_/CLK (sky130_fd_sc_hd__dfrtp_4)
     9    0.041254    0.077571    0.338367    0.580543 v _181_/Q (sky130_fd_sc_hd__dfrtp_4)
                                                         cursor[5] (net)
                      0.077657    0.002329    0.582871 v hold30/A (sky130_fd_sc_hd__dlygate4sd3_1)
     1    0.004127    0.043171    0.385571    0.968442 v hold30/X (sky130_fd_sc_hd__dlygate4sd3_1)
                                                         net71 (net)
                      0.043171    0.000261    0.968703 v _176_/D (sky130_fd_sc_hd__dfstp_2)
                                              0.968703   data arrival time

                                 25.000000   25.000000   clock clk (rise edge)
                                  0.000000   25.000000   clock source latency
     1    0.014876    0.054748    0.037188   25.037188 ^ clk (in)
                                                         clk (net)
                      0.054762    0.000000   25.037188 ^ clkbuf_0_clk/A (sky130_fd_sc_hd__clkbuf_16)
     4    0.043756    0.047740    0.104889   25.142076 ^ clkbuf_0_clk/X (sky130_fd_sc_hd__clkbuf_16)
                                                         clknet_0_clk (net)
                      0.048030    0.002611   25.144688 ^ clkbuf_2_0__f_clk/A (sky130_fd_sc_hd__clkbuf_16)
    10    0.031349    0.039062    0.096428   25.241116 ^ clkbuf_2_0__f_clk/X (sky130_fd_sc_hd__clkbuf_16)
                                                         clknet_2_0__leaf_clk (net)
                      0.039206    0.002132   25.243246 ^ _176_/CLK (sky130_fd_sc_hd__dfstp_2)
                                 -0.250000   24.993248   clock uncertainty
                                  0.000000   24.993248   clock reconvergence pessimism
                                 -0.050776   24.942471   library setup time
                                             24.942471   data required time
---------------------------------------------------------------------------------------------
                                             24.942471   data required time
                                             -0.968703   data arrival time
---------------------------------------------------------------------------------------------
                                             23.973768   slack (MET)



