
===========================================================================
report_checks -path_delay min (Hold)
============================================================================
======================= nom_tt_025C_1v80 Corner ===================================

Startpoint: _176_ (rising edge-triggered flip-flop clocked by clk)
Endpoint: _177_ (rising edge-triggered flip-flop clocked by clk)
Path Group: clk
Path Type: min

Fanout         Cap        Slew       Delay        Time   Description
---------------------------------------------------------------------------------------------
                      0.150000    0.000000    0.000000   clock clk (rise edge)
                                  0.000000    0.000000   clock network delay (ideal)
                      0.150000    0.000000    0.000000 ^ _176_/CLK (sky130_fd_sc_hd__dfstp_2)
     9    0.020009    0.057341    0.427381    0.427381 v _176_/Q (sky130_fd_sc_hd__dfstp_2)
                                                         cursor[0] (net)
                      0.057341    0.000000    0.427381 v _177_/D (sky130_fd_sc_hd__dfrtp_2)
                                              0.427381   data arrival time

                      0.150000    0.000000    0.000000   clock clk (rise edge)
                                  0.000000    0.000000   clock network delay (ideal)
                                  0.250000    0.250000   clock uncertainty
                                  0.000000    0.250000   clock reconvergence pessimism
                                              0.250000 ^ _177_/CLK (sky130_fd_sc_hd__dfrtp_2)
                                 -0.023180    0.226820   library hold time
                                              0.226820   data required time
---------------------------------------------------------------------------------------------
                                              0.226820   data required time
                                             -0.427381   data arrival time
---------------------------------------------------------------------------------------------
                                              0.200561   slack (MET)


Startpoint: _181_ (rising edge-triggered flip-flop clocked by clk)
Endpoint: _176_ (rising edge-triggered flip-flop clocked by clk)
Path Group: clk
Path Type: min

Fanout         Cap        Slew       Delay        Time   Description
---------------------------------------------------------------------------------------------
                      0.150000    0.000000    0.000000   clock clk (rise edge)
                                  0.000000    0.000000   clock network delay (ideal)
                      0.150000    0.000000    0.000000 ^ _181_/CLK (sky130_fd_sc_hd__dfrtp_2)
     9    0.020293    0.081916    0.472914    0.472914 v _181_/Q (sky130_fd_sc_hd__dfrtp_2)
                                                         cursor[5] (net)
                      0.081916    0.000000    0.472914 v _176_/D (sky130_fd_sc_hd__dfstp_2)
                                              0.472914   data arrival time

                      0.150000    0.000000    0.000000   clock clk (rise edge)
                                  0.000000    0.000000   clock network delay (ideal)
                                  0.250000    0.250000   clock uncertainty
                                  0.000000    0.250000   clock reconvergence pessimism
                                              0.250000 ^ _176_/CLK (sky130_fd_sc_hd__dfstp_2)
                                  0.003712    0.253712   library hold time
                                              0.253712   data required time
---------------------------------------------------------------------------------------------
                                              0.253712   data required time
                                             -0.472914   data arrival time
---------------------------------------------------------------------------------------------
                                              0.219201   slack (MET)


Startpoint: _167_ (rising edge-triggered flip-flop clocked by clk)
Endpoint: _167_ (rising edge-triggered flip-flop clocked by clk)
Path Group: clk
Path Type: min

Fanout         Cap        Slew       Delay        Time   Description
---------------------------------------------------------------------------------------------
                      0.150000    0.000000    0.000000   clock clk (rise edge)
                                  0.000000    0.000000   clock network delay (ideal)
                      0.150000    0.000000    0.000000 ^ _167_/CLK (sky130_fd_sc_hd__dfrtp_2)
     2    0.005068    0.049770    0.379949    0.379949 ^ _167_/Q (sky130_fd_sc_hd__dfrtp_2)
                                                         mem3[0] (net)
                      0.049770    0.000000    0.379949 ^ _103_/B1 (sky130_fd_sc_hd__a21o_2)
     1    0.002005    0.023231    0.077431    0.457381 ^ _103_/X (sky130_fd_sc_hd__a21o_2)
                                                         nxt3[0] (net)
                      0.023231    0.000000    0.457381 ^ _167_/D (sky130_fd_sc_hd__dfrtp_2)
                                              0.457381   data arrival time

                      0.150000    0.000000    0.000000   clock clk (rise edge)
                                  0.000000    0.000000   clock network delay (ideal)
                                  0.250000    0.250000   clock uncertainty
                                  0.000000    0.250000   clock reconvergence pessimism
                                              0.250000 ^ _167_/CLK (sky130_fd_sc_hd__dfrtp_2)
                                 -0.015879    0.234121   library hold time
                                              0.234121   data required time
---------------------------------------------------------------------------------------------
                                              0.234121   data required time
                                             -0.457381   data arrival time
---------------------------------------------------------------------------------------------
                                              0.223259   slack (MET)


Startpoint: _168_ (rising edge-triggered flip-flop clocked by clk)
Endpoint: _168_ (rising edge-triggered flip-flop clocked by clk)
Path Group: clk
Path Type: min

Fanout         Cap        Slew       Delay        Time   Description
---------------------------------------------------------------------------------------------
                      0.150000    0.000000    0.000000   clock clk (rise edge)
                                  0.000000    0.000000   clock network delay (ideal)
                      0.150000    0.000000    0.000000 ^ _168_/CLK (sky130_fd_sc_hd__dfrtp_2)
     2    0.005068    0.049770    0.379949    0.379949 ^ _168_/Q (sky130_fd_sc_hd__dfrtp_2)
                                                         mem3[1] (net)
                      0.049770    0.000000    0.379949 ^ _105_/B1 (sky130_fd_sc_hd__a21o_2)
     1    0.002005    0.023231    0.077431    0.457381 ^ _105_/X (sky130_fd_sc_hd__a21o_2)
                                                         nxt3[1] (net)
                      0.023231    0.000000    0.457381 ^ _168_/D (sky130_fd_sc_hd__dfrtp_2)
                                              0.457381   data arrival time

                      0.150000    0.000000    0.000000   clock clk (rise edge)
                                  0.000000    0.000000   clock network delay (ideal)
                                  0.250000    0.250000   clock uncertainty
                                  0.000000    0.250000   clock reconvergence pessimism
                                              0.250000 ^ _168_/CLK (sky130_fd_sc_hd__dfrtp_2)
                                 -0.015879    0.234121   library hold time
                                              0.234121   data required time
---------------------------------------------------------------------------------------------
                                              0.234121   data required time
                                             -0.457381   data arrival time
---------------------------------------------------------------------------------------------
                                              0.223259   slack (MET)


Startpoint: _169_ (rising edge-triggered flip-flop clocked by clk)
Endpoint: _169_ (rising edge-triggered flip-flop clocked by clk)
Path Group: clk
Path Type: min

Fanout         Cap        Slew       Delay        Time   Description
---------------------------------------------------------------------------------------------
                      0.150000    0.000000    0.000000   clock clk (rise edge)
                                  0.000000    0.000000   clock network delay (ideal)
                      0.150000    0.000000    0.000000 ^ _169_/CLK (sky130_fd_sc_hd__dfrtp_2)
     2    0.005068    0.049770    0.379949    0.379949 ^ _169_/Q (sky130_fd_sc_hd__dfrtp_2)
                                                         mem3[2] (net)
                      0.049770    0.000000    0.379949 ^ _107_/B1 (sky130_fd_sc_hd__a21o_2)
     1    0.002005    0.023231    0.077431    0.457381 ^ _107_/X (sky130_fd_sc_hd__a21o_2)
                                                         nxt3[2] (net)
                      0.023231    0.000000    0.457381 ^ _169_/D (sky130_fd_sc_hd__dfrtp_2)
                                              0.457381   data arrival time

                      0.150000    0.000000    0.000000   clock clk (rise edge)
                                  0.000000    0.000000   clock network delay (ideal)
                                  0.250000    0.250000   clock uncertainty
                                  0.000000    0.250000   clock reconvergence pessimism
                                              0.250000 ^ _169_/CLK (sky130_fd_sc_hd__dfrtp_2)
                                 -0.015879    0.234121   library hold time
                                              0.234121   data required time
---------------------------------------------------------------------------------------------
                                              0.234121   data required time
                                             -0.457381   data arrival time
---------------------------------------------------------------------------------------------
                                              0.223259   slack (MET)


Startpoint: _170_ (rising edge-triggered flip-flop clocked by clk)
Endpoint: _170_ (rising edge-triggered flip-flop clocked by clk)
Path Group: clk
Path Type: min

Fanout         Cap        Slew       Delay        Time   Description
---------------------------------------------------------------------------------------------
                      0.150000    0.000000    0.000000   clock clk (rise edge)
                                  0.000000    0.000000   clock network delay (ideal)
                      0.150000    0.000000    0.000000 ^ _170_/CLK (sky130_fd_sc_hd__dfrtp_2)
     2    0.005068    0.049770    0.379949    0.379949 ^ _170_/Q (sky130_fd_sc_hd__dfrtp_2)
                                                         mem3[3] (net)
                      0.049770    0.000000    0.379949 ^ _109_/B1 (sky130_fd_sc_hd__a21o_2)
     1    0.002005    0.023231    0.077431    0.457381 ^ _109_/X (sky130_fd_sc_hd__a21o_2)
                                                         nxt3[3] (net)
                      0.023231    0.000000    0.457381 ^ _170_/D (sky130_fd_sc_hd__dfrtp_2)
                                              0.457381   data arrival time

                      0.150000    0.000000    0.000000   clock clk (rise edge)
                                  0.000000    0.000000   clock network delay (ideal)
                                  0.250000    0.250000   clock uncertainty
                                  0.000000    0.250000   clock reconvergence pessimism
                                              0.250000 ^ _170_/CLK (sky130_fd_sc_hd__dfrtp_2)
                                 -0.015879    0.234121   library hold time
                                              0.234121   data required time
---------------------------------------------------------------------------------------------
                                              0.234121   data required time
                                             -0.457381   data arrival time
---------------------------------------------------------------------------------------------
                                              0.223259   slack (MET)


Startpoint: _171_ (rising edge-triggered flip-flop clocked by clk)
Endpoint: _171_ (rising edge-triggered flip-flop clocked by clk)
Path Group: clk
Path Type: min

Fanout         Cap        Slew       Delay        Time   Description
---------------------------------------------------------------------------------------------
                      0.150000    0.000000    0.000000   clock clk (rise edge)
                                  0.000000    0.000000   clock network delay (ideal)
                      0.150000    0.000000    0.000000 ^ _171_/CLK (sky130_fd_sc_hd__dfrtp_2)
     2    0.005068    0.049770    0.379949    0.379949 ^ _171_/Q (sky130_fd_sc_hd__dfrtp_2)
                                                         mem3[4] (net)
                      0.049770    0.000000    0.379949 ^ _111_/B1 (sky130_fd_sc_hd__a21o_2)
     1    0.002005    0.023231    0.077431    0.457381 ^ _111_/X (sky130_fd_sc_hd__a21o_2)
                                                         nxt3[4] (net)
                      0.023231    0.000000    0.457381 ^ _171_/D (sky130_fd_sc_hd__dfrtp_2)
                                              0.457381   data arrival time

                      0.150000    0.000000    0.000000   clock clk (rise edge)
                                  0.000000    0.000000   clock network delay (ideal)
                                  0.250000    0.250000   clock uncertainty
                                  0.000000    0.250000   clock reconvergence pessimism
                                              0.250000 ^ _171_/CLK (sky130_fd_sc_hd__dfrtp_2)
                                 -0.015879    0.234121   library hold time
                                              0.234121   data required time
---------------------------------------------------------------------------------------------
                                              0.234121   data required time
                                             -0.457381   data arrival time
---------------------------------------------------------------------------------------------
                                              0.223259   slack (MET)


Startpoint: _172_ (rising edge-triggered flip-flop clocked by clk)
Endpoint: _172_ (rising edge-triggered flip-flop clocked by clk)
Path Group: clk
Path Type: min

Fanout         Cap        Slew       Delay        Time   Description
---------------------------------------------------------------------------------------------
                      0.150000    0.000000    0.000000   clock clk (rise edge)
                                  0.000000    0.000000   clock network delay (ideal)
                      0.150000    0.000000    0.000000 ^ _172_/CLK (sky130_fd_sc_hd__dfrtp_2)
     2    0.005068    0.049770    0.379949    0.379949 ^ _172_/Q (sky130_fd_sc_hd__dfrtp_2)
                                                         mem3[5] (net)
                      0.049770    0.000000    0.379949 ^ _113_/B1 (sky130_fd_sc_hd__a21o_2)
     1    0.002005    0.023231    0.077431    0.457381 ^ _113_/X (sky130_fd_sc_hd__a21o_2)
                                                         nxt3[5] (net)
                      0.023231    0.000000    0.457381 ^ _172_/D (sky130_fd_sc_hd__dfrtp_2)
                                              0.457381   data arrival time

                      0.150000    0.000000    0.000000   clock clk (rise edge)
                                  0.000000    0.000000   clock network delay (ideal)
                                  0.250000    0.250000   clock uncertainty
                                  0.000000    0.250000   clock reconvergence pessimism
                                              0.250000 ^ _172_/CLK (sky130_fd_sc_hd__dfrtp_2)
                                 -0.015879    0.234121   library hold time
                                              0.234121   data required time
---------------------------------------------------------------------------------------------
                                              0.234121   data required time
                                             -0.457381   data arrival time
---------------------------------------------------------------------------------------------
                                              0.223259   slack (MET)


Startpoint: _177_ (rising edge-triggered flip-flop clocked by clk)
Endpoint: _178_ (rising edge-triggered flip-flop clocked by clk)
Path Group: clk
Path Type: min

Fanout         Cap        Slew       Delay        Time   Description
---------------------------------------------------------------------------------------------
                      0.150000    0.000000    0.000000   clock clk (rise edge)
                                  0.000000    0.000000   clock network delay (ideal)
                      0.150000    0.000000    0.000000 ^ _177_/CLK (sky130_fd_sc_hd__dfrtp_2)
     9    0.021809    0.121628    0.444056    0.444056 ^ _177_/Q (sky130_fd_sc_hd__dfrtp_2)
                                                         cursor[1] (net)
                      0.121628    0.000000    0.444056 ^ _178_/D (sky130_fd_sc_hd__dfrtp_2)
                                              0.444056   data arrival time

                      0.150000    0.000000    0.000000   clock clk (rise edge)
                                  0.000000    0.000000   clock network delay (ideal)
                                  0.250000    0.250000   clock uncertainty
                                  0.000000    0.250000   clock reconvergence pessimism
                                              0.250000 ^ _178_/CLK (sky130_fd_sc_hd__dfrtp_2)
                                 -0.035995    0.214005   library hold time
                                              0.214005   data required time
---------------------------------------------------------------------------------------------
                                              0.214005   data required time
                                             -0.444056   data arrival time
---------------------------------------------------------------------------------------------
                                              0.230051   slack (MET)


Startpoint: _178_ (rising edge-triggered flip-flop clocked by clk)
Endpoint: _179_ (rising edge-triggered flip-flop clocked by clk)
Path Group: clk
Path Type: min

Fanout         Cap        Slew       Delay        Time   Description
---------------------------------------------------------------------------------------------
                      0.150000    0.000000    0.000000   clock clk (rise edge)
                                  0.000000    0.000000   clock network delay (ideal)
                      0.150000    0.000000    0.000000 ^ _178_/CLK (sky130_fd_sc_hd__dfrtp_2)
     9    0.021809    0.121628    0.444056    0.444056 ^ _178_/Q (sky130_fd_sc_hd__dfrtp_2)
                                                         cursor[2] (net)
                      0.121628    0.000000    0.444056 ^ _179_/D (sky130_fd_sc_hd__dfrtp_2)
                                              0.444056   data arrival time

                      0.150000    0.000000    0.000000   clock clk (rise edge)
                                  0.000000    0.000000   clock network delay (ideal)
                                  0.250000    0.250000   clock uncertainty
                                  0.000000    0.250000   clock reconvergence pessimism
                                              0.250000 ^ _179_/CLK (sky130_fd_sc_hd__dfrtp_2)
                                 -0.035995    0.214005   library hold time
                                              0.214005   data required time
---------------------------------------------------------------------------------------------
                                              0.214005   data required time
                                             -0.444056   data arrival time
---------------------------------------------------------------------------------------------
                                              0.230051   slack (MET)


Startpoint: _179_ (rising edge-triggered flip-flop clocked by clk)
Endpoint: _180_ (rising edge-triggered flip-flop clocked by clk)
Path Group: clk
Path Type: min

Fanout         Cap        Slew       Delay        Time   Description
---------------------------------------------------------------------------------------------
                      0.150000    0.000000    0.000000   clock clk (rise edge)
                                  0.000000    0.000000   clock network delay (ideal)
                      0.150000    0.000000    0.000000 ^ _179_/CLK (sky130_fd_sc_hd__dfrtp_2)
     9    0.021809    0.121628    0.444056    0.444056 ^ _179_/Q (sky130_fd_sc_hd__dfrtp_2)
                                                         cursor[3] (net)
                      0.121628    0.000000    0.444056 ^ _180_/D (sky130_fd_sc_hd__dfrtp_2)
                                              0.444056   data arrival time

                      0.150000    0.000000    0.000000   clock clk (rise edge)
                                  0.000000    0.000000   clock network delay (ideal)
                                  0.250000    0.250000   clock uncertainty
                                  0.000000    0.250000   clock reconvergence pessimism
                                              0.250000 ^ _180_/CLK (sky130_fd_sc_hd__dfrtp_2)
                                 -0.035995    0.214005   library hold time
                                              0.214005   data required time
---------------------------------------------------------------------------------------------
                                              0.214005   data required time
                                             -0.444056   data arrival time
---------------------------------------------------------------------------------------------
                                              0.230051   slack (MET)


Startpoint: _180_ (rising edge-triggered flip-flop clocked by clk)
Endpoint: _181_ (rising edge-triggered flip-flop clocked by clk)
Path Group: clk
Path Type: min

Fanout         Cap        Slew       Delay        Time   Description
---------------------------------------------------------------------------------------------
                      0.150000    0.000000    0.000000   clock clk (rise edge)
                                  0.000000    0.000000   clock network delay (ideal)
                      0.150000    0.000000    0.000000 ^ _180_/CLK (sky130_fd_sc_hd__dfrtp_2)
     9    0.021809    0.121628    0.444056    0.444056 ^ _180_/Q (sky130_fd_sc_hd__dfrtp_2)
                                                         cursor[4] (net)
                      0.121628    0.000000    0.444056 ^ _181_/D (sky130_fd_sc_hd__dfrtp_2)
                                              0.444056   data arrival time

                      0.150000    0.000000    0.000000   clock clk (rise edge)
                                  0.000000    0.000000   clock network delay (ideal)
                                  0.250000    0.250000   clock uncertainty
                                  0.000000    0.250000   clock reconvergence pessimism
                                              0.250000 ^ _181_/CLK (sky130_fd_sc_hd__dfrtp_2)
                                 -0.035995    0.214005   library hold time
                                              0.214005   data required time
---------------------------------------------------------------------------------------------
                                              0.214005   data required time
                                             -0.444056   data arrival time
---------------------------------------------------------------------------------------------
                                              0.230051   slack (MET)


Startpoint: _149_ (rising edge-triggered flip-flop clocked by clk)
Endpoint: _149_ (rising edge-triggered flip-flop clocked by clk)
Path Group: clk
Path Type: min

Fanout         Cap        Slew       Delay        Time   Description
---------------------------------------------------------------------------------------------
                      0.150000    0.000000    0.000000   clock clk (rise edge)
                                  0.000000    0.000000   clock network delay (ideal)
                      0.150000    0.000000    0.000000 ^ _149_/CLK (sky130_fd_sc_hd__dfrtp_2)
     2    0.005068    0.049770    0.379949    0.379949 ^ _149_/Q (sky130_fd_sc_hd__dfrtp_2)
                                                         mem0[0] (net)
                      0.049770    0.000000    0.379949 ^ _059_/B1 (sky130_fd_sc_hd__a21o_2)
     2    0.003452    0.029681    0.083455    0.463405 ^ _059_/X (sky130_fd_sc_hd__a21o_2)
                                                         nxt0[0] (net)
                      0.029681    0.000000    0.463405 ^ _149_/D (sky130_fd_sc_hd__dfrtp_2)
                                              0.463405   data arrival time

                      0.150000    0.000000    0.000000   clock clk (rise edge)
                                  0.000000    0.000000   clock network delay (ideal)
                                  0.250000    0.250000   clock uncertainty
                                  0.000000    0.250000   clock reconvergence pessimism
                                              0.250000 ^ _149_/CLK (sky130_fd_sc_hd__dfrtp_2)
                                 -0.017197    0.232803   library hold time
                                              0.232803   data required time
---------------------------------------------------------------------------------------------
                                              0.232803   data required time
                                             -0.463405   data arrival time
---------------------------------------------------------------------------------------------
                                              0.230602   slack (MET)


Startpoint: _155_ (rising edge-triggered flip-flop clocked by clk)
Endpoint: _155_ (rising edge-triggered flip-flop clocked by clk)
Path Group: clk
Path Type: min

Fanout         Cap        Slew       Delay        Time   Description
---------------------------------------------------------------------------------------------
                      0.150000    0.000000    0.000000   clock clk (rise edge)
                                  0.000000    0.000000   clock network delay (ideal)
                      0.150000    0.000000    0.000000 ^ _155_/CLK (sky130_fd_sc_hd__dfrtp_2)
     2    0.005068    0.049770    0.379949    0.379949 ^ _155_/Q (sky130_fd_sc_hd__dfrtp_2)
                                                         mem1[0] (net)
                      0.049770    0.000000    0.379949 ^ _073_/B1 (sky130_fd_sc_hd__a21o_2)
     2    0.003452    0.029681    0.083455    0.463405 ^ _073_/X (sky130_fd_sc_hd__a21o_2)
                                                         nxt1[0] (net)
                      0.029681    0.000000    0.463405 ^ _155_/D (sky130_fd_sc_hd__dfrtp_2)
                                              0.463405   data arrival time

                      0.150000    0.000000    0.000000   clock clk (rise edge)
                                  0.000000    0.000000   clock network delay (ideal)
                                  0.250000    0.250000   clock uncertainty
                                  0.000000    0.250000   clock reconvergence pessimism
                                              0.250000 ^ _155_/CLK (sky130_fd_sc_hd__dfrtp_2)
                                 -0.017197    0.232803   library hold time
                                              0.232803   data required time
---------------------------------------------------------------------------------------------
                                              0.232803   data required time
                                             -0.463405   data arrival time
---------------------------------------------------------------------------------------------
                                              0.230602   slack (MET)


Startpoint: _161_ (rising edge-triggered flip-flop clocked by clk)
Endpoint: _161_ (rising edge-triggered flip-flop clocked by clk)
Path Group: clk
Path Type: min

Fanout         Cap        Slew       Delay        Time   Description
---------------------------------------------------------------------------------------------
                      0.150000    0.000000    0.000000   clock clk (rise edge)
                                  0.000000    0.000000   clock network delay (ideal)
                      0.150000    0.000000    0.000000 ^ _161_/CLK (sky130_fd_sc_hd__dfrtp_2)
     2    0.005068    0.049770    0.379949    0.379949 ^ _161_/Q (sky130_fd_sc_hd__dfrtp_2)
                                                         mem2[0] (net)
                      0.049770    0.000000    0.379949 ^ _088_/B1 (sky130_fd_sc_hd__a21o_2)
     2    0.003452    0.029681    0.083455    0.463405 ^ _088_/X (sky130_fd_sc_hd__a21o_2)
                                                         nxt2[0] (net)
                      0.029681    0.000000    0.463405 ^ _161_/D (sky130_fd_sc_hd__dfrtp_2)
                                              0.463405   data arrival time

                      0.150000    0.000000    0.000000   clock clk (rise edge)
                                  0.000000    0.000000   clock network delay (ideal)
                                  0.250000    0.250000   clock uncertainty
                                  0.000000    0.250000   clock reconvergence pessimism
                                              0.250000 ^ _161_/CLK (sky130_fd_sc_hd__dfrtp_2)
                                 -0.017197    0.232803   library hold time
                                              0.232803   data required time
---------------------------------------------------------------------------------------------
                                              0.232803   data required time
                                             -0.463405   data arrival time
---------------------------------------------------------------------------------------------
                                              0.230602   slack (MET)


Startpoint: _151_ (rising edge-triggered flip-flop clocked by clk)
Endpoint: _151_ (rising edge-triggered flip-flop clocked by clk)
Path Group: clk
Path Type: min

Fanout         Cap        Slew       Delay        Time   Description
---------------------------------------------------------------------------------------------
                      0.150000    0.000000    0.000000   clock clk (rise edge)
                                  0.000000    0.000000   clock network delay (ideal)
                      0.150000    0.000000    0.000000 ^ _151_/CLK (sky130_fd_sc_hd__dfrtp_2)
     2    0.005068    0.049770    0.379949    0.379949 ^ _151_/Q (sky130_fd_sc_hd__dfrtp_2)
                                                         mem0[2] (net)
                      0.049770    0.000000    0.379949 ^ _063_/B1 (sky130_fd_sc_hd__a21o_2)
     2    0.003515    0.029961    0.083718    0.463667 ^ _063_/X (sky130_fd_sc_hd__a21o_2)
                                                         nxt0[2] (net)
                      0.029961    0.000000    0.463667 ^ _151_/D (sky130_fd_sc_hd__dfrtp_2)
                                              0.463667   data arrival time

                      0.150000    0.000000    0.000000   clock clk (rise edge)
                                  0.000000    0.000000   clock network delay (ideal)
                                  0.250000    0.250000   clock uncertainty
                                  0.000000    0.250000   clock reconvergence pessimism
                                              0.250000 ^ _151_/CLK (sky130_fd_sc_hd__dfrtp_2)
                                 -0.017255    0.232745   library hold time
                                              0.232745   data required time
---------------------------------------------------------------------------------------------
                                              0.232745   data required time
                                             -0.463667   data arrival time
---------------------------------------------------------------------------------------------
                                              0.230922   slack (MET)


Startpoint: _157_ (rising edge-triggered flip-flop clocked by clk)
Endpoint: _157_ (rising edge-triggered flip-flop clocked by clk)
Path Group: clk
Path Type: min

Fanout         Cap        Slew       Delay        Time   Description
---------------------------------------------------------------------------------------------
                      0.150000    0.000000    0.000000   clock clk (rise edge)
                                  0.000000    0.000000   clock network delay (ideal)
                      0.150000    0.000000    0.000000 ^ _157_/CLK (sky130_fd_sc_hd__dfrtp_2)
     2    0.005068    0.049770    0.379949    0.379949 ^ _157_/Q (sky130_fd_sc_hd__dfrtp_2)
                                                         mem1[2] (net)
                      0.049770    0.000000    0.379949 ^ _077_/B1 (sky130_fd_sc_hd__a21o_2)
     2    0.003515    0.029961    0.083718    0.463667 ^ _077_/X (sky130_fd_sc_hd__a21o_2)
                                                         nxt1[2] (net)
                      0.029961    0.000000    0.463667 ^ _157_/D (sky130_fd_sc_hd__dfrtp_2)
                                              0.463667   data arrival time

                      0.150000    0.000000    0.000000   clock clk (rise edge)
                                  0.000000    0.000000   clock network delay (ideal)
                                  0.250000    0.250000   clock uncertainty
                                  0.000000    0.250000   clock reconvergence pessimism
                                              0.250000 ^ _157_/CLK (sky130_fd_sc_hd__dfrtp_2)
                                 -0.017255    0.232745   library hold time
                                              0.232745   data required time
---------------------------------------------------------------------------------------------
                                              0.232745   data required time
                                             -0.463667   data arrival time
---------------------------------------------------------------------------------------------
                                              0.230922   slack (MET)


Startpoint: _163_ (rising edge-triggered flip-flop clocked by clk)
Endpoint: _163_ (rising edge-triggered flip-flop clocked by clk)
Path Group: clk
Path Type: min

Fanout         Cap        Slew       Delay        Time   Description
---------------------------------------------------------------------------------------------
                      0.150000    0.000000    0.000000   clock clk (rise edge)
                                  0.000000    0.000000   clock network delay (ideal)
                      0.150000    0.000000    0.000000 ^ _163_/CLK (sky130_fd_sc_hd__dfrtp_2)
     2    0.005068    0.049770    0.379949    0.379949 ^ _163_/Q (sky130_fd_sc_hd__dfrtp_2)
                                                         mem2[2] (net)
                      0.049770    0.000000    0.379949 ^ _092_/B1 (sky130_fd_sc_hd__a21o_2)
     2    0.003515    0.029961    0.083718    0.463667 ^ _092_/X (sky130_fd_sc_hd__a21o_2)
                                                         nxt2[2] (net)
                      0.029961    0.000000    0.463667 ^ _163_/D (sky130_fd_sc_hd__dfrtp_2)
                                              0.463667   data arrival time

                      0.150000    0.000000    0.000000   clock clk (rise edge)
                                  0.000000    0.000000   clock network delay (ideal)
                                  0.250000    0.250000   clock uncertainty
                                  0.000000    0.250000   clock reconvergence pessimism
                                              0.250000 ^ _163_/CLK (sky130_fd_sc_hd__dfrtp_2)
                                 -0.017255    0.232745   library hold time
                                              0.232745   data required time
---------------------------------------------------------------------------------------------
                                              0.232745   data required time
                                             -0.463667   data arrival time
---------------------------------------------------------------------------------------------
                                              0.230922   slack (MET)


Startpoint: _150_ (rising edge-triggered flip-flop clocked by clk)
Endpoint: _150_ (rising edge-triggered flip-flop clocked by clk)
Path Group: clk
Path Type: min

Fanout         Cap        Slew       Delay        Time   Description
---------------------------------------------------------------------------------------------
                      0.150000    0.000000    0.000000   clock clk (rise edge)
                                  0.000000    0.000000   clock network delay (ideal)
                      0.150000    0.000000    0.000000 ^ _150_/CLK (sky130_fd_sc_hd__dfrtp_2)
     2    0.005068    0.049770    0.379949    0.379949 ^ _150_/Q (sky130_fd_sc_hd__dfrtp_2)
                                                         mem0[1] (net)
                      0.049770    0.000000    0.379949 ^ _061_/B1 (sky130_fd_sc_hd__a21o_2)
     2    0.003540    0.030073    0.083822    0.463771 ^ _061_/X (sky130_fd_sc_hd__a21o_2)
                                                         nxt0[1] (net)
                      0.030073    0.000000    0.463771 ^ _150_/D (sky130_fd_sc_hd__dfrtp_2)
                                              0.463771   data arrival time

                      0.150000    0.000000    0.000000   clock clk (rise edge)
                                  0.000000    0.000000   clock network delay (ideal)
                                  0.250000    0.250000   clock uncertainty
                                  0.000000    0.250000   clock reconvergence pessimism
                                              0.250000 ^ _150_/CLK (sky130_fd_sc_hd__dfrtp_2)
                                 -0.017278    0.232722   library hold time
                                              0.232722   data required time
---------------------------------------------------------------------------------------------
                                              0.232722   data required time
                                             -0.463771   data arrival time
---------------------------------------------------------------------------------------------
                                              0.231049   slack (MET)


Startpoint: _156_ (rising edge-triggered flip-flop clocked by clk)
Endpoint: _156_ (rising edge-triggered flip-flop clocked by clk)
Path Group: clk
Path Type: min

Fanout         Cap        Slew       Delay        Time   Description
---------------------------------------------------------------------------------------------
                      0.150000    0.000000    0.000000   clock clk (rise edge)
                                  0.000000    0.000000   clock network delay (ideal)
                      0.150000    0.000000    0.000000 ^ _156_/CLK (sky130_fd_sc_hd__dfrtp_2)
     2    0.005068    0.049770    0.379949    0.379949 ^ _156_/Q (sky130_fd_sc_hd__dfrtp_2)
                                                         mem1[1] (net)
                      0.049770    0.000000    0.379949 ^ _075_/B1 (sky130_fd_sc_hd__a21o_2)
     2    0.003540    0.030073    0.083822    0.463771 ^ _075_/X (sky130_fd_sc_hd__a21o_2)
                                                         nxt1[1] (net)
                      0.030073    0.000000    0.463771 ^ _156_/D (sky130_fd_sc_hd__dfrtp_2)
                                              0.463771   data arrival time

                      0.150000    0.000000    0.000000   clock clk (rise edge)
                                  0.000000    0.000000   clock network delay (ideal)
                                  0.250000    0.250000   clock uncertainty
                                  0.000000    0.250000   clock reconvergence pessimism
                                              0.250000 ^ _156_/CLK (sky130_fd_sc_hd__dfrtp_2)
                                 -0.017278    0.232722   library hold time
                                              0.232722   data required time
---------------------------------------------------------------------------------------------
                                              0.232722   data required time
                                             -0.463771   data arrival time
---------------------------------------------------------------------------------------------
                                              0.231049   slack (MET)


Startpoint: _162_ (rising edge-triggered flip-flop clocked by clk)
Endpoint: _162_ (rising edge-triggered flip-flop clocked by clk)
Path Group: clk
Path Type: min

Fanout         Cap        Slew       Delay        Time   Description
---------------------------------------------------------------------------------------------
                      0.150000    0.000000    0.000000   clock clk (rise edge)
                                  0.000000    0.000000   clock network delay (ideal)
                      0.150000    0.000000    0.000000 ^ _162_/CLK (sky130_fd_sc_hd__dfrtp_2)
     2    0.005068    0.049770    0.379949    0.379949 ^ _162_/Q (sky130_fd_sc_hd__dfrtp_2)
                                                         mem2[1] (net)
                      0.049770    0.000000    0.379949 ^ _090_/B1 (sky130_fd_sc_hd__a21o_2)
     2    0.003540    0.030073    0.083822    0.463771 ^ _090_/X (sky130_fd_sc_hd__a21o_2)
                                                         nxt2[1] (net)
                      0.030073    0.000000    0.463771 ^ _162_/D (sky130_fd_sc_hd__dfrtp_2)
                                              0.463771   data arrival time

                      0.150000    0.000000    0.000000   clock clk (rise edge)
                                  0.000000    0.000000   clock network delay (ideal)
                                  0.250000    0.250000   clock uncertainty
                                  0.000000    0.250000   clock reconvergence pessimism
                                              0.250000 ^ _162_/CLK (sky130_fd_sc_hd__dfrtp_2)
                                 -0.017278    0.232722   library hold time
                                              0.232722   data required time
---------------------------------------------------------------------------------------------
                                              0.232722   data required time
                                             -0.463771   data arrival time
---------------------------------------------------------------------------------------------
                                              0.231049   slack (MET)


Startpoint: _152_ (rising edge-triggered flip-flop clocked by clk)
Endpoint: _152_ (rising edge-triggered flip-flop clocked by clk)
Path Group: clk
Path Type: min

Fanout         Cap        Slew       Delay        Time   Description
---------------------------------------------------------------------------------------------
                      0.150000    0.000000    0.000000   clock clk (rise edge)
                                  0.000000    0.000000   clock network delay (ideal)
                      0.150000    0.000000    0.000000 ^ _152_/CLK (sky130_fd_sc_hd__dfrtp_2)
     2    0.005068    0.049770    0.379949    0.379949 ^ _152_/Q (sky130_fd_sc_hd__dfrtp_2)
                                                         mem0[3] (net)
                      0.049770    0.000000    0.379949 ^ _065_/B1 (sky130_fd_sc_hd__a21o_2)
     2    0.003556    0.030144    0.083888    0.463838 ^ _065_/X (sky130_fd_sc_hd__a21o_2)
                                                         nxt0[3] (net)
                      0.030144    0.000000    0.463838 ^ _152_/D (sky130_fd_sc_hd__dfrtp_2)
                                              0.463838   data arrival time

                      0.150000    0.000000    0.000000   clock clk (rise edge)
                                  0.000000    0.000000   clock network delay (ideal)
                                  0.250000    0.250000   clock uncertainty
                                  0.000000    0.250000   clock reconvergence pessimism
                                              0.250000 ^ _152_/CLK (sky130_fd_sc_hd__dfrtp_2)
                                 -0.017292    0.232708   library hold time
                                              0.232708   data required time
---------------------------------------------------------------------------------------------
                                              0.232708   data required time
                                             -0.463838   data arrival time
---------------------------------------------------------------------------------------------
                                              0.231130   slack (MET)


Startpoint: _153_ (rising edge-triggered flip-flop clocked by clk)
Endpoint: _153_ (rising edge-triggered flip-flop clocked by clk)
Path Group: clk
Path Type: min

Fanout         Cap        Slew       Delay        Time   Description
---------------------------------------------------------------------------------------------
                      0.150000    0.000000    0.000000   clock clk (rise edge)
                                  0.000000    0.000000   clock network delay (ideal)
                      0.150000    0.000000    0.000000 ^ _153_/CLK (sky130_fd_sc_hd__dfrtp_2)
     2    0.005068    0.049770    0.379949    0.379949 ^ _153_/Q (sky130_fd_sc_hd__dfrtp_2)
                                                         mem0[4] (net)
                      0.049770    0.000000    0.379949 ^ _067_/B1 (sky130_fd_sc_hd__a21o_2)
     2    0.003556    0.030144    0.083888    0.463838 ^ _067_/X (sky130_fd_sc_hd__a21o_2)
                                                         nxt0[4] (net)
                      0.030144    0.000000    0.463838 ^ _153_/D (sky130_fd_sc_hd__dfrtp_2)
                                              0.463838   data arrival time

                      0.150000    0.000000    0.000000   clock clk (rise edge)
                                  0.000000    0.000000   clock network delay (ideal)
                                  0.250000    0.250000   clock uncertainty
                                  0.000000    0.250000   clock reconvergence pessimism
                                              0.250000 ^ _153_/CLK (sky130_fd_sc_hd__dfrtp_2)
                                 -0.017292    0.232708   library hold time
                                              0.232708   data required time
---------------------------------------------------------------------------------------------
                                              0.232708   data required time
                                             -0.463838   data arrival time
---------------------------------------------------------------------------------------------
                                              0.231130   slack (MET)


Startpoint: _158_ (rising edge-triggered flip-flop clocked by clk)
Endpoint: _158_ (rising edge-triggered flip-flop clocked by clk)
Path Group: clk
Path Type: min

Fanout         Cap        Slew       Delay        Time   Description
---------------------------------------------------------------------------------------------
                      0.150000    0.000000    0.000000   clock clk (rise edge)
                                  0.000000    0.000000   clock network delay (ideal)
                      0.150000    0.000000    0.000000 ^ _158_/CLK (sky130_fd_sc_hd__dfrtp_2)
     2    0.005068    0.049770    0.379949    0.379949 ^ _158_/Q (sky130_fd_sc_hd__dfrtp_2)
                                                         mem1[3] (net)
                      0.049770    0.000000    0.379949 ^ _079_/B1 (sky130_fd_sc_hd__a21o_2)
     2    0.003556    0.030144    0.083888    0.463838 ^ _079_/X (sky130_fd_sc_hd__a21o_2)
                                                         nxt1[3] (net)
                      0.030144    0.000000    0.463838 ^ _158_/D (sky130_fd_sc_hd__dfrtp_2)
                                              0.463838   data arrival time

                      0.150000    0.000000    0.000000   clock clk (rise edge)
                                  0.000000    0.000000   clock network delay (ideal)
                                  0.250000    0.250000   clock uncertainty
                                  0.000000    0.250000   clock reconvergence pessimism
                                              0.250000 ^ _158_/CLK (sky130_fd_sc_hd__dfrtp_2)
                                 -0.017292    0.232708   library hold time
                                              0.232708   data required time
---------------------------------------------------------------------------------------------
                                              0.232708   data required time
                                             -0.463838   data arrival time
---------------------------------------------------------------------------------------------
                                              0.231130   slack (MET)


Startpoint: _159_ (rising edge-triggered flip-flop clocked by clk)
Endpoint: _159_ (rising edge-triggered flip-flop clocked by clk)
Path Group: clk
Path Type: min

Fanout         Cap        Slew       Delay        Time   Description
---------------------------------------------------------------------------------------------
                      0.150000    0.000000    0.000000   clock clk (rise edge)
                                  0.000000    0.000000   clock network delay (ideal)
                      0.150000    0.000000    0.000000 ^ _159_/CLK (sky130_fd_sc_hd__dfrtp_2)
     2    0.005068    0.049770    0.379949    0.379949 ^ _159_/Q (sky130_fd_sc_hd__dfrtp_2)
                                                         mem1[4] (net)
                      0.049770    0.000000    0.379949 ^ _081_/B1 (sky130_fd_sc_hd__a21o_2)
     2    0.003556    0.030144    0.083888    0.463838 ^ _081_/X (sky130_fd_sc_hd__a21o_2)
                                                         nxt1[4] (net)
                      0.030144    0.000000    0.463838 ^ _159_/D (sky130_fd_sc_hd__dfrtp_2)
                                              0.463838   data arrival time

                      0.150000    0.000000    0.000000   clock clk (rise edge)
                                  0.000000    0.000000   clock network delay (ideal)
                                  0.250000    0.250000   clock uncertainty
                                  0.000000    0.250000   clock reconvergence pessimism
                                              0.250000 ^ _159_/CLK (sky130_fd_sc_hd__dfrtp_2)
                                 -0.017292    0.232708   library hold time
                                              0.232708   data required time
---------------------------------------------------------------------------------------------
                                              0.232708   data required time
                                             -0.463838   data arrival time
---------------------------------------------------------------------------------------------
                                              0.231130   slack (MET)


Startpoint: _164_ (rising edge-triggered flip-flop clocked by clk)
Endpoint: _164_ (rising edge-triggered flip-flop clocked by clk)
Path Group: clk
Path Type: min

Fanout         Cap        Slew       Delay        Time   Description
---------------------------------------------------------------------------------------------
                      0.150000    0.000000    0.000000   clock clk (rise edge)
                                  0.000000    0.000000   clock network delay (ideal)
                      0.150000    0.000000    0.000000 ^ _164_/CLK (sky130_fd_sc_hd__dfrtp_2)
     2    0.005068    0.049770    0.379949    0.379949 ^ _164_/Q (sky130_fd_sc_hd__dfrtp_2)
                                                         mem2[3] (net)
                      0.049770    0.000000    0.379949 ^ _094_/B1 (sky130_fd_sc_hd__a21o_2)
     2    0.003556    0.030144    0.083888    0.463838 ^ _094_/X (sky130_fd_sc_hd__a21o_2)
                                                         nxt2[3] (net)
                      0.030144    0.000000    0.463838 ^ _164_/D (sky130_fd_sc_hd__dfrtp_2)
                                              0.463838   data arrival time

                      0.150000    0.000000    0.000000   clock clk (rise edge)
                                  0.000000    0.000000   clock network delay (ideal)
                                  0.250000    0.250000   clock uncertainty
                                  0.000000    0.250000   clock reconvergence pessimism
                                              0.250000 ^ _164_/CLK (sky130_fd_sc_hd__dfrtp_2)
                                 -0.017292    0.232708   library hold time
                                              0.232708   data required time
---------------------------------------------------------------------------------------------
                                              0.232708   data required time
                                             -0.463838   data arrival time
---------------------------------------------------------------------------------------------
                                              0.231130   slack (MET)


Startpoint: _165_ (rising edge-triggered flip-flop clocked by clk)
Endpoint: _165_ (rising edge-triggered flip-flop clocked by clk)
Path Group: clk
Path Type: min

Fanout         Cap        Slew       Delay        Time   Description
---------------------------------------------------------------------------------------------
                      0.150000    0.000000    0.000000   clock clk (rise edge)
                                  0.000000    0.000000   clock network delay (ideal)
                      0.150000    0.000000    0.000000 ^ _165_/CLK (sky130_fd_sc_hd__dfrtp_2)
     2    0.005068    0.049770    0.379949    0.379949 ^ _165_/Q (sky130_fd_sc_hd__dfrtp_2)
                                                         mem2[4] (net)
                      0.049770    0.000000    0.379949 ^ _096_/B1 (sky130_fd_sc_hd__a21o_2)
     2    0.003556    0.030144    0.083888    0.463838 ^ _096_/X (sky130_fd_sc_hd__a21o_2)
                                                         nxt2[4] (net)
                      0.030144    0.000000    0.463838 ^ _165_/D (sky130_fd_sc_hd__dfrtp_2)
                                              0.463838   data arrival time

                      0.150000    0.000000    0.000000   clock clk (rise edge)
                                  0.000000    0.000000   clock network delay (ideal)
                                  0.250000    0.250000   clock uncertainty
                                  0.000000    0.250000   clock reconvergence pessimism
                                              0.250000 ^ _165_/CLK (sky130_fd_sc_hd__dfrtp_2)
                                 -0.017292    0.232708   library hold time
                                              0.232708   data required time
---------------------------------------------------------------------------------------------
                                              0.232708   data required time
                                             -0.463838   data arrival time
---------------------------------------------------------------------------------------------
                                              0.231130   slack (MET)


Startpoint: _154_ (rising edge-triggered flip-flop clocked by clk)
Endpoint: _154_ (rising edge-triggered flip-flop clocked by clk)
Path Group: clk
Path Type: min

Fanout         Cap        Slew       Delay        Time   Description
---------------------------------------------------------------------------------------------
                      0.150000    0.000000    0.000000   clock clk (rise edge)
                                  0.000000    0.000000   clock network delay (ideal)
                      0.150000    0.000000    0.000000 ^ _154_/CLK (sky130_fd_sc_hd__dfrtp_2)
     2    0.005068    0.049770    0.379949    0.379949 ^ _154_/Q (sky130_fd_sc_hd__dfrtp_2)
                                                         mem0[5] (net)
                      0.049770    0.000000    0.379949 ^ _069_/B1 (sky130_fd_sc_hd__a21o_2)
     2    0.003598    0.030331    0.084063    0.464012 ^ _069_/X (sky130_fd_sc_hd__a21o_2)
                                                         nxt0[5] (net)
                      0.030331    0.000000    0.464012 ^ _154_/D (sky130_fd_sc_hd__dfrtp_2)
                                              0.464012   data arrival time

                      0.150000    0.000000    0.000000   clock clk (rise edge)
                                  0.000000    0.000000   clock network delay (ideal)
                                  0.250000    0.250000   clock uncertainty
                                  0.000000    0.250000   clock reconvergence pessimism
                                              0.250000 ^ _154_/CLK (sky130_fd_sc_hd__dfrtp_2)
                                 -0.017331    0.232669   library hold time
                                              0.232669   data required time
---------------------------------------------------------------------------------------------
                                              0.232669   data required time
                                             -0.464012   data arrival time
---------------------------------------------------------------------------------------------
                                              0.231343   slack (MET)


Startpoint: _160_ (rising edge-triggered flip-flop clocked by clk)
Endpoint: _160_ (rising edge-triggered flip-flop clocked by clk)
Path Group: clk
Path Type: min

Fanout         Cap        Slew       Delay        Time   Description
---------------------------------------------------------------------------------------------
                      0.150000    0.000000    0.000000   clock clk (rise edge)
                                  0.000000    0.000000   clock network delay (ideal)
                      0.150000    0.000000    0.000000 ^ _160_/CLK (sky130_fd_sc_hd__dfrtp_2)
     2    0.005068    0.049770    0.379949    0.379949 ^ _160_/Q (sky130_fd_sc_hd__dfrtp_2)
                                                         mem1[5] (net)
                      0.049770    0.000000    0.379949 ^ _083_/B1 (sky130_fd_sc_hd__a21o_2)
     2    0.003598    0.030331    0.084063    0.464012 ^ _083_/X (sky130_fd_sc_hd__a21o_2)
                                                         nxt1[5] (net)
                      0.030331    0.000000    0.464012 ^ _160_/D (sky130_fd_sc_hd__dfrtp_2)
                                              0.464012   data arrival time

                      0.150000    0.000000    0.000000   clock clk (rise edge)
                                  0.000000    0.000000   clock network delay (ideal)
                                  0.250000    0.250000   clock uncertainty
                                  0.000000    0.250000   clock reconvergence pessimism
                                              0.250000 ^ _160_/CLK (sky130_fd_sc_hd__dfrtp_2)
                                 -0.017331    0.232669   library hold time
                                              0.232669   data required time
---------------------------------------------------------------------------------------------
                                              0.232669   data required time
                                             -0.464012   data arrival time
---------------------------------------------------------------------------------------------
                                              0.231343   slack (MET)


Startpoint: _166_ (rising edge-triggered flip-flop clocked by clk)
Endpoint: _166_ (rising edge-triggered flip-flop clocked by clk)
Path Group: clk
Path Type: min

Fanout         Cap        Slew       Delay        Time   Description
---------------------------------------------------------------------------------------------
                      0.150000    0.000000    0.000000   clock clk (rise edge)
                                  0.000000    0.000000   clock network delay (ideal)
                      0.150000    0.000000    0.000000 ^ _166_/CLK (sky130_fd_sc_hd__dfrtp_2)
     2    0.005068    0.049770    0.379949    0.379949 ^ _166_/Q (sky130_fd_sc_hd__dfrtp_2)
                                                         mem2[5] (net)
                      0.049770    0.000000    0.379949 ^ _098_/B1 (sky130_fd_sc_hd__a21o_2)
     2    0.003598    0.030331    0.084063    0.464012 ^ _098_/X (sky130_fd_sc_hd__a21o_2)
                                                         nxt2[5] (net)
                      0.030331    0.000000    0.464012 ^ _166_/D (sky130_fd_sc_hd__dfrtp_2)
                                              0.464012   data arrival time

                      0.150000    0.000000    0.000000   clock clk (rise edge)
                                  0.000000    0.000000   clock network delay (ideal)
                                  0.250000    0.250000   clock uncertainty
                                  0.000000    0.250000   clock reconvergence pessimism
                                              0.250000 ^ _166_/CLK (sky130_fd_sc_hd__dfrtp_2)
                                 -0.017331    0.232669   library hold time
                                              0.232669   data required time
---------------------------------------------------------------------------------------------
                                              0.232669   data required time
                                             -0.464012   data arrival time
---------------------------------------------------------------------------------------------
                                              0.231343   slack (MET)


Startpoint: _174_ (rising edge-triggered flip-flop clocked by clk)
Endpoint: _183_ (rising edge-triggered flip-flop clocked by clk)
Path Group: clk
Path Type: min

Fanout         Cap        Slew       Delay        Time   Description
---------------------------------------------------------------------------------------------
                      0.150000    0.000000    0.000000   clock clk (rise edge)
                                  0.000000    0.000000   clock network delay (ideal)
                      0.150000    0.000000    0.000000 ^ _174_/CLK (sky130_fd_sc_hd__dfrtp_2)
     2    0.004174    0.045882    0.375874    0.375874 ^ _174_/Q (sky130_fd_sc_hd__dfrtp_2)
                                                         done_ff[1] (net)
                      0.045882    0.000000    0.375874 ^ _053_/A1 (sky130_fd_sc_hd__a21o_2)
     1    0.002005    0.026912    0.101768    0.477642 ^ _053_/X (sky130_fd_sc_hd__a21o_2)
                                                         _037_ (net)
                      0.026912    0.000000    0.477642 ^ _183_/D (sky130_fd_sc_hd__dfrtp_2)
                                              0.477642   data arrival time

                      0.150000    0.000000    0.000000   clock clk (rise edge)
                                  0.000000    0.000000   clock network delay (ideal)
                                  0.250000    0.250000   clock uncertainty
                                  0.000000    0.250000   clock reconvergence pessimism
                                              0.250000 ^ _183_/CLK (sky130_fd_sc_hd__dfrtp_2)
                                 -0.016632    0.233369   library hold time
                                              0.233369   data required time
---------------------------------------------------------------------------------------------
                                              0.233369   data required time
                                             -0.477642   data arrival time
---------------------------------------------------------------------------------------------
                                              0.244274   slack (MET)


Startpoint: _174_ (rising edge-triggered flip-flop clocked by clk)
Endpoint: _182_ (rising edge-triggered flip-flop clocked by clk)
Path Group: clk
Path Type: min

Fanout         Cap        Slew       Delay        Time   Description
---------------------------------------------------------------------------------------------
                      0.150000    0.000000    0.000000   clock clk (rise edge)
                                  0.000000    0.000000   clock network delay (ideal)
                      0.150000    0.000000    0.000000 ^ _174_/CLK (sky130_fd_sc_hd__dfrtp_2)
     2    0.004174    0.045882    0.375874    0.375874 ^ _174_/Q (sky130_fd_sc_hd__dfrtp_2)
                                                         done_ff[1] (net)
                      0.045882    0.000000    0.375874 ^ _057_/A1_N (sky130_fd_sc_hd__o2bb2a_2)
     1    0.001949    0.028528    0.196375    0.572248 v _057_/X (sky130_fd_sc_hd__o2bb2a_2)
                                                         _036_ (net)
                      0.028528    0.000000    0.572248 v _182_/D (sky130_fd_sc_hd__dfrtp_2)
                                              0.572248   data arrival time

                      0.150000    0.000000    0.000000   clock clk (rise edge)
                                  0.000000    0.000000   clock network delay (ideal)
                                  0.250000    0.250000   clock uncertainty
                                  0.000000    0.250000   clock reconvergence pessimism
                                              0.250000 ^ _182_/CLK (sky130_fd_sc_hd__dfrtp_2)
                                 -0.011465    0.238535   library hold time
                                              0.238535   data required time
---------------------------------------------------------------------------------------------
                                              0.238535   data required time
                                             -0.572248   data arrival time
---------------------------------------------------------------------------------------------
                                              0.333713   slack (MET)


Startpoint: _149_ (rising edge-triggered flip-flop clocked by clk)
Endpoint: _173_ (rising edge-triggered flip-flop clocked by clk)
Path Group: clk
Path Type: min

Fanout         Cap        Slew       Delay        Time   Description
---------------------------------------------------------------------------------------------
                      0.150000    0.000000    0.000000   clock clk (rise edge)
                                  0.000000    0.000000   clock network delay (ideal)
                      0.150000    0.000000    0.000000 ^ _149_/CLK (sky130_fd_sc_hd__dfrtp_2)
     2    0.005068    0.049770    0.379949    0.379949 ^ _149_/Q (sky130_fd_sc_hd__dfrtp_2)
                                                         mem0[0] (net)
                      0.049770    0.000000    0.379949 ^ _059_/B1 (sky130_fd_sc_hd__a21o_2)
     2    0.003452    0.029681    0.083455    0.463405 ^ _059_/X (sky130_fd_sc_hd__a21o_2)
                                                         nxt0[0] (net)
                      0.029681    0.000000    0.463405 ^ _071_/A (sky130_fd_sc_hd__and3_2)
     1    0.002005    0.038948    0.143024    0.606429 ^ _071_/X (sky130_fd_sc_hd__and3_2)
                                                         done_comb[0] (net)
                      0.038948    0.000000    0.606429 ^ _173_/D (sky130_fd_sc_hd__dfrtp_2)
                                              0.606429   data arrival time

                      0.150000    0.000000    0.000000   clock clk (rise edge)
                                  0.000000    0.000000   clock network delay (ideal)
                                  0.250000    0.250000   clock uncertainty
                                  0.000000    0.250000   clock reconvergence pessimism
                                              0.250000 ^ _173_/CLK (sky130_fd_sc_hd__dfrtp_2)
                                 -0.019092    0.230908   library hold time
                                              0.230908   data required time
---------------------------------------------------------------------------------------------
                                              0.230908   data required time
                                             -0.606429   data arrival time
---------------------------------------------------------------------------------------------
                                              0.375521   slack (MET)


Startpoint: _155_ (rising edge-triggered flip-flop clocked by clk)
Endpoint: _174_ (rising edge-triggered flip-flop clocked by clk)
Path Group: clk
Path Type: min

Fanout         Cap        Slew       Delay        Time   Description
---------------------------------------------------------------------------------------------
                      0.150000    0.000000    0.000000   clock clk (rise edge)
                                  0.000000    0.000000   clock network delay (ideal)
                      0.150000    0.000000    0.000000 ^ _155_/CLK (sky130_fd_sc_hd__dfrtp_2)
     2    0.005068    0.049770    0.379949    0.379949 ^ _155_/Q (sky130_fd_sc_hd__dfrtp_2)
                                                         mem1[0] (net)
                      0.049770    0.000000    0.379949 ^ _073_/B1 (sky130_fd_sc_hd__a21o_2)
     2    0.003452    0.029681    0.083455    0.463405 ^ _073_/X (sky130_fd_sc_hd__a21o_2)
                                                         nxt1[0] (net)
                      0.029681    0.000000    0.463405 ^ _085_/A (sky130_fd_sc_hd__and3_2)
     1    0.002005    0.038948    0.143024    0.606429 ^ _085_/X (sky130_fd_sc_hd__and3_2)
                                                         done_comb[1] (net)
                      0.038948    0.000000    0.606429 ^ _174_/D (sky130_fd_sc_hd__dfrtp_2)
                                              0.606429   data arrival time

                      0.150000    0.000000    0.000000   clock clk (rise edge)
                                  0.000000    0.000000   clock network delay (ideal)
                                  0.250000    0.250000   clock uncertainty
                                  0.000000    0.250000   clock reconvergence pessimism
                                              0.250000 ^ _174_/CLK (sky130_fd_sc_hd__dfrtp_2)
                                 -0.019092    0.230908   library hold time
                                              0.230908   data required time
---------------------------------------------------------------------------------------------
                                              0.230908   data required time
                                             -0.606429   data arrival time
---------------------------------------------------------------------------------------------
                                              0.375521   slack (MET)


Startpoint: _161_ (rising edge-triggered flip-flop clocked by clk)
Endpoint: _175_ (rising edge-triggered flip-flop clocked by clk)
Path Group: clk
Path Type: min

Fanout         Cap        Slew       Delay        Time   Description
---------------------------------------------------------------------------------------------
                      0.150000    0.000000    0.000000   clock clk (rise edge)
                                  0.000000    0.000000   clock network delay (ideal)
                      0.150000    0.000000    0.000000 ^ _161_/CLK (sky130_fd_sc_hd__dfrtp_2)
     2    0.005068    0.049770    0.379949    0.379949 ^ _161_/Q (sky130_fd_sc_hd__dfrtp_2)
                                                         mem2[0] (net)
                      0.049770    0.000000    0.379949 ^ _088_/B1 (sky130_fd_sc_hd__a21o_2)
     2    0.003452    0.029681    0.083455    0.463405 ^ _088_/X (sky130_fd_sc_hd__a21o_2)
                                                         nxt2[0] (net)
                      0.029681    0.000000    0.463405 ^ _100_/A (sky130_fd_sc_hd__and3_2)
     1    0.002005    0.038948    0.143024    0.606429 ^ _100_/X (sky130_fd_sc_hd__and3_2)
                                                         done_comb[2] (net)
                      0.038948    0.000000    0.606429 ^ _175_/D (sky130_fd_sc_hd__dfrtp_2)
                                              0.606429   data arrival time

                      0.150000    0.000000    0.000000   clock clk (rise edge)
                                  0.000000    0.000000   clock network delay (ideal)
                                  0.250000    0.250000   clock uncertainty
                                  0.000000    0.250000   clock reconvergence pessimism
                                              0.250000 ^ _175_/CLK (sky130_fd_sc_hd__dfrtp_2)
                                 -0.019092    0.230908   library hold time
                                              0.230908   data required time
---------------------------------------------------------------------------------------------
                                              0.230908   data required time
                                             -0.606429   data arrival time
---------------------------------------------------------------------------------------------
                                              0.375521   slack (MET)


Startpoint: reset (input port clocked by clk)
Endpoint: _149_ (removal check against rising-edge clock clk)
Path Group: asynchronous
Path Type: min

Fanout         Cap        Slew       Delay        Time   Description
---------------------------------------------------------------------------------------------
                      0.150000    0.000000    0.000000   clock clk (rise edge)
                                  0.000000    0.000000   clock network delay (ideal)
                                  5.000000    5.000000 v input external delay
    36    0.153936    0.329202    0.248684    5.248684 v reset (in)
                                                         reset (net)
                      0.329202    0.000000    5.248684 v _051_/A (sky130_fd_sc_hd__inv_2)
     1    0.003612    0.074923    0.114711    5.363395 ^ _051_/Y (sky130_fd_sc_hd__inv_2)
                                                         _000_ (net)
                      0.074923    0.000000    5.363395 ^ _149_/RESET_B (sky130_fd_sc_hd__dfrtp_2)
                                              5.363395   data arrival time

                      0.150000    0.000000    0.000000   clock clk (rise edge)
                                  0.000000    0.000000   clock network delay (ideal)
                                  0.250000    0.250000   clock uncertainty
                                  0.000000    0.250000   clock reconvergence pessimism
                                              0.250000 ^ _149_/CLK (sky130_fd_sc_hd__dfrtp_2)
                                  0.357274    0.607274   library removal time
                                              0.607274   data required time
---------------------------------------------------------------------------------------------
                                              0.607274   data required time
                                             -5.363395   data arrival time
---------------------------------------------------------------------------------------------
                                              4.756121   slack (MET)


Startpoint: reset (input port clocked by clk)
Endpoint: _150_ (removal check against rising-edge clock clk)
Path Group: asynchronous
Path Type: min

Fanout         Cap        Slew       Delay        Time   Description
---------------------------------------------------------------------------------------------
                      0.150000    0.000000    0.000000   clock clk (rise edge)
                                  0.000000    0.000000   clock network delay (ideal)
                                  5.000000    5.000000 v input external delay
    36    0.153936    0.329202    0.248684    5.248684 v reset (in)
                                                         reset (net)
                      0.329202    0.000000    5.248684 v _114_/A (sky130_fd_sc_hd__inv_2)
     1    0.003612    0.074923    0.114711    5.363395 ^ _114_/Y (sky130_fd_sc_hd__inv_2)
                                                         _001_ (net)
                      0.074923    0.000000    5.363395 ^ _150_/RESET_B (sky130_fd_sc_hd__dfrtp_2)
                                              5.363395   data arrival time

                      0.150000    0.000000    0.000000   clock clk (rise edge)
                                  0.000000    0.000000   clock network delay (ideal)
                                  0.250000    0.250000   clock uncertainty
                                  0.000000    0.250000   clock reconvergence pessimism
                                              0.250000 ^ _150_/CLK (sky130_fd_sc_hd__dfrtp_2)
                                  0.357274    0.607274   library removal time
                                              0.607274   data required time
---------------------------------------------------------------------------------------------
                                              0.607274   data required time
                                             -5.363395   data arrival time
---------------------------------------------------------------------------------------------
                                              4.756121   slack (MET)


Startpoint: reset (input port clocked by clk)
Endpoint: _151_ (removal check against rising-edge clock clk)
Path Group: asynchronous
Path Type: min

Fanout         Cap        Slew       Delay        Time   Description
---------------------------------------------------------------------------------------------
                      0.150000    0.000000    0.000000   clock clk (rise edge)
                                  0.000000    0.000000   clock network delay (ideal)
                                  5.000000    5.000000 v input external delay
    36    0.153936    0.329202    0.248684    5.248684 v reset (in)
                                                         reset (net)
                      0.329202    0.000000    5.248684 v _115_/A (sky130_fd_sc_hd__inv_2)
     1    0.003612    0.074923    0.114711    5.363395 ^ _115_/Y (sky130_fd_sc_hd__inv_2)
                                                         _002_ (net)
                      0.074923    0.000000    5.363395 ^ _151_/RESET_B (sky130_fd_sc_hd__dfrtp_2)
                                              5.363395   data arrival time

                      0.150000    0.000000    0.000000   clock clk (rise edge)
                                  0.000000    0.000000   clock network delay (ideal)
                                  0.250000    0.250000   clock uncertainty
                                  0.000000    0.250000   clock reconvergence pessimism
                                              0.250000 ^ _151_/CLK (sky130_fd_sc_hd__dfrtp_2)
                                  0.357274    0.607274   library removal time
                                              0.607274   data required time
---------------------------------------------------------------------------------------------
                                              0.607274   data required time
                                             -5.363395   data arrival time
---------------------------------------------------------------------------------------------
                                              4.756121   slack (MET)


Startpoint: reset (input port clocked by clk)
Endpoint: _152_ (removal check against rising-edge clock clk)
Path Group: asynchronous
Path Type: min

Fanout         Cap        Slew       Delay        Time   Description
---------------------------------------------------------------------------------------------
                      0.150000    0.000000    0.000000   clock clk (rise edge)
                                  0.000000    0.000000   clock network delay (ideal)
                                  5.000000    5.000000 v input external delay
    36    0.153936    0.329202    0.248684    5.248684 v reset (in)
                                                         reset (net)
                      0.329202    0.000000    5.248684 v _116_/A (sky130_fd_sc_hd__inv_2)
     1    0.003612    0.074923    0.114711    5.363395 ^ _116_/Y (sky130_fd_sc_hd__inv_2)
                                                         _003_ (net)
                      0.074923    0.000000    5.363395 ^ _152_/RESET_B (sky130_fd_sc_hd__dfrtp_2)
                                              5.363395   data arrival time

                      0.150000    0.000000    0.000000   clock clk (rise edge)
                                  0.000000    0.000000   clock network delay (ideal)
                                  0.250000    0.250000   clock uncertainty
                                  0.000000    0.250000   clock reconvergence pessimism
                                              0.250000 ^ _152_/CLK (sky130_fd_sc_hd__dfrtp_2)
                                  0.357274    0.607274   library removal time
                                              0.607274   data required time
---------------------------------------------------------------------------------------------
                                              0.607274   data required time
                                             -5.363395   data arrival time
---------------------------------------------------------------------------------------------
                                              4.756121   slack (MET)


Startpoint: reset (input port clocked by clk)
Endpoint: _153_ (removal check against rising-edge clock clk)
Path Group: asynchronous
Path Type: min

Fanout         Cap        Slew       Delay        Time   Description
---------------------------------------------------------------------------------------------
                      0.150000    0.000000    0.000000   clock clk (rise edge)
                                  0.000000    0.000000   clock network delay (ideal)
                                  5.000000    5.000000 v input external delay
    36    0.153936    0.329202    0.248684    5.248684 v reset (in)
                                                         reset (net)
                      0.329202    0.000000    5.248684 v _117_/A (sky130_fd_sc_hd__inv_2)
     1    0.003612    0.074923    0.114711    5.363395 ^ _117_/Y (sky130_fd_sc_hd__inv_2)
                                                         _004_ (net)
                      0.074923    0.000000    5.363395 ^ _153_/RESET_B (sky130_fd_sc_hd__dfrtp_2)
                                              5.363395   data arrival time

                      0.150000    0.000000    0.000000   clock clk (rise edge)
                                  0.000000    0.000000   clock network delay (ideal)
                                  0.250000    0.250000   clock uncertainty
                                  0.000000    0.250000   clock reconvergence pessimism
                                              0.250000 ^ _153_/CLK (sky130_fd_sc_hd__dfrtp_2)
                                  0.357274    0.607274   library removal time
                                              0.607274   data required time
---------------------------------------------------------------------------------------------
                                              0.607274   data required time
                                             -5.363395   data arrival time
---------------------------------------------------------------------------------------------
                                              4.756121   slack (MET)


Startpoint: reset (input port clocked by clk)
Endpoint: _154_ (removal check against rising-edge clock clk)
Path Group: asynchronous
Path Type: min

Fanout         Cap        Slew       Delay        Time   Description
---------------------------------------------------------------------------------------------
                      0.150000    0.000000    0.000000   clock clk (rise edge)
                                  0.000000    0.000000   clock network delay (ideal)
                                  5.000000    5.000000 v input external delay
    36    0.153936    0.329202    0.248684    5.248684 v reset (in)
                                                         reset (net)
                      0.329202    0.000000    5.248684 v _118_/A (sky130_fd_sc_hd__inv_2)
     1    0.003612    0.074923    0.114711    5.363395 ^ _118_/Y (sky130_fd_sc_hd__inv_2)
                                                         _005_ (net)
                      0.074923    0.000000    5.363395 ^ _154_/RESET_B (sky130_fd_sc_hd__dfrtp_2)
                                              5.363395   data arrival time

                      0.150000    0.000000    0.000000   clock clk (rise edge)
                                  0.000000    0.000000   clock network delay (ideal)
                                  0.250000    0.250000   clock uncertainty
                                  0.000000    0.250000   clock reconvergence pessimism
                                              0.250000 ^ _154_/CLK (sky130_fd_sc_hd__dfrtp_2)
                                  0.357274    0.607274   library removal time
                                              0.607274   data required time
---------------------------------------------------------------------------------------------
                                              0.607274   data required time
                                             -5.363395   data arrival time
---------------------------------------------------------------------------------------------
                                              4.756121   slack (MET)


Startpoint: reset (input port clocked by clk)
Endpoint: _155_ (removal check against rising-edge clock clk)
Path Group: asynchronous
Path Type: min

Fanout         Cap        Slew       Delay        Time   Description
---------------------------------------------------------------------------------------------
                      0.150000    0.000000    0.000000   clock clk (rise edge)
                                  0.000000    0.000000   clock network delay (ideal)
                                  5.000000    5.000000 v input external delay
    36    0.153936    0.329202    0.248684    5.248684 v reset (in)
                                                         reset (net)
                      0.329202    0.000000    5.248684 v _119_/A (sky130_fd_sc_hd__inv_2)
     1    0.003612    0.074923    0.114711    5.363395 ^ _119_/Y (sky130_fd_sc_hd__inv_2)
                                                         _006_ (net)
                      0.074923    0.000000    5.363395 ^ _155_/RESET_B (sky130_fd_sc_hd__dfrtp_2)
                                              5.363395   data arrival time

                      0.150000    0.000000    0.000000   clock clk (rise edge)
                                  0.000000    0.000000   clock network delay (ideal)
                                  0.250000    0.250000   clock uncertainty
                                  0.000000    0.250000   clock reconvergence pessimism
                                              0.250000 ^ _155_/CLK (sky130_fd_sc_hd__dfrtp_2)
                                  0.357274    0.607274   library removal time
                                              0.607274   data required time
---------------------------------------------------------------------------------------------
                                              0.607274   data required time
                                             -5.363395   data arrival time
---------------------------------------------------------------------------------------------
                                              4.756121   slack (MET)


Startpoint: reset (input port clocked by clk)
Endpoint: _156_ (removal check against rising-edge clock clk)
Path Group: asynchronous
Path Type: min

Fanout         Cap        Slew       Delay        Time   Description
---------------------------------------------------------------------------------------------
                      0.150000    0.000000    0.000000   clock clk (rise edge)
                                  0.000000    0.000000   clock network delay (ideal)
                                  5.000000    5.000000 v input external delay
    36    0.153936    0.329202    0.248684    5.248684 v reset (in)
                                                         reset (net)
                      0.329202    0.000000    5.248684 v _120_/A (sky130_fd_sc_hd__inv_2)
     1    0.003612    0.074923    0.114711    5.363395 ^ _120_/Y (sky130_fd_sc_hd__inv_2)
                                                         _007_ (net)
                      0.074923    0.000000    5.363395 ^ _156_/RESET_B (sky130_fd_sc_hd__dfrtp_2)
                                              5.363395   data arrival time

                      0.150000    0.000000    0.000000   clock clk (rise edge)
                                  0.000000    0.000000   clock network delay (ideal)
                                  0.250000    0.250000   clock uncertainty
                                  0.000000    0.250000   clock reconvergence pessimism
                                              0.250000 ^ _156_/CLK (sky130_fd_sc_hd__dfrtp_2)
                                  0.357274    0.607274   library removal time
                                              0.607274   data required time
---------------------------------------------------------------------------------------------
                                              0.607274   data required time
                                             -5.363395   data arrival time
---------------------------------------------------------------------------------------------
                                              4.756121   slack (MET)


Startpoint: reset (input port clocked by clk)
Endpoint: _157_ (removal check against rising-edge clock clk)
Path Group: asynchronous
Path Type: min

Fanout         Cap        Slew       Delay        Time   Description
---------------------------------------------------------------------------------------------
                      0.150000    0.000000    0.000000   clock clk (rise edge)
                                  0.000000    0.000000   clock network delay (ideal)
                                  5.000000    5.000000 v input external delay
    36    0.153936    0.329202    0.248684    5.248684 v reset (in)
                                                         reset (net)
                      0.329202    0.000000    5.248684 v _121_/A (sky130_fd_sc_hd__inv_2)
     1    0.003612    0.074923    0.114711    5.363395 ^ _121_/Y (sky130_fd_sc_hd__inv_2)
                                                         _008_ (net)
                      0.074923    0.000000    5.363395 ^ _157_/RESET_B (sky130_fd_sc_hd__dfrtp_2)
                                              5.363395   data arrival time

                      0.150000    0.000000    0.000000   clock clk (rise edge)
                                  0.000000    0.000000   clock network delay (ideal)
                                  0.250000    0.250000   clock uncertainty
                                  0.000000    0.250000   clock reconvergence pessimism
                                              0.250000 ^ _157_/CLK (sky130_fd_sc_hd__dfrtp_2)
                                  0.357274    0.607274   library removal time
                                              0.607274   data required time
---------------------------------------------------------------------------------------------
                                              0.607274   data required time
                                             -5.363395   data arrival time
---------------------------------------------------------------------------------------------
                                              4.756121   slack (MET)


Startpoint: reset (input port clocked by clk)
Endpoint: _158_ (removal check against rising-edge clock clk)
Path Group: asynchronous
Path Type: min

Fanout         Cap        Slew       Delay        Time   Description
---------------------------------------------------------------------------------------------
                      0.150000    0.000000    0.000000   clock clk (rise edge)
                                  0.000000    0.000000   clock network delay (ideal)
                                  5.000000    5.000000 v input external delay
    36    0.153936    0.329202    0.248684    5.248684 v reset (in)
                                                         reset (net)
                      0.329202    0.000000    5.248684 v _122_/A (sky130_fd_sc_hd__inv_2)
     1    0.003612    0.074923    0.114711    5.363395 ^ _122_/Y (sky130_fd_sc_hd__inv_2)
                                                         _009_ (net)
                      0.074923    0.000000    5.363395 ^ _158_/RESET_B (sky130_fd_sc_hd__dfrtp_2)
                                              5.363395   data arrival time

                      0.150000    0.000000    0.000000   clock clk (rise edge)
                                  0.000000    0.000000   clock network delay (ideal)
                                  0.250000    0.250000   clock uncertainty
                                  0.000000    0.250000   clock reconvergence pessimism
                                              0.250000 ^ _158_/CLK (sky130_fd_sc_hd__dfrtp_2)
                                  0.357274    0.607274   library removal time
                                              0.607274   data required time
---------------------------------------------------------------------------------------------
                                              0.607274   data required time
                                             -5.363395   data arrival time
---------------------------------------------------------------------------------------------
                                              4.756121   slack (MET)


Startpoint: reset (input port clocked by clk)
Endpoint: _159_ (removal check against rising-edge clock clk)
Path Group: asynchronous
Path Type: min

Fanout         Cap        Slew       Delay        Time   Description
---------------------------------------------------------------------------------------------
                      0.150000    0.000000    0.000000   clock clk (rise edge)
                                  0.000000    0.000000   clock network delay (ideal)
                                  5.000000    5.000000 v input external delay
    36    0.153936    0.329202    0.248684    5.248684 v reset (in)
                                                         reset (net)
                      0.329202    0.000000    5.248684 v _123_/A (sky130_fd_sc_hd__inv_2)
     1    0.003612    0.074923    0.114711    5.363395 ^ _123_/Y (sky130_fd_sc_hd__inv_2)
                                                         _010_ (net)
                      0.074923    0.000000    5.363395 ^ _159_/RESET_B (sky130_fd_sc_hd__dfrtp_2)
                                              5.363395   data arrival time

                      0.150000    0.000000    0.000000   clock clk (rise edge)
                                  0.000000    0.000000   clock network delay (ideal)
                                  0.250000    0.250000   clock uncertainty
                                  0.000000    0.250000   clock reconvergence pessimism
                                              0.250000 ^ _159_/CLK (sky130_fd_sc_hd__dfrtp_2)
                                  0.357274    0.607274   library removal time
                                              0.607274   data required time
---------------------------------------------------------------------------------------------
                                              0.607274   data required time
                                             -5.363395   data arrival time
---------------------------------------------------------------------------------------------
                                              4.756121   slack (MET)


Startpoint: reset (input port clocked by clk)
Endpoint: _160_ (removal check against rising-edge clock clk)
Path Group: asynchronous
Path Type: min

Fanout         Cap        Slew       Delay        Time   Description
---------------------------------------------------------------------------------------------
                      0.150000    0.000000    0.000000   clock clk (rise edge)
                                  0.000000    0.000000   clock network delay (ideal)
                                  5.000000    5.000000 v input external delay
    36    0.153936    0.329202    0.248684    5.248684 v reset (in)
                                                         reset (net)
                      0.329202    0.000000    5.248684 v _124_/A (sky130_fd_sc_hd__inv_2)
     1    0.003612    0.074923    0.114711    5.363395 ^ _124_/Y (sky130_fd_sc_hd__inv_2)
                                                         _011_ (net)
                      0.074923    0.000000    5.363395 ^ _160_/RESET_B (sky130_fd_sc_hd__dfrtp_2)
                                              5.363395   data arrival time

                      0.150000    0.000000    0.000000   clock clk (rise edge)
                                  0.000000    0.000000   clock network delay (ideal)
                                  0.250000    0.250000   clock uncertainty
                                  0.000000    0.250000   clock reconvergence pessimism
                                              0.250000 ^ _160_/CLK (sky130_fd_sc_hd__dfrtp_2)
                                  0.357274    0.607274   library removal time
                                              0.607274   data required time
---------------------------------------------------------------------------------------------
                                              0.607274   data required time
                                             -5.363395   data arrival time
---------------------------------------------------------------------------------------------
                                              4.756121   slack (MET)


Startpoint: reset (input port clocked by clk)
Endpoint: _161_ (removal check against rising-edge clock clk)
Path Group: asynchronous
Path Type: min

Fanout         Cap        Slew       Delay        Time   Description
---------------------------------------------------------------------------------------------
                      0.150000    0.000000    0.000000   clock clk (rise edge)
                                  0.000000    0.000000   clock network delay (ideal)
                                  5.000000    5.000000 v input external delay
    36    0.153936    0.329202    0.248684    5.248684 v reset (in)
                                                         reset (net)
                      0.329202    0.000000    5.248684 v _125_/A (sky130_fd_sc_hd__inv_2)
     1    0.003612    0.074923    0.114711    5.363395 ^ _125_/Y (sky130_fd_sc_hd__inv_2)
                                                         _012_ (net)
                      0.074923    0.000000    5.363395 ^ _161_/RESET_B (sky130_fd_sc_hd__dfrtp_2)
                                              5.363395   data arrival time

                      0.150000    0.000000    0.000000   clock clk (rise edge)
                                  0.000000    0.000000   clock network delay (ideal)
                                  0.250000    0.250000   clock uncertainty
                                  0.000000    0.250000   clock reconvergence pessimism
                                              0.250000 ^ _161_/CLK (sky130_fd_sc_hd__dfrtp_2)
                                  0.357274    0.607274   library removal time
                                              0.607274   data required time
---------------------------------------------------------------------------------------------
                                              0.607274   data required time
                                             -5.363395   data arrival time
---------------------------------------------------------------------------------------------
                                              4.756121   slack (MET)


Startpoint: reset (input port clocked by clk)
Endpoint: _162_ (removal check against rising-edge clock clk)
Path Group: asynchronous
Path Type: min

Fanout         Cap        Slew       Delay        Time   Description
---------------------------------------------------------------------------------------------
                      0.150000    0.000000    0.000000   clock clk (rise edge)
                                  0.000000    0.000000   clock network delay (ideal)
                                  5.000000    5.000000 v input external delay
    36    0.153936    0.329202    0.248684    5.248684 v reset (in)
                                                         reset (net)
                      0.329202    0.000000    5.248684 v _126_/A (sky130_fd_sc_hd__inv_2)
     1    0.003612    0.074923    0.114711    5.363395 ^ _126_/Y (sky130_fd_sc_hd__inv_2)
                                                         _013_ (net)
                      0.074923    0.000000    5.363395 ^ _162_/RESET_B (sky130_fd_sc_hd__dfrtp_2)
                                              5.363395   data arrival time

                      0.150000    0.000000    0.000000   clock clk (rise edge)
                                  0.000000    0.000000   clock network delay (ideal)
                                  0.250000    0.250000   clock uncertainty
                                  0.000000    0.250000   clock reconvergence pessimism
                                              0.250000 ^ _162_/CLK (sky130_fd_sc_hd__dfrtp_2)
                                  0.357274    0.607274   library removal time
                                              0.607274   data required time
---------------------------------------------------------------------------------------------
                                              0.607274   data required time
                                             -5.363395   data arrival time
---------------------------------------------------------------------------------------------
                                              4.756121   slack (MET)


Startpoint: reset (input port clocked by clk)
Endpoint: _163_ (removal check against rising-edge clock clk)
Path Group: asynchronous
Path Type: min

Fanout         Cap        Slew       Delay        Time   Description
---------------------------------------------------------------------------------------------
                      0.150000    0.000000    0.000000   clock clk (rise edge)
                                  0.000000    0.000000   clock network delay (ideal)
                                  5.000000    5.000000 v input external delay
    36    0.153936    0.329202    0.248684    5.248684 v reset (in)
                                                         reset (net)
                      0.329202    0.000000    5.248684 v _127_/A (sky130_fd_sc_hd__inv_2)
     1    0.003612    0.074923    0.114711    5.363395 ^ _127_/Y (sky130_fd_sc_hd__inv_2)
                                                         _014_ (net)
                      0.074923    0.000000    5.363395 ^ _163_/RESET_B (sky130_fd_sc_hd__dfrtp_2)
                                              5.363395   data arrival time

                      0.150000    0.000000    0.000000   clock clk (rise edge)
                                  0.000000    0.000000   clock network delay (ideal)
                                  0.250000    0.250000   clock uncertainty
                                  0.000000    0.250000   clock reconvergence pessimism
                                              0.250000 ^ _163_/CLK (sky130_fd_sc_hd__dfrtp_2)
                                  0.357274    0.607274   library removal time
                                              0.607274   data required time
---------------------------------------------------------------------------------------------
                                              0.607274   data required time
                                             -5.363395   data arrival time
---------------------------------------------------------------------------------------------
                                              4.756121   slack (MET)


Startpoint: reset (input port clocked by clk)
Endpoint: _164_ (removal check against rising-edge clock clk)
Path Group: asynchronous
Path Type: min

Fanout         Cap        Slew       Delay        Time   Description
---------------------------------------------------------------------------------------------
                      0.150000    0.000000    0.000000   clock clk (rise edge)
                                  0.000000    0.000000   clock network delay (ideal)
                                  5.000000    5.000000 v input external delay
    36    0.153936    0.329202    0.248684    5.248684 v reset (in)
                                                         reset (net)
                      0.329202    0.000000    5.248684 v _128_/A (sky130_fd_sc_hd__inv_2)
     1    0.003612    0.074923    0.114711    5.363395 ^ _128_/Y (sky130_fd_sc_hd__inv_2)
                                                         _015_ (net)
                      0.074923    0.000000    5.363395 ^ _164_/RESET_B (sky130_fd_sc_hd__dfrtp_2)
                                              5.363395   data arrival time

                      0.150000    0.000000    0.000000   clock clk (rise edge)
                                  0.000000    0.000000   clock network delay (ideal)
                                  0.250000    0.250000   clock uncertainty
                                  0.000000    0.250000   clock reconvergence pessimism
                                              0.250000 ^ _164_/CLK (sky130_fd_sc_hd__dfrtp_2)
                                  0.357274    0.607274   library removal time
                                              0.607274   data required time
---------------------------------------------------------------------------------------------
                                              0.607274   data required time
                                             -5.363395   data arrival time
---------------------------------------------------------------------------------------------
                                              4.756121   slack (MET)


Startpoint: reset (input port clocked by clk)
Endpoint: _165_ (removal check against rising-edge clock clk)
Path Group: asynchronous
Path Type: min

Fanout         Cap        Slew       Delay        Time   Description
---------------------------------------------------------------------------------------------
                      0.150000    0.000000    0.000000   clock clk (rise edge)
                                  0.000000    0.000000   clock network delay (ideal)
                                  5.000000    5.000000 v input external delay
    36    0.153936    0.329202    0.248684    5.248684 v reset (in)
                                                         reset (net)
                      0.329202    0.000000    5.248684 v _129_/A (sky130_fd_sc_hd__inv_2)
     1    0.003612    0.074923    0.114711    5.363395 ^ _129_/Y (sky130_fd_sc_hd__inv_2)
                                                         _016_ (net)
                      0.074923    0.000000    5.363395 ^ _165_/RESET_B (sky130_fd_sc_hd__dfrtp_2)
                                              5.363395   data arrival time

                      0.150000    0.000000    0.000000   clock clk (rise edge)
                                  0.000000    0.000000   clock network delay (ideal)
                                  0.250000    0.250000   clock uncertainty
                                  0.000000    0.250000   clock reconvergence pessimism
                                              0.250000 ^ _165_/CLK (sky130_fd_sc_hd__dfrtp_2)
                                  0.357274    0.607274   library removal time
                                              0.607274   data required time
---------------------------------------------------------------------------------------------
                                              0.607274   data required time
                                             -5.363395   data arrival time
---------------------------------------------------------------------------------------------
                                              4.756121   slack (MET)


Startpoint: reset (input port clocked by clk)
Endpoint: _166_ (removal check against rising-edge clock clk)
Path Group: asynchronous
Path Type: min

Fanout         Cap        Slew       Delay        Time   Description
---------------------------------------------------------------------------------------------
                      0.150000    0.000000    0.000000   clock clk (rise edge)
                                  0.000000    0.000000   clock network delay (ideal)
                                  5.000000    5.000000 v input external delay
    36    0.153936    0.329202    0.248684    5.248684 v reset (in)
                                                         reset (net)
                      0.329202    0.000000    5.248684 v _130_/A (sky130_fd_sc_hd__inv_2)
     1    0.003612    0.074923    0.114711    5.363395 ^ _130_/Y (sky130_fd_sc_hd__inv_2)
                                                         _017_ (net)
                      0.074923    0.000000    5.363395 ^ _166_/RESET_B (sky130_fd_sc_hd__dfrtp_2)
                                              5.363395   data arrival time

                      0.150000    0.000000    0.000000   clock clk (rise edge)
                                  0.000000    0.000000   clock network delay (ideal)
                                  0.250000    0.250000   clock uncertainty
                                  0.000000    0.250000   clock reconvergence pessimism
                                              0.250000 ^ _166_/CLK (sky130_fd_sc_hd__dfrtp_2)
                                  0.357274    0.607274   library removal time
                                              0.607274   data required time
---------------------------------------------------------------------------------------------
                                              0.607274   data required time
                                             -5.363395   data arrival time
---------------------------------------------------------------------------------------------
                                              4.756121   slack (MET)


Startpoint: reset (input port clocked by clk)
Endpoint: _167_ (removal check against rising-edge clock clk)
Path Group: asynchronous
Path Type: min

Fanout         Cap        Slew       Delay        Time   Description
---------------------------------------------------------------------------------------------
                      0.150000    0.000000    0.000000   clock clk (rise edge)
                                  0.000000    0.000000   clock network delay (ideal)
                                  5.000000    5.000000 v input external delay
    36    0.153936    0.329202    0.248684    5.248684 v reset (in)
                                                         reset (net)
                      0.329202    0.000000    5.248684 v _131_/A (sky130_fd_sc_hd__inv_2)
     1    0.003612    0.074923    0.114711    5.363395 ^ _131_/Y (sky130_fd_sc_hd__inv_2)
                                                         _018_ (net)
                      0.074923    0.000000    5.363395 ^ _167_/RESET_B (sky130_fd_sc_hd__dfrtp_2)
                                              5.363395   data arrival time

                      0.150000    0.000000    0.000000   clock clk (rise edge)
                                  0.000000    0.000000   clock network delay (ideal)
                                  0.250000    0.250000   clock uncertainty
                                  0.000000    0.250000   clock reconvergence pessimism
                                              0.250000 ^ _167_/CLK (sky130_fd_sc_hd__dfrtp_2)
                                  0.357274    0.607274   library removal time
                                              0.607274   data required time
---------------------------------------------------------------------------------------------
                                              0.607274   data required time
                                             -5.363395   data arrival time
---------------------------------------------------------------------------------------------
                                              4.756121   slack (MET)


Startpoint: reset (input port clocked by clk)
Endpoint: _168_ (removal check against rising-edge clock clk)
Path Group: asynchronous
Path Type: min

Fanout         Cap        Slew       Delay        Time   Description
---------------------------------------------------------------------------------------------
                      0.150000    0.000000    0.000000   clock clk (rise edge)
                                  0.000000    0.000000   clock network delay (ideal)
                                  5.000000    5.000000 v input external delay
    36    0.153936    0.329202    0.248684    5.248684 v reset (in)
                                                         reset (net)
                      0.329202    0.000000    5.248684 v _132_/A (sky130_fd_sc_hd__inv_2)
     1    0.003612    0.074923    0.114711    5.363395 ^ _132_/Y (sky130_fd_sc_hd__inv_2)
                                                         _019_ (net)
                      0.074923    0.000000    5.363395 ^ _168_/RESET_B (sky130_fd_sc_hd__dfrtp_2)
                                              5.363395   data arrival time

                      0.150000    0.000000    0.000000   clock clk (rise edge)
                                  0.000000    0.000000   clock network delay (ideal)
                                  0.250000    0.250000   clock uncertainty
                                  0.000000    0.250000   clock reconvergence pessimism
                                              0.250000 ^ _168_/CLK (sky130_fd_sc_hd__dfrtp_2)
                                  0.357274    0.607274   library removal time
                                              0.607274   data required time
---------------------------------------------------------------------------------------------
                                              0.607274   data required time
                                             -5.363395   data arrival time
---------------------------------------------------------------------------------------------
                                              4.756121   slack (MET)


Startpoint: reset (input port clocked by clk)
Endpoint: _169_ (removal check against rising-edge clock clk)
Path Group: asynchronous
Path Type: min

Fanout         Cap        Slew       Delay        Time   Description
---------------------------------------------------------------------------------------------
                      0.150000    0.000000    0.000000   clock clk (rise edge)
                                  0.000000    0.000000   clock network delay (ideal)
                                  5.000000    5.000000 v input external delay
    36    0.153936    0.329202    0.248684    5.248684 v reset (in)
                                                         reset (net)
                      0.329202    0.000000    5.248684 v _133_/A (sky130_fd_sc_hd__inv_2)
     1    0.003612    0.074923    0.114711    5.363395 ^ _133_/Y (sky130_fd_sc_hd__inv_2)
                                                         _020_ (net)
                      0.074923    0.000000    5.363395 ^ _169_/RESET_B (sky130_fd_sc_hd__dfrtp_2)
                                              5.363395   data arrival time

                      0.150000    0.000000    0.000000   clock clk (rise edge)
                                  0.000000    0.000000   clock network delay (ideal)
                                  0.250000    0.250000   clock uncertainty
                                  0.000000    0.250000   clock reconvergence pessimism
                                              0.250000 ^ _169_/CLK (sky130_fd_sc_hd__dfrtp_2)
                                  0.357274    0.607274   library removal time
                                              0.607274   data required time
---------------------------------------------------------------------------------------------
                                              0.607274   data required time
                                             -5.363395   data arrival time
---------------------------------------------------------------------------------------------
                                              4.756121   slack (MET)


Startpoint: reset (input port clocked by clk)
Endpoint: _170_ (removal check against rising-edge clock clk)
Path Group: asynchronous
Path Type: min

Fanout         Cap        Slew       Delay        Time   Description
---------------------------------------------------------------------------------------------
                      0.150000    0.000000    0.000000   clock clk (rise edge)
                                  0.000000    0.000000   clock network delay (ideal)
                                  5.000000    5.000000 v input external delay
    36    0.153936    0.329202    0.248684    5.248684 v reset (in)
                                                         reset (net)
                      0.329202    0.000000    5.248684 v _134_/A (sky130_fd_sc_hd__inv_2)
     1    0.003612    0.074923    0.114711    5.363395 ^ _134_/Y (sky130_fd_sc_hd__inv_2)
                                                         _021_ (net)
                      0.074923    0.000000    5.363395 ^ _170_/RESET_B (sky130_fd_sc_hd__dfrtp_2)
                                              5.363395   data arrival time

                      0.150000    0.000000    0.000000   clock clk (rise edge)
                                  0.000000    0.000000   clock network delay (ideal)
                                  0.250000    0.250000   clock uncertainty
                                  0.000000    0.250000   clock reconvergence pessimism
                                              0.250000 ^ _170_/CLK (sky130_fd_sc_hd__dfrtp_2)
                                  0.357274    0.607274   library removal time
                                              0.607274   data required time
---------------------------------------------------------------------------------------------
                                              0.607274   data required time
                                             -5.363395   data arrival time
---------------------------------------------------------------------------------------------
                                              4.756121   slack (MET)


Startpoint: reset (input port clocked by clk)
Endpoint: _171_ (removal check against rising-edge clock clk)
Path Group: asynchronous
Path Type: min

Fanout         Cap        Slew       Delay        Time   Description
---------------------------------------------------------------------------------------------
                      0.150000    0.000000    0.000000   clock clk (rise edge)
                                  0.000000    0.000000   clock network delay (ideal)
                                  5.000000    5.000000 v input external delay
    36    0.153936    0.329202    0.248684    5.248684 v reset (in)
                                                         reset (net)
                      0.329202    0.000000    5.248684 v _135_/A (sky130_fd_sc_hd__inv_2)
     1    0.003612    0.074923    0.114711    5.363395 ^ _135_/Y (sky130_fd_sc_hd__inv_2)
                                                         _022_ (net)
                      0.074923    0.000000    5.363395 ^ _171_/RESET_B (sky130_fd_sc_hd__dfrtp_2)
                                              5.363395   data arrival time

                      0.150000    0.000000    0.000000   clock clk (rise edge)
                                  0.000000    0.000000   clock network delay (ideal)
                                  0.250000    0.250000   clock uncertainty
                                  0.000000    0.250000   clock reconvergence pessimism
                                              0.250000 ^ _171_/CLK (sky130_fd_sc_hd__dfrtp_2)
                                  0.357274    0.607274   library removal time
                                              0.607274   data required time
---------------------------------------------------------------------------------------------
                                              0.607274   data required time
                                             -5.363395   data arrival time
---------------------------------------------------------------------------------------------
                                              4.756121   slack (MET)


Startpoint: reset (input port clocked by clk)
Endpoint: _172_ (removal check against rising-edge clock clk)
Path Group: asynchronous
Path Type: min

Fanout         Cap        Slew       Delay        Time   Description
---------------------------------------------------------------------------------------------
                      0.150000    0.000000    0.000000   clock clk (rise edge)
                                  0.000000    0.000000   clock network delay (ideal)
                                  5.000000    5.000000 v input external delay
    36    0.153936    0.329202    0.248684    5.248684 v reset (in)
                                                         reset (net)
                      0.329202    0.000000    5.248684 v _136_/A (sky130_fd_sc_hd__inv_2)
     1    0.003612    0.074923    0.114711    5.363395 ^ _136_/Y (sky130_fd_sc_hd__inv_2)
                                                         _023_ (net)
                      0.074923    0.000000    5.363395 ^ _172_/RESET_B (sky130_fd_sc_hd__dfrtp_2)
                                              5.363395   data arrival time

                      0.150000    0.000000    0.000000   clock clk (rise edge)
                                  0.000000    0.000000   clock network delay (ideal)
                                  0.250000    0.250000   clock uncertainty
                                  0.000000    0.250000   clock reconvergence pessimism
                                              0.250000 ^ _172_/CLK (sky130_fd_sc_hd__dfrtp_2)
                                  0.357274    0.607274   library removal time
                                              0.607274   data required time
---------------------------------------------------------------------------------------------
                                              0.607274   data required time
                                             -5.363395   data arrival time
---------------------------------------------------------------------------------------------
                                              4.756121   slack (MET)


Startpoint: reset (input port clocked by clk)
Endpoint: _173_ (removal check against rising-edge clock clk)
Path Group: asynchronous
Path Type: min

Fanout         Cap        Slew       Delay        Time   Description
---------------------------------------------------------------------------------------------
                      0.150000    0.000000    0.000000   clock clk (rise edge)
                                  0.000000    0.000000   clock network delay (ideal)
                                  5.000000    5.000000 v input external delay
    36    0.153936    0.329202    0.248684    5.248684 v reset (in)
                                                         reset (net)
                      0.329202    0.000000    5.248684 v _137_/A (sky130_fd_sc_hd__inv_2)
     1    0.003612    0.074923    0.114711    5.363395 ^ _137_/Y (sky130_fd_sc_hd__inv_2)
                                                         _024_ (net)
                      0.074923    0.000000    5.363395 ^ _173_/RESET_B (sky130_fd_sc_hd__dfrtp_2)
                                              5.363395   data arrival time

                      0.150000    0.000000    0.000000   clock clk (rise edge)
                                  0.000000    0.000000   clock network delay (ideal)
                                  0.250000    0.250000   clock uncertainty
                                  0.000000    0.250000   clock reconvergence pessimism
                                              0.250000 ^ _173_/CLK (sky130_fd_sc_hd__dfrtp_2)
                                  0.357274    0.607274   library removal time
                                              0.607274   data required time
---------------------------------------------------------------------------------------------
                                              0.607274   data required time
                                             -5.363395   data arrival time
---------------------------------------------------------------------------------------------
                                              4.756121   slack (MET)


Startpoint: reset (input port clocked by clk)
Endpoint: _174_ (removal check against rising-edge clock clk)
Path Group: asynchronous
Path Type: min

Fanout         Cap        Slew       Delay        Time   Description
---------------------------------------------------------------------------------------------
                      0.150000    0.000000    0.000000   clock clk (rise edge)
                                  0.000000    0.000000   clock network delay (ideal)
                                  5.000000    5.000000 v input external delay
    36    0.153936    0.329202    0.248684    5.248684 v reset (in)
                                                         reset (net)
                      0.329202    0.000000    5.248684 v _138_/A (sky130_fd_sc_hd__inv_2)
     1    0.003612    0.074923    0.114711    5.363395 ^ _138_/Y (sky130_fd_sc_hd__inv_2)
                                                         _025_ (net)
                      0.074923    0.000000    5.363395 ^ _174_/RESET_B (sky130_fd_sc_hd__dfrtp_2)
                                              5.363395   data arrival time

                      0.150000    0.000000    0.000000   clock clk (rise edge)
                                  0.000000    0.000000   clock network delay (ideal)
                                  0.250000    0.250000   clock uncertainty
                                  0.000000    0.250000   clock reconvergence pessimism
                                              0.250000 ^ _174_/CLK (sky130_fd_sc_hd__dfrtp_2)
                                  0.357274    0.607274   library removal time
                                              0.607274   data required time
---------------------------------------------------------------------------------------------
                                              0.607274   data required time
                                             -5.363395   data arrival time
---------------------------------------------------------------------------------------------
                                              4.756121   slack (MET)


Startpoint: reset (input port clocked by clk)
Endpoint: _175_ (removal check against rising-edge clock clk)
Path Group: asynchronous
Path Type: min

Fanout         Cap        Slew       Delay        Time   Description
---------------------------------------------------------------------------------------------
                      0.150000    0.000000    0.000000   clock clk (rise edge)
                                  0.000000    0.000000   clock network delay (ideal)
                                  5.000000    5.000000 v input external delay
    36    0.153936    0.329202    0.248684    5.248684 v reset (in)
                                                         reset (net)
                      0.329202    0.000000    5.248684 v _139_/A (sky130_fd_sc_hd__inv_2)
     1    0.003612    0.074923    0.114711    5.363395 ^ _139_/Y (sky130_fd_sc_hd__inv_2)
                                                         _026_ (net)
                      0.074923    0.000000    5.363395 ^ _175_/RESET_B (sky130_fd_sc_hd__dfrtp_2)
                                              5.363395   data arrival time

                      0.150000    0.000000    0.000000   clock clk (rise edge)
                                  0.000000    0.000000   clock network delay (ideal)
                                  0.250000    0.250000   clock uncertainty
                                  0.000000    0.250000   clock reconvergence pessimism
                                              0.250000 ^ _175_/CLK (sky130_fd_sc_hd__dfrtp_2)
                                  0.357274    0.607274   library removal time
                                              0.607274   data required time
---------------------------------------------------------------------------------------------
                                              0.607274   data required time
                                             -5.363395   data arrival time
---------------------------------------------------------------------------------------------
                                              4.756121   slack (MET)


Startpoint: reset (input port clocked by clk)
Endpoint: _177_ (removal check against rising-edge clock clk)
Path Group: asynchronous
Path Type: min

Fanout         Cap        Slew       Delay        Time   Description
---------------------------------------------------------------------------------------------
                      0.150000    0.000000    0.000000   clock clk (rise edge)
                                  0.000000    0.000000   clock network delay (ideal)
                                  5.000000    5.000000 v input external delay
    36    0.153936    0.329202    0.248684    5.248684 v reset (in)
                                                         reset (net)
                      0.329202    0.000000    5.248684 v _141_/A (sky130_fd_sc_hd__inv_2)
     1    0.003612    0.074923    0.114711    5.363395 ^ _141_/Y (sky130_fd_sc_hd__inv_2)
                                                         _028_ (net)
                      0.074923    0.000000    5.363395 ^ _177_/RESET_B (sky130_fd_sc_hd__dfrtp_2)
                                              5.363395   data arrival time

                      0.150000    0.000000    0.000000   clock clk (rise edge)
                                  0.000000    0.000000   clock network delay (ideal)
                                  0.250000    0.250000   clock uncertainty
                                  0.000000    0.250000   clock reconvergence pessimism
                                              0.250000 ^ _177_/CLK (sky130_fd_sc_hd__dfrtp_2)
                                  0.357274    0.607274   library removal time
                                              0.607274   data required time
---------------------------------------------------------------------------------------------
                                              0.607274   data required time
                                             -5.363395   data arrival time
---------------------------------------------------------------------------------------------
                                              4.756121   slack (MET)


Startpoint: reset (input port clocked by clk)
Endpoint: _178_ (removal check against rising-edge clock clk)
Path Group: asynchronous
Path Type: min

Fanout         Cap        Slew       Delay        Time   Description
---------------------------------------------------------------------------------------------
                      0.150000    0.000000    0.000000   clock clk (rise edge)
                                  0.000000    0.000000   clock network delay (ideal)
                                  5.000000    5.000000 v input external delay
    36    0.153936    0.329202    0.248684    5.248684 v reset (in)
                                                         reset (net)
                      0.329202    0.000000    5.248684 v _142_/A (sky130_fd_sc_hd__inv_2)
     1    0.003612    0.074923    0.114711    5.363395 ^ _142_/Y (sky130_fd_sc_hd__inv_2)
                                                         _029_ (net)
                      0.074923    0.000000    5.363395 ^ _178_/RESET_B (sky130_fd_sc_hd__dfrtp_2)
                                              5.363395   data arrival time

                      0.150000    0.000000    0.000000   clock clk (rise edge)
                                  0.000000    0.000000   clock network delay (ideal)
                                  0.250000    0.250000   clock uncertainty
                                  0.000000    0.250000   clock reconvergence pessimism
                                              0.250000 ^ _178_/CLK (sky130_fd_sc_hd__dfrtp_2)
                                  0.357274    0.607274   library removal time
                                              0.607274   data required time
---------------------------------------------------------------------------------------------
                                              0.607274   data required time
                                             -5.363395   data arrival time
---------------------------------------------------------------------------------------------
                                              4.756121   slack (MET)


Startpoint: reset (input port clocked by clk)
Endpoint: _179_ (removal check against rising-edge clock clk)
Path Group: asynchronous
Path Type: min

Fanout         Cap        Slew       Delay        Time   Description
---------------------------------------------------------------------------------------------
                      0.150000    0.000000    0.000000   clock clk (rise edge)
                                  0.000000    0.000000   clock network delay (ideal)
                                  5.000000    5.000000 v input external delay
    36    0.153936    0.329202    0.248684    5.248684 v reset (in)
                                                         reset (net)
                      0.329202    0.000000    5.248684 v _143_/A (sky130_fd_sc_hd__inv_2)
     1    0.003612    0.074923    0.114711    5.363395 ^ _143_/Y (sky130_fd_sc_hd__inv_2)
                                                         _030_ (net)
                      0.074923    0.000000    5.363395 ^ _179_/RESET_B (sky130_fd_sc_hd__dfrtp_2)
                                              5.363395   data arrival time

                      0.150000    0.000000    0.000000   clock clk (rise edge)
                                  0.000000    0.000000   clock network delay (ideal)
                                  0.250000    0.250000   clock uncertainty
                                  0.000000    0.250000   clock reconvergence pessimism
                                              0.250000 ^ _179_/CLK (sky130_fd_sc_hd__dfrtp_2)
                                  0.357274    0.607274   library removal time
                                              0.607274   data required time
---------------------------------------------------------------------------------------------
                                              0.607274   data required time
                                             -5.363395   data arrival time
---------------------------------------------------------------------------------------------
                                              4.756121   slack (MET)


Startpoint: reset (input port clocked by clk)
Endpoint: _180_ (removal check against rising-edge clock clk)
Path Group: asynchronous
Path Type: min

Fanout         Cap        Slew       Delay        Time   Description
---------------------------------------------------------------------------------------------
                      0.150000    0.000000    0.000000   clock clk (rise edge)
                                  0.000000    0.000000   clock network delay (ideal)
                                  5.000000    5.000000 v input external delay
    36    0.153936    0.329202    0.248684    5.248684 v reset (in)
                                                         reset (net)
                      0.329202    0.000000    5.248684 v _144_/A (sky130_fd_sc_hd__inv_2)
     1    0.003612    0.074923    0.114711    5.363395 ^ _144_/Y (sky130_fd_sc_hd__inv_2)
                                                         _031_ (net)
                      0.074923    0.000000    5.363395 ^ _180_/RESET_B (sky130_fd_sc_hd__dfrtp_2)
                                              5.363395   data arrival time

                      0.150000    0.000000    0.000000   clock clk (rise edge)
                                  0.000000    0.000000   clock network delay (ideal)
                                  0.250000    0.250000   clock uncertainty
                                  0.000000    0.250000   clock reconvergence pessimism
                                              0.250000 ^ _180_/CLK (sky130_fd_sc_hd__dfrtp_2)
                                  0.357274    0.607274   library removal time
                                              0.607274   data required time
---------------------------------------------------------------------------------------------
                                              0.607274   data required time
                                             -5.363395   data arrival time
---------------------------------------------------------------------------------------------
                                              4.756121   slack (MET)


Startpoint: reset (input port clocked by clk)
Endpoint: _181_ (removal check against rising-edge clock clk)
Path Group: asynchronous
Path Type: min

Fanout         Cap        Slew       Delay        Time   Description
---------------------------------------------------------------------------------------------
                      0.150000    0.000000    0.000000   clock clk (rise edge)
                                  0.000000    0.000000   clock network delay (ideal)
                                  5.000000    5.000000 v input external delay
    36    0.153936    0.329202    0.248684    5.248684 v reset (in)
                                                         reset (net)
                      0.329202    0.000000    5.248684 v _145_/A (sky130_fd_sc_hd__inv_2)
     1    0.003612    0.074923    0.114711    5.363395 ^ _145_/Y (sky130_fd_sc_hd__inv_2)
                                                         _032_ (net)
                      0.074923    0.000000    5.363395 ^ _181_/RESET_B (sky130_fd_sc_hd__dfrtp_2)
                                              5.363395   data arrival time

                      0.150000    0.000000    0.000000   clock clk (rise edge)
                                  0.000000    0.000000   clock network delay (ideal)
                                  0.250000    0.250000   clock uncertainty
                                  0.000000    0.250000   clock reconvergence pessimism
                                              0.250000 ^ _181_/CLK (sky130_fd_sc_hd__dfrtp_2)
                                  0.357274    0.607274   library removal time
                                              0.607274   data required time
---------------------------------------------------------------------------------------------
                                              0.607274   data required time
                                             -5.363395   data arrival time
---------------------------------------------------------------------------------------------
                                              4.756121   slack (MET)


Startpoint: reset (input port clocked by clk)
Endpoint: _182_ (removal check against rising-edge clock clk)
Path Group: asynchronous
Path Type: min

Fanout         Cap        Slew       Delay        Time   Description
---------------------------------------------------------------------------------------------
                      0.150000    0.000000    0.000000   clock clk (rise edge)
                                  0.000000    0.000000   clock network delay (ideal)
                                  5.000000    5.000000 v input external delay
    36    0.153936    0.329202    0.248684    5.248684 v reset (in)
                                                         reset (net)
                      0.329202    0.000000    5.248684 v _146_/A (sky130_fd_sc_hd__inv_2)
     1    0.003612    0.074923    0.114711    5.363395 ^ _146_/Y (sky130_fd_sc_hd__inv_2)
                                                         _033_ (net)
                      0.074923    0.000000    5.363395 ^ _182_/RESET_B (sky130_fd_sc_hd__dfrtp_2)
                                              5.363395   data arrival time

                      0.150000    0.000000    0.000000   clock clk (rise edge)
                                  0.000000    0.000000   clock network delay (ideal)
                                  0.250000    0.250000   clock uncertainty
                                  0.000000    0.250000   clock reconvergence pessimism
                                              0.250000 ^ _182_/CLK (sky130_fd_sc_hd__dfrtp_2)
                                  0.357274    0.607274   library removal time
                                              0.607274   data required time
---------------------------------------------------------------------------------------------
                                              0.607274   data required time
                                             -5.363395   data arrival time
---------------------------------------------------------------------------------------------
                                              4.756121   slack (MET)


Startpoint: reset (input port clocked by clk)
Endpoint: _183_ (removal check against rising-edge clock clk)
Path Group: asynchronous
Path Type: min

Fanout         Cap        Slew       Delay        Time   Description
---------------------------------------------------------------------------------------------
                      0.150000    0.000000    0.000000   clock clk (rise edge)
                                  0.000000    0.000000   clock network delay (ideal)
                                  5.000000    5.000000 v input external delay
    36    0.153936    0.329202    0.248684    5.248684 v reset (in)
                                                         reset (net)
                      0.329202    0.000000    5.248684 v _147_/A (sky130_fd_sc_hd__inv_2)
     1    0.003612    0.074923    0.114711    5.363395 ^ _147_/Y (sky130_fd_sc_hd__inv_2)
                                                         _034_ (net)
                      0.074923    0.000000    5.363395 ^ _183_/RESET_B (sky130_fd_sc_hd__dfrtp_2)
                                              5.363395   data arrival time

                      0.150000    0.000000    0.000000   clock clk (rise edge)
                                  0.000000    0.000000   clock network delay (ideal)
                                  0.250000    0.250000   clock uncertainty
                                  0.000000    0.250000   clock reconvergence pessimism
                                              0.250000 ^ _183_/CLK (sky130_fd_sc_hd__dfrtp_2)
                                  0.357274    0.607274   library removal time
                                              0.607274   data required time
---------------------------------------------------------------------------------------------
                                              0.607274   data required time
                                             -5.363395   data arrival time
---------------------------------------------------------------------------------------------
                                              4.756121   slack (MET)


Startpoint: reset (input port clocked by clk)
Endpoint: _184_ (removal check against rising-edge clock clk)
Path Group: asynchronous
Path Type: min

Fanout         Cap        Slew       Delay        Time   Description
---------------------------------------------------------------------------------------------
                      0.150000    0.000000    0.000000   clock clk (rise edge)
                                  0.000000    0.000000   clock network delay (ideal)
                                  5.000000    5.000000 v input external delay
    36    0.153936    0.329202    0.248684    5.248684 v reset (in)
                                                         reset (net)
                      0.329202    0.000000    5.248684 v _148_/A (sky130_fd_sc_hd__inv_2)
     1    0.003612    0.074923    0.114711    5.363395 ^ _148_/Y (sky130_fd_sc_hd__inv_2)
                                                         _035_ (net)
                      0.074923    0.000000    5.363395 ^ _184_/RESET_B (sky130_fd_sc_hd__dfrtp_2)
                                              5.363395   data arrival time

                      0.150000    0.000000    0.000000   clock clk (rise edge)
                                  0.000000    0.000000   clock network delay (ideal)
                                  0.250000    0.250000   clock uncertainty
                                  0.000000    0.250000   clock reconvergence pessimism
                                              0.250000 ^ _184_/CLK (sky130_fd_sc_hd__dfrtp_2)
                                  0.357274    0.607274   library removal time
                                              0.607274   data required time
---------------------------------------------------------------------------------------------
                                              0.607274   data required time
                                             -5.363395   data arrival time
---------------------------------------------------------------------------------------------
                                              4.756121   slack (MET)


Startpoint: btn (input port clocked by clk)
Endpoint: _184_ (rising edge-triggered flip-flop clocked by clk)
Path Group: clk
Path Type: min

Fanout         Cap        Slew       Delay        Time   Description
---------------------------------------------------------------------------------------------
                      0.150000    0.000000    0.000000   clock clk (rise edge)
                                  0.000000    0.000000   clock network delay (ideal)
                                  5.000000    5.000000 v input external delay
     6    0.009338    0.023451    0.015090    5.015090 v btn (in)
                                                         btn (net)
                      0.023451    0.000000    5.015090 v _184_/D (sky130_fd_sc_hd__dfrtp_2)
                                              5.015090   data arrival time

                      0.150000    0.000000    0.000000   clock clk (rise edge)
                                  0.000000    0.000000   clock network delay (ideal)
                                  0.250000    0.250000   clock uncertainty
                                  0.000000    0.250000   clock reconvergence pessimism
                                              0.250000 ^ _184_/CLK (sky130_fd_sc_hd__dfrtp_2)
                                 -0.009401    0.240599   library hold time
                                              0.240599   data required time
---------------------------------------------------------------------------------------------
                                              0.240599   data required time
                                             -5.015090   data arrival time
---------------------------------------------------------------------------------------------
                                              4.774491   slack (MET)


Startpoint: reset (input port clocked by clk)
Endpoint: _176_ (removal check against rising-edge clock clk)
Path Group: asynchronous
Path Type: min

Fanout         Cap        Slew       Delay        Time   Description
---------------------------------------------------------------------------------------------
                      0.150000    0.000000    0.000000   clock clk (rise edge)
                                  0.000000    0.000000   clock network delay (ideal)
                                  5.000000    5.000000 v input external delay
    36    0.153936    0.329202    0.248684    5.248684 v reset (in)
                                                         reset (net)
                      0.329202    0.000000    5.248684 v _140_/A (sky130_fd_sc_hd__inv_2)
     1    0.003420    0.073596    0.112747    5.361431 ^ _140_/Y (sky130_fd_sc_hd__inv_2)
                                                         _027_ (net)
                      0.073596    0.000000    5.361431 ^ _176_/SET_B (sky130_fd_sc_hd__dfstp_2)
                                              5.361431   data arrival time

                      0.150000    0.000000    0.000000   clock clk (rise edge)
                                  0.000000    0.000000   clock network delay (ideal)
                                  0.250000    0.250000   clock uncertainty
                                  0.000000    0.250000   clock reconvergence pessimism
                                              0.250000 ^ _176_/CLK (sky130_fd_sc_hd__dfstp_2)
                                  0.182528    0.432528   library removal time
                                              0.432528   data required time
---------------------------------------------------------------------------------------------
                                              0.432528   data required time
                                             -5.361431   data arrival time
---------------------------------------------------------------------------------------------
                                              4.928902   slack (MET)


Startpoint: _149_ (rising edge-triggered flip-flop clocked by clk)
Endpoint: seg0[0] (output port clocked by clk)
Path Group: clk
Path Type: min

Fanout         Cap        Slew       Delay        Time   Description
---------------------------------------------------------------------------------------------
                      0.150000    0.000000    0.000000   clock clk (rise edge)
                                  0.000000    0.000000   clock network delay (ideal)
                      0.150000    0.000000    0.000000 ^ _149_/CLK (sky130_fd_sc_hd__dfrtp_2)
     2    0.005068    0.049770    0.379949    0.379949 ^ _149_/Q (sky130_fd_sc_hd__dfrtp_2)
                                                         mem0[0] (net)
                      0.049770    0.000000    0.379949 ^ _058_/B1 (sky130_fd_sc_hd__a31o_2)
     1    0.033442    0.194537    0.210445    0.590394 ^ _058_/X (sky130_fd_sc_hd__a31o_2)
                                                         seg0[0] (net)
                      0.194537    0.000000    0.590394 ^ seg0[0] (out)
                                              0.590394   data arrival time

                      0.150000    0.000000    0.000000   clock clk (rise edge)
                                  0.000000    0.000000   clock network delay (ideal)
                                  0.250000    0.250000   clock uncertainty
                                  0.000000    0.250000   clock reconvergence pessimism
                                 -5.000000   -4.750000   output external delay
                                             -4.750000   data required time
---------------------------------------------------------------------------------------------
                                             -4.750000   data required time
                                             -0.590394   data arrival time
---------------------------------------------------------------------------------------------
                                              5.340394   slack (MET)


Startpoint: _150_ (rising edge-triggered flip-flop clocked by clk)
Endpoint: seg0[1] (output port clocked by clk)
Path Group: clk
Path Type: min

Fanout         Cap        Slew       Delay        Time   Description
---------------------------------------------------------------------------------------------
                      0.150000    0.000000    0.000000   clock clk (rise edge)
                                  0.000000    0.000000   clock network delay (ideal)
                      0.150000    0.000000    0.000000 ^ _150_/CLK (sky130_fd_sc_hd__dfrtp_2)
     2    0.005068    0.049770    0.379949    0.379949 ^ _150_/Q (sky130_fd_sc_hd__dfrtp_2)
                                                         mem0[1] (net)
                      0.049770    0.000000    0.379949 ^ _060_/B1 (sky130_fd_sc_hd__a31o_2)
     1    0.033442    0.194537    0.210445    0.590394 ^ _060_/X (sky130_fd_sc_hd__a31o_2)
                                                         seg0[1] (net)
                      0.194537    0.000000    0.590394 ^ seg0[1] (out)
                                              0.590394   data arrival time

                      0.150000    0.000000    0.000000   clock clk (rise edge)
                                  0.000000    0.000000   clock network delay (ideal)
                                  0.250000    0.250000   clock uncertainty
                                  0.000000    0.250000   clock reconvergence pessimism
                                 -5.000000   -4.750000   output external delay
                                             -4.750000   data required time
---------------------------------------------------------------------------------------------
                                             -4.750000   data required time
                                             -0.590394   data arrival time
---------------------------------------------------------------------------------------------
                                              5.340394   slack (MET)


Startpoint: _151_ (rising edge-triggered flip-flop clocked by clk)
Endpoint: seg0[2] (output port clocked by clk)
Path Group: clk
Path Type: min

Fanout         Cap        Slew       Delay        Time   Description
---------------------------------------------------------------------------------------------
                      0.150000    0.000000    0.000000   clock clk (rise edge)
                                  0.000000    0.000000   clock network delay (ideal)
                      0.150000    0.000000    0.000000 ^ _151_/CLK (sky130_fd_sc_hd__dfrtp_2)
     2    0.005068    0.049770    0.379949    0.379949 ^ _151_/Q (sky130_fd_sc_hd__dfrtp_2)
                                                         mem0[2] (net)
                      0.049770    0.000000    0.379949 ^ _062_/B1 (sky130_fd_sc_hd__a31o_2)
     1    0.033442    0.194537    0.210445    0.590394 ^ _062_/X (sky130_fd_sc_hd__a31o_2)
                                                         seg0[2] (net)
                      0.194537    0.000000    0.590394 ^ seg0[2] (out)
                                              0.590394   data arrival time

                      0.150000    0.000000    0.000000   clock clk (rise edge)
                                  0.000000    0.000000   clock network delay (ideal)
                                  0.250000    0.250000   clock uncertainty
                                  0.000000    0.250000   clock reconvergence pessimism
                                 -5.000000   -4.750000   output external delay
                                             -4.750000   data required time
---------------------------------------------------------------------------------------------
                                             -4.750000   data required time
                                             -0.590394   data arrival time
---------------------------------------------------------------------------------------------
                                              5.340394   slack (MET)


Startpoint: _152_ (rising edge-triggered flip-flop clocked by clk)
Endpoint: seg0[3] (output port clocked by clk)
Path Group: clk
Path Type: min

Fanout         Cap        Slew       Delay        Time   Description
---------------------------------------------------------------------------------------------
                      0.150000    0.000000    0.000000   clock clk (rise edge)
                                  0.000000    0.000000   clock network delay (ideal)
                      0.150000    0.000000    0.000000 ^ _152_/CLK (sky130_fd_sc_hd__dfrtp_2)
     2    0.005068    0.049770    0.379949    0.379949 ^ _152_/Q (sky130_fd_sc_hd__dfrtp_2)
                                                         mem0[3] (net)
                      0.049770    0.000000    0.379949 ^ _064_/B1 (sky130_fd_sc_hd__a31o_2)
     1    0.033442    0.194537    0.210445    0.590394 ^ _064_/X (sky130_fd_sc_hd__a31o_2)
                                                         seg0[3] (net)
                      0.194537    0.000000    0.590394 ^ seg0[3] (out)
                                              0.590394   data arrival time

                      0.150000    0.000000    0.000000   clock clk (rise edge)
                                  0.000000    0.000000   clock network delay (ideal)
                                  0.250000    0.250000   clock uncertainty
                                  0.000000    0.250000   clock reconvergence pessimism
                                 -5.000000   -4.750000   output external delay
                                             -4.750000   data required time
---------------------------------------------------------------------------------------------
                                             -4.750000   data required time
                                             -0.590394   data arrival time
---------------------------------------------------------------------------------------------
                                              5.340394   slack (MET)


Startpoint: _153_ (rising edge-triggered flip-flop clocked by clk)
Endpoint: seg0[4] (output port clocked by clk)
Path Group: clk
Path Type: min

Fanout         Cap        Slew       Delay        Time   Description
---------------------------------------------------------------------------------------------
                      0.150000    0.000000    0.000000   clock clk (rise edge)
                                  0.000000    0.000000   clock network delay (ideal)
                      0.150000    0.000000    0.000000 ^ _153_/CLK (sky130_fd_sc_hd__dfrtp_2)
     2    0.005068    0.049770    0.379949    0.379949 ^ _153_/Q (sky130_fd_sc_hd__dfrtp_2)
                                                         mem0[4] (net)
                      0.049770    0.000000    0.379949 ^ _066_/B1 (sky130_fd_sc_hd__a31o_2)
     1    0.033442    0.194537    0.210445    0.590394 ^ _066_/X (sky130_fd_sc_hd__a31o_2)
                                                         seg0[4] (net)
                      0.194537    0.000000    0.590394 ^ seg0[4] (out)
                                              0.590394   data arrival time

                      0.150000    0.000000    0.000000   clock clk (rise edge)
                                  0.000000    0.000000   clock network delay (ideal)
                                  0.250000    0.250000   clock uncertainty
                                  0.000000    0.250000   clock reconvergence pessimism
                                 -5.000000   -4.750000   output external delay
                                             -4.750000   data required time
---------------------------------------------------------------------------------------------
                                             -4.750000   data required time
                                             -0.590394   data arrival time
---------------------------------------------------------------------------------------------
                                              5.340394   slack (MET)


Startpoint: _154_ (rising edge-triggered flip-flop clocked by clk)
Endpoint: seg0[5] (output port clocked by clk)
Path Group: clk
Path Type: min

Fanout         Cap        Slew       Delay        Time   Description
---------------------------------------------------------------------------------------------
                      0.150000    0.000000    0.000000   clock clk (rise edge)
                                  0.000000    0.000000   clock network delay (ideal)
                      0.150000    0.000000    0.000000 ^ _154_/CLK (sky130_fd_sc_hd__dfrtp_2)
     2    0.005068    0.049770    0.379949    0.379949 ^ _154_/Q (sky130_fd_sc_hd__dfrtp_2)
                                                         mem0[5] (net)
                      0.049770    0.000000    0.379949 ^ _068_/B1 (sky130_fd_sc_hd__a31o_2)
     1    0.033442    0.194537    0.210445    0.590394 ^ _068_/X (sky130_fd_sc_hd__a31o_2)
                                                         seg0[5] (net)
                      0.194537    0.000000    0.590394 ^ seg0[5] (out)
                                              0.590394   data arrival time

                      0.150000    0.000000    0.000000   clock clk (rise edge)
                                  0.000000    0.000000   clock network delay (ideal)
                                  0.250000    0.250000   clock uncertainty
                                  0.000000    0.250000   clock reconvergence pessimism
                                 -5.000000   -4.750000   output external delay
                                             -4.750000   data required time
---------------------------------------------------------------------------------------------
                                             -4.750000   data required time
                                             -0.590394   data arrival time
---------------------------------------------------------------------------------------------
                                              5.340394   slack (MET)


Startpoint: _155_ (rising edge-triggered flip-flop clocked by clk)
Endpoint: seg1[0] (output port clocked by clk)
Path Group: clk
Path Type: min

Fanout         Cap        Slew       Delay        Time   Description
---------------------------------------------------------------------------------------------
                      0.150000    0.000000    0.000000   clock clk (rise edge)
                                  0.000000    0.000000   clock network delay (ideal)
                      0.150000    0.000000    0.000000 ^ _155_/CLK (sky130_fd_sc_hd__dfrtp_2)
     2    0.005068    0.049770    0.379949    0.379949 ^ _155_/Q (sky130_fd_sc_hd__dfrtp_2)
                                                         mem1[0] (net)
                      0.049770    0.000000    0.379949 ^ _072_/B1 (sky130_fd_sc_hd__a31o_2)
     1    0.033442    0.194537    0.210445    0.590394 ^ _072_/X (sky130_fd_sc_hd__a31o_2)
                                                         seg1[0] (net)
                      0.194537    0.000000    0.590394 ^ seg1[0] (out)
                                              0.590394   data arrival time

                      0.150000    0.000000    0.000000   clock clk (rise edge)
                                  0.000000    0.000000   clock network delay (ideal)
                                  0.250000    0.250000   clock uncertainty
                                  0.000000    0.250000   clock reconvergence pessimism
                                 -5.000000   -4.750000   output external delay
                                             -4.750000   data required time
---------------------------------------------------------------------------------------------
                                             -4.750000   data required time
                                             -0.590394   data arrival time
---------------------------------------------------------------------------------------------
                                              5.340394   slack (MET)


Startpoint: _156_ (rising edge-triggered flip-flop clocked by clk)
Endpoint: seg1[1] (output port clocked by clk)
Path Group: clk
Path Type: min

Fanout         Cap        Slew       Delay        Time   Description
---------------------------------------------------------------------------------------------
                      0.150000    0.000000    0.000000   clock clk (rise edge)
                                  0.000000    0.000000   clock network delay (ideal)
                      0.150000    0.000000    0.000000 ^ _156_/CLK (sky130_fd_sc_hd__dfrtp_2)
     2    0.005068    0.049770    0.379949    0.379949 ^ _156_/Q (sky130_fd_sc_hd__dfrtp_2)
                                                         mem1[1] (net)
                      0.049770    0.000000    0.379949 ^ _074_/B1 (sky130_fd_sc_hd__a31o_2)
     1    0.033442    0.194537    0.210445    0.590394 ^ _074_/X (sky130_fd_sc_hd__a31o_2)
                                                         seg1[1] (net)
                      0.194537    0.000000    0.590394 ^ seg1[1] (out)
                                              0.590394   data arrival time

                      0.150000    0.000000    0.000000   clock clk (rise edge)
                                  0.000000    0.000000   clock network delay (ideal)
                                  0.250000    0.250000   clock uncertainty
                                  0.000000    0.250000   clock reconvergence pessimism
                                 -5.000000   -4.750000   output external delay
                                             -4.750000   data required time
---------------------------------------------------------------------------------------------
                                             -4.750000   data required time
                                             -0.590394   data arrival time
---------------------------------------------------------------------------------------------
                                              5.340394   slack (MET)


Startpoint: _157_ (rising edge-triggered flip-flop clocked by clk)
Endpoint: seg1[2] (output port clocked by clk)
Path Group: clk
Path Type: min

Fanout         Cap        Slew       Delay        Time   Description
---------------------------------------------------------------------------------------------
                      0.150000    0.000000    0.000000   clock clk (rise edge)
                                  0.000000    0.000000   clock network delay (ideal)
                      0.150000    0.000000    0.000000 ^ _157_/CLK (sky130_fd_sc_hd__dfrtp_2)
     2    0.005068    0.049770    0.379949    0.379949 ^ _157_/Q (sky130_fd_sc_hd__dfrtp_2)
                                                         mem1[2] (net)
                      0.049770    0.000000    0.379949 ^ _076_/B1 (sky130_fd_sc_hd__a31o_2)
     1    0.033442    0.194537    0.210445    0.590394 ^ _076_/X (sky130_fd_sc_hd__a31o_2)
                                                         seg1[2] (net)
                      0.194537    0.000000    0.590394 ^ seg1[2] (out)
                                              0.590394   data arrival time

                      0.150000    0.000000    0.000000   clock clk (rise edge)
                                  0.000000    0.000000   clock network delay (ideal)
                                  0.250000    0.250000   clock uncertainty
                                  0.000000    0.250000   clock reconvergence pessimism
                                 -5.000000   -4.750000   output external delay
                                             -4.750000   data required time
---------------------------------------------------------------------------------------------
                                             -4.750000   data required time
                                             -0.590394   data arrival time
---------------------------------------------------------------------------------------------
                                              5.340394   slack (MET)


Startpoint: _158_ (rising edge-triggered flip-flop clocked by clk)
Endpoint: seg1[3] (output port clocked by clk)
Path Group: clk
Path Type: min

Fanout         Cap        Slew       Delay        Time   Description
---------------------------------------------------------------------------------------------
                      0.150000    0.000000    0.000000   clock clk (rise edge)
                                  0.000000    0.000000   clock network delay (ideal)
                      0.150000    0.000000    0.000000 ^ _158_/CLK (sky130_fd_sc_hd__dfrtp_2)
     2    0.005068    0.049770    0.379949    0.379949 ^ _158_/Q (sky130_fd_sc_hd__dfrtp_2)
                                                         mem1[3] (net)
                      0.049770    0.000000    0.379949 ^ _078_/B1 (sky130_fd_sc_hd__a31o_2)
     1    0.033442    0.194537    0.210445    0.590394 ^ _078_/X (sky130_fd_sc_hd__a31o_2)
                                                         seg1[3] (net)
                      0.194537    0.000000    0.590394 ^ seg1[3] (out)
                                              0.590394   data arrival time

                      0.150000    0.000000    0.000000   clock clk (rise edge)
                                  0.000000    0.000000   clock network delay (ideal)
                                  0.250000    0.250000   clock uncertainty
                                  0.000000    0.250000   clock reconvergence pessimism
                                 -5.000000   -4.750000   output external delay
                                             -4.750000   data required time
---------------------------------------------------------------------------------------------
                                             -4.750000   data required time
                                             -0.590394   data arrival time
---------------------------------------------------------------------------------------------
                                              5.340394   slack (MET)


Startpoint: _159_ (rising edge-triggered flip-flop clocked by clk)
Endpoint: seg1[4] (output port clocked by clk)
Path Group: clk
Path Type: min

Fanout         Cap        Slew       Delay        Time   Description
---------------------------------------------------------------------------------------------
                      0.150000    0.000000    0.000000   clock clk (rise edge)
                                  0.000000    0.000000   clock network delay (ideal)
                      0.150000    0.000000    0.000000 ^ _159_/CLK (sky130_fd_sc_hd__dfrtp_2)
     2    0.005068    0.049770    0.379949    0.379949 ^ _159_/Q (sky130_fd_sc_hd__dfrtp_2)
                                                         mem1[4] (net)
                      0.049770    0.000000    0.379949 ^ _080_/B1 (sky130_fd_sc_hd__a31o_2)
     1    0.033442    0.194537    0.210445    0.590394 ^ _080_/X (sky130_fd_sc_hd__a31o_2)
                                                         seg1[4] (net)
                      0.194537    0.000000    0.590394 ^ seg1[4] (out)
                                              0.590394   data arrival time

                      0.150000    0.000000    0.000000   clock clk (rise edge)
                                  0.000000    0.000000   clock network delay (ideal)
                                  0.250000    0.250000   clock uncertainty
                                  0.000000    0.250000   clock reconvergence pessimism
                                 -5.000000   -4.750000   output external delay
                                             -4.750000   data required time
---------------------------------------------------------------------------------------------
                                             -4.750000   data required time
                                             -0.590394   data arrival time
---------------------------------------------------------------------------------------------
                                              5.340394   slack (MET)


Startpoint: _160_ (rising edge-triggered flip-flop clocked by clk)
Endpoint: seg1[5] (output port clocked by clk)
Path Group: clk
Path Type: min

Fanout         Cap        Slew       Delay        Time   Description
---------------------------------------------------------------------------------------------
                      0.150000    0.000000    0.000000   clock clk (rise edge)
                                  0.000000    0.000000   clock network delay (ideal)
                      0.150000    0.000000    0.000000 ^ _160_/CLK (sky130_fd_sc_hd__dfrtp_2)
     2    0.005068    0.049770    0.379949    0.379949 ^ _160_/Q (sky130_fd_sc_hd__dfrtp_2)
                                                         mem1[5] (net)
                      0.049770    0.000000    0.379949 ^ _082_/B1 (sky130_fd_sc_hd__a31o_2)
     1    0.033442    0.194537    0.210445    0.590394 ^ _082_/X (sky130_fd_sc_hd__a31o_2)
                                                         seg1[5] (net)
                      0.194537    0.000000    0.590394 ^ seg1[5] (out)
                                              0.590394   data arrival time

                      0.150000    0.000000    0.000000   clock clk (rise edge)
                                  0.000000    0.000000   clock network delay (ideal)
                                  0.250000    0.250000   clock uncertainty
                                  0.000000    0.250000   clock reconvergence pessimism
                                 -5.000000   -4.750000   output external delay
                                             -4.750000   data required time
---------------------------------------------------------------------------------------------
                                             -4.750000   data required time
                                             -0.590394   data arrival time
---------------------------------------------------------------------------------------------
                                              5.340394   slack (MET)


Startpoint: _161_ (rising edge-triggered flip-flop clocked by clk)
Endpoint: seg2[0] (output port clocked by clk)
Path Group: clk
Path Type: min

Fanout         Cap        Slew       Delay        Time   Description
---------------------------------------------------------------------------------------------
                      0.150000    0.000000    0.000000   clock clk (rise edge)
                                  0.000000    0.000000   clock network delay (ideal)
                      0.150000    0.000000    0.000000 ^ _161_/CLK (sky130_fd_sc_hd__dfrtp_2)
     2    0.005068    0.049770    0.379949    0.379949 ^ _161_/Q (sky130_fd_sc_hd__dfrtp_2)
                                                         mem2[0] (net)
                      0.049770    0.000000    0.379949 ^ _086_/B1 (sky130_fd_sc_hd__a31o_2)
     1    0.033442    0.194537    0.210445    0.590394 ^ _086_/X (sky130_fd_sc_hd__a31o_2)
                                                         seg2[0] (net)
                      0.194537    0.000000    0.590394 ^ seg2[0] (out)
                                              0.590394   data arrival time

                      0.150000    0.000000    0.000000   clock clk (rise edge)
                                  0.000000    0.000000   clock network delay (ideal)
                                  0.250000    0.250000   clock uncertainty
                                  0.000000    0.250000   clock reconvergence pessimism
                                 -5.000000   -4.750000   output external delay
                                             -4.750000   data required time
---------------------------------------------------------------------------------------------
                                             -4.750000   data required time
                                             -0.590394   data arrival time
---------------------------------------------------------------------------------------------
                                              5.340394   slack (MET)


Startpoint: _162_ (rising edge-triggered flip-flop clocked by clk)
Endpoint: seg2[1] (output port clocked by clk)
Path Group: clk
Path Type: min

Fanout         Cap        Slew       Delay        Time   Description
---------------------------------------------------------------------------------------------
                      0.150000    0.000000    0.000000   clock clk (rise edge)
                                  0.000000    0.000000   clock network delay (ideal)
                      0.150000    0.000000    0.000000 ^ _162_/CLK (sky130_fd_sc_hd__dfrtp_2)
     2    0.005068    0.049770    0.379949    0.379949 ^ _162_/Q (sky130_fd_sc_hd__dfrtp_2)
                                                         mem2[1] (net)
                      0.049770    0.000000    0.379949 ^ _089_/B1 (sky130_fd_sc_hd__a31o_2)
     1    0.033442    0.194537    0.210445    0.590394 ^ _089_/X (sky130_fd_sc_hd__a31o_2)
                                                         seg2[1] (net)
                      0.194537    0.000000    0.590394 ^ seg2[1] (out)
                                              0.590394   data arrival time

                      0.150000    0.000000    0.000000   clock clk (rise edge)
                                  0.000000    0.000000   clock network delay (ideal)
                                  0.250000    0.250000   clock uncertainty
                                  0.000000    0.250000   clock reconvergence pessimism
                                 -5.000000   -4.750000   output external delay
                                             -4.750000   data required time
---------------------------------------------------------------------------------------------
                                             -4.750000   data required time
                                             -0.590394   data arrival time
---------------------------------------------------------------------------------------------
                                              5.340394   slack (MET)


Startpoint: _163_ (rising edge-triggered flip-flop clocked by clk)
Endpoint: seg2[2] (output port clocked by clk)
Path Group: clk
Path Type: min

Fanout         Cap        Slew       Delay        Time   Description
---------------------------------------------------------------------------------------------
                      0.150000    0.000000    0.000000   clock clk (rise edge)
                                  0.000000    0.000000   clock network delay (ideal)
                      0.150000    0.000000    0.000000 ^ _163_/CLK (sky130_fd_sc_hd__dfrtp_2)
     2    0.005068    0.049770    0.379949    0.379949 ^ _163_/Q (sky130_fd_sc_hd__dfrtp_2)
                                                         mem2[2] (net)
                      0.049770    0.000000    0.379949 ^ _091_/B1 (sky130_fd_sc_hd__a31o_2)
     1    0.033442    0.194537    0.210445    0.590394 ^ _091_/X (sky130_fd_sc_hd__a31o_2)
                                                         seg2[2] (net)
                      0.194537    0.000000    0.590394 ^ seg2[2] (out)
                                              0.590394   data arrival time

                      0.150000    0.000000    0.000000   clock clk (rise edge)
                                  0.000000    0.000000   clock network delay (ideal)
                                  0.250000    0.250000   clock uncertainty
                                  0.000000    0.250000   clock reconvergence pessimism
                                 -5.000000   -4.750000   output external delay
                                             -4.750000   data required time
---------------------------------------------------------------------------------------------
                                             -4.750000   data required time
                                             -0.590394   data arrival time
---------------------------------------------------------------------------------------------
                                              5.340394   slack (MET)


Startpoint: _164_ (rising edge-triggered flip-flop clocked by clk)
Endpoint: seg2[3] (output port clocked by clk)
Path Group: clk
Path Type: min

Fanout         Cap        Slew       Delay        Time   Description
---------------------------------------------------------------------------------------------
                      0.150000    0.000000    0.000000   clock clk (rise edge)
                                  0.000000    0.000000   clock network delay (ideal)
                      0.150000    0.000000    0.000000 ^ _164_/CLK (sky130_fd_sc_hd__dfrtp_2)
     2    0.005068    0.049770    0.379949    0.379949 ^ _164_/Q (sky130_fd_sc_hd__dfrtp_2)
                                                         mem2[3] (net)
                      0.049770    0.000000    0.379949 ^ _093_/B1 (sky130_fd_sc_hd__a31o_2)
     1    0.033442    0.194537    0.210445    0.590394 ^ _093_/X (sky130_fd_sc_hd__a31o_2)
                                                         seg2[3] (net)
                      0.194537    0.000000    0.590394 ^ seg2[3] (out)
                                              0.590394   data arrival time

                      0.150000    0.000000    0.000000   clock clk (rise edge)
                                  0.000000    0.000000   clock network delay (ideal)
                                  0.250000    0.250000   clock uncertainty
                                  0.000000    0.250000   clock reconvergence pessimism
                                 -5.000000   -4.750000   output external delay
                                             -4.750000   data required time
---------------------------------------------------------------------------------------------
                                             -4.750000   data required time
                                             -0.590394   data arrival time
---------------------------------------------------------------------------------------------
                                              5.340394   slack (MET)


Startpoint: _165_ (rising edge-triggered flip-flop clocked by clk)
Endpoint: seg2[4] (output port clocked by clk)
Path Group: clk
Path Type: min

Fanout         Cap        Slew       Delay        Time   Description
---------------------------------------------------------------------------------------------
                      0.150000    0.000000    0.000000   clock clk (rise edge)
                                  0.000000    0.000000   clock network delay (ideal)
                      0.150000    0.000000    0.000000 ^ _165_/CLK (sky130_fd_sc_hd__dfrtp_2)
     2    0.005068    0.049770    0.379949    0.379949 ^ _165_/Q (sky130_fd_sc_hd__dfrtp_2)
                                                         mem2[4] (net)
                      0.049770    0.000000    0.379949 ^ _095_/B1 (sky130_fd_sc_hd__a31o_2)
     1    0.033442    0.194537    0.210445    0.590394 ^ _095_/X (sky130_fd_sc_hd__a31o_2)
                                                         seg2[4] (net)
                      0.194537    0.000000    0.590394 ^ seg2[4] (out)
                                              0.590394   data arrival time

                      0.150000    0.000000    0.000000   clock clk (rise edge)
                                  0.000000    0.000000   clock network delay (ideal)
                                  0.250000    0.250000   clock uncertainty
                                  0.000000    0.250000   clock reconvergence pessimism
                                 -5.000000   -4.750000   output external delay
                                             -4.750000   data required time
---------------------------------------------------------------------------------------------
                                             -4.750000   data required time
                                             -0.590394   data arrival time
---------------------------------------------------------------------------------------------
                                              5.340394   slack (MET)


Startpoint: _166_ (rising edge-triggered flip-flop clocked by clk)
Endpoint: seg2[5] (output port clocked by clk)
Path Group: clk
Path Type: min

Fanout         Cap        Slew       Delay        Time   Description
---------------------------------------------------------------------------------------------
                      0.150000    0.000000    0.000000   clock clk (rise edge)
                                  0.000000    0.000000   clock network delay (ideal)
                      0.150000    0.000000    0.000000 ^ _166_/CLK (sky130_fd_sc_hd__dfrtp_2)
     2    0.005068    0.049770    0.379949    0.379949 ^ _166_/Q (sky130_fd_sc_hd__dfrtp_2)
                                                         mem2[5] (net)
                      0.049770    0.000000    0.379949 ^ _097_/B1 (sky130_fd_sc_hd__a31o_2)
     1    0.033442    0.194537    0.210445    0.590394 ^ _097_/X (sky130_fd_sc_hd__a31o_2)
                                                         seg2[5] (net)
                      0.194537    0.000000    0.590394 ^ seg2[5] (out)
                                              0.590394   data arrival time

                      0.150000    0.000000    0.000000   clock clk (rise edge)
                                  0.000000    0.000000   clock network delay (ideal)
                                  0.250000    0.250000   clock uncertainty
                                  0.000000    0.250000   clock reconvergence pessimism
                                 -5.000000   -4.750000   output external delay
                                             -4.750000   data required time
---------------------------------------------------------------------------------------------
                                             -4.750000   data required time
                                             -0.590394   data arrival time
---------------------------------------------------------------------------------------------
                                              5.340394   slack (MET)


Startpoint: _167_ (rising edge-triggered flip-flop clocked by clk)
Endpoint: seg3[0] (output port clocked by clk)
Path Group: clk
Path Type: min

Fanout         Cap        Slew       Delay        Time   Description
---------------------------------------------------------------------------------------------
                      0.150000    0.000000    0.000000   clock clk (rise edge)
                                  0.000000    0.000000   clock network delay (ideal)
                      0.150000    0.000000    0.000000 ^ _167_/CLK (sky130_fd_sc_hd__dfrtp_2)
     2    0.005068    0.049770    0.379949    0.379949 ^ _167_/Q (sky130_fd_sc_hd__dfrtp_2)
                                                         mem3[0] (net)
                      0.049770    0.000000    0.379949 ^ _101_/B1 (sky130_fd_sc_hd__a31o_2)
     1    0.033442    0.194537    0.210445    0.590394 ^ _101_/X (sky130_fd_sc_hd__a31o_2)
                                                         seg3[0] (net)
                      0.194537    0.000000    0.590394 ^ seg3[0] (out)
                                              0.590394   data arrival time

                      0.150000    0.000000    0.000000   clock clk (rise edge)
                                  0.000000    0.000000   clock network delay (ideal)
                                  0.250000    0.250000   clock uncertainty
                                  0.000000    0.250000   clock reconvergence pessimism
                                 -5.000000   -4.750000   output external delay
                                             -4.750000   data required time
---------------------------------------------------------------------------------------------
                                             -4.750000   data required time
                                             -0.590394   data arrival time
---------------------------------------------------------------------------------------------
                                              5.340394   slack (MET)


Startpoint: _168_ (rising edge-triggered flip-flop clocked by clk)
Endpoint: seg3[1] (output port clocked by clk)
Path Group: clk
Path Type: min

Fanout         Cap        Slew       Delay        Time   Description
---------------------------------------------------------------------------------------------
                      0.150000    0.000000    0.000000   clock clk (rise edge)
                                  0.000000    0.000000   clock network delay (ideal)
                      0.150000    0.000000    0.000000 ^ _168_/CLK (sky130_fd_sc_hd__dfrtp_2)
     2    0.005068    0.049770    0.379949    0.379949 ^ _168_/Q (sky130_fd_sc_hd__dfrtp_2)
                                                         mem3[1] (net)
                      0.049770    0.000000    0.379949 ^ _104_/B1 (sky130_fd_sc_hd__a31o_2)
     1    0.033442    0.194537    0.210445    0.590394 ^ _104_/X (sky130_fd_sc_hd__a31o_2)
                                                         seg3[1] (net)
                      0.194537    0.000000    0.590394 ^ seg3[1] (out)
                                              0.590394   data arrival time

                      0.150000    0.000000    0.000000   clock clk (rise edge)
                                  0.000000    0.000000   clock network delay (ideal)
                                  0.250000    0.250000   clock uncertainty
                                  0.000000    0.250000   clock reconvergence pessimism
                                 -5.000000   -4.750000   output external delay
                                             -4.750000   data required time
---------------------------------------------------------------------------------------------
                                             -4.750000   data required time
                                             -0.590394   data arrival time
---------------------------------------------------------------------------------------------
                                              5.340394   slack (MET)


Startpoint: _169_ (rising edge-triggered flip-flop clocked by clk)
Endpoint: seg3[2] (output port clocked by clk)
Path Group: clk
Path Type: min

Fanout         Cap        Slew       Delay        Time   Description
---------------------------------------------------------------------------------------------
                      0.150000    0.000000    0.000000   clock clk (rise edge)
                                  0.000000    0.000000   clock network delay (ideal)
                      0.150000    0.000000    0.000000 ^ _169_/CLK (sky130_fd_sc_hd__dfrtp_2)
     2    0.005068    0.049770    0.379949    0.379949 ^ _169_/Q (sky130_fd_sc_hd__dfrtp_2)
                                                         mem3[2] (net)
                      0.049770    0.000000    0.379949 ^ _106_/B1 (sky130_fd_sc_hd__a31o_2)
     1    0.033442    0.194537    0.210445    0.590394 ^ _106_/X (sky130_fd_sc_hd__a31o_2)
                                                         seg3[2] (net)
                      0.194537    0.000000    0.590394 ^ seg3[2] (out)
                                              0.590394   data arrival time

                      0.150000    0.000000    0.000000   clock clk (rise edge)
                                  0.000000    0.000000   clock network delay (ideal)
                                  0.250000    0.250000   clock uncertainty
                                  0.000000    0.250000   clock reconvergence pessimism
                                 -5.000000   -4.750000   output external delay
                                             -4.750000   data required time
---------------------------------------------------------------------------------------------
                                             -4.750000   data required time
                                             -0.590394   data arrival time
---------------------------------------------------------------------------------------------
                                              5.340394   slack (MET)


Startpoint: _170_ (rising edge-triggered flip-flop clocked by clk)
Endpoint: seg3[3] (output port clocked by clk)
Path Group: clk
Path Type: min

Fanout         Cap        Slew       Delay        Time   Description
---------------------------------------------------------------------------------------------
                      0.150000    0.000000    0.000000   clock clk (rise edge)
                                  0.000000    0.000000   clock network delay (ideal)
                      0.150000    0.000000    0.000000 ^ _170_/CLK (sky130_fd_sc_hd__dfrtp_2)
     2    0.005068    0.049770    0.379949    0.379949 ^ _170_/Q (sky130_fd_sc_hd__dfrtp_2)
                                                         mem3[3] (net)
                      0.049770    0.000000    0.379949 ^ _108_/B1 (sky130_fd_sc_hd__a31o_2)
     1    0.033442    0.194537    0.210445    0.590394 ^ _108_/X (sky130_fd_sc_hd__a31o_2)
                                                         seg3[3] (net)
                      0.194537    0.000000    0.590394 ^ seg3[3] (out)
                                              0.590394   data arrival time

                      0.150000    0.000000    0.000000   clock clk (rise edge)
                                  0.000000    0.000000   clock network delay (ideal)
                                  0.250000    0.250000   clock uncertainty
                                  0.000000    0.250000   clock reconvergence pessimism
                                 -5.000000   -4.750000   output external delay
                                             -4.750000   data required time
---------------------------------------------------------------------------------------------
                                             -4.750000   data required time
                                             -0.590394   data arrival time
---------------------------------------------------------------------------------------------
                                              5.340394   slack (MET)


Startpoint: _171_ (rising edge-triggered flip-flop clocked by clk)
Endpoint: seg3[4] (output port clocked by clk)
Path Group: clk
Path Type: min

Fanout         Cap        Slew       Delay        Time   Description
---------------------------------------------------------------------------------------------
                      0.150000    0.000000    0.000000   clock clk (rise edge)
                                  0.000000    0.000000   clock network delay (ideal)
                      0.150000    0.000000    0.000000 ^ _171_/CLK (sky130_fd_sc_hd__dfrtp_2)
     2    0.005068    0.049770    0.379949    0.379949 ^ _171_/Q (sky130_fd_sc_hd__dfrtp_2)
                                                         mem3[4] (net)
                      0.049770    0.000000    0.379949 ^ _110_/B1 (sky130_fd_sc_hd__a31o_2)
     1    0.033442    0.194537    0.210445    0.590394 ^ _110_/X (sky130_fd_sc_hd__a31o_2)
                                                         seg3[4] (net)
                      0.194537    0.000000    0.590394 ^ seg3[4] (out)
                                              0.590394   data arrival time

                      0.150000    0.000000    0.000000   clock clk (rise edge)
                                  0.000000    0.000000   clock network delay (ideal)
                                  0.250000    0.250000   clock uncertainty
                                  0.000000    0.250000   clock reconvergence pessimism
                                 -5.000000   -4.750000   output external delay
                                             -4.750000   data required time
---------------------------------------------------------------------------------------------
                                             -4.750000   data required time
                                             -0.590394   data arrival time
---------------------------------------------------------------------------------------------
                                              5.340394   slack (MET)


Startpoint: _172_ (rising edge-triggered flip-flop clocked by clk)
Endpoint: seg3[5] (output port clocked by clk)
Path Group: clk
Path Type: min

Fanout         Cap        Slew       Delay        Time   Description
---------------------------------------------------------------------------------------------
                      0.150000    0.000000    0.000000   clock clk (rise edge)
                                  0.000000    0.000000   clock network delay (ideal)
                      0.150000    0.000000    0.000000 ^ _172_/CLK (sky130_fd_sc_hd__dfrtp_2)
     2    0.005068    0.049770    0.379949    0.379949 ^ _172_/Q (sky130_fd_sc_hd__dfrtp_2)
                                                         mem3[5] (net)
                      0.049770    0.000000    0.379949 ^ _112_/B1 (sky130_fd_sc_hd__a31o_2)
     1    0.033442    0.194537    0.210445    0.590394 ^ _112_/X (sky130_fd_sc_hd__a31o_2)
                                                         seg3[5] (net)
                      0.194537    0.000000    0.590394 ^ seg3[5] (out)
                                              0.590394   data arrival time

                      0.150000    0.000000    0.000000   clock clk (rise edge)
                                  0.000000    0.000000   clock network delay (ideal)
                                  0.250000    0.250000   clock uncertainty
                                  0.000000    0.250000   clock reconvergence pessimism
                                 -5.000000   -4.750000   output external delay
                                             -4.750000   data required time
---------------------------------------------------------------------------------------------
                                             -4.750000   data required time
                                             -0.590394   data arrival time
---------------------------------------------------------------------------------------------
                                              5.340394   slack (MET)



