
===========================================================================
report_checks -path_delay max (Setup)
============================================================================
======================= nom_tt_025C_1v80 Corner ===================================

Startpoint: _182_ (rising edge-triggered flip-flop clocked by clk)
Endpoint: seg2[1] (output port clocked by clk)
Path Group: clk
Path Type: max

Fanout         Cap        Slew       Delay        Time   Description
---------------------------------------------------------------------------------------------
                                  0.000000    0.000000   clock clk (rise edge)
                                  0.000000    0.000000   clock source latency
     1    0.011477    0.058009    0.038812    0.038812 ^ clk (in)
                                                         clk (net)
                      0.058010    0.000000    0.038812 ^ clkbuf_0_clk/A (sky130_fd_sc_hd__clkbuf_16)
     4    0.037194    0.057328    0.144682    0.183494 ^ clkbuf_0_clk/X (sky130_fd_sc_hd__clkbuf_16)
                                                         clknet_0_clk (net)
                      0.057328    0.000155    0.183649 ^ clkbuf_2_3__f_clk/A (sky130_fd_sc_hd__clkbuf_16)
    11    0.025910    0.047101    0.135654    0.319304 ^ clkbuf_2_3__f_clk/X (sky130_fd_sc_hd__clkbuf_16)
                                                         clknet_2_3__leaf_clk (net)
                      0.047101    0.000059    0.319363 ^ _182_/CLK (sky130_fd_sc_hd__dfrtp_1)
     2    0.004690    0.049577    0.364830    0.684192 v _182_/Q (sky130_fd_sc_hd__dfrtp_1)
                                                         cnt[0] (net)
                      0.049577    0.000011    0.684204 v fanout32/A (sky130_fd_sc_hd__buf_2)
    10    0.028902    0.077790    0.172464    0.856668 v fanout32/X (sky130_fd_sc_hd__buf_2)
                                                         net32 (net)
                      0.077790    0.000202    0.856870 v _050_/A (sky130_fd_sc_hd__inv_2)
     3    0.011862    0.062584    0.083735    0.940605 ^ _050_/Y (sky130_fd_sc_hd__inv_2)
                                                         _039_ (net)
                      0.062584    0.000021    0.940627 ^ fanout28/A (sky130_fd_sc_hd__buf_2)
    10    0.033512    0.166625    0.202396    1.143023 ^ fanout28/X (sky130_fd_sc_hd__buf_2)
                                                         net28 (net)
                      0.166625    0.000088    1.143111 ^ _089_/A2 (sky130_fd_sc_hd__a31o_1)
     1    0.002953    0.046673    0.162995    1.306106 ^ _089_/X (sky130_fd_sc_hd__a31o_1)
                                                         net16 (net)
                      0.046673    0.000013    1.306119 ^ output16/A (sky130_fd_sc_hd__buf_2)
     1    0.034110    0.169359    0.198471    1.504590 ^ output16/X (sky130_fd_sc_hd__buf_2)
                                                         seg2[1] (net)
                      0.169359    0.000111    1.504701 ^ seg2[1] (out)
                                              1.504701   data arrival time

                                 25.000000   25.000000   clock clk (rise edge)
                                  0.000000   25.000000   clock network delay (propagated)
                                 -0.250000   24.750000   clock uncertainty
                                  0.000000   24.750000   clock reconvergence pessimism
                                 -5.000000   19.750000   output external delay
                                             19.750000   data required time
---------------------------------------------------------------------------------------------
                                             19.750000   data required time
                                             -1.504701   data arrival time
---------------------------------------------------------------------------------------------
                                             18.245298   slack (MET)


Startpoint: _182_ (rising edge-triggered flip-flop clocked by clk)
Endpoint: seg2[3] (output port clocked by clk)
Path Group: clk
Path Type: max

Fanout         Cap        Slew       Delay        Time   Description
---------------------------------------------------------------------------------------------
                                  0.000000    0.000000   clock clk (rise edge)
                                  0.000000    0.000000   clock source latency
     1    0.011477    0.058009    0.038812    0.038812 ^ clk (in)
                                                         clk (net)
                      0.058010    0.000000    0.038812 ^ clkbuf_0_clk/A (sky130_fd_sc_hd__clkbuf_16)
     4    0.037194    0.057328    0.144682    0.183494 ^ clkbuf_0_clk/X (sky130_fd_sc_hd__clkbuf_16)
                                                         clknet_0_clk (net)
                      0.057328    0.000155    0.183649 ^ clkbuf_2_3__f_clk/A (sky130_fd_sc_hd__clkbuf_16)
    11    0.025910    0.047101    0.135654    0.319304 ^ clkbuf_2_3__f_clk/X (sky130_fd_sc_hd__clkbuf_16)
                                                         clknet_2_3__leaf_clk (net)
                      0.047101    0.000059    0.319363 ^ _182_/CLK (sky130_fd_sc_hd__dfrtp_1)
     2    0.004690    0.049577    0.364830    0.684192 v _182_/Q (sky130_fd_sc_hd__dfrtp_1)
                                                         cnt[0] (net)
                      0.049577    0.000011    0.684204 v fanout32/A (sky130_fd_sc_hd__buf_2)
    10    0.028902    0.077790    0.172464    0.856668 v fanout32/X (sky130_fd_sc_hd__buf_2)
                                                         net32 (net)
                      0.077790    0.000202    0.856870 v _050_/A (sky130_fd_sc_hd__inv_2)
     3    0.011862    0.062584    0.083735    0.940605 ^ _050_/Y (sky130_fd_sc_hd__inv_2)
                                                         _039_ (net)
                      0.062584    0.000021    0.940627 ^ fanout28/A (sky130_fd_sc_hd__buf_2)
    10    0.033512    0.166625    0.202396    1.143023 ^ fanout28/X (sky130_fd_sc_hd__buf_2)
                                                         net28 (net)
                      0.166625    0.000156    1.143179 ^ _093_/A2 (sky130_fd_sc_hd__a31o_1)
     1    0.002788    0.046883    0.161661    1.304840 ^ _093_/X (sky130_fd_sc_hd__a31o_1)
                                                         net18 (net)
                      0.046883    0.000010    1.304851 ^ output18/A (sky130_fd_sc_hd__buf_2)
     1    0.033989    0.168786    0.198168    1.503019 ^ output18/X (sky130_fd_sc_hd__buf_2)
                                                         seg2[3] (net)
                      0.168786    0.000083    1.503101 ^ seg2[3] (out)
                                              1.503101   data arrival time

                                 25.000000   25.000000   clock clk (rise edge)
                                  0.000000   25.000000   clock network delay (propagated)
                                 -0.250000   24.750000   clock uncertainty
                                  0.000000   24.750000   clock reconvergence pessimism
                                 -5.000000   19.750000   output external delay
                                             19.750000   data required time
---------------------------------------------------------------------------------------------
                                             19.750000   data required time
                                             -1.503101   data arrival time
---------------------------------------------------------------------------------------------
                                             18.246899   slack (MET)


Startpoint: _182_ (rising edge-triggered flip-flop clocked by clk)
Endpoint: seg0[1] (output port clocked by clk)
Path Group: clk
Path Type: max

Fanout         Cap        Slew       Delay        Time   Description
---------------------------------------------------------------------------------------------
                                  0.000000    0.000000   clock clk (rise edge)
                                  0.000000    0.000000   clock source latency
     1    0.011477    0.058009    0.038812    0.038812 ^ clk (in)
                                                         clk (net)
                      0.058010    0.000000    0.038812 ^ clkbuf_0_clk/A (sky130_fd_sc_hd__clkbuf_16)
     4    0.037194    0.057328    0.144682    0.183494 ^ clkbuf_0_clk/X (sky130_fd_sc_hd__clkbuf_16)
                                                         clknet_0_clk (net)
                      0.057328    0.000155    0.183649 ^ clkbuf_2_3__f_clk/A (sky130_fd_sc_hd__clkbuf_16)
    11    0.025910    0.047101    0.135654    0.319304 ^ clkbuf_2_3__f_clk/X (sky130_fd_sc_hd__clkbuf_16)
                                                         clknet_2_3__leaf_clk (net)
                      0.047101    0.000059    0.319363 ^ _182_/CLK (sky130_fd_sc_hd__dfrtp_1)
     2    0.004690    0.049577    0.364830    0.684192 v _182_/Q (sky130_fd_sc_hd__dfrtp_1)
                                                         cnt[0] (net)
                      0.049577    0.000011    0.684204 v fanout32/A (sky130_fd_sc_hd__buf_2)
    10    0.028902    0.077790    0.172464    0.856668 v fanout32/X (sky130_fd_sc_hd__buf_2)
                                                         net32 (net)
                      0.077790    0.000202    0.856870 v _050_/A (sky130_fd_sc_hd__inv_2)
     3    0.011862    0.062584    0.083735    0.940605 ^ _050_/Y (sky130_fd_sc_hd__inv_2)
                                                         _039_ (net)
                      0.062584    0.000021    0.940627 ^ fanout28/A (sky130_fd_sc_hd__buf_2)
    10    0.033512    0.166625    0.202396    1.143023 ^ fanout28/X (sky130_fd_sc_hd__buf_2)
                                                         net28 (net)
                      0.166625    0.000164    1.143187 ^ _060_/A2 (sky130_fd_sc_hd__a31o_1)
     1    0.002557    0.044901    0.159787    1.302974 ^ _060_/X (sky130_fd_sc_hd__a31o_1)
                                                         net4 (net)
                      0.044901    0.000008    1.302982 ^ output4/A (sky130_fd_sc_hd__buf_2)
     1    0.034132    0.169466    0.197863    1.500845 ^ output4/X (sky130_fd_sc_hd__buf_2)
                                                         seg0[1] (net)
                      0.169466    0.000114    1.500959 ^ seg0[1] (out)
                                              1.500959   data arrival time

                                 25.000000   25.000000   clock clk (rise edge)
                                  0.000000   25.000000   clock network delay (propagated)
                                 -0.250000   24.750000   clock uncertainty
                                  0.000000   24.750000   clock reconvergence pessimism
                                 -5.000000   19.750000   output external delay
                                             19.750000   data required time
---------------------------------------------------------------------------------------------
                                             19.750000   data required time
                                             -1.500959   data arrival time
---------------------------------------------------------------------------------------------
                                             18.249041   slack (MET)


Startpoint: _183_ (rising edge-triggered flip-flop clocked by clk)
Endpoint: seg1[1] (output port clocked by clk)
Path Group: clk
Path Type: max

Fanout         Cap        Slew       Delay        Time   Description
---------------------------------------------------------------------------------------------
                                  0.000000    0.000000   clock clk (rise edge)
                                  0.000000    0.000000   clock source latency
     1    0.011477    0.058009    0.038812    0.038812 ^ clk (in)
                                                         clk (net)
                      0.058010    0.000000    0.038812 ^ clkbuf_0_clk/A (sky130_fd_sc_hd__clkbuf_16)
     4    0.037194    0.057328    0.144682    0.183494 ^ clkbuf_0_clk/X (sky130_fd_sc_hd__clkbuf_16)
                                                         clknet_0_clk (net)
                      0.057328    0.000155    0.183649 ^ clkbuf_2_3__f_clk/A (sky130_fd_sc_hd__clkbuf_16)
    11    0.025910    0.047101    0.135654    0.319304 ^ clkbuf_2_3__f_clk/X (sky130_fd_sc_hd__clkbuf_16)
                                                         clknet_2_3__leaf_clk (net)
                      0.047101    0.000064    0.319368 ^ _183_/CLK (sky130_fd_sc_hd__dfrtp_1)
     2    0.005624    0.051925    0.369863    0.689230 v _183_/Q (sky130_fd_sc_hd__dfrtp_1)
                                                         cnt[1] (net)
                      0.051925    0.000008    0.689238 v fanout30/A (sky130_fd_sc_hd__buf_2)
    10    0.029829    0.079813    0.175090    0.864328 v fanout30/X (sky130_fd_sc_hd__buf_2)
                                                         net30 (net)
                      0.079814    0.000410    0.864738 v _049_/A (sky130_fd_sc_hd__inv_2)
     3    0.010850    0.058856    0.081237    0.945975 ^ _049_/Y (sky130_fd_sc_hd__inv_2)
                                                         _038_ (net)
                      0.058856    0.000019    0.945994 ^ fanout29/A (sky130_fd_sc_hd__buf_2)
    10    0.033256    0.165405    0.200185    1.146178 ^ fanout29/X (sky130_fd_sc_hd__buf_2)
                                                         net29 (net)
                      0.165405    0.000347    1.146526 ^ _074_/A1 (sky130_fd_sc_hd__a31o_1)
     1    0.002719    0.044586    0.155598    1.302124 ^ _074_/X (sky130_fd_sc_hd__a31o_1)
                                                         net10 (net)
                      0.044586    0.000014    1.302137 ^ output10/A (sky130_fd_sc_hd__buf_2)
     1    0.034410    0.170782    0.198593    1.500731 ^ output10/X (sky130_fd_sc_hd__buf_2)
                                                         seg1[1] (net)
                      0.170782    0.000213    1.500944 ^ seg1[1] (out)
                                              1.500944   data arrival time

                                 25.000000   25.000000   clock clk (rise edge)
                                  0.000000   25.000000   clock network delay (propagated)
                                 -0.250000   24.750000   clock uncertainty
                                  0.000000   24.750000   clock reconvergence pessimism
                                 -5.000000   19.750000   output external delay
                                             19.750000   data required time
---------------------------------------------------------------------------------------------
                                             19.750000   data required time
                                             -1.500944   data arrival time
---------------------------------------------------------------------------------------------
                                             18.249056   slack (MET)


Startpoint: _183_ (rising edge-triggered flip-flop clocked by clk)
Endpoint: seg1[3] (output port clocked by clk)
Path Group: clk
Path Type: max

Fanout         Cap        Slew       Delay        Time   Description
---------------------------------------------------------------------------------------------
                                  0.000000    0.000000   clock clk (rise edge)
                                  0.000000    0.000000   clock source latency
     1    0.011477    0.058009    0.038812    0.038812 ^ clk (in)
                                                         clk (net)
                      0.058010    0.000000    0.038812 ^ clkbuf_0_clk/A (sky130_fd_sc_hd__clkbuf_16)
     4    0.037194    0.057328    0.144682    0.183494 ^ clkbuf_0_clk/X (sky130_fd_sc_hd__clkbuf_16)
                                                         clknet_0_clk (net)
                      0.057328    0.000155    0.183649 ^ clkbuf_2_3__f_clk/A (sky130_fd_sc_hd__clkbuf_16)
    11    0.025910    0.047101    0.135654    0.319304 ^ clkbuf_2_3__f_clk/X (sky130_fd_sc_hd__clkbuf_16)
                                                         clknet_2_3__leaf_clk (net)
                      0.047101    0.000064    0.319368 ^ _183_/CLK (sky130_fd_sc_hd__dfrtp_1)
     2    0.005624    0.051925    0.369863    0.689230 v _183_/Q (sky130_fd_sc_hd__dfrtp_1)
                                                         cnt[1] (net)
                      0.051925    0.000008    0.689238 v fanout30/A (sky130_fd_sc_hd__buf_2)
    10    0.029829    0.079813    0.175090    0.864328 v fanout30/X (sky130_fd_sc_hd__buf_2)
                                                         net30 (net)
                      0.079814    0.000410    0.864738 v _049_/A (sky130_fd_sc_hd__inv_2)
     3    0.010850    0.058856    0.081237    0.945975 ^ _049_/Y (sky130_fd_sc_hd__inv_2)
                                                         _038_ (net)
                      0.058856    0.000019    0.945994 ^ fanout29/A (sky130_fd_sc_hd__buf_2)
    10    0.033256    0.165405    0.200185    1.146178 ^ fanout29/X (sky130_fd_sc_hd__buf_2)
                                                         net29 (net)
                      0.165405    0.000289    1.146467 ^ _078_/A1 (sky130_fd_sc_hd__a31o_1)
     1    0.002755    0.046443    0.155900    1.302367 ^ _078_/X (sky130_fd_sc_hd__a31o_1)
                                                         net12 (net)
                      0.046443    0.000010    1.302377 ^ output12/A (sky130_fd_sc_hd__buf_2)
     1    0.034058    0.169113    0.198218    1.500595 ^ output12/X (sky130_fd_sc_hd__buf_2)
                                                         seg1[3] (net)
                      0.169113    0.000099    1.500694 ^ seg1[3] (out)
                                              1.500694   data arrival time

                                 25.000000   25.000000   clock clk (rise edge)
                                  0.000000   25.000000   clock network delay (propagated)
                                 -0.250000   24.750000   clock uncertainty
                                  0.000000   24.750000   clock reconvergence pessimism
                                 -5.000000   19.750000   output external delay
                                             19.750000   data required time
---------------------------------------------------------------------------------------------
                                             19.750000   data required time
                                             -1.500694   data arrival time
---------------------------------------------------------------------------------------------
                                             18.249306   slack (MET)


Startpoint: _183_ (rising edge-triggered flip-flop clocked by clk)
Endpoint: seg1[2] (output port clocked by clk)
Path Group: clk
Path Type: max

Fanout         Cap        Slew       Delay        Time   Description
---------------------------------------------------------------------------------------------
                                  0.000000    0.000000   clock clk (rise edge)
                                  0.000000    0.000000   clock source latency
     1    0.011477    0.058009    0.038812    0.038812 ^ clk (in)
                                                         clk (net)
                      0.058010    0.000000    0.038812 ^ clkbuf_0_clk/A (sky130_fd_sc_hd__clkbuf_16)
     4    0.037194    0.057328    0.144682    0.183494 ^ clkbuf_0_clk/X (sky130_fd_sc_hd__clkbuf_16)
                                                         clknet_0_clk (net)
                      0.057328    0.000155    0.183649 ^ clkbuf_2_3__f_clk/A (sky130_fd_sc_hd__clkbuf_16)
    11    0.025910    0.047101    0.135654    0.319304 ^ clkbuf_2_3__f_clk/X (sky130_fd_sc_hd__clkbuf_16)
                                                         clknet_2_3__leaf_clk (net)
                      0.047101    0.000064    0.319368 ^ _183_/CLK (sky130_fd_sc_hd__dfrtp_1)
     2    0.005624    0.051925    0.369863    0.689230 v _183_/Q (sky130_fd_sc_hd__dfrtp_1)
                                                         cnt[1] (net)
                      0.051925    0.000008    0.689238 v fanout30/A (sky130_fd_sc_hd__buf_2)
    10    0.029829    0.079813    0.175090    0.864328 v fanout30/X (sky130_fd_sc_hd__buf_2)
                                                         net30 (net)
                      0.079814    0.000410    0.864738 v _049_/A (sky130_fd_sc_hd__inv_2)
     3    0.010850    0.058856    0.081237    0.945975 ^ _049_/Y (sky130_fd_sc_hd__inv_2)
                                                         _038_ (net)
                      0.058856    0.000019    0.945994 ^ fanout29/A (sky130_fd_sc_hd__buf_2)
    10    0.033256    0.165405    0.200185    1.146178 ^ fanout29/X (sky130_fd_sc_hd__buf_2)
                                                         net29 (net)
                      0.165405    0.000324    1.146502 ^ _076_/A1 (sky130_fd_sc_hd__a31o_1)
     1    0.002727    0.046202    0.155671    1.302173 ^ _076_/X (sky130_fd_sc_hd__a31o_1)
                                                         net11 (net)
                      0.046202    0.000009    1.302182 ^ output11/A (sky130_fd_sc_hd__buf_2)
     1    0.034006    0.168867    0.197961    1.500143 ^ output11/X (sky130_fd_sc_hd__buf_2)
                                                         seg1[2] (net)
                      0.168867    0.000086    1.500229 ^ seg1[2] (out)
                                              1.500229   data arrival time

                                 25.000000   25.000000   clock clk (rise edge)
                                  0.000000   25.000000   clock network delay (propagated)
                                 -0.250000   24.750000   clock uncertainty
                                  0.000000   24.750000   clock reconvergence pessimism
                                 -5.000000   19.750000   output external delay
                                             19.750000   data required time
---------------------------------------------------------------------------------------------
                                             19.750000   data required time
                                             -1.500229   data arrival time
---------------------------------------------------------------------------------------------
                                             18.249771   slack (MET)


Startpoint: _182_ (rising edge-triggered flip-flop clocked by clk)
Endpoint: seg0[0] (output port clocked by clk)
Path Group: clk
Path Type: max

Fanout         Cap        Slew       Delay        Time   Description
---------------------------------------------------------------------------------------------
                                  0.000000    0.000000   clock clk (rise edge)
                                  0.000000    0.000000   clock source latency
     1    0.011477    0.058009    0.038812    0.038812 ^ clk (in)
                                                         clk (net)
                      0.058010    0.000000    0.038812 ^ clkbuf_0_clk/A (sky130_fd_sc_hd__clkbuf_16)
     4    0.037194    0.057328    0.144682    0.183494 ^ clkbuf_0_clk/X (sky130_fd_sc_hd__clkbuf_16)
                                                         clknet_0_clk (net)
                      0.057328    0.000155    0.183649 ^ clkbuf_2_3__f_clk/A (sky130_fd_sc_hd__clkbuf_16)
    11    0.025910    0.047101    0.135654    0.319304 ^ clkbuf_2_3__f_clk/X (sky130_fd_sc_hd__clkbuf_16)
                                                         clknet_2_3__leaf_clk (net)
                      0.047101    0.000059    0.319363 ^ _182_/CLK (sky130_fd_sc_hd__dfrtp_1)
     2    0.004690    0.049577    0.364830    0.684192 v _182_/Q (sky130_fd_sc_hd__dfrtp_1)
                                                         cnt[0] (net)
                      0.049577    0.000011    0.684204 v fanout32/A (sky130_fd_sc_hd__buf_2)
    10    0.028902    0.077790    0.172464    0.856668 v fanout32/X (sky130_fd_sc_hd__buf_2)
                                                         net32 (net)
                      0.077790    0.000202    0.856870 v _050_/A (sky130_fd_sc_hd__inv_2)
     3    0.011862    0.062584    0.083735    0.940605 ^ _050_/Y (sky130_fd_sc_hd__inv_2)
                                                         _039_ (net)
                      0.062584    0.000021    0.940627 ^ fanout28/A (sky130_fd_sc_hd__buf_2)
    10    0.033512    0.166625    0.202396    1.143023 ^ fanout28/X (sky130_fd_sc_hd__buf_2)
                                                         net28 (net)
                      0.166625    0.000167    1.143190 ^ _058_/A2 (sky130_fd_sc_hd__a31o_1)
     1    0.002472    0.044171    0.159097    1.302286 ^ _058_/X (sky130_fd_sc_hd__a31o_1)
                                                         net3 (net)
                      0.044171    0.000008    1.302295 ^ output3/A (sky130_fd_sc_hd__buf_2)
     1    0.034132    0.169468    0.197583    1.499878 ^ output3/X (sky130_fd_sc_hd__buf_2)
                                                         seg0[0] (net)
                      0.169468    0.000114    1.499992 ^ seg0[0] (out)
                                              1.499992   data arrival time

                                 25.000000   25.000000   clock clk (rise edge)
                                  0.000000   25.000000   clock network delay (propagated)
                                 -0.250000   24.750000   clock uncertainty
                                  0.000000   24.750000   clock reconvergence pessimism
                                 -5.000000   19.750000   output external delay
                                             19.750000   data required time
---------------------------------------------------------------------------------------------
                                             19.750000   data required time
                                             -1.499992   data arrival time
---------------------------------------------------------------------------------------------
                                             18.250008   slack (MET)


Startpoint: _183_ (rising edge-triggered flip-flop clocked by clk)
Endpoint: seg0[4] (output port clocked by clk)
Path Group: clk
Path Type: max

Fanout         Cap        Slew       Delay        Time   Description
---------------------------------------------------------------------------------------------
                                  0.000000    0.000000   clock clk (rise edge)
                                  0.000000    0.000000   clock source latency
     1    0.011477    0.058009    0.038812    0.038812 ^ clk (in)
                                                         clk (net)
                      0.058010    0.000000    0.038812 ^ clkbuf_0_clk/A (sky130_fd_sc_hd__clkbuf_16)
     4    0.037194    0.057328    0.144682    0.183494 ^ clkbuf_0_clk/X (sky130_fd_sc_hd__clkbuf_16)
                                                         clknet_0_clk (net)
                      0.057328    0.000155    0.183649 ^ clkbuf_2_3__f_clk/A (sky130_fd_sc_hd__clkbuf_16)
    11    0.025910    0.047101    0.135654    0.319304 ^ clkbuf_2_3__f_clk/X (sky130_fd_sc_hd__clkbuf_16)
                                                         clknet_2_3__leaf_clk (net)
                      0.047101    0.000064    0.319368 ^ _183_/CLK (sky130_fd_sc_hd__dfrtp_1)
     2    0.005624    0.051925    0.369863    0.689230 v _183_/Q (sky130_fd_sc_hd__dfrtp_1)
                                                         cnt[1] (net)
                      0.051925    0.000008    0.689238 v fanout30/A (sky130_fd_sc_hd__buf_2)
    10    0.029829    0.079813    0.175090    0.864328 v fanout30/X (sky130_fd_sc_hd__buf_2)
                                                         net30 (net)
                      0.079814    0.000410    0.864738 v _049_/A (sky130_fd_sc_hd__inv_2)
     3    0.010850    0.058856    0.081237    0.945975 ^ _049_/Y (sky130_fd_sc_hd__inv_2)
                                                         _038_ (net)
                      0.058856    0.000019    0.945994 ^ fanout29/A (sky130_fd_sc_hd__buf_2)
    10    0.033256    0.165405    0.200185    1.146178 ^ fanout29/X (sky130_fd_sc_hd__buf_2)
                                                         net29 (net)
                      0.165405    0.000046    1.146224 ^ _066_/A1 (sky130_fd_sc_hd__a31o_1)
     1    0.002698    0.044360    0.155432    1.301657 ^ _066_/X (sky130_fd_sc_hd__a31o_1)
                                                         net7 (net)
                      0.044360    0.000012    1.301669 ^ output7/A (sky130_fd_sc_hd__buf_2)
     1    0.034296    0.170246    0.198143    1.499812 ^ output7/X (sky130_fd_sc_hd__buf_2)
                                                         seg0[4] (net)
                      0.170246    0.000191    1.500003 ^ seg0[4] (out)
                                              1.500003   data arrival time

                                 25.000000   25.000000   clock clk (rise edge)
                                  0.000000   25.000000   clock network delay (propagated)
                                 -0.250000   24.750000   clock uncertainty
                                  0.000000   24.750000   clock reconvergence pessimism
                                 -5.000000   19.750000   output external delay
                                             19.750000   data required time
---------------------------------------------------------------------------------------------
                                             19.750000   data required time
                                             -1.500003   data arrival time
---------------------------------------------------------------------------------------------
                                             18.249996   slack (MET)


Startpoint: _183_ (rising edge-triggered flip-flop clocked by clk)
Endpoint: seg1[0] (output port clocked by clk)
Path Group: clk
Path Type: max

Fanout         Cap        Slew       Delay        Time   Description
---------------------------------------------------------------------------------------------
                                  0.000000    0.000000   clock clk (rise edge)
                                  0.000000    0.000000   clock source latency
     1    0.011477    0.058009    0.038812    0.038812 ^ clk (in)
                                                         clk (net)
                      0.058010    0.000000    0.038812 ^ clkbuf_0_clk/A (sky130_fd_sc_hd__clkbuf_16)
     4    0.037194    0.057328    0.144682    0.183494 ^ clkbuf_0_clk/X (sky130_fd_sc_hd__clkbuf_16)
                                                         clknet_0_clk (net)
                      0.057328    0.000155    0.183649 ^ clkbuf_2_3__f_clk/A (sky130_fd_sc_hd__clkbuf_16)
    11    0.025910    0.047101    0.135654    0.319304 ^ clkbuf_2_3__f_clk/X (sky130_fd_sc_hd__clkbuf_16)
                                                         clknet_2_3__leaf_clk (net)
                      0.047101    0.000064    0.319368 ^ _183_/CLK (sky130_fd_sc_hd__dfrtp_1)
     2    0.005624    0.051925    0.369863    0.689230 v _183_/Q (sky130_fd_sc_hd__dfrtp_1)
                                                         cnt[1] (net)
                      0.051925    0.000008    0.689238 v fanout30/A (sky130_fd_sc_hd__buf_2)
    10    0.029829    0.079813    0.175090    0.864328 v fanout30/X (sky130_fd_sc_hd__buf_2)
                                                         net30 (net)
                      0.079814    0.000410    0.864738 v _049_/A (sky130_fd_sc_hd__inv_2)
     3    0.010850    0.058856    0.081237    0.945975 ^ _049_/Y (sky130_fd_sc_hd__inv_2)
                                                         _038_ (net)
                      0.058856    0.000019    0.945994 ^ fanout29/A (sky130_fd_sc_hd__buf_2)
    10    0.033256    0.165405    0.200185    1.146178 ^ fanout29/X (sky130_fd_sc_hd__buf_2)
                                                         net29 (net)
                      0.165405    0.000344    1.146523 ^ _072_/A1 (sky130_fd_sc_hd__a31o_1)
     1    0.002637    0.045467    0.154935    1.301457 ^ _072_/X (sky130_fd_sc_hd__a31o_1)
                                                         net9 (net)
                      0.045467    0.000009    1.301466 ^ output9/A (sky130_fd_sc_hd__buf_2)
     1    0.033953    0.171127    0.197567    1.499033 ^ output9/X (sky130_fd_sc_hd__buf_2)
                                                         seg1[0] (net)
                      0.171127    0.000074    1.499108 ^ seg1[0] (out)
                                              1.499108   data arrival time

                                 25.000000   25.000000   clock clk (rise edge)
                                  0.000000   25.000000   clock network delay (propagated)
                                 -0.250000   24.750000   clock uncertainty
                                  0.000000   24.750000   clock reconvergence pessimism
                                 -5.000000   19.750000   output external delay
                                             19.750000   data required time
---------------------------------------------------------------------------------------------
                                             19.750000   data required time
                                             -1.499108   data arrival time
---------------------------------------------------------------------------------------------
                                             18.250891   slack (MET)


Startpoint: _182_ (rising edge-triggered flip-flop clocked by clk)
Endpoint: seg0[2] (output port clocked by clk)
Path Group: clk
Path Type: max

Fanout         Cap        Slew       Delay        Time   Description
---------------------------------------------------------------------------------------------
                                  0.000000    0.000000   clock clk (rise edge)
                                  0.000000    0.000000   clock source latency
     1    0.011477    0.058009    0.038812    0.038812 ^ clk (in)
                                                         clk (net)
                      0.058010    0.000000    0.038812 ^ clkbuf_0_clk/A (sky130_fd_sc_hd__clkbuf_16)
     4    0.037194    0.057328    0.144682    0.183494 ^ clkbuf_0_clk/X (sky130_fd_sc_hd__clkbuf_16)
                                                         clknet_0_clk (net)
                      0.057328    0.000155    0.183649 ^ clkbuf_2_3__f_clk/A (sky130_fd_sc_hd__clkbuf_16)
    11    0.025910    0.047101    0.135654    0.319304 ^ clkbuf_2_3__f_clk/X (sky130_fd_sc_hd__clkbuf_16)
                                                         clknet_2_3__leaf_clk (net)
                      0.047101    0.000059    0.319363 ^ _182_/CLK (sky130_fd_sc_hd__dfrtp_1)
     2    0.004690    0.049577    0.364830    0.684192 v _182_/Q (sky130_fd_sc_hd__dfrtp_1)
                                                         cnt[0] (net)
                      0.049577    0.000011    0.684204 v fanout32/A (sky130_fd_sc_hd__buf_2)
    10    0.028902    0.077790    0.172464    0.856668 v fanout32/X (sky130_fd_sc_hd__buf_2)
                                                         net32 (net)
                      0.077790    0.000202    0.856870 v _050_/A (sky130_fd_sc_hd__inv_2)
     3    0.011862    0.062584    0.083735    0.940605 ^ _050_/Y (sky130_fd_sc_hd__inv_2)
                                                         _039_ (net)
                      0.062584    0.000021    0.940627 ^ fanout28/A (sky130_fd_sc_hd__buf_2)
    10    0.033512    0.166625    0.202396    1.143023 ^ fanout28/X (sky130_fd_sc_hd__buf_2)
                                                         net28 (net)
                      0.166625    0.000290    1.143313 ^ _062_/A2 (sky130_fd_sc_hd__a31o_1)
     1    0.002273    0.042463    0.157481    1.300794 ^ _062_/X (sky130_fd_sc_hd__a31o_1)
                                                         net5 (net)
                      0.042463    0.000006    1.300800 ^ output5/A (sky130_fd_sc_hd__buf_2)
     1    0.034344    0.170457    0.197574    1.498374 ^ output5/X (sky130_fd_sc_hd__buf_2)
                                                         seg0[2] (net)
                      0.170457    0.000198    1.498572 ^ seg0[2] (out)
                                              1.498572   data arrival time

                                 25.000000   25.000000   clock clk (rise edge)
                                  0.000000   25.000000   clock network delay (propagated)
                                 -0.250000   24.750000   clock uncertainty
                                  0.000000   24.750000   clock reconvergence pessimism
                                 -5.000000   19.750000   output external delay
                                             19.750000   data required time
---------------------------------------------------------------------------------------------
                                             19.750000   data required time
                                             -1.498572   data arrival time
---------------------------------------------------------------------------------------------
                                             18.251427   slack (MET)


Startpoint: _182_ (rising edge-triggered flip-flop clocked by clk)
Endpoint: seg2[2] (output port clocked by clk)
Path Group: clk
Path Type: max

Fanout         Cap        Slew       Delay        Time   Description
---------------------------------------------------------------------------------------------
                                  0.000000    0.000000   clock clk (rise edge)
                                  0.000000    0.000000   clock source latency
     1    0.011477    0.058009    0.038812    0.038812 ^ clk (in)
                                                         clk (net)
                      0.058010    0.000000    0.038812 ^ clkbuf_0_clk/A (sky130_fd_sc_hd__clkbuf_16)
     4    0.037194    0.057328    0.144682    0.183494 ^ clkbuf_0_clk/X (sky130_fd_sc_hd__clkbuf_16)
                                                         clknet_0_clk (net)
                      0.057328    0.000155    0.183649 ^ clkbuf_2_3__f_clk/A (sky130_fd_sc_hd__clkbuf_16)
    11    0.025910    0.047101    0.135654    0.319304 ^ clkbuf_2_3__f_clk/X (sky130_fd_sc_hd__clkbuf_16)
                                                         clknet_2_3__leaf_clk (net)
                      0.047101    0.000059    0.319363 ^ _182_/CLK (sky130_fd_sc_hd__dfrtp_1)
     2    0.004690    0.049577    0.364830    0.684192 v _182_/Q (sky130_fd_sc_hd__dfrtp_1)
                                                         cnt[0] (net)
                      0.049577    0.000011    0.684204 v fanout32/A (sky130_fd_sc_hd__buf_2)
    10    0.028902    0.077790    0.172464    0.856668 v fanout32/X (sky130_fd_sc_hd__buf_2)
                                                         net32 (net)
                      0.077790    0.000202    0.856870 v _050_/A (sky130_fd_sc_hd__inv_2)
     3    0.011862    0.062584    0.083735    0.940605 ^ _050_/Y (sky130_fd_sc_hd__inv_2)
                                                         _039_ (net)
                      0.062584    0.000021    0.940627 ^ fanout28/A (sky130_fd_sc_hd__buf_2)
    10    0.033512    0.166625    0.202396    1.143023 ^ fanout28/X (sky130_fd_sc_hd__buf_2)
                                                         net28 (net)
                      0.166625    0.000070    1.143092 ^ _091_/A2 (sky130_fd_sc_hd__a31o_1)
     1    0.002359    0.043203    0.158181    1.301273 ^ _091_/X (sky130_fd_sc_hd__a31o_1)
                                                         net17 (net)
                      0.043203    0.000006    1.301279 ^ output17/A (sky130_fd_sc_hd__buf_2)
     1    0.033953    0.171144    0.196699    1.497978 ^ output17/X (sky130_fd_sc_hd__buf_2)
                                                         seg2[2] (net)
                      0.171144    0.000074    1.498053 ^ seg2[2] (out)
                                              1.498053   data arrival time

                                 25.000000   25.000000   clock clk (rise edge)
                                  0.000000   25.000000   clock network delay (propagated)
                                 -0.250000   24.750000   clock uncertainty
                                  0.000000   24.750000   clock reconvergence pessimism
                                 -5.000000   19.750000   output external delay
                                             19.750000   data required time
---------------------------------------------------------------------------------------------
                                             19.750000   data required time
                                             -1.498053   data arrival time
---------------------------------------------------------------------------------------------
                                             18.251945   slack (MET)


Startpoint: _182_ (rising edge-triggered flip-flop clocked by clk)
Endpoint: seg2[0] (output port clocked by clk)
Path Group: clk
Path Type: max

Fanout         Cap        Slew       Delay        Time   Description
---------------------------------------------------------------------------------------------
                                  0.000000    0.000000   clock clk (rise edge)
                                  0.000000    0.000000   clock source latency
     1    0.011477    0.058009    0.038812    0.038812 ^ clk (in)
                                                         clk (net)
                      0.058010    0.000000    0.038812 ^ clkbuf_0_clk/A (sky130_fd_sc_hd__clkbuf_16)
     4    0.037194    0.057328    0.144682    0.183494 ^ clkbuf_0_clk/X (sky130_fd_sc_hd__clkbuf_16)
                                                         clknet_0_clk (net)
                      0.057328    0.000155    0.183649 ^ clkbuf_2_3__f_clk/A (sky130_fd_sc_hd__clkbuf_16)
    11    0.025910    0.047101    0.135654    0.319304 ^ clkbuf_2_3__f_clk/X (sky130_fd_sc_hd__clkbuf_16)
                                                         clknet_2_3__leaf_clk (net)
                      0.047101    0.000059    0.319363 ^ _182_/CLK (sky130_fd_sc_hd__dfrtp_1)
     2    0.004690    0.049577    0.364830    0.684192 v _182_/Q (sky130_fd_sc_hd__dfrtp_1)
                                                         cnt[0] (net)
                      0.049577    0.000011    0.684204 v fanout32/A (sky130_fd_sc_hd__buf_2)
    10    0.028902    0.077790    0.172464    0.856668 v fanout32/X (sky130_fd_sc_hd__buf_2)
                                                         net32 (net)
                      0.077790    0.000202    0.856870 v _050_/A (sky130_fd_sc_hd__inv_2)
     3    0.011862    0.062584    0.083735    0.940605 ^ _050_/Y (sky130_fd_sc_hd__inv_2)
                                                         _039_ (net)
                      0.062584    0.000021    0.940627 ^ fanout28/A (sky130_fd_sc_hd__buf_2)
    10    0.033512    0.166625    0.202396    1.143023 ^ fanout28/X (sky130_fd_sc_hd__buf_2)
                                                         net28 (net)
                      0.166625    0.000058    1.143080 ^ _086_/A2 (sky130_fd_sc_hd__a31o_1)
     1    0.002155    0.041447    0.156521    1.299601 ^ _086_/X (sky130_fd_sc_hd__a31o_1)
                                                         net15 (net)
                      0.041447    0.000004    1.299605 ^ output15/A (sky130_fd_sc_hd__buf_2)
     1    0.034199    0.169787    0.196760    1.496365 ^ output15/X (sky130_fd_sc_hd__buf_2)
                                                         seg2[0] (net)
                      0.169787    0.000117    1.496482 ^ seg2[0] (out)
                                              1.496482   data arrival time

                                 25.000000   25.000000   clock clk (rise edge)
                                  0.000000   25.000000   clock network delay (propagated)
                                 -0.250000   24.750000   clock uncertainty
                                  0.000000   24.750000   clock reconvergence pessimism
                                 -5.000000   19.750000   output external delay
                                             19.750000   data required time
---------------------------------------------------------------------------------------------
                                             19.750000   data required time
                                             -1.496482   data arrival time
---------------------------------------------------------------------------------------------
                                             18.253519   slack (MET)


Startpoint: _182_ (rising edge-triggered flip-flop clocked by clk)
Endpoint: seg0[3] (output port clocked by clk)
Path Group: clk
Path Type: max

Fanout         Cap        Slew       Delay        Time   Description
---------------------------------------------------------------------------------------------
                                  0.000000    0.000000   clock clk (rise edge)
                                  0.000000    0.000000   clock source latency
     1    0.011477    0.058009    0.038812    0.038812 ^ clk (in)
                                                         clk (net)
                      0.058010    0.000000    0.038812 ^ clkbuf_0_clk/A (sky130_fd_sc_hd__clkbuf_16)
     4    0.037194    0.057328    0.144682    0.183494 ^ clkbuf_0_clk/X (sky130_fd_sc_hd__clkbuf_16)
                                                         clknet_0_clk (net)
                      0.057328    0.000155    0.183649 ^ clkbuf_2_3__f_clk/A (sky130_fd_sc_hd__clkbuf_16)
    11    0.025910    0.047101    0.135654    0.319304 ^ clkbuf_2_3__f_clk/X (sky130_fd_sc_hd__clkbuf_16)
                                                         clknet_2_3__leaf_clk (net)
                      0.047101    0.000059    0.319363 ^ _182_/CLK (sky130_fd_sc_hd__dfrtp_1)
     2    0.004690    0.049577    0.364830    0.684192 v _182_/Q (sky130_fd_sc_hd__dfrtp_1)
                                                         cnt[0] (net)
                      0.049577    0.000011    0.684204 v fanout32/A (sky130_fd_sc_hd__buf_2)
    10    0.028902    0.077790    0.172464    0.856668 v fanout32/X (sky130_fd_sc_hd__buf_2)
                                                         net32 (net)
                      0.077790    0.000202    0.856870 v _050_/A (sky130_fd_sc_hd__inv_2)
     3    0.011862    0.062584    0.083735    0.940605 ^ _050_/Y (sky130_fd_sc_hd__inv_2)
                                                         _039_ (net)
                      0.062584    0.000021    0.940627 ^ fanout28/A (sky130_fd_sc_hd__buf_2)
    10    0.033512    0.166625    0.202396    1.143023 ^ fanout28/X (sky130_fd_sc_hd__buf_2)
                                                         net28 (net)
                      0.166625    0.000291    1.143314 ^ _064_/A2 (sky130_fd_sc_hd__a31o_1)
     1    0.002075    0.040766    0.155877    1.299190 ^ _064_/X (sky130_fd_sc_hd__a31o_1)
                                                         net6 (net)
                      0.040766    0.000003    1.299194 ^ output6/A (sky130_fd_sc_hd__buf_2)
     1    0.034296    0.170234    0.196768    1.495962 ^ output6/X (sky130_fd_sc_hd__buf_2)
                                                         seg0[3] (net)
                      0.170234    0.000191    1.496152 ^ seg0[3] (out)
                                              1.496152   data arrival time

                                 25.000000   25.000000   clock clk (rise edge)
                                  0.000000   25.000000   clock network delay (propagated)
                                 -0.250000   24.750000   clock uncertainty
                                  0.000000   24.750000   clock reconvergence pessimism
                                 -5.000000   19.750000   output external delay
                                             19.750000   data required time
---------------------------------------------------------------------------------------------
                                             19.750000   data required time
                                             -1.496152   data arrival time
---------------------------------------------------------------------------------------------
                                             18.253847   slack (MET)


Startpoint: _182_ (rising edge-triggered flip-flop clocked by clk)
Endpoint: seg2[4] (output port clocked by clk)
Path Group: clk
Path Type: max

Fanout         Cap        Slew       Delay        Time   Description
---------------------------------------------------------------------------------------------
                                  0.000000    0.000000   clock clk (rise edge)
                                  0.000000    0.000000   clock source latency
     1    0.011477    0.058009    0.038812    0.038812 ^ clk (in)
                                                         clk (net)
                      0.058010    0.000000    0.038812 ^ clkbuf_0_clk/A (sky130_fd_sc_hd__clkbuf_16)
     4    0.037194    0.057328    0.144682    0.183494 ^ clkbuf_0_clk/X (sky130_fd_sc_hd__clkbuf_16)
                                                         clknet_0_clk (net)
                      0.057328    0.000155    0.183649 ^ clkbuf_2_3__f_clk/A (sky130_fd_sc_hd__clkbuf_16)
    11    0.025910    0.047101    0.135654    0.319304 ^ clkbuf_2_3__f_clk/X (sky130_fd_sc_hd__clkbuf_16)
                                                         clknet_2_3__leaf_clk (net)
                      0.047101    0.000059    0.319363 ^ _182_/CLK (sky130_fd_sc_hd__dfrtp_1)
     2    0.004690    0.049577    0.364830    0.684192 v _182_/Q (sky130_fd_sc_hd__dfrtp_1)
                                                         cnt[0] (net)
                      0.049577    0.000011    0.684204 v fanout32/A (sky130_fd_sc_hd__buf_2)
    10    0.028902    0.077790    0.172464    0.856668 v fanout32/X (sky130_fd_sc_hd__buf_2)
                                                         net32 (net)
                      0.077790    0.000202    0.856870 v _050_/A (sky130_fd_sc_hd__inv_2)
     3    0.011862    0.062584    0.083735    0.940605 ^ _050_/Y (sky130_fd_sc_hd__inv_2)
                                                         _039_ (net)
                      0.062584    0.000021    0.940627 ^ fanout28/A (sky130_fd_sc_hd__buf_2)
    10    0.033512    0.166625    0.202396    1.143023 ^ fanout28/X (sky130_fd_sc_hd__buf_2)
                                                         net28 (net)
                      0.166625    0.000230    1.143253 ^ _095_/A2 (sky130_fd_sc_hd__a31o_1)
     1    0.002043    0.040484    0.155610    1.298863 ^ _095_/X (sky130_fd_sc_hd__a31o_1)
                                                         net19 (net)
                      0.040484    0.000003    1.298866 ^ output19/A (sky130_fd_sc_hd__buf_2)
     1    0.034344    0.170461    0.196816    1.495682 ^ output19/X (sky130_fd_sc_hd__buf_2)
                                                         seg2[4] (net)
                      0.170461    0.000198    1.495880 ^ seg2[4] (out)
                                              1.495880   data arrival time

                                 25.000000   25.000000   clock clk (rise edge)
                                  0.000000   25.000000   clock network delay (propagated)
                                 -0.250000   24.750000   clock uncertainty
                                  0.000000   24.750000   clock reconvergence pessimism
                                 -5.000000   19.750000   output external delay
                                             19.750000   data required time
---------------------------------------------------------------------------------------------
                                             19.750000   data required time
                                             -1.495880   data arrival time
---------------------------------------------------------------------------------------------
                                             18.254120   slack (MET)


Startpoint: _182_ (rising edge-triggered flip-flop clocked by clk)
Endpoint: seg2[5] (output port clocked by clk)
Path Group: clk
Path Type: max

Fanout         Cap        Slew       Delay        Time   Description
---------------------------------------------------------------------------------------------
                                  0.000000    0.000000   clock clk (rise edge)
                                  0.000000    0.000000   clock source latency
     1    0.011477    0.058009    0.038812    0.038812 ^ clk (in)
                                                         clk (net)
                      0.058010    0.000000    0.038812 ^ clkbuf_0_clk/A (sky130_fd_sc_hd__clkbuf_16)
     4    0.037194    0.057328    0.144682    0.183494 ^ clkbuf_0_clk/X (sky130_fd_sc_hd__clkbuf_16)
                                                         clknet_0_clk (net)
                      0.057328    0.000155    0.183649 ^ clkbuf_2_3__f_clk/A (sky130_fd_sc_hd__clkbuf_16)
    11    0.025910    0.047101    0.135654    0.319304 ^ clkbuf_2_3__f_clk/X (sky130_fd_sc_hd__clkbuf_16)
                                                         clknet_2_3__leaf_clk (net)
                      0.047101    0.000059    0.319363 ^ _182_/CLK (sky130_fd_sc_hd__dfrtp_1)
     2    0.004690    0.049577    0.364830    0.684192 v _182_/Q (sky130_fd_sc_hd__dfrtp_1)
                                                         cnt[0] (net)
                      0.049577    0.000011    0.684204 v fanout32/A (sky130_fd_sc_hd__buf_2)
    10    0.028902    0.077790    0.172464    0.856668 v fanout32/X (sky130_fd_sc_hd__buf_2)
                                                         net32 (net)
                      0.077790    0.000202    0.856870 v _050_/A (sky130_fd_sc_hd__inv_2)
     3    0.011862    0.062584    0.083735    0.940605 ^ _050_/Y (sky130_fd_sc_hd__inv_2)
                                                         _039_ (net)
                      0.062584    0.000021    0.940627 ^ fanout28/A (sky130_fd_sc_hd__buf_2)
    10    0.033512    0.166625    0.202396    1.143023 ^ fanout28/X (sky130_fd_sc_hd__buf_2)
                                                         net28 (net)
                      0.166625    0.000263    1.143285 ^ _097_/A2 (sky130_fd_sc_hd__a31o_1)
     1    0.001856    0.038884    0.154097    1.297382 ^ _097_/X (sky130_fd_sc_hd__a31o_1)
                                                         net20 (net)
                      0.038884    0.000000    1.297382 ^ output20/A (sky130_fd_sc_hd__buf_2)
     1    0.034582    0.171576    0.196967    1.494349 ^ output20/X (sky130_fd_sc_hd__buf_2)
                                                         seg2[5] (net)
                      0.171576    0.000232    1.494581 ^ seg2[5] (out)
                                              1.494581   data arrival time

                                 25.000000   25.000000   clock clk (rise edge)
                                  0.000000   25.000000   clock network delay (propagated)
                                 -0.250000   24.750000   clock uncertainty
                                  0.000000   24.750000   clock reconvergence pessimism
                                 -5.000000   19.750000   output external delay
                                             19.750000   data required time
---------------------------------------------------------------------------------------------
                                             19.750000   data required time
                                             -1.494581   data arrival time
---------------------------------------------------------------------------------------------
                                             18.255419   slack (MET)


Startpoint: _183_ (rising edge-triggered flip-flop clocked by clk)
Endpoint: seg0[5] (output port clocked by clk)
Path Group: clk
Path Type: max

Fanout         Cap        Slew       Delay        Time   Description
---------------------------------------------------------------------------------------------
                                  0.000000    0.000000   clock clk (rise edge)
                                  0.000000    0.000000   clock source latency
     1    0.011477    0.058009    0.038812    0.038812 ^ clk (in)
                                                         clk (net)
                      0.058010    0.000000    0.038812 ^ clkbuf_0_clk/A (sky130_fd_sc_hd__clkbuf_16)
     4    0.037194    0.057328    0.144682    0.183494 ^ clkbuf_0_clk/X (sky130_fd_sc_hd__clkbuf_16)
                                                         clknet_0_clk (net)
                      0.057328    0.000155    0.183649 ^ clkbuf_2_3__f_clk/A (sky130_fd_sc_hd__clkbuf_16)
    11    0.025910    0.047101    0.135654    0.319304 ^ clkbuf_2_3__f_clk/X (sky130_fd_sc_hd__clkbuf_16)
                                                         clknet_2_3__leaf_clk (net)
                      0.047101    0.000064    0.319368 ^ _183_/CLK (sky130_fd_sc_hd__dfrtp_1)
     2    0.005624    0.051925    0.369863    0.689230 v _183_/Q (sky130_fd_sc_hd__dfrtp_1)
                                                         cnt[1] (net)
                      0.051925    0.000008    0.689238 v fanout30/A (sky130_fd_sc_hd__buf_2)
    10    0.029829    0.079813    0.175090    0.864328 v fanout30/X (sky130_fd_sc_hd__buf_2)
                                                         net30 (net)
                      0.079814    0.000410    0.864738 v _049_/A (sky130_fd_sc_hd__inv_2)
     3    0.010850    0.058856    0.081237    0.945975 ^ _049_/Y (sky130_fd_sc_hd__inv_2)
                                                         _038_ (net)
                      0.058856    0.000019    0.945994 ^ fanout29/A (sky130_fd_sc_hd__buf_2)
    10    0.033256    0.165405    0.200185    1.146178 ^ fanout29/X (sky130_fd_sc_hd__buf_2)
                                                         net29 (net)
                      0.165405    0.000028    1.146206 ^ _068_/A1 (sky130_fd_sc_hd__a31o_1)
     1    0.001856    0.038671    0.148590    1.294796 ^ _068_/X (sky130_fd_sc_hd__a31o_1)
                                                         net8 (net)
                      0.038671    0.000000    1.294797 ^ output8/A (sky130_fd_sc_hd__buf_2)
     1    0.034621    0.171762    0.197013    1.491809 ^ output8/X (sky130_fd_sc_hd__buf_2)
                                                         seg0[5] (net)
                      0.171762    0.000237    1.492047 ^ seg0[5] (out)
                                              1.492047   data arrival time

                                 25.000000   25.000000   clock clk (rise edge)
                                  0.000000   25.000000   clock network delay (propagated)
                                 -0.250000   24.750000   clock uncertainty
                                  0.000000   24.750000   clock reconvergence pessimism
                                 -5.000000   19.750000   output external delay
                                             19.750000   data required time
---------------------------------------------------------------------------------------------
                                             19.750000   data required time
                                             -1.492047   data arrival time
---------------------------------------------------------------------------------------------
                                             18.257952   slack (MET)


Startpoint: _176_ (rising edge-triggered flip-flop clocked by clk)
Endpoint: seg3[0] (output port clocked by clk)
Path Group: clk
Path Type: max

Fanout         Cap        Slew       Delay        Time   Description
---------------------------------------------------------------------------------------------
                                  0.000000    0.000000   clock clk (rise edge)
                                  0.000000    0.000000   clock source latency
     1    0.011477    0.058009    0.038812    0.038812 ^ clk (in)
                                                         clk (net)
                      0.058010    0.000000    0.038812 ^ clkbuf_0_clk/A (sky130_fd_sc_hd__clkbuf_16)
     4    0.037194    0.057328    0.144682    0.183494 ^ clkbuf_0_clk/X (sky130_fd_sc_hd__clkbuf_16)
                                                         clknet_0_clk (net)
                      0.057328    0.000157    0.183651 ^ clkbuf_2_0__f_clk/A (sky130_fd_sc_hd__clkbuf_16)
    10    0.024745    0.046038    0.134525    0.318176 ^ clkbuf_2_0__f_clk/X (sky130_fd_sc_hd__clkbuf_16)
                                                         clknet_2_0__leaf_clk (net)
                      0.046038    0.000018    0.318194 ^ _176_/CLK (sky130_fd_sc_hd__dfstp_2)
     9    0.031540    0.160461    0.610198    0.928392 ^ _176_/Q (sky130_fd_sc_hd__dfstp_2)
                                                         cursor[0] (net)
                      0.160461    0.000232    0.928624 ^ _101_/A3 (sky130_fd_sc_hd__a31o_1)
     1    0.002301    0.042551    0.155809    1.084433 ^ _101_/X (sky130_fd_sc_hd__a31o_1)
                                                         net21 (net)
                      0.042551    0.000006    1.084440 ^ output21/A (sky130_fd_sc_hd__buf_2)
     1    0.034410    0.170765    0.197815    1.282255 ^ output21/X (sky130_fd_sc_hd__buf_2)
                                                         seg3[0] (net)
                      0.170765    0.000213    1.282468 ^ seg3[0] (out)
                                              1.282468   data arrival time

                                 25.000000   25.000000   clock clk (rise edge)
                                  0.000000   25.000000   clock network delay (propagated)
                                 -0.250000   24.750000   clock uncertainty
                                  0.000000   24.750000   clock reconvergence pessimism
                                 -5.000000   19.750000   output external delay
                                             19.750000   data required time
---------------------------------------------------------------------------------------------
                                             19.750000   data required time
                                             -1.282468   data arrival time
---------------------------------------------------------------------------------------------
                                             18.467531   slack (MET)


Startpoint: _183_ (rising edge-triggered flip-flop clocked by clk)
Endpoint: seg1[5] (output port clocked by clk)
Path Group: clk
Path Type: max

Fanout         Cap        Slew       Delay        Time   Description
---------------------------------------------------------------------------------------------
                                  0.000000    0.000000   clock clk (rise edge)
                                  0.000000    0.000000   clock source latency
     1    0.011477    0.058009    0.038812    0.038812 ^ clk (in)
                                                         clk (net)
                      0.058010    0.000000    0.038812 ^ clkbuf_0_clk/A (sky130_fd_sc_hd__clkbuf_16)
     4    0.037194    0.057328    0.144682    0.183494 ^ clkbuf_0_clk/X (sky130_fd_sc_hd__clkbuf_16)
                                                         clknet_0_clk (net)
                      0.057328    0.000155    0.183649 ^ clkbuf_2_3__f_clk/A (sky130_fd_sc_hd__clkbuf_16)
    11    0.025910    0.047101    0.135654    0.319304 ^ clkbuf_2_3__f_clk/X (sky130_fd_sc_hd__clkbuf_16)
                                                         clknet_2_3__leaf_clk (net)
                      0.047101    0.000064    0.319368 ^ _183_/CLK (sky130_fd_sc_hd__dfrtp_1)
     2    0.005624    0.051925    0.369863    0.689230 v _183_/Q (sky130_fd_sc_hd__dfrtp_1)
                                                         cnt[1] (net)
                      0.051925    0.000008    0.689238 v fanout30/A (sky130_fd_sc_hd__buf_2)
    10    0.029829    0.079813    0.175090    0.864328 v fanout30/X (sky130_fd_sc_hd__buf_2)
                                                         net30 (net)
                      0.079814    0.000410    0.864738 v _049_/A (sky130_fd_sc_hd__inv_2)
     3    0.010850    0.058856    0.081237    0.945975 ^ _049_/Y (sky130_fd_sc_hd__inv_2)
                                                         _038_ (net)
                      0.058856    0.000093    0.946067 ^ _082_/A1 (sky130_fd_sc_hd__a31o_1)
     1    0.003371    0.049979    0.130893    1.076960 ^ _082_/X (sky130_fd_sc_hd__a31o_1)
                                                         net14 (net)
                      0.049979    0.000020    1.076980 ^ output14/A (sky130_fd_sc_hd__buf_2)
     1    0.034252    0.170016    0.200195    1.277175 ^ output14/X (sky130_fd_sc_hd__buf_2)
                                                         seg1[5] (net)
                      0.170016    0.000129    1.277304 ^ seg1[5] (out)
                                              1.277304   data arrival time

                                 25.000000   25.000000   clock clk (rise edge)
                                  0.000000   25.000000   clock network delay (propagated)
                                 -0.250000   24.750000   clock uncertainty
                                  0.000000   24.750000   clock reconvergence pessimism
                                 -5.000000   19.750000   output external delay
                                             19.750000   data required time
---------------------------------------------------------------------------------------------
                                             19.750000   data required time
                                             -1.277304   data arrival time
---------------------------------------------------------------------------------------------
                                             18.472696   slack (MET)


Startpoint: _183_ (rising edge-triggered flip-flop clocked by clk)
Endpoint: seg1[4] (output port clocked by clk)
Path Group: clk
Path Type: max

Fanout         Cap        Slew       Delay        Time   Description
---------------------------------------------------------------------------------------------
                                  0.000000    0.000000   clock clk (rise edge)
                                  0.000000    0.000000   clock source latency
     1    0.011477    0.058009    0.038812    0.038812 ^ clk (in)
                                                         clk (net)
                      0.058010    0.000000    0.038812 ^ clkbuf_0_clk/A (sky130_fd_sc_hd__clkbuf_16)
     4    0.037194    0.057328    0.144682    0.183494 ^ clkbuf_0_clk/X (sky130_fd_sc_hd__clkbuf_16)
                                                         clknet_0_clk (net)
                      0.057328    0.000155    0.183649 ^ clkbuf_2_3__f_clk/A (sky130_fd_sc_hd__clkbuf_16)
    11    0.025910    0.047101    0.135654    0.319304 ^ clkbuf_2_3__f_clk/X (sky130_fd_sc_hd__clkbuf_16)
                                                         clknet_2_3__leaf_clk (net)
                      0.047101    0.000064    0.319368 ^ _183_/CLK (sky130_fd_sc_hd__dfrtp_1)
     2    0.005624    0.051925    0.369863    0.689230 v _183_/Q (sky130_fd_sc_hd__dfrtp_1)
                                                         cnt[1] (net)
                      0.051925    0.000008    0.689238 v fanout30/A (sky130_fd_sc_hd__buf_2)
    10    0.029829    0.079813    0.175090    0.864328 v fanout30/X (sky130_fd_sc_hd__buf_2)
                                                         net30 (net)
                      0.079814    0.000410    0.864738 v _049_/A (sky130_fd_sc_hd__inv_2)
     3    0.010850    0.058856    0.081237    0.945975 ^ _049_/Y (sky130_fd_sc_hd__inv_2)
                                                         _038_ (net)
                      0.058856    0.000091    0.946066 ^ _080_/A1 (sky130_fd_sc_hd__a31o_1)
     1    0.002727    0.046202    0.125681    1.071747 ^ _080_/X (sky130_fd_sc_hd__a31o_1)
                                                         net13 (net)
                      0.046202    0.000009    1.071756 ^ output13/A (sky130_fd_sc_hd__buf_2)
     1    0.033936    0.171043    0.197792    1.269548 ^ output13/X (sky130_fd_sc_hd__buf_2)
                                                         seg1[4] (net)
                      0.171043    0.000070    1.269618 ^ seg1[4] (out)
                                              1.269618   data arrival time

                                 25.000000   25.000000   clock clk (rise edge)
                                  0.000000   25.000000   clock network delay (propagated)
                                 -0.250000   24.750000   clock uncertainty
                                  0.000000   24.750000   clock reconvergence pessimism
                                 -5.000000   19.750000   output external delay
                                             19.750000   data required time
---------------------------------------------------------------------------------------------
                                             19.750000   data required time
                                             -1.269618   data arrival time
---------------------------------------------------------------------------------------------
                                             18.480381   slack (MET)


Startpoint: _178_ (rising edge-triggered flip-flop clocked by clk)
Endpoint: seg3[2] (output port clocked by clk)
Path Group: clk
Path Type: max

Fanout         Cap        Slew       Delay        Time   Description
---------------------------------------------------------------------------------------------
                                  0.000000    0.000000   clock clk (rise edge)
                                  0.000000    0.000000   clock source latency
     1    0.011477    0.058009    0.038812    0.038812 ^ clk (in)
                                                         clk (net)
                      0.058010    0.000000    0.038812 ^ clkbuf_0_clk/A (sky130_fd_sc_hd__clkbuf_16)
     4    0.037194    0.057328    0.144682    0.183494 ^ clkbuf_0_clk/X (sky130_fd_sc_hd__clkbuf_16)
                                                         clknet_0_clk (net)
                      0.057328    0.000155    0.183649 ^ clkbuf_2_3__f_clk/A (sky130_fd_sc_hd__clkbuf_16)
    11    0.025910    0.047101    0.135654    0.319304 ^ clkbuf_2_3__f_clk/X (sky130_fd_sc_hd__clkbuf_16)
                                                         clknet_2_3__leaf_clk (net)
                      0.047101    0.000037    0.319340 ^ _178_/CLK (sky130_fd_sc_hd__dfrtp_4)
     9    0.028118    0.089695    0.513392    0.832733 v _178_/Q (sky130_fd_sc_hd__dfrtp_4)
                                                         cursor[2] (net)
                      0.089695    0.000056    0.832788 v _106_/A3 (sky130_fd_sc_hd__a31o_1)
     1    0.002520    0.035372    0.225744    1.058532 v _106_/X (sky130_fd_sc_hd__a31o_1)
                                                         net23 (net)
                      0.035372    0.000012    1.058544 v output23/A (sky130_fd_sc_hd__buf_2)
     1    0.034361    0.089576    0.176490    1.235034 v output23/X (sky130_fd_sc_hd__buf_2)
                                                         seg3[2] (net)
                      0.089576    0.000206    1.235240 v seg3[2] (out)
                                              1.235240   data arrival time

                                 25.000000   25.000000   clock clk (rise edge)
                                  0.000000   25.000000   clock network delay (propagated)
                                 -0.250000   24.750000   clock uncertainty
                                  0.000000   24.750000   clock reconvergence pessimism
                                 -5.000000   19.750000   output external delay
                                             19.750000   data required time
---------------------------------------------------------------------------------------------
                                             19.750000   data required time
                                             -1.235240   data arrival time
---------------------------------------------------------------------------------------------
                                             18.514759   slack (MET)


Startpoint: _180_ (rising edge-triggered flip-flop clocked by clk)
Endpoint: seg3[4] (output port clocked by clk)
Path Group: clk
Path Type: max

Fanout         Cap        Slew       Delay        Time   Description
---------------------------------------------------------------------------------------------
                                  0.000000    0.000000   clock clk (rise edge)
                                  0.000000    0.000000   clock source latency
     1    0.011477    0.058009    0.038812    0.038812 ^ clk (in)
                                                         clk (net)
                      0.058010    0.000000    0.038812 ^ clkbuf_0_clk/A (sky130_fd_sc_hd__clkbuf_16)
     4    0.037194    0.057328    0.144682    0.183494 ^ clkbuf_0_clk/X (sky130_fd_sc_hd__clkbuf_16)
                                                         clknet_0_clk (net)
                      0.057328    0.000157    0.183651 ^ clkbuf_2_0__f_clk/A (sky130_fd_sc_hd__clkbuf_16)
    10    0.024745    0.046038    0.134525    0.318176 ^ clkbuf_2_0__f_clk/X (sky130_fd_sc_hd__clkbuf_16)
                                                         clknet_2_0__leaf_clk (net)
                      0.046038    0.000050    0.318226 ^ _180_/CLK (sky130_fd_sc_hd__dfrtp_4)
     9    0.028265    0.089881    0.513269    0.831495 v _180_/Q (sky130_fd_sc_hd__dfrtp_4)
                                                         cursor[4] (net)
                      0.089881    0.000128    0.831624 v _110_/A3 (sky130_fd_sc_hd__a31o_1)
     1    0.002595    0.036509    0.226335    1.057959 v _110_/X (sky130_fd_sc_hd__a31o_1)
                                                         net25 (net)
                      0.036509    0.000010    1.057968 v output25/A (sky130_fd_sc_hd__buf_2)
     1    0.034080    0.088914    0.176538    1.234506 v output25/X (sky130_fd_sc_hd__buf_2)
                                                         seg3[4] (net)
                      0.088914    0.000102    1.234608 v seg3[4] (out)
                                              1.234608   data arrival time

                                 25.000000   25.000000   clock clk (rise edge)
                                  0.000000   25.000000   clock network delay (propagated)
                                 -0.250000   24.750000   clock uncertainty
                                  0.000000   24.750000   clock reconvergence pessimism
                                 -5.000000   19.750000   output external delay
                                             19.750000   data required time
---------------------------------------------------------------------------------------------
                                             19.750000   data required time
                                             -1.234608   data arrival time
---------------------------------------------------------------------------------------------
                                             18.515390   slack (MET)


Startpoint: _181_ (rising edge-triggered flip-flop clocked by clk)
Endpoint: seg3[5] (output port clocked by clk)
Path Group: clk
Path Type: max

Fanout         Cap        Slew       Delay        Time   Description
---------------------------------------------------------------------------------------------
                                  0.000000    0.000000   clock clk (rise edge)
                                  0.000000    0.000000   clock source latency
     1    0.011477    0.058009    0.038812    0.038812 ^ clk (in)
                                                         clk (net)
                      0.058010    0.000000    0.038812 ^ clkbuf_0_clk/A (sky130_fd_sc_hd__clkbuf_16)
     4    0.037194    0.057328    0.144682    0.183494 ^ clkbuf_0_clk/X (sky130_fd_sc_hd__clkbuf_16)
                                                         clknet_0_clk (net)
                      0.057328    0.000157    0.183651 ^ clkbuf_2_0__f_clk/A (sky130_fd_sc_hd__clkbuf_16)
    10    0.024745    0.046038    0.134525    0.318176 ^ clkbuf_2_0__f_clk/X (sky130_fd_sc_hd__clkbuf_16)
                                                         clknet_2_0__leaf_clk (net)
                      0.046038    0.000074    0.318250 ^ _181_/CLK (sky130_fd_sc_hd__dfrtp_4)
     9    0.028963    0.090754    0.514480    0.832731 v _181_/Q (sky130_fd_sc_hd__dfrtp_4)
                                                         cursor[5] (net)
                      0.090754    0.000163    0.832894 v _112_/A3 (sky130_fd_sc_hd__a31o_1)
     1    0.002272    0.035426    0.224494    1.057388 v _112_/X (sky130_fd_sc_hd__a31o_1)
                                                         net26 (net)
                      0.035426    0.000006    1.057394 v output26/A (sky130_fd_sc_hd__buf_2)
     1    0.033958    0.088647    0.175867    1.233260 v output26/X (sky130_fd_sc_hd__buf_2)
                                                         seg3[5] (net)
                      0.088647    0.000074    1.233334 v seg3[5] (out)
                                              1.233334   data arrival time

                                 25.000000   25.000000   clock clk (rise edge)
                                  0.000000   25.000000   clock network delay (propagated)
                                 -0.250000   24.750000   clock uncertainty
                                  0.000000   24.750000   clock reconvergence pessimism
                                 -5.000000   19.750000   output external delay
                                             19.750000   data required time
---------------------------------------------------------------------------------------------
                                             19.750000   data required time
                                             -1.233334   data arrival time
---------------------------------------------------------------------------------------------
                                             18.516666   slack (MET)


Startpoint: _177_ (rising edge-triggered flip-flop clocked by clk)
Endpoint: seg3[1] (output port clocked by clk)
Path Group: clk
Path Type: max

Fanout         Cap        Slew       Delay        Time   Description
---------------------------------------------------------------------------------------------
                                  0.000000    0.000000   clock clk (rise edge)
                                  0.000000    0.000000   clock source latency
     1    0.011477    0.058009    0.038812    0.038812 ^ clk (in)
                                                         clk (net)
                      0.058010    0.000000    0.038812 ^ clkbuf_0_clk/A (sky130_fd_sc_hd__clkbuf_16)
     4    0.037194    0.057328    0.144682    0.183494 ^ clkbuf_0_clk/X (sky130_fd_sc_hd__clkbuf_16)
                                                         clknet_0_clk (net)
                      0.057328    0.000155    0.183649 ^ clkbuf_2_3__f_clk/A (sky130_fd_sc_hd__clkbuf_16)
    11    0.025910    0.047101    0.135654    0.319304 ^ clkbuf_2_3__f_clk/X (sky130_fd_sc_hd__clkbuf_16)
                                                         clknet_2_3__leaf_clk (net)
                      0.047101    0.000050    0.319353 ^ _177_/CLK (sky130_fd_sc_hd__dfrtp_4)
     9    0.027656    0.089113    0.512607    0.831960 v _177_/Q (sky130_fd_sc_hd__dfrtp_4)
                                                         cursor[1] (net)
                      0.089113    0.000029    0.831989 v _104_/A3 (sky130_fd_sc_hd__a31o_1)
     1    0.002141    0.034786    0.222906    1.054896 v _104_/X (sky130_fd_sc_hd__a31o_1)
                                                         net22 (net)
                      0.034786    0.000006    1.054901 v output22/A (sky130_fd_sc_hd__buf_2)
     1    0.034410    0.089687    0.176323    1.231225 v output22/X (sky130_fd_sc_hd__buf_2)
                                                         seg3[1] (net)
                      0.089687    0.000213    1.231437 v seg3[1] (out)
                                              1.231437   data arrival time

                                 25.000000   25.000000   clock clk (rise edge)
                                  0.000000   25.000000   clock network delay (propagated)
                                 -0.250000   24.750000   clock uncertainty
                                  0.000000   24.750000   clock reconvergence pessimism
                                 -5.000000   19.750000   output external delay
                                             19.750000   data required time
---------------------------------------------------------------------------------------------
                                             19.750000   data required time
                                             -1.231437   data arrival time
---------------------------------------------------------------------------------------------
                                             18.518562   slack (MET)


Startpoint: _179_ (rising edge-triggered flip-flop clocked by clk)
Endpoint: seg3[3] (output port clocked by clk)
Path Group: clk
Path Type: max

Fanout         Cap        Slew       Delay        Time   Description
---------------------------------------------------------------------------------------------
                                  0.000000    0.000000   clock clk (rise edge)
                                  0.000000    0.000000   clock source latency
     1    0.011477    0.058009    0.038812    0.038812 ^ clk (in)
                                                         clk (net)
                      0.058010    0.000000    0.038812 ^ clkbuf_0_clk/A (sky130_fd_sc_hd__clkbuf_16)
     4    0.037194    0.057328    0.144682    0.183494 ^ clkbuf_0_clk/X (sky130_fd_sc_hd__clkbuf_16)
                                                         clknet_0_clk (net)
                      0.057328    0.000142    0.183637 ^ clkbuf_2_1__f_clk/A (sky130_fd_sc_hd__clkbuf_16)
    10    0.023481    0.044888    0.133324    0.316961 ^ clkbuf_2_1__f_clk/X (sky130_fd_sc_hd__clkbuf_16)
                                                         clknet_2_1__leaf_clk (net)
                      0.044888    0.000030    0.316991 ^ _179_/CLK (sky130_fd_sc_hd__dfrtp_4)
     9    0.028328    0.089975    0.512950    0.829942 v _179_/Q (sky130_fd_sc_hd__dfrtp_4)
                                                         cursor[3] (net)
                      0.089975    0.000193    0.830135 v _108_/A3 (sky130_fd_sc_hd__a31o_1)
     1    0.002290    0.035508    0.224290    1.054424 v _108_/X (sky130_fd_sc_hd__a31o_1)
                                                         net24 (net)
                      0.035508    0.000005    1.054430 v output24/A (sky130_fd_sc_hd__buf_2)
     1    0.034115    0.089001    0.176166    1.230596 v output24/X (sky130_fd_sc_hd__buf_2)
                                                         seg3[3] (net)
                      0.089001    0.000110    1.230706 v seg3[3] (out)
                                              1.230706   data arrival time

                                 25.000000   25.000000   clock clk (rise edge)
                                  0.000000   25.000000   clock network delay (propagated)
                                 -0.250000   24.750000   clock uncertainty
                                  0.000000   24.750000   clock reconvergence pessimism
                                 -5.000000   19.750000   output external delay
                                             19.750000   data required time
---------------------------------------------------------------------------------------------
                                             19.750000   data required time
                                             -1.230706   data arrival time
---------------------------------------------------------------------------------------------
                                             18.519293   slack (MET)


Startpoint: btn (input port clocked by clk)
Endpoint: _173_ (rising edge-triggered flip-flop clocked by clk)
Path Group: clk
Path Type: max

Fanout         Cap        Slew       Delay        Time   Description
---------------------------------------------------------------------------------------------
                                  0.000000    0.000000   clock clk (rise edge)
                                  0.000000    0.000000   clock network delay (propagated)
                                  5.000000    5.000000 ^ input external delay
     1    0.002881    0.020079    0.010575    5.010575 ^ btn (in)
                                                         btn (net)
                      0.020079    0.000000    5.010575 ^ input1/A (sky130_fd_sc_hd__buf_1)
     6    0.012923    0.157798    0.152110    5.162684 ^ input1/X (sky130_fd_sc_hd__buf_1)
                                                         net1 (net)
                      0.157798    0.000055    5.162739 ^ _055_/D_N (sky130_fd_sc_hd__nor4b_1)
     2    0.005384    0.343848    0.320598    5.483337 ^ _055_/Y (sky130_fd_sc_hd__nor4b_1)
                                                         _042_ (net)
                      0.343848    0.000003    5.483340 ^ max_cap27/A (sky130_fd_sc_hd__clkbuf_2)
     6    0.018170    0.107728    0.228229    5.711570 ^ max_cap27/X (sky130_fd_sc_hd__clkbuf_2)
                                                         net27 (net)
                      0.107728    0.000132    5.711701 ^ _069_/A2 (sky130_fd_sc_hd__a21o_1)
     2    0.004663    0.054069    0.133632    5.845333 ^ _069_/X (sky130_fd_sc_hd__a21o_1)
                                                         nxt0[5] (net)
                      0.054069    0.000012    5.845345 ^ _070_/D (sky130_fd_sc_hd__and4_1)
     1    0.002344    0.052514    0.179143    6.024488 ^ _070_/X (sky130_fd_sc_hd__and4_1)
                                                         _044_ (net)
                      0.052514    0.000009    6.024498 ^ _071_/C (sky130_fd_sc_hd__and3_1)
     1    0.002316    0.046752    0.143628    6.168126 ^ _071_/X (sky130_fd_sc_hd__and3_1)
                                                         done_comb[0] (net)
                      0.046752    0.000004    6.168130 ^ _173_/D (sky130_fd_sc_hd__dfrtp_1)
                                              6.168130   data arrival time

                                 25.000000   25.000000   clock clk (rise edge)
                                  0.000000   25.000000   clock source latency
     1    0.011477    0.058009    0.038812   25.038811 ^ clk (in)
                                                         clk (net)
                      0.058010    0.000000   25.038811 ^ clkbuf_0_clk/A (sky130_fd_sc_hd__clkbuf_16)
     4    0.037194    0.057328    0.144682   25.183493 ^ clkbuf_0_clk/X (sky130_fd_sc_hd__clkbuf_16)
                                                         clknet_0_clk (net)
                      0.057328    0.000142   25.183636 ^ clkbuf_2_1__f_clk/A (sky130_fd_sc_hd__clkbuf_16)
    10    0.023481    0.044888    0.133324   25.316959 ^ clkbuf_2_1__f_clk/X (sky130_fd_sc_hd__clkbuf_16)
                                                         clknet_2_1__leaf_clk (net)
                      0.044888    0.000016   25.316977 ^ _173_/CLK (sky130_fd_sc_hd__dfrtp_1)
                                 -0.250000   25.066977   clock uncertainty
                                  0.000000   25.066977   clock reconvergence pessimism
                                 -0.060249   25.006727   library setup time
                                             25.006727   data required time
---------------------------------------------------------------------------------------------
                                             25.006727   data required time
                                             -6.168130   data arrival time
---------------------------------------------------------------------------------------------
                                             18.838598   slack (MET)


Startpoint: btn (input port clocked by clk)
Endpoint: _174_ (rising edge-triggered flip-flop clocked by clk)
Path Group: clk
Path Type: max

Fanout         Cap        Slew       Delay        Time   Description
---------------------------------------------------------------------------------------------
                                  0.000000    0.000000   clock clk (rise edge)
                                  0.000000    0.000000   clock network delay (propagated)
                                  5.000000    5.000000 v input external delay
     1    0.002705    0.008411    0.004251    5.004251 v btn (in)
                                                         btn (net)
                      0.008411    0.000000    5.004251 v input1/A (sky130_fd_sc_hd__buf_1)
     6    0.012507    0.078310    0.115440    5.119691 v input1/X (sky130_fd_sc_hd__buf_1)
                                                         net1 (net)
                      0.078310    0.000084    5.119776 v _052_/C (sky130_fd_sc_hd__and4bb_2)
     8    0.021439    0.083341    0.286543    5.406319 v _052_/X (sky130_fd_sc_hd__and4bb_2)
                                                         _040_ (net)
                      0.083341    0.000065    5.406384 v _083_/A2 (sky130_fd_sc_hd__a21o_1)
     2    0.004501    0.040197    0.194992    5.601377 v _083_/X (sky130_fd_sc_hd__a21o_1)
                                                         nxt1[5] (net)
                      0.040197    0.000016    5.601392 v _084_/D (sky130_fd_sc_hd__and4_1)
     1    0.002069    0.035916    0.184095    5.785487 v _084_/X (sky130_fd_sc_hd__and4_1)
                                                         _045_ (net)
                      0.035916    0.000005    5.785492 v _085_/C (sky130_fd_sc_hd__and3_1)
     1    0.002127    0.034573    0.164855    5.950346 v _085_/X (sky130_fd_sc_hd__and3_1)
                                                         done_comb[1] (net)
                      0.034573    0.000002    5.950348 v _174_/D (sky130_fd_sc_hd__dfrtp_1)
                                              5.950348   data arrival time

                                 25.000000   25.000000   clock clk (rise edge)
                                  0.000000   25.000000   clock source latency
     1    0.011477    0.058009    0.038812   25.038811 ^ clk (in)
                                                         clk (net)
                      0.058010    0.000000   25.038811 ^ clkbuf_0_clk/A (sky130_fd_sc_hd__clkbuf_16)
     4    0.037194    0.057328    0.144682   25.183493 ^ clkbuf_0_clk/X (sky130_fd_sc_hd__clkbuf_16)
                                                         clknet_0_clk (net)
                      0.057328    0.000155   25.183647 ^ clkbuf_2_2__f_clk/A (sky130_fd_sc_hd__clkbuf_16)
     8    0.022921    0.044389    0.132783   25.316431 ^ clkbuf_2_2__f_clk/X (sky130_fd_sc_hd__clkbuf_16)
                                                         clknet_2_2__leaf_clk (net)
                      0.044389    0.000025   25.316456 ^ _174_/CLK (sky130_fd_sc_hd__dfrtp_1)
                                 -0.250000   25.066456   clock uncertainty
                                  0.000000   25.066456   clock reconvergence pessimism
                                 -0.109864   24.956593   library setup time
                                             24.956593   data required time
---------------------------------------------------------------------------------------------
                                             24.956593   data required time
                                             -5.950348   data arrival time
---------------------------------------------------------------------------------------------
                                             19.006245   slack (MET)


Startpoint: btn (input port clocked by clk)
Endpoint: _175_ (rising edge-triggered flip-flop clocked by clk)
Path Group: clk
Path Type: max

Fanout         Cap        Slew       Delay        Time   Description
---------------------------------------------------------------------------------------------
                                  0.000000    0.000000   clock clk (rise edge)
                                  0.000000    0.000000   clock network delay (propagated)
                                  5.000000    5.000000 v input external delay
     1    0.002705    0.008411    0.004251    5.004251 v btn (in)
                                                         btn (net)
                      0.008411    0.000000    5.004251 v input1/A (sky130_fd_sc_hd__buf_1)
     6    0.012507    0.078310    0.115440    5.119691 v input1/X (sky130_fd_sc_hd__buf_1)
                                                         net1 (net)
                      0.078310    0.000075    5.119767 v _087_/C (sky130_fd_sc_hd__and4bb_2)
     6    0.017735    0.075059    0.277354    5.397120 v _087_/X (sky130_fd_sc_hd__and4bb_2)
                                                         _046_ (net)
                      0.075059    0.000201    5.397321 v _098_/A2 (sky130_fd_sc_hd__a21o_1)
     2    0.004382    0.041196    0.191177    5.588498 v _098_/X (sky130_fd_sc_hd__a21o_1)
                                                         nxt2[5] (net)
                      0.041196    0.000007    5.588504 v _099_/D (sky130_fd_sc_hd__and4_1)
     1    0.002338    0.036056    0.186450    5.774954 v _099_/X (sky130_fd_sc_hd__and4_1)
                                                         _047_ (net)
                      0.036056    0.000010    5.774965 v _100_/C (sky130_fd_sc_hd__and3_1)
     1    0.002245    0.035152    0.165706    5.940671 v _100_/X (sky130_fd_sc_hd__and3_1)
                                                         done_comb[2] (net)
                      0.035152    0.000003    5.940673 v _175_/D (sky130_fd_sc_hd__dfrtp_1)
                                              5.940673   data arrival time

                                 25.000000   25.000000   clock clk (rise edge)
                                  0.000000   25.000000   clock source latency
     1    0.011477    0.058009    0.038812   25.038811 ^ clk (in)
                                                         clk (net)
                      0.058010    0.000000   25.038811 ^ clkbuf_0_clk/A (sky130_fd_sc_hd__clkbuf_16)
     4    0.037194    0.057328    0.144682   25.183493 ^ clkbuf_0_clk/X (sky130_fd_sc_hd__clkbuf_16)
                                                         clknet_0_clk (net)
                      0.057328    0.000156   25.183649 ^ clkbuf_2_0__f_clk/A (sky130_fd_sc_hd__clkbuf_16)
    10    0.024745    0.046038    0.134525   25.318174 ^ clkbuf_2_0__f_clk/X (sky130_fd_sc_hd__clkbuf_16)
                                                         clknet_2_0__leaf_clk (net)
                      0.046038    0.000020   25.318195 ^ _175_/CLK (sky130_fd_sc_hd__dfrtp_1)
                                 -0.250000   25.068195   clock uncertainty
                                  0.000000   25.068195   clock reconvergence pessimism
                                 -0.109740   24.958456   library setup time
                                             24.958456   data required time
---------------------------------------------------------------------------------------------
                                             24.958456   data required time
                                             -5.940673   data arrival time
---------------------------------------------------------------------------------------------
                                             19.017782   slack (MET)


Startpoint: btn (input port clocked by clk)
Endpoint: _151_ (rising edge-triggered flip-flop clocked by clk)
Path Group: clk
Path Type: max

Fanout         Cap        Slew       Delay        Time   Description
---------------------------------------------------------------------------------------------
                                  0.000000    0.000000   clock clk (rise edge)
                                  0.000000    0.000000   clock network delay (propagated)
                                  5.000000    5.000000 ^ input external delay
     1    0.002881    0.020079    0.010575    5.010575 ^ btn (in)
                                                         btn (net)
                      0.020079    0.000000    5.010575 ^ input1/A (sky130_fd_sc_hd__buf_1)
     6    0.012923    0.157798    0.152110    5.162684 ^ input1/X (sky130_fd_sc_hd__buf_1)
                                                         net1 (net)
                      0.157798    0.000055    5.162739 ^ _055_/D_N (sky130_fd_sc_hd__nor4b_1)
     2    0.005384    0.343848    0.320598    5.483337 ^ _055_/Y (sky130_fd_sc_hd__nor4b_1)
                                                         _042_ (net)
                      0.343848    0.000003    5.483340 ^ max_cap27/A (sky130_fd_sc_hd__clkbuf_2)
     6    0.018170    0.107728    0.228229    5.711570 ^ max_cap27/X (sky130_fd_sc_hd__clkbuf_2)
                                                         net27 (net)
                      0.107728    0.000124    5.711694 ^ _063_/A2 (sky130_fd_sc_hd__a21o_1)
     2    0.004755    0.054803    0.134202    5.845896 ^ _063_/X (sky130_fd_sc_hd__a21o_1)
                                                         nxt0[2] (net)
                      0.054803    0.000016    5.845912 ^ _151_/D (sky130_fd_sc_hd__dfrtp_1)
                                              5.845912   data arrival time

                                 25.000000   25.000000   clock clk (rise edge)
                                  0.000000   25.000000   clock source latency
     1    0.011477    0.058009    0.038812   25.038811 ^ clk (in)
                                                         clk (net)
                      0.058010    0.000000   25.038811 ^ clkbuf_0_clk/A (sky130_fd_sc_hd__clkbuf_16)
     4    0.037194    0.057328    0.144682   25.183493 ^ clkbuf_0_clk/X (sky130_fd_sc_hd__clkbuf_16)
                                                         clknet_0_clk (net)
                      0.057328    0.000142   25.183636 ^ clkbuf_2_1__f_clk/A (sky130_fd_sc_hd__clkbuf_16)
    10    0.023481    0.044888    0.133324   25.316959 ^ clkbuf_2_1__f_clk/X (sky130_fd_sc_hd__clkbuf_16)
                                                         clknet_2_1__leaf_clk (net)
                      0.044888    0.000064   25.317024 ^ _151_/CLK (sky130_fd_sc_hd__dfrtp_1)
                                 -0.250000   25.067024   clock uncertainty
                                  0.000000   25.067024   clock reconvergence pessimism
                                 -0.062109   25.004915   library setup time
                                             25.004915   data required time
---------------------------------------------------------------------------------------------
                                             25.004915   data required time
                                             -5.845912   data arrival time
---------------------------------------------------------------------------------------------
                                             19.159004   slack (MET)


Startpoint: btn (input port clocked by clk)
Endpoint: _149_ (rising edge-triggered flip-flop clocked by clk)
Path Group: clk
Path Type: max

Fanout         Cap        Slew       Delay        Time   Description
---------------------------------------------------------------------------------------------
                                  0.000000    0.000000   clock clk (rise edge)
                                  0.000000    0.000000   clock network delay (propagated)
                                  5.000000    5.000000 ^ input external delay
     1    0.002881    0.020079    0.010575    5.010575 ^ btn (in)
                                                         btn (net)
                      0.020079    0.000000    5.010575 ^ input1/A (sky130_fd_sc_hd__buf_1)
     6    0.012923    0.157798    0.152110    5.162684 ^ input1/X (sky130_fd_sc_hd__buf_1)
                                                         net1 (net)
                      0.157798    0.000055    5.162739 ^ _055_/D_N (sky130_fd_sc_hd__nor4b_1)
     2    0.005384    0.343848    0.320598    5.483337 ^ _055_/Y (sky130_fd_sc_hd__nor4b_1)
                                                         _042_ (net)
                      0.343848    0.000003    5.483340 ^ max_cap27/A (sky130_fd_sc_hd__clkbuf_2)
     6    0.018170    0.107728    0.228229    5.711570 ^ max_cap27/X (sky130_fd_sc_hd__clkbuf_2)
                                                         net27 (net)
                      0.107728    0.000069    5.711639 ^ _059_/A2 (sky130_fd_sc_hd__a21o_1)
     2    0.004717    0.053022    0.133957    5.845596 ^ _059_/X (sky130_fd_sc_hd__a21o_1)
                                                         nxt0[0] (net)
                      0.053022    0.000020    5.845616 ^ _149_/D (sky130_fd_sc_hd__dfrtp_1)
                                              5.845616   data arrival time

                                 25.000000   25.000000   clock clk (rise edge)
                                  0.000000   25.000000   clock source latency
     1    0.011477    0.058009    0.038812   25.038811 ^ clk (in)
                                                         clk (net)
                      0.058010    0.000000   25.038811 ^ clkbuf_0_clk/A (sky130_fd_sc_hd__clkbuf_16)
     4    0.037194    0.057328    0.144682   25.183493 ^ clkbuf_0_clk/X (sky130_fd_sc_hd__clkbuf_16)
                                                         clknet_0_clk (net)
                      0.057328    0.000142   25.183636 ^ clkbuf_2_1__f_clk/A (sky130_fd_sc_hd__clkbuf_16)
    10    0.023481    0.044888    0.133324   25.316959 ^ clkbuf_2_1__f_clk/X (sky130_fd_sc_hd__clkbuf_16)
                                                         clknet_2_1__leaf_clk (net)
                      0.044888    0.000009   25.316969 ^ _149_/CLK (sky130_fd_sc_hd__dfrtp_1)
                                 -0.250000   25.066969   clock uncertainty
                                  0.000000   25.066969   clock reconvergence pessimism
                                 -0.061697   25.005272   library setup time
                                             25.005272   data required time
---------------------------------------------------------------------------------------------
                                             25.005272   data required time
                                             -5.845616   data arrival time
---------------------------------------------------------------------------------------------
                                             19.159657   slack (MET)


Startpoint: btn (input port clocked by clk)
Endpoint: _154_ (rising edge-triggered flip-flop clocked by clk)
Path Group: clk
Path Type: max

Fanout         Cap        Slew       Delay        Time   Description
---------------------------------------------------------------------------------------------
                                  0.000000    0.000000   clock clk (rise edge)
                                  0.000000    0.000000   clock network delay (propagated)
                                  5.000000    5.000000 ^ input external delay
     1    0.002881    0.020079    0.010575    5.010575 ^ btn (in)
                                                         btn (net)
                      0.020079    0.000000    5.010575 ^ input1/A (sky130_fd_sc_hd__buf_1)
     6    0.012923    0.157798    0.152110    5.162684 ^ input1/X (sky130_fd_sc_hd__buf_1)
                                                         net1 (net)
                      0.157798    0.000055    5.162739 ^ _055_/D_N (sky130_fd_sc_hd__nor4b_1)
     2    0.005384    0.343848    0.320598    5.483337 ^ _055_/Y (sky130_fd_sc_hd__nor4b_1)
                                                         _042_ (net)
                      0.343848    0.000003    5.483340 ^ max_cap27/A (sky130_fd_sc_hd__clkbuf_2)
     6    0.018170    0.107728    0.228229    5.711570 ^ max_cap27/X (sky130_fd_sc_hd__clkbuf_2)
                                                         net27 (net)
                      0.107728    0.000132    5.711701 ^ _069_/A2 (sky130_fd_sc_hd__a21o_1)
     2    0.004663    0.054069    0.133632    5.845333 ^ _069_/X (sky130_fd_sc_hd__a21o_1)
                                                         nxt0[5] (net)
                      0.054069    0.000012    5.845345 ^ _154_/D (sky130_fd_sc_hd__dfrtp_1)
                                              5.845345   data arrival time

                                 25.000000   25.000000   clock clk (rise edge)
                                  0.000000   25.000000   clock source latency
     1    0.011477    0.058009    0.038812   25.038811 ^ clk (in)
                                                         clk (net)
                      0.058010    0.000000   25.038811 ^ clkbuf_0_clk/A (sky130_fd_sc_hd__clkbuf_16)
     4    0.037194    0.057328    0.144682   25.183493 ^ clkbuf_0_clk/X (sky130_fd_sc_hd__clkbuf_16)
                                                         clknet_0_clk (net)
                      0.057328    0.000142   25.183636 ^ clkbuf_2_1__f_clk/A (sky130_fd_sc_hd__clkbuf_16)
    10    0.023481    0.044888    0.133324   25.316959 ^ clkbuf_2_1__f_clk/X (sky130_fd_sc_hd__clkbuf_16)
                                                         clknet_2_1__leaf_clk (net)
                      0.044888    0.000062   25.317022 ^ _154_/CLK (sky130_fd_sc_hd__dfrtp_1)
                                 -0.250000   25.067022   clock uncertainty
                                  0.000000   25.067022   clock reconvergence pessimism
                                 -0.061939   25.005083   library setup time
                                             25.005083   data required time
---------------------------------------------------------------------------------------------
                                             25.005083   data required time
                                             -5.845345   data arrival time
---------------------------------------------------------------------------------------------
                                             19.159737   slack (MET)


Startpoint: btn (input port clocked by clk)
Endpoint: _152_ (rising edge-triggered flip-flop clocked by clk)
Path Group: clk
Path Type: max

Fanout         Cap        Slew       Delay        Time   Description
---------------------------------------------------------------------------------------------
                                  0.000000    0.000000   clock clk (rise edge)
                                  0.000000    0.000000   clock network delay (propagated)
                                  5.000000    5.000000 ^ input external delay
     1    0.002881    0.020079    0.010575    5.010575 ^ btn (in)
                                                         btn (net)
                      0.020079    0.000000    5.010575 ^ input1/A (sky130_fd_sc_hd__buf_1)
     6    0.012923    0.157798    0.152110    5.162684 ^ input1/X (sky130_fd_sc_hd__buf_1)
                                                         net1 (net)
                      0.157798    0.000055    5.162739 ^ _055_/D_N (sky130_fd_sc_hd__nor4b_1)
     2    0.005384    0.343848    0.320598    5.483337 ^ _055_/Y (sky130_fd_sc_hd__nor4b_1)
                                                         _042_ (net)
                      0.343848    0.000003    5.483340 ^ max_cap27/A (sky130_fd_sc_hd__clkbuf_2)
     6    0.018170    0.107728    0.228229    5.711570 ^ max_cap27/X (sky130_fd_sc_hd__clkbuf_2)
                                                         net27 (net)
                      0.107728    0.000117    5.711687 ^ _065_/A2 (sky130_fd_sc_hd__a21o_1)
     2    0.004565    0.053273    0.133032    5.844719 ^ _065_/X (sky130_fd_sc_hd__a21o_1)
                                                         nxt0[3] (net)
                      0.053273    0.000014    5.844733 ^ _152_/D (sky130_fd_sc_hd__dfrtp_1)
                                              5.844733   data arrival time

                                 25.000000   25.000000   clock clk (rise edge)
                                  0.000000   25.000000   clock source latency
     1    0.011477    0.058009    0.038812   25.038811 ^ clk (in)
                                                         clk (net)
                      0.058010    0.000000   25.038811 ^ clkbuf_0_clk/A (sky130_fd_sc_hd__clkbuf_16)
     4    0.037194    0.057328    0.144682   25.183493 ^ clkbuf_0_clk/X (sky130_fd_sc_hd__clkbuf_16)
                                                         clknet_0_clk (net)
                      0.057328    0.000142   25.183636 ^ clkbuf_2_1__f_clk/A (sky130_fd_sc_hd__clkbuf_16)
    10    0.023481    0.044888    0.133324   25.316959 ^ clkbuf_2_1__f_clk/X (sky130_fd_sc_hd__clkbuf_16)
                                                         clknet_2_1__leaf_clk (net)
                      0.044888    0.000044   25.317005 ^ _152_/CLK (sky130_fd_sc_hd__dfrtp_1)
                                 -0.250000   25.067005   clock uncertainty
                                  0.000000   25.067005   clock reconvergence pessimism
                                 -0.061755   25.005251   library setup time
                                             25.005251   data required time
---------------------------------------------------------------------------------------------
                                             25.005251   data required time
                                             -5.844733   data arrival time
---------------------------------------------------------------------------------------------
                                             19.160517   slack (MET)


Startpoint: btn (input port clocked by clk)
Endpoint: _153_ (rising edge-triggered flip-flop clocked by clk)
Path Group: clk
Path Type: max

Fanout         Cap        Slew       Delay        Time   Description
---------------------------------------------------------------------------------------------
                                  0.000000    0.000000   clock clk (rise edge)
                                  0.000000    0.000000   clock network delay (propagated)
                                  5.000000    5.000000 ^ input external delay
     1    0.002881    0.020079    0.010575    5.010575 ^ btn (in)
                                                         btn (net)
                      0.020079    0.000000    5.010575 ^ input1/A (sky130_fd_sc_hd__buf_1)
     6    0.012923    0.157798    0.152110    5.162684 ^ input1/X (sky130_fd_sc_hd__buf_1)
                                                         net1 (net)
                      0.157798    0.000055    5.162739 ^ _055_/D_N (sky130_fd_sc_hd__nor4b_1)
     2    0.005384    0.343848    0.320598    5.483337 ^ _055_/Y (sky130_fd_sc_hd__nor4b_1)
                                                         _042_ (net)
                      0.343848    0.000003    5.483340 ^ max_cap27/A (sky130_fd_sc_hd__clkbuf_2)
     6    0.018170    0.107728    0.228229    5.711570 ^ max_cap27/X (sky130_fd_sc_hd__clkbuf_2)
                                                         net27 (net)
                      0.107728    0.000119    5.711689 ^ _067_/A2 (sky130_fd_sc_hd__a21o_1)
     2    0.004257    0.050797    0.131143    5.842831 ^ _067_/X (sky130_fd_sc_hd__a21o_1)
                                                         nxt0[4] (net)
                      0.050797    0.000012    5.842843 ^ _153_/D (sky130_fd_sc_hd__dfrtp_1)
                                              5.842843   data arrival time

                                 25.000000   25.000000   clock clk (rise edge)
                                  0.000000   25.000000   clock source latency
     1    0.011477    0.058009    0.038812   25.038811 ^ clk (in)
                                                         clk (net)
                      0.058010    0.000000   25.038811 ^ clkbuf_0_clk/A (sky130_fd_sc_hd__clkbuf_16)
     4    0.037194    0.057328    0.144682   25.183493 ^ clkbuf_0_clk/X (sky130_fd_sc_hd__clkbuf_16)
                                                         clknet_0_clk (net)
                      0.057328    0.000142   25.183636 ^ clkbuf_2_1__f_clk/A (sky130_fd_sc_hd__clkbuf_16)
    10    0.023481    0.044888    0.133324   25.316959 ^ clkbuf_2_1__f_clk/X (sky130_fd_sc_hd__clkbuf_16)
                                                         clknet_2_1__leaf_clk (net)
                      0.044888    0.000055   25.317015 ^ _153_/CLK (sky130_fd_sc_hd__dfrtp_1)
                                 -0.250000   25.067017   clock uncertainty
                                  0.000000   25.067017   clock reconvergence pessimism
                                 -0.061183   25.005833   library setup time
                                             25.005833   data required time
---------------------------------------------------------------------------------------------
                                             25.005833   data required time
                                             -5.842843   data arrival time
---------------------------------------------------------------------------------------------
                                             19.162991   slack (MET)


Startpoint: btn (input port clocked by clk)
Endpoint: _150_ (rising edge-triggered flip-flop clocked by clk)
Path Group: clk
Path Type: max

Fanout         Cap        Slew       Delay        Time   Description
---------------------------------------------------------------------------------------------
                                  0.000000    0.000000   clock clk (rise edge)
                                  0.000000    0.000000   clock network delay (propagated)
                                  5.000000    5.000000 ^ input external delay
     1    0.002881    0.020079    0.010575    5.010575 ^ btn (in)
                                                         btn (net)
                      0.020079    0.000000    5.010575 ^ input1/A (sky130_fd_sc_hd__buf_1)
     6    0.012923    0.157798    0.152110    5.162684 ^ input1/X (sky130_fd_sc_hd__buf_1)
                                                         net1 (net)
                      0.157798    0.000055    5.162739 ^ _055_/D_N (sky130_fd_sc_hd__nor4b_1)
     2    0.005384    0.343848    0.320598    5.483337 ^ _055_/Y (sky130_fd_sc_hd__nor4b_1)
                                                         _042_ (net)
                      0.343848    0.000003    5.483340 ^ max_cap27/A (sky130_fd_sc_hd__clkbuf_2)
     6    0.018170    0.107728    0.228229    5.711570 ^ max_cap27/X (sky130_fd_sc_hd__clkbuf_2)
                                                         net27 (net)
                      0.107728    0.000044    5.711614 ^ _061_/A2 (sky130_fd_sc_hd__a21o_1)
     2    0.004016    0.048846    0.129660    5.841274 ^ _061_/X (sky130_fd_sc_hd__a21o_1)
                                                         nxt0[1] (net)
                      0.048846    0.000007    5.841280 ^ _150_/D (sky130_fd_sc_hd__dfrtp_1)
                                              5.841280   data arrival time

                                 25.000000   25.000000   clock clk (rise edge)
                                  0.000000   25.000000   clock source latency
     1    0.011477    0.058009    0.038812   25.038811 ^ clk (in)
                                                         clk (net)
                      0.058010    0.000000   25.038811 ^ clkbuf_0_clk/A (sky130_fd_sc_hd__clkbuf_16)
     4    0.037194    0.057328    0.144682   25.183493 ^ clkbuf_0_clk/X (sky130_fd_sc_hd__clkbuf_16)
                                                         clknet_0_clk (net)
                      0.057328    0.000142   25.183636 ^ clkbuf_2_1__f_clk/A (sky130_fd_sc_hd__clkbuf_16)
    10    0.023481    0.044888    0.133324   25.316959 ^ clkbuf_2_1__f_clk/X (sky130_fd_sc_hd__clkbuf_16)
                                                         clknet_2_1__leaf_clk (net)
                      0.044888    0.000016   25.316977 ^ _150_/CLK (sky130_fd_sc_hd__dfrtp_1)
                                 -0.250000   25.066977   clock uncertainty
                                  0.000000   25.066977   clock reconvergence pessimism
                                 -0.060733   25.006243   library setup time
                                             25.006243   data required time
---------------------------------------------------------------------------------------------
                                             25.006243   data required time
                                             -5.841280   data arrival time
---------------------------------------------------------------------------------------------
                                             19.164961   slack (MET)


Startpoint: btn (input port clocked by clk)
Endpoint: _182_ (rising edge-triggered flip-flop clocked by clk)
Path Group: clk
Path Type: max

Fanout         Cap        Slew       Delay        Time   Description
---------------------------------------------------------------------------------------------
                                  0.000000    0.000000   clock clk (rise edge)
                                  0.000000    0.000000   clock network delay (propagated)
                                  5.000000    5.000000 v input external delay
     1    0.002705    0.008411    0.004251    5.004251 v btn (in)
                                                         btn (net)
                      0.008411    0.000000    5.004251 v input1/A (sky130_fd_sc_hd__buf_1)
     6    0.012507    0.078310    0.115440    5.119691 v input1/X (sky130_fd_sc_hd__buf_1)
                                                         net1 (net)
                      0.078310    0.000053    5.119744 v _055_/D_N (sky130_fd_sc_hd__nor4b_1)
     2    0.004953    0.062759    0.161878    5.281622 v _055_/Y (sky130_fd_sc_hd__nor4b_1)
                                                         _042_ (net)
                      0.062759    0.000006    5.281629 v _056_/A2 (sky130_fd_sc_hd__a21o_1)
     1    0.002887    0.033407    0.178333    5.459961 v _056_/X (sky130_fd_sc_hd__a21o_1)
                                                         _043_ (net)
                      0.033407    0.000020    5.459982 v _057_/B1 (sky130_fd_sc_hd__o2bb2a_1)
     1    0.002331    0.051796    0.274202    5.734184 v _057_/X (sky130_fd_sc_hd__o2bb2a_1)
                                                         _036_ (net)
                      0.051796    0.000005    5.734189 v _182_/D (sky130_fd_sc_hd__dfrtp_1)
                                              5.734189   data arrival time

                                 25.000000   25.000000   clock clk (rise edge)
                                  0.000000   25.000000   clock source latency
     1    0.011477    0.058009    0.038812   25.038811 ^ clk (in)
                                                         clk (net)
                      0.058010    0.000000   25.038811 ^ clkbuf_0_clk/A (sky130_fd_sc_hd__clkbuf_16)
     4    0.037194    0.057328    0.144682   25.183493 ^ clkbuf_0_clk/X (sky130_fd_sc_hd__clkbuf_16)
                                                         clknet_0_clk (net)
                      0.057328    0.000155   25.183647 ^ clkbuf_2_3__f_clk/A (sky130_fd_sc_hd__clkbuf_16)
    11    0.025910    0.047101    0.135655   25.319304 ^ clkbuf_2_3__f_clk/X (sky130_fd_sc_hd__clkbuf_16)
                                                         clknet_2_3__leaf_clk (net)
                      0.047101    0.000059   25.319361 ^ _182_/CLK (sky130_fd_sc_hd__dfrtp_1)
                                 -0.250000   25.069363   clock uncertainty
                                  0.000000   25.069363   clock reconvergence pessimism
                                 -0.116758   24.952604   library setup time
                                             24.952604   data required time
---------------------------------------------------------------------------------------------
                                             24.952604   data required time
                                             -5.734189   data arrival time
---------------------------------------------------------------------------------------------
                                             19.218416   slack (MET)


Startpoint: btn (input port clocked by clk)
Endpoint: _155_ (rising edge-triggered flip-flop clocked by clk)
Path Group: clk
Path Type: max

Fanout         Cap        Slew       Delay        Time   Description
---------------------------------------------------------------------------------------------
                                  0.000000    0.000000   clock clk (rise edge)
                                  0.000000    0.000000   clock network delay (propagated)
                                  5.000000    5.000000 v input external delay
     1    0.002705    0.008411    0.004251    5.004251 v btn (in)
                                                         btn (net)
                      0.008411    0.000000    5.004251 v input1/A (sky130_fd_sc_hd__buf_1)
     6    0.012507    0.078310    0.115440    5.119691 v input1/X (sky130_fd_sc_hd__buf_1)
                                                         net1 (net)
                      0.078310    0.000084    5.119776 v _052_/C (sky130_fd_sc_hd__and4bb_2)
     8    0.021439    0.083341    0.286543    5.406319 v _052_/X (sky130_fd_sc_hd__and4bb_2)
                                                         _040_ (net)
                      0.083341    0.000119    5.406437 v _073_/A2 (sky130_fd_sc_hd__a21o_1)
     2    0.004897    0.043335    0.196862    5.603299 v _073_/X (sky130_fd_sc_hd__a21o_1)
                                                         nxt1[0] (net)
                      0.043335    0.000008    5.603307 v _155_/D (sky130_fd_sc_hd__dfrtp_1)
                                              5.603307   data arrival time

                                 25.000000   25.000000   clock clk (rise edge)
                                  0.000000   25.000000   clock source latency
     1    0.011477    0.058009    0.038812   25.038811 ^ clk (in)
                                                         clk (net)
                      0.058010    0.000000   25.038811 ^ clkbuf_0_clk/A (sky130_fd_sc_hd__clkbuf_16)
     4    0.037194    0.057328    0.144682   25.183493 ^ clkbuf_0_clk/X (sky130_fd_sc_hd__clkbuf_16)
                                                         clknet_0_clk (net)
                      0.057328    0.000155   25.183647 ^ clkbuf_2_2__f_clk/A (sky130_fd_sc_hd__clkbuf_16)
     8    0.022921    0.044389    0.132783   25.316431 ^ clkbuf_2_2__f_clk/X (sky130_fd_sc_hd__clkbuf_16)
                                                         clknet_2_2__leaf_clk (net)
                      0.044389    0.000041   25.316471 ^ _155_/CLK (sky130_fd_sc_hd__dfrtp_1)
                                 -0.250000   25.066473   clock uncertainty
                                  0.000000   25.066473   clock reconvergence pessimism
                                 -0.113687   24.952785   library setup time
                                             24.952785   data required time
---------------------------------------------------------------------------------------------
                                             24.952785   data required time
                                             -5.603307   data arrival time
---------------------------------------------------------------------------------------------
                                             19.349480   slack (MET)


Startpoint: btn (input port clocked by clk)
Endpoint: _158_ (rising edge-triggered flip-flop clocked by clk)
Path Group: clk
Path Type: max

Fanout         Cap        Slew       Delay        Time   Description
---------------------------------------------------------------------------------------------
                                  0.000000    0.000000   clock clk (rise edge)
                                  0.000000    0.000000   clock network delay (propagated)
                                  5.000000    5.000000 v input external delay
     1    0.002705    0.008411    0.004251    5.004251 v btn (in)
                                                         btn (net)
                      0.008411    0.000000    5.004251 v input1/A (sky130_fd_sc_hd__buf_1)
     6    0.012507    0.078310    0.115440    5.119691 v input1/X (sky130_fd_sc_hd__buf_1)
                                                         net1 (net)
                      0.078310    0.000084    5.119776 v _052_/C (sky130_fd_sc_hd__and4bb_2)
     8    0.021439    0.083341    0.286543    5.406319 v _052_/X (sky130_fd_sc_hd__and4bb_2)
                                                         _040_ (net)
                      0.083341    0.000113    5.406432 v _079_/A2 (sky130_fd_sc_hd__a21o_1)
     2    0.004615    0.042148    0.195537    5.601969 v _079_/X (sky130_fd_sc_hd__a21o_1)
                                                         nxt1[3] (net)
                      0.042148    0.000011    5.601979 v _158_/D (sky130_fd_sc_hd__dfrtp_1)
                                              5.601979   data arrival time

                                 25.000000   25.000000   clock clk (rise edge)
                                  0.000000   25.000000   clock source latency
     1    0.011477    0.058009    0.038812   25.038811 ^ clk (in)
                                                         clk (net)
                      0.058010    0.000000   25.038811 ^ clkbuf_0_clk/A (sky130_fd_sc_hd__clkbuf_16)
     4    0.037194    0.057328    0.144682   25.183493 ^ clkbuf_0_clk/X (sky130_fd_sc_hd__clkbuf_16)
                                                         clknet_0_clk (net)
                      0.057328    0.000155   25.183647 ^ clkbuf_2_2__f_clk/A (sky130_fd_sc_hd__clkbuf_16)
     8    0.022921    0.044389    0.132783   25.316431 ^ clkbuf_2_2__f_clk/X (sky130_fd_sc_hd__clkbuf_16)
                                                         clknet_2_2__leaf_clk (net)
                      0.044389    0.000076   25.316507 ^ _158_/CLK (sky130_fd_sc_hd__dfrtp_1)
                                 -0.250000   25.066507   clock uncertainty
                                  0.000000   25.066507   clock reconvergence pessimism
                                 -0.113169   24.953339   library setup time
                                             24.953339   data required time
---------------------------------------------------------------------------------------------
                                             24.953339   data required time
                                             -5.601979   data arrival time
---------------------------------------------------------------------------------------------
                                             19.351358   slack (MET)


Startpoint: btn (input port clocked by clk)
Endpoint: _159_ (rising edge-triggered flip-flop clocked by clk)
Path Group: clk
Path Type: max

Fanout         Cap        Slew       Delay        Time   Description
---------------------------------------------------------------------------------------------
                                  0.000000    0.000000   clock clk (rise edge)
                                  0.000000    0.000000   clock network delay (propagated)
                                  5.000000    5.000000 v input external delay
     1    0.002705    0.008411    0.004251    5.004251 v btn (in)
                                                         btn (net)
                      0.008411    0.000000    5.004251 v input1/A (sky130_fd_sc_hd__buf_1)
     6    0.012507    0.078310    0.115440    5.119691 v input1/X (sky130_fd_sc_hd__buf_1)
                                                         net1 (net)
                      0.078310    0.000084    5.119776 v _052_/C (sky130_fd_sc_hd__and4bb_2)
     8    0.021439    0.083341    0.286543    5.406319 v _052_/X (sky130_fd_sc_hd__and4bb_2)
                                                         _040_ (net)
                      0.083341    0.000096    5.406415 v _081_/A2 (sky130_fd_sc_hd__a21o_1)
     2    0.004710    0.041053    0.195976    5.602391 v _081_/X (sky130_fd_sc_hd__a21o_1)
                                                         nxt1[4] (net)
                      0.041053    0.000016    5.602407 v _159_/D (sky130_fd_sc_hd__dfrtp_1)
                                              5.602407   data arrival time

                                 25.000000   25.000000   clock clk (rise edge)
                                  0.000000   25.000000   clock source latency
     1    0.011477    0.058009    0.038812   25.038811 ^ clk (in)
                                                         clk (net)
                      0.058010    0.000000   25.038811 ^ clkbuf_0_clk/A (sky130_fd_sc_hd__clkbuf_16)
     4    0.037194    0.057328    0.144682   25.183493 ^ clkbuf_0_clk/X (sky130_fd_sc_hd__clkbuf_16)
                                                         clknet_0_clk (net)
                      0.057328    0.000155   25.183647 ^ clkbuf_2_2__f_clk/A (sky130_fd_sc_hd__clkbuf_16)
     8    0.022921    0.044389    0.132783   25.316431 ^ clkbuf_2_2__f_clk/X (sky130_fd_sc_hd__clkbuf_16)
                                                         clknet_2_2__leaf_clk (net)
                      0.044389    0.000073   25.316504 ^ _159_/CLK (sky130_fd_sc_hd__dfrtp_1)
                                 -0.250000   25.066504   clock uncertainty
                                  0.000000   25.066504   clock reconvergence pessimism
                                 -0.112691   24.953812   library setup time
                                             24.953812   data required time
---------------------------------------------------------------------------------------------
                                             24.953812   data required time
                                             -5.602407   data arrival time
---------------------------------------------------------------------------------------------
                                             19.351404   slack (MET)


Startpoint: btn (input port clocked by clk)
Endpoint: _157_ (rising edge-triggered flip-flop clocked by clk)
Path Group: clk
Path Type: max

Fanout         Cap        Slew       Delay        Time   Description
---------------------------------------------------------------------------------------------
                                  0.000000    0.000000   clock clk (rise edge)
                                  0.000000    0.000000   clock network delay (propagated)
                                  5.000000    5.000000 v input external delay
     1    0.002705    0.008411    0.004251    5.004251 v btn (in)
                                                         btn (net)
                      0.008411    0.000000    5.004251 v input1/A (sky130_fd_sc_hd__buf_1)
     6    0.012507    0.078310    0.115440    5.119691 v input1/X (sky130_fd_sc_hd__buf_1)
                                                         net1 (net)
                      0.078310    0.000084    5.119776 v _052_/C (sky130_fd_sc_hd__and4bb_2)
     8    0.021439    0.083341    0.286543    5.406319 v _052_/X (sky130_fd_sc_hd__and4bb_2)
                                                         _040_ (net)
                      0.083341    0.000114    5.406433 v _077_/A2 (sky130_fd_sc_hd__a21o_1)
     2    0.004426    0.041361    0.194649    5.601082 v _077_/X (sky130_fd_sc_hd__a21o_1)
                                                         nxt1[2] (net)
                      0.041361    0.000008    5.601089 v _157_/D (sky130_fd_sc_hd__dfrtp_1)
                                              5.601089   data arrival time

                                 25.000000   25.000000   clock clk (rise edge)
                                  0.000000   25.000000   clock source latency
     1    0.011477    0.058009    0.038812   25.038811 ^ clk (in)
                                                         clk (net)
                      0.058010    0.000000   25.038811 ^ clkbuf_0_clk/A (sky130_fd_sc_hd__clkbuf_16)
     4    0.037194    0.057328    0.144682   25.183493 ^ clkbuf_0_clk/X (sky130_fd_sc_hd__clkbuf_16)
                                                         clknet_0_clk (net)
                      0.057328    0.000155   25.183647 ^ clkbuf_2_2__f_clk/A (sky130_fd_sc_hd__clkbuf_16)
     8    0.022921    0.044389    0.132783   25.316431 ^ clkbuf_2_2__f_clk/X (sky130_fd_sc_hd__clkbuf_16)
                                                         clknet_2_2__leaf_clk (net)
                      0.044389    0.000050   25.316481 ^ _157_/CLK (sky130_fd_sc_hd__dfrtp_1)
                                 -0.250000   25.066481   clock uncertainty
                                  0.000000   25.066481   clock reconvergence pessimism
                                 -0.112825   24.953655   library setup time
                                             24.953655   data required time
---------------------------------------------------------------------------------------------
                                             24.953655   data required time
                                             -5.601089   data arrival time
---------------------------------------------------------------------------------------------
                                             19.352566   slack (MET)


Startpoint: btn (input port clocked by clk)
Endpoint: _160_ (rising edge-triggered flip-flop clocked by clk)
Path Group: clk
Path Type: max

Fanout         Cap        Slew       Delay        Time   Description
---------------------------------------------------------------------------------------------
                                  0.000000    0.000000   clock clk (rise edge)
                                  0.000000    0.000000   clock network delay (propagated)
                                  5.000000    5.000000 v input external delay
     1    0.002705    0.008411    0.004251    5.004251 v btn (in)
                                                         btn (net)
                      0.008411    0.000000    5.004251 v input1/A (sky130_fd_sc_hd__buf_1)
     6    0.012507    0.078310    0.115440    5.119691 v input1/X (sky130_fd_sc_hd__buf_1)
                                                         net1 (net)
                      0.078310    0.000084    5.119776 v _052_/C (sky130_fd_sc_hd__and4bb_2)
     8    0.021439    0.083341    0.286543    5.406319 v _052_/X (sky130_fd_sc_hd__and4bb_2)
                                                         _040_ (net)
                      0.083341    0.000065    5.406384 v _083_/A2 (sky130_fd_sc_hd__a21o_1)
     2    0.004501    0.040197    0.194992    5.601377 v _083_/X (sky130_fd_sc_hd__a21o_1)
                                                         nxt1[5] (net)
                      0.040197    0.000012    5.601389 v _160_/D (sky130_fd_sc_hd__dfrtp_1)
                                              5.601389   data arrival time

                                 25.000000   25.000000   clock clk (rise edge)
                                  0.000000   25.000000   clock source latency
     1    0.011477    0.058009    0.038812   25.038811 ^ clk (in)
                                                         clk (net)
                      0.058010    0.000000   25.038811 ^ clkbuf_0_clk/A (sky130_fd_sc_hd__clkbuf_16)
     4    0.037194    0.057328    0.144682   25.183493 ^ clkbuf_0_clk/X (sky130_fd_sc_hd__clkbuf_16)
                                                         clknet_0_clk (net)
                      0.057328    0.000155   25.183647 ^ clkbuf_2_2__f_clk/A (sky130_fd_sc_hd__clkbuf_16)
     8    0.022921    0.044389    0.132783   25.316431 ^ clkbuf_2_2__f_clk/X (sky130_fd_sc_hd__clkbuf_16)
                                                         clknet_2_2__leaf_clk (net)
                      0.044389    0.000043   25.316473 ^ _160_/CLK (sky130_fd_sc_hd__dfrtp_1)
                                 -0.250000   25.066475   clock uncertainty
                                  0.000000   25.066475   clock reconvergence pessimism
                                 -0.112318   24.954157   library setup time
                                             24.954157   data required time
---------------------------------------------------------------------------------------------
                                             24.954157   data required time
                                             -5.601389   data arrival time
---------------------------------------------------------------------------------------------
                                             19.352768   slack (MET)


Startpoint: btn (input port clocked by clk)
Endpoint: _156_ (rising edge-triggered flip-flop clocked by clk)
Path Group: clk
Path Type: max

Fanout         Cap        Slew       Delay        Time   Description
---------------------------------------------------------------------------------------------
                                  0.000000    0.000000   clock clk (rise edge)
                                  0.000000    0.000000   clock network delay (propagated)
                                  5.000000    5.000000 v input external delay
     1    0.002705    0.008411    0.004251    5.004251 v btn (in)
                                                         btn (net)
                      0.008411    0.000000    5.004251 v input1/A (sky130_fd_sc_hd__buf_1)
     6    0.012507    0.078310    0.115440    5.119691 v input1/X (sky130_fd_sc_hd__buf_1)
                                                         net1 (net)
                      0.078310    0.000084    5.119776 v _052_/C (sky130_fd_sc_hd__and4bb_2)
     8    0.021439    0.083341    0.286543    5.406319 v _052_/X (sky130_fd_sc_hd__and4bb_2)
                                                         _040_ (net)
                      0.083341    0.000115    5.406434 v _075_/A2 (sky130_fd_sc_hd__a21o_1)
     2    0.004092    0.039962    0.193077    5.599511 v _075_/X (sky130_fd_sc_hd__a21o_1)
                                                         nxt1[1] (net)
                      0.039962    0.000004    5.599515 v _156_/D (sky130_fd_sc_hd__dfrtp_1)
                                              5.599515   data arrival time

                                 25.000000   25.000000   clock clk (rise edge)
                                  0.000000   25.000000   clock source latency
     1    0.011477    0.058009    0.038812   25.038811 ^ clk (in)
                                                         clk (net)
                      0.058010    0.000000   25.038811 ^ clkbuf_0_clk/A (sky130_fd_sc_hd__clkbuf_16)
     4    0.037194    0.057328    0.144682   25.183493 ^ clkbuf_0_clk/X (sky130_fd_sc_hd__clkbuf_16)
                                                         clknet_0_clk (net)
                      0.057328    0.000155   25.183647 ^ clkbuf_2_2__f_clk/A (sky130_fd_sc_hd__clkbuf_16)
     8    0.022921    0.044389    0.132783   25.316431 ^ clkbuf_2_2__f_clk/X (sky130_fd_sc_hd__clkbuf_16)
                                                         clknet_2_2__leaf_clk (net)
                      0.044389    0.000025   25.316456 ^ _156_/CLK (sky130_fd_sc_hd__dfrtp_1)
                                 -0.250000   25.066456   clock uncertainty
                                  0.000000   25.066456   clock reconvergence pessimism
                                 -0.112215   24.954243   library setup time
                                             24.954243   data required time
---------------------------------------------------------------------------------------------
                                             24.954243   data required time
                                             -5.599515   data arrival time
---------------------------------------------------------------------------------------------
                                             19.354727   slack (MET)


Startpoint: btn (input port clocked by clk)
Endpoint: _163_ (rising edge-triggered flip-flop clocked by clk)
Path Group: clk
Path Type: max

Fanout         Cap        Slew       Delay        Time   Description
---------------------------------------------------------------------------------------------
                                  0.000000    0.000000   clock clk (rise edge)
                                  0.000000    0.000000   clock network delay (propagated)
                                  5.000000    5.000000 v input external delay
     1    0.002705    0.008411    0.004251    5.004251 v btn (in)
                                                         btn (net)
                      0.008411    0.000000    5.004251 v input1/A (sky130_fd_sc_hd__buf_1)
     6    0.012507    0.078310    0.115440    5.119691 v input1/X (sky130_fd_sc_hd__buf_1)
                                                         net1 (net)
                      0.078310    0.000075    5.119767 v _087_/C (sky130_fd_sc_hd__and4bb_2)
     6    0.017735    0.075059    0.277354    5.397120 v _087_/X (sky130_fd_sc_hd__and4bb_2)
                                                         _046_ (net)
                      0.075059    0.000173    5.397294 v _092_/A2 (sky130_fd_sc_hd__a21o_1)
     2    0.004673    0.042406    0.192543    5.589837 v _092_/X (sky130_fd_sc_hd__a21o_1)
                                                         nxt2[2] (net)
                      0.042406    0.000012    5.589849 v _163_/D (sky130_fd_sc_hd__dfrtp_1)
                                              5.589849   data arrival time

                                 25.000000   25.000000   clock clk (rise edge)
                                  0.000000   25.000000   clock source latency
     1    0.011477    0.058009    0.038812   25.038811 ^ clk (in)
                                                         clk (net)
                      0.058010    0.000000   25.038811 ^ clkbuf_0_clk/A (sky130_fd_sc_hd__clkbuf_16)
     4    0.037194    0.057328    0.144682   25.183493 ^ clkbuf_0_clk/X (sky130_fd_sc_hd__clkbuf_16)
                                                         clknet_0_clk (net)
                      0.057328    0.000156   25.183649 ^ clkbuf_2_0__f_clk/A (sky130_fd_sc_hd__clkbuf_16)
    10    0.024745    0.046038    0.134525   25.318174 ^ clkbuf_2_0__f_clk/X (sky130_fd_sc_hd__clkbuf_16)
                                                         clknet_2_0__leaf_clk (net)
                      0.046038    0.000114   25.318289 ^ _163_/CLK (sky130_fd_sc_hd__dfrtp_1)
                                 -0.250000   25.068289   clock uncertainty
                                  0.000000   25.068289   clock reconvergence pessimism
                                 -0.112904   24.955385   library setup time
                                             24.955385   data required time
---------------------------------------------------------------------------------------------
                                             24.955385   data required time
                                             -5.589849   data arrival time
---------------------------------------------------------------------------------------------
                                             19.365538   slack (MET)


Startpoint: btn (input port clocked by clk)
Endpoint: _164_ (rising edge-triggered flip-flop clocked by clk)
Path Group: clk
Path Type: max

Fanout         Cap        Slew       Delay        Time   Description
---------------------------------------------------------------------------------------------
                                  0.000000    0.000000   clock clk (rise edge)
                                  0.000000    0.000000   clock network delay (propagated)
                                  5.000000    5.000000 v input external delay
     1    0.002705    0.008411    0.004251    5.004251 v btn (in)
                                                         btn (net)
                      0.008411    0.000000    5.004251 v input1/A (sky130_fd_sc_hd__buf_1)
     6    0.012507    0.078310    0.115440    5.119691 v input1/X (sky130_fd_sc_hd__buf_1)
                                                         net1 (net)
                      0.078310    0.000075    5.119767 v _087_/C (sky130_fd_sc_hd__and4bb_2)
     6    0.017735    0.075059    0.277354    5.397120 v _087_/X (sky130_fd_sc_hd__and4bb_2)
                                                         _046_ (net)
                      0.075059    0.000192    5.397313 v _094_/A2 (sky130_fd_sc_hd__a21o_1)
     2    0.004561    0.041939    0.192016    5.589329 v _094_/X (sky130_fd_sc_hd__a21o_1)
                                                         nxt2[3] (net)
                      0.041939    0.000012    5.589341 v _164_/D (sky130_fd_sc_hd__dfrtp_1)
                                              5.589341   data arrival time

                                 25.000000   25.000000   clock clk (rise edge)
                                  0.000000   25.000000   clock source latency
     1    0.011477    0.058009    0.038812   25.038811 ^ clk (in)
                                                         clk (net)
                      0.058010    0.000000   25.038811 ^ clkbuf_0_clk/A (sky130_fd_sc_hd__clkbuf_16)
     4    0.037194    0.057328    0.144682   25.183493 ^ clkbuf_0_clk/X (sky130_fd_sc_hd__clkbuf_16)
                                                         clknet_0_clk (net)
                      0.057328    0.000156   25.183649 ^ clkbuf_2_0__f_clk/A (sky130_fd_sc_hd__clkbuf_16)
    10    0.024745    0.046038    0.134525   25.318174 ^ clkbuf_2_0__f_clk/X (sky130_fd_sc_hd__clkbuf_16)
                                                         clknet_2_0__leaf_clk (net)
                      0.046038    0.000110   25.318285 ^ _164_/CLK (sky130_fd_sc_hd__dfrtp_1)
                                 -0.250000   25.068285   clock uncertainty
                                  0.000000   25.068285   clock reconvergence pessimism
                                 -0.112700   24.955585   library setup time
                                             24.955585   data required time
---------------------------------------------------------------------------------------------
                                             24.955585   data required time
                                             -5.589341   data arrival time
---------------------------------------------------------------------------------------------
                                             19.366243   slack (MET)


Startpoint: btn (input port clocked by clk)
Endpoint: _161_ (rising edge-triggered flip-flop clocked by clk)
Path Group: clk
Path Type: max

Fanout         Cap        Slew       Delay        Time   Description
---------------------------------------------------------------------------------------------
                                  0.000000    0.000000   clock clk (rise edge)
                                  0.000000    0.000000   clock network delay (propagated)
                                  5.000000    5.000000 v input external delay
     1    0.002705    0.008411    0.004251    5.004251 v btn (in)
                                                         btn (net)
                      0.008411    0.000000    5.004251 v input1/A (sky130_fd_sc_hd__buf_1)
     6    0.012507    0.078310    0.115440    5.119691 v input1/X (sky130_fd_sc_hd__buf_1)
                                                         net1 (net)
                      0.078310    0.000075    5.119767 v _087_/C (sky130_fd_sc_hd__and4bb_2)
     6    0.017735    0.075059    0.277354    5.397120 v _087_/X (sky130_fd_sc_hd__and4bb_2)
                                                         _046_ (net)
                      0.075059    0.000170    5.397290 v _088_/A2 (sky130_fd_sc_hd__a21o_1)
     2    0.004475    0.041581    0.191612    5.588902 v _088_/X (sky130_fd_sc_hd__a21o_1)
                                                         nxt2[0] (net)
                      0.041581    0.000009    5.588911 v _161_/D (sky130_fd_sc_hd__dfrtp_1)
                                              5.588911   data arrival time

                                 25.000000   25.000000   clock clk (rise edge)
                                  0.000000   25.000000   clock source latency
     1    0.011477    0.058009    0.038812   25.038811 ^ clk (in)
                                                         clk (net)
                      0.058010    0.000000   25.038811 ^ clkbuf_0_clk/A (sky130_fd_sc_hd__clkbuf_16)
     4    0.037194    0.057328    0.144682   25.183493 ^ clkbuf_0_clk/X (sky130_fd_sc_hd__clkbuf_16)
                                                         clknet_0_clk (net)
                      0.057328    0.000156   25.183649 ^ clkbuf_2_0__f_clk/A (sky130_fd_sc_hd__clkbuf_16)
    10    0.024745    0.046038    0.134525   25.318174 ^ clkbuf_2_0__f_clk/X (sky130_fd_sc_hd__clkbuf_16)
                                                         clknet_2_0__leaf_clk (net)
                      0.046038    0.000044   25.318220 ^ _161_/CLK (sky130_fd_sc_hd__dfrtp_1)
                                 -0.250000   25.068220   clock uncertainty
                                  0.000000   25.068220   clock reconvergence pessimism
                                 -0.112544   24.955675   library setup time
                                             24.955675   data required time
---------------------------------------------------------------------------------------------
                                             24.955675   data required time
                                             -5.588911   data arrival time
---------------------------------------------------------------------------------------------
                                             19.366764   slack (MET)


Startpoint: btn (input port clocked by clk)
Endpoint: _166_ (rising edge-triggered flip-flop clocked by clk)
Path Group: clk
Path Type: max

Fanout         Cap        Slew       Delay        Time   Description
---------------------------------------------------------------------------------------------
                                  0.000000    0.000000   clock clk (rise edge)
                                  0.000000    0.000000   clock network delay (propagated)
                                  5.000000    5.000000 v input external delay
     1    0.002705    0.008411    0.004251    5.004251 v btn (in)
                                                         btn (net)
                      0.008411    0.000000    5.004251 v input1/A (sky130_fd_sc_hd__buf_1)
     6    0.012507    0.078310    0.115440    5.119691 v input1/X (sky130_fd_sc_hd__buf_1)
                                                         net1 (net)
                      0.078310    0.000075    5.119767 v _087_/C (sky130_fd_sc_hd__and4bb_2)
     6    0.017735    0.075059    0.277354    5.397120 v _087_/X (sky130_fd_sc_hd__and4bb_2)
                                                         _046_ (net)
                      0.075059    0.000201    5.397321 v _098_/A2 (sky130_fd_sc_hd__a21o_1)
     2    0.004382    0.041196    0.191177    5.588498 v _098_/X (sky130_fd_sc_hd__a21o_1)
                                                         nxt2[5] (net)
                      0.041196    0.000011    5.588509 v _166_/D (sky130_fd_sc_hd__dfrtp_1)
                                              5.588509   data arrival time

                                 25.000000   25.000000   clock clk (rise edge)
                                  0.000000   25.000000   clock source latency
     1    0.011477    0.058009    0.038812   25.038811 ^ clk (in)
                                                         clk (net)
                      0.058010    0.000000   25.038811 ^ clkbuf_0_clk/A (sky130_fd_sc_hd__clkbuf_16)
     4    0.037194    0.057328    0.144682   25.183493 ^ clkbuf_0_clk/X (sky130_fd_sc_hd__clkbuf_16)
                                                         clknet_0_clk (net)
                      0.057328    0.000156   25.183649 ^ clkbuf_2_0__f_clk/A (sky130_fd_sc_hd__clkbuf_16)
    10    0.024745    0.046038    0.134525   25.318174 ^ clkbuf_2_0__f_clk/X (sky130_fd_sc_hd__clkbuf_16)
                                                         clknet_2_0__leaf_clk (net)
                      0.046038    0.000082   25.318256 ^ _166_/CLK (sky130_fd_sc_hd__dfrtp_1)
                                 -0.250000   25.068258   clock uncertainty
                                  0.000000   25.068258   clock reconvergence pessimism
                                 -0.112376   24.955881   library setup time
                                             24.955881   data required time
---------------------------------------------------------------------------------------------
                                             24.955881   data required time
                                             -5.588509   data arrival time
---------------------------------------------------------------------------------------------
                                             19.367374   slack (MET)


Startpoint: btn (input port clocked by clk)
Endpoint: _162_ (rising edge-triggered flip-flop clocked by clk)
Path Group: clk
Path Type: max

Fanout         Cap        Slew       Delay        Time   Description
---------------------------------------------------------------------------------------------
                                  0.000000    0.000000   clock clk (rise edge)
                                  0.000000    0.000000   clock network delay (propagated)
                                  5.000000    5.000000 v input external delay
     1    0.002705    0.008411    0.004251    5.004251 v btn (in)
                                                         btn (net)
                      0.008411    0.000000    5.004251 v input1/A (sky130_fd_sc_hd__buf_1)
     6    0.012507    0.078310    0.115440    5.119691 v input1/X (sky130_fd_sc_hd__buf_1)
                                                         net1 (net)
                      0.078310    0.000075    5.119767 v _087_/C (sky130_fd_sc_hd__and4bb_2)
     6    0.017735    0.075059    0.277354    5.397120 v _087_/X (sky130_fd_sc_hd__and4bb_2)
                                                         _046_ (net)
                      0.075059    0.000140    5.397261 v _090_/A2 (sky130_fd_sc_hd__a21o_1)
     2    0.004267    0.040717    0.190637    5.587898 v _090_/X (sky130_fd_sc_hd__a21o_1)
                                                         nxt2[1] (net)
                      0.040717    0.000008    5.587906 v _162_/D (sky130_fd_sc_hd__dfrtp_1)
                                              5.587906   data arrival time

                                 25.000000   25.000000   clock clk (rise edge)
                                  0.000000   25.000000   clock source latency
     1    0.011477    0.058009    0.038812   25.038811 ^ clk (in)
                                                         clk (net)
                      0.058010    0.000000   25.038811 ^ clkbuf_0_clk/A (sky130_fd_sc_hd__clkbuf_16)
     4    0.037194    0.057328    0.144682   25.183493 ^ clkbuf_0_clk/X (sky130_fd_sc_hd__clkbuf_16)
                                                         clknet_0_clk (net)
                      0.057328    0.000156   25.183649 ^ clkbuf_2_0__f_clk/A (sky130_fd_sc_hd__clkbuf_16)
    10    0.024745    0.046038    0.134525   25.318174 ^ clkbuf_2_0__f_clk/X (sky130_fd_sc_hd__clkbuf_16)
                                                         clknet_2_0__leaf_clk (net)
                      0.046038    0.000041   25.318216 ^ _162_/CLK (sky130_fd_sc_hd__dfrtp_1)
                                 -0.250000   25.068216   clock uncertainty
                                  0.000000   25.068216   clock reconvergence pessimism
                                 -0.112168   24.956049   library setup time
                                             24.956049   data required time
---------------------------------------------------------------------------------------------
                                             24.956049   data required time
                                             -5.587906   data arrival time
---------------------------------------------------------------------------------------------
                                             19.368143   slack (MET)


Startpoint: btn (input port clocked by clk)
Endpoint: _165_ (rising edge-triggered flip-flop clocked by clk)
Path Group: clk
Path Type: max

Fanout         Cap        Slew       Delay        Time   Description
---------------------------------------------------------------------------------------------
                                  0.000000    0.000000   clock clk (rise edge)
                                  0.000000    0.000000   clock network delay (propagated)
                                  5.000000    5.000000 v input external delay
     1    0.002705    0.008411    0.004251    5.004251 v btn (in)
                                                         btn (net)
                      0.008411    0.000000    5.004251 v input1/A (sky130_fd_sc_hd__buf_1)
     6    0.012507    0.078310    0.115440    5.119691 v input1/X (sky130_fd_sc_hd__buf_1)
                                                         net1 (net)
                      0.078310    0.000075    5.119767 v _087_/C (sky130_fd_sc_hd__and4bb_2)
     6    0.017735    0.075059    0.277354    5.397120 v _087_/X (sky130_fd_sc_hd__and4bb_2)
                                                         _046_ (net)
                      0.075059    0.000206    5.397326 v _096_/A2 (sky130_fd_sc_hd__a21o_1)
     2    0.004191    0.040401    0.190280    5.587606 v _096_/X (sky130_fd_sc_hd__a21o_1)
                                                         nxt2[4] (net)
                      0.040401    0.000008    5.587614 v _165_/D (sky130_fd_sc_hd__dfrtp_1)
                                              5.587614   data arrival time

                                 25.000000   25.000000   clock clk (rise edge)
                                  0.000000   25.000000   clock source latency
     1    0.011477    0.058009    0.038812   25.038811 ^ clk (in)
                                                         clk (net)
                      0.058010    0.000000   25.038811 ^ clkbuf_0_clk/A (sky130_fd_sc_hd__clkbuf_16)
     4    0.037194    0.057328    0.144682   25.183493 ^ clkbuf_0_clk/X (sky130_fd_sc_hd__clkbuf_16)
                                                         clknet_0_clk (net)
                      0.057328    0.000156   25.183649 ^ clkbuf_2_0__f_clk/A (sky130_fd_sc_hd__clkbuf_16)
    10    0.024745    0.046038    0.134525   25.318174 ^ clkbuf_2_0__f_clk/X (sky130_fd_sc_hd__clkbuf_16)
                                                         clknet_2_0__leaf_clk (net)
                      0.046038    0.000094   25.318270 ^ _165_/CLK (sky130_fd_sc_hd__dfrtp_1)
                                 -0.250000   25.068270   clock uncertainty
                                  0.000000   25.068270   clock reconvergence pessimism
                                 -0.112030   24.956240   library setup time
                                             24.956240   data required time
---------------------------------------------------------------------------------------------
                                             24.956240   data required time
                                             -5.587614   data arrival time
---------------------------------------------------------------------------------------------
                                             19.368626   slack (MET)


Startpoint: btn (input port clocked by clk)
Endpoint: _183_ (rising edge-triggered flip-flop clocked by clk)
Path Group: clk
Path Type: max

Fanout         Cap        Slew       Delay        Time   Description
---------------------------------------------------------------------------------------------
                                  0.000000    0.000000   clock clk (rise edge)
                                  0.000000    0.000000   clock network delay (propagated)
                                  5.000000    5.000000 v input external delay
     1    0.002705    0.008411    0.004251    5.004251 v btn (in)
                                                         btn (net)
                      0.008411    0.000000    5.004251 v input1/A (sky130_fd_sc_hd__buf_1)
     6    0.012507    0.078310    0.115440    5.119691 v input1/X (sky130_fd_sc_hd__buf_1)
                                                         net1 (net)
                      0.078310    0.000084    5.119776 v _052_/C (sky130_fd_sc_hd__and4bb_2)
     8    0.021439    0.083341    0.286543    5.406319 v _052_/X (sky130_fd_sc_hd__and4bb_2)
                                                         _040_ (net)
                      0.083341    0.000036    5.406355 v _053_/A2 (sky130_fd_sc_hd__a21o_1)
     1    0.002182    0.031259    0.182072    5.588427 v _053_/X (sky130_fd_sc_hd__a21o_1)
                                                         _037_ (net)
                      0.031259    0.000003    5.588430 v _183_/D (sky130_fd_sc_hd__dfrtp_1)
                                              5.588430   data arrival time

                                 25.000000   25.000000   clock clk (rise edge)
                                  0.000000   25.000000   clock source latency
     1    0.011477    0.058009    0.038812   25.038811 ^ clk (in)
                                                         clk (net)
                      0.058010    0.000000   25.038811 ^ clkbuf_0_clk/A (sky130_fd_sc_hd__clkbuf_16)
     4    0.037194    0.057328    0.144682   25.183493 ^ clkbuf_0_clk/X (sky130_fd_sc_hd__clkbuf_16)
                                                         clknet_0_clk (net)
                      0.057328    0.000155   25.183647 ^ clkbuf_2_3__f_clk/A (sky130_fd_sc_hd__clkbuf_16)
    11    0.025910    0.047101    0.135655   25.319304 ^ clkbuf_2_3__f_clk/X (sky130_fd_sc_hd__clkbuf_16)
                                                         clknet_2_3__leaf_clk (net)
                      0.047101    0.000064   25.319366 ^ _183_/CLK (sky130_fd_sc_hd__dfrtp_1)
                                 -0.250000   25.069368   clock uncertainty
                                  0.000000   25.069368   clock reconvergence pessimism
                                 -0.107798   24.961569   library setup time
                                             24.961569   data required time
---------------------------------------------------------------------------------------------
                                             24.961569   data required time
                                             -5.588430   data arrival time
---------------------------------------------------------------------------------------------
                                             19.373140   slack (MET)


Startpoint: btn (input port clocked by clk)
Endpoint: _169_ (rising edge-triggered flip-flop clocked by clk)
Path Group: clk
Path Type: max

Fanout         Cap        Slew       Delay        Time   Description
---------------------------------------------------------------------------------------------
                                  0.000000    0.000000   clock clk (rise edge)
                                  0.000000    0.000000   clock network delay (propagated)
                                  5.000000    5.000000 v input external delay
     1    0.002705    0.008411    0.004251    5.004251 v btn (in)
                                                         btn (net)
                      0.008411    0.000000    5.004251 v input1/A (sky130_fd_sc_hd__buf_1)
     6    0.012507    0.078310    0.115440    5.119691 v input1/X (sky130_fd_sc_hd__buf_1)
                                                         net1 (net)
                      0.078310    0.000083    5.119774 v _102_/B (sky130_fd_sc_hd__and4b_2)
     6    0.017160    0.074801    0.260073    5.379848 v _102_/X (sky130_fd_sc_hd__and4b_2)
                                                         _048_ (net)
                      0.074801    0.000048    5.379895 v _107_/A2 (sky130_fd_sc_hd__a21o_1)
     1    0.002914    0.033506    0.183237    5.563133 v _107_/X (sky130_fd_sc_hd__a21o_1)
                                                         nxt3[2] (net)
                      0.033506    0.000014    5.563147 v _169_/D (sky130_fd_sc_hd__dfrtp_1)
                                              5.563147   data arrival time

                                 25.000000   25.000000   clock clk (rise edge)
                                  0.000000   25.000000   clock source latency
     1    0.011477    0.058009    0.038812   25.038811 ^ clk (in)
                                                         clk (net)
                      0.058010    0.000000   25.038811 ^ clkbuf_0_clk/A (sky130_fd_sc_hd__clkbuf_16)
     4    0.037194    0.057328    0.144682   25.183493 ^ clkbuf_0_clk/X (sky130_fd_sc_hd__clkbuf_16)
                                                         clknet_0_clk (net)
                      0.057328    0.000155   25.183647 ^ clkbuf_2_3__f_clk/A (sky130_fd_sc_hd__clkbuf_16)
    11    0.025910    0.047101    0.135655   25.319304 ^ clkbuf_2_3__f_clk/X (sky130_fd_sc_hd__clkbuf_16)
                                                         clknet_2_3__leaf_clk (net)
                      0.047101    0.000053   25.319357 ^ _169_/CLK (sky130_fd_sc_hd__dfrtp_1)
                                 -0.250000   25.069357   clock uncertainty
                                  0.000000   25.069357   clock reconvergence pessimism
                                 -0.108779   24.960579   library setup time
                                             24.960579   data required time
---------------------------------------------------------------------------------------------
                                             24.960579   data required time
                                             -5.563147   data arrival time
---------------------------------------------------------------------------------------------
                                             19.397432   slack (MET)


Startpoint: btn (input port clocked by clk)
Endpoint: _171_ (rising edge-triggered flip-flop clocked by clk)
Path Group: clk
Path Type: max

Fanout         Cap        Slew       Delay        Time   Description
---------------------------------------------------------------------------------------------
                                  0.000000    0.000000   clock clk (rise edge)
                                  0.000000    0.000000   clock network delay (propagated)
                                  5.000000    5.000000 v input external delay
     1    0.002705    0.008411    0.004251    5.004251 v btn (in)
                                                         btn (net)
                      0.008411    0.000000    5.004251 v input1/A (sky130_fd_sc_hd__buf_1)
     6    0.012507    0.078310    0.115440    5.119691 v input1/X (sky130_fd_sc_hd__buf_1)
                                                         net1 (net)
                      0.078310    0.000083    5.119774 v _102_/B (sky130_fd_sc_hd__and4b_2)
     6    0.017160    0.074801    0.260073    5.379848 v _102_/X (sky130_fd_sc_hd__and4b_2)
                                                         _048_ (net)
                      0.074801    0.000064    5.379912 v _111_/A2 (sky130_fd_sc_hd__a21o_1)
     1    0.002816    0.033055    0.182636    5.562548 v _111_/X (sky130_fd_sc_hd__a21o_1)
                                                         nxt3[4] (net)
                      0.033055    0.000010    5.562557 v _171_/D (sky130_fd_sc_hd__dfrtp_1)
                                              5.562557   data arrival time

                                 25.000000   25.000000   clock clk (rise edge)
                                  0.000000   25.000000   clock source latency
     1    0.011477    0.058009    0.038812   25.038811 ^ clk (in)
                                                         clk (net)
                      0.058010    0.000000   25.038811 ^ clkbuf_0_clk/A (sky130_fd_sc_hd__clkbuf_16)
     4    0.037194    0.057328    0.144682   25.183493 ^ clkbuf_0_clk/X (sky130_fd_sc_hd__clkbuf_16)
                                                         clknet_0_clk (net)
                      0.057328    0.000155   25.183647 ^ clkbuf_2_3__f_clk/A (sky130_fd_sc_hd__clkbuf_16)
    11    0.025910    0.047101    0.135655   25.319304 ^ clkbuf_2_3__f_clk/X (sky130_fd_sc_hd__clkbuf_16)
                                                         clknet_2_3__leaf_clk (net)
                      0.047101    0.000044   25.319347 ^ _171_/CLK (sky130_fd_sc_hd__dfrtp_1)
                                 -0.250000   25.069347   clock uncertainty
                                  0.000000   25.069347   clock reconvergence pessimism
                                 -0.108582   24.960766   library setup time
                                             24.960766   data required time
---------------------------------------------------------------------------------------------
                                             24.960766   data required time
                                             -5.562557   data arrival time
---------------------------------------------------------------------------------------------
                                             19.398211   slack (MET)


Startpoint: btn (input port clocked by clk)
Endpoint: _168_ (rising edge-triggered flip-flop clocked by clk)
Path Group: clk
Path Type: max

Fanout         Cap        Slew       Delay        Time   Description
---------------------------------------------------------------------------------------------
                                  0.000000    0.000000   clock clk (rise edge)
                                  0.000000    0.000000   clock network delay (propagated)
                                  5.000000    5.000000 v input external delay
     1    0.002705    0.008411    0.004251    5.004251 v btn (in)
                                                         btn (net)
                      0.008411    0.000000    5.004251 v input1/A (sky130_fd_sc_hd__buf_1)
     6    0.012507    0.078310    0.115440    5.119691 v input1/X (sky130_fd_sc_hd__buf_1)
                                                         net1 (net)
                      0.078310    0.000083    5.119774 v _102_/B (sky130_fd_sc_hd__and4b_2)
     6    0.017160    0.074801    0.260073    5.379848 v _102_/X (sky130_fd_sc_hd__and4b_2)
                                                         _048_ (net)
                      0.074801    0.000088    5.379936 v _105_/A2 (sky130_fd_sc_hd__a21o_1)
     1    0.002787    0.032920    0.182454    5.562390 v _105_/X (sky130_fd_sc_hd__a21o_1)
                                                         nxt3[1] (net)
                      0.032920    0.000011    5.562400 v _168_/D (sky130_fd_sc_hd__dfrtp_1)
                                              5.562400   data arrival time

                                 25.000000   25.000000   clock clk (rise edge)
                                  0.000000   25.000000   clock source latency
     1    0.011477    0.058009    0.038812   25.038811 ^ clk (in)
                                                         clk (net)
                      0.058010    0.000000   25.038811 ^ clkbuf_0_clk/A (sky130_fd_sc_hd__clkbuf_16)
     4    0.037194    0.057328    0.144682   25.183493 ^ clkbuf_0_clk/X (sky130_fd_sc_hd__clkbuf_16)
                                                         clknet_0_clk (net)
                      0.057328    0.000155   25.183647 ^ clkbuf_2_3__f_clk/A (sky130_fd_sc_hd__clkbuf_16)
    11    0.025910    0.047101    0.135655   25.319304 ^ clkbuf_2_3__f_clk/X (sky130_fd_sc_hd__clkbuf_16)
                                                         clknet_2_3__leaf_clk (net)
                      0.047101    0.000018   25.319321 ^ _168_/CLK (sky130_fd_sc_hd__dfrtp_1)
                                 -0.250000   25.069321   clock uncertainty
                                  0.000000   25.069321   clock reconvergence pessimism
                                 -0.108523   24.960798   library setup time
                                             24.960798   data required time
---------------------------------------------------------------------------------------------
                                             24.960798   data required time
                                             -5.562400   data arrival time
---------------------------------------------------------------------------------------------
                                             19.398397   slack (MET)


Startpoint: btn (input port clocked by clk)
Endpoint: _172_ (rising edge-triggered flip-flop clocked by clk)
Path Group: clk
Path Type: max

Fanout         Cap        Slew       Delay        Time   Description
---------------------------------------------------------------------------------------------
                                  0.000000    0.000000   clock clk (rise edge)
                                  0.000000    0.000000   clock network delay (propagated)
                                  5.000000    5.000000 v input external delay
     1    0.002705    0.008411    0.004251    5.004251 v btn (in)
                                                         btn (net)
                      0.008411    0.000000    5.004251 v input1/A (sky130_fd_sc_hd__buf_1)
     6    0.012507    0.078310    0.115440    5.119691 v input1/X (sky130_fd_sc_hd__buf_1)
                                                         net1 (net)
                      0.078310    0.000083    5.119774 v _102_/B (sky130_fd_sc_hd__and4b_2)
     6    0.017160    0.074801    0.260073    5.379848 v _102_/X (sky130_fd_sc_hd__and4b_2)
                                                         _048_ (net)
                      0.074801    0.000070    5.379918 v _113_/A2 (sky130_fd_sc_hd__a21o_1)
     1    0.002340    0.032005    0.179695    5.559613 v _113_/X (sky130_fd_sc_hd__a21o_1)
                                                         nxt3[5] (net)
                      0.032005    0.000004    5.559618 v _172_/D (sky130_fd_sc_hd__dfrtp_1)
                                              5.559618   data arrival time

                                 25.000000   25.000000   clock clk (rise edge)
                                  0.000000   25.000000   clock source latency
     1    0.011477    0.058009    0.038812   25.038811 ^ clk (in)
                                                         clk (net)
                      0.058010    0.000000   25.038811 ^ clkbuf_0_clk/A (sky130_fd_sc_hd__clkbuf_16)
     4    0.037194    0.057328    0.144682   25.183493 ^ clkbuf_0_clk/X (sky130_fd_sc_hd__clkbuf_16)
                                                         clknet_0_clk (net)
                      0.057328    0.000155   25.183647 ^ clkbuf_2_3__f_clk/A (sky130_fd_sc_hd__clkbuf_16)
    11    0.025910    0.047101    0.135655   25.319304 ^ clkbuf_2_3__f_clk/X (sky130_fd_sc_hd__clkbuf_16)
                                                         clknet_2_3__leaf_clk (net)
                      0.047101    0.000039   25.319342 ^ _172_/CLK (sky130_fd_sc_hd__dfrtp_1)
                                 -0.250000   25.069344   clock uncertainty
                                  0.000000   25.069344   clock reconvergence pessimism
                                 -0.108124   24.961220   library setup time
                                             24.961220   data required time
---------------------------------------------------------------------------------------------
                                             24.961220   data required time
                                             -5.559618   data arrival time
---------------------------------------------------------------------------------------------
                                             19.401602   slack (MET)


Startpoint: btn (input port clocked by clk)
Endpoint: _170_ (rising edge-triggered flip-flop clocked by clk)
Path Group: clk
Path Type: max

Fanout         Cap        Slew       Delay        Time   Description
---------------------------------------------------------------------------------------------
                                  0.000000    0.000000   clock clk (rise edge)
                                  0.000000    0.000000   clock network delay (propagated)
                                  5.000000    5.000000 v input external delay
     1    0.002705    0.008411    0.004251    5.004251 v btn (in)
                                                         btn (net)
                      0.008411    0.000000    5.004251 v input1/A (sky130_fd_sc_hd__buf_1)
     6    0.012507    0.078310    0.115440    5.119691 v input1/X (sky130_fd_sc_hd__buf_1)
                                                         net1 (net)
                      0.078310    0.000083    5.119774 v _102_/B (sky130_fd_sc_hd__and4b_2)
     6    0.017160    0.074801    0.260073    5.379848 v _102_/X (sky130_fd_sc_hd__and4b_2)
                                                         _048_ (net)
                      0.074801    0.000041    5.379889 v _109_/A2 (sky130_fd_sc_hd__a21o_1)
     1    0.002261    0.031630    0.179205    5.559094 v _109_/X (sky130_fd_sc_hd__a21o_1)
                                                         nxt3[3] (net)
                      0.031630    0.000004    5.559098 v _170_/D (sky130_fd_sc_hd__dfrtp_1)
                                              5.559098   data arrival time

                                 25.000000   25.000000   clock clk (rise edge)
                                  0.000000   25.000000   clock source latency
     1    0.011477    0.058009    0.038812   25.038811 ^ clk (in)
                                                         clk (net)
                      0.058010    0.000000   25.038811 ^ clkbuf_0_clk/A (sky130_fd_sc_hd__clkbuf_16)
     4    0.037194    0.057328    0.144682   25.183493 ^ clkbuf_0_clk/X (sky130_fd_sc_hd__clkbuf_16)
                                                         clknet_0_clk (net)
                      0.057328    0.000155   25.183647 ^ clkbuf_2_3__f_clk/A (sky130_fd_sc_hd__clkbuf_16)
    11    0.025910    0.047101    0.135655   25.319304 ^ clkbuf_2_3__f_clk/X (sky130_fd_sc_hd__clkbuf_16)
                                                         clknet_2_3__leaf_clk (net)
                      0.047101    0.000043   25.319345 ^ _170_/CLK (sky130_fd_sc_hd__dfrtp_1)
                                 -0.250000   25.069345   clock uncertainty
                                  0.000000   25.069345   clock reconvergence pessimism
                                 -0.107960   24.961386   library setup time
                                             24.961386   data required time
---------------------------------------------------------------------------------------------
                                             24.961386   data required time
                                             -5.559098   data arrival time
---------------------------------------------------------------------------------------------
                                             19.402288   slack (MET)


Startpoint: btn (input port clocked by clk)
Endpoint: _167_ (rising edge-triggered flip-flop clocked by clk)
Path Group: clk
Path Type: max

Fanout         Cap        Slew       Delay        Time   Description
---------------------------------------------------------------------------------------------
                                  0.000000    0.000000   clock clk (rise edge)
                                  0.000000    0.000000   clock network delay (propagated)
                                  5.000000    5.000000 v input external delay
     1    0.002705    0.008411    0.004251    5.004251 v btn (in)
                                                         btn (net)
                      0.008411    0.000000    5.004251 v input1/A (sky130_fd_sc_hd__buf_1)
     6    0.012507    0.078310    0.115440    5.119691 v input1/X (sky130_fd_sc_hd__buf_1)
                                                         net1 (net)
                      0.078310    0.000083    5.119774 v _102_/B (sky130_fd_sc_hd__and4b_2)
     6    0.017160    0.074801    0.260073    5.379848 v _102_/X (sky130_fd_sc_hd__and4b_2)
                                                         _048_ (net)
                      0.074801    0.000048    5.379896 v _103_/A2 (sky130_fd_sc_hd__a21o_1)
     1    0.002216    0.031419    0.178929    5.558825 v _103_/X (sky130_fd_sc_hd__a21o_1)
                                                         nxt3[0] (net)
                      0.031419    0.000004    5.558829 v _167_/D (sky130_fd_sc_hd__dfrtp_1)
                                              5.558829   data arrival time

                                 25.000000   25.000000   clock clk (rise edge)
                                  0.000000   25.000000   clock source latency
     1    0.011477    0.058009    0.038812   25.038811 ^ clk (in)
                                                         clk (net)
                      0.058010    0.000000   25.038811 ^ clkbuf_0_clk/A (sky130_fd_sc_hd__clkbuf_16)
     4    0.037194    0.057328    0.144682   25.183493 ^ clkbuf_0_clk/X (sky130_fd_sc_hd__clkbuf_16)
                                                         clknet_0_clk (net)
                      0.057328    0.000155   25.183647 ^ clkbuf_2_3__f_clk/A (sky130_fd_sc_hd__clkbuf_16)
    11    0.025910    0.047101    0.135655   25.319304 ^ clkbuf_2_3__f_clk/X (sky130_fd_sc_hd__clkbuf_16)
                                                         clknet_2_3__leaf_clk (net)
                      0.047101    0.000025   25.319328 ^ _167_/CLK (sky130_fd_sc_hd__dfrtp_1)
                                 -0.250000   25.069328   clock uncertainty
                                  0.000000   25.069328   clock reconvergence pessimism
                                 -0.107868   24.961462   library setup time
                                             24.961462   data required time
---------------------------------------------------------------------------------------------
                                             24.961462   data required time
                                             -5.558829   data arrival time
---------------------------------------------------------------------------------------------
                                             19.402634   slack (MET)


Startpoint: reset (input port clocked by clk)
Endpoint: _176_ (recovery check against rising-edge clock clk)
Path Group: asynchronous
Path Type: max

Fanout         Cap        Slew       Delay        Time   Description
---------------------------------------------------------------------------------------------
                                  0.000000    0.000000   clock clk (rise edge)
                                  0.000000    0.000000   clock network delay (propagated)
                                  5.000000    5.000000 v input external delay
     1    0.002494    0.007926    0.003896    5.003896 v reset (in)
                                                         reset (net)
                      0.007926    0.000000    5.003896 v input2/A (sky130_fd_sc_hd__buf_1)
     3    0.010878    0.069281    0.108395    5.112291 v input2/X (sky130_fd_sc_hd__buf_1)
                                                         net2 (net)
                      0.069281    0.000053    5.112344 v fanout35/A (sky130_fd_sc_hd__clkbuf_4)
     9    0.043353    0.095716    0.207537    5.319881 v fanout35/X (sky130_fd_sc_hd__clkbuf_4)
                                                         net35 (net)
                      0.095716    0.000178    5.320059 v fanout34/A (sky130_fd_sc_hd__buf_4)
    10    0.048187    0.074699    0.206352    5.526411 v fanout34/X (sky130_fd_sc_hd__buf_4)
                                                         net34 (net)
                      0.074699    0.000057    5.526467 v _140_/A (sky130_fd_sc_hd__inv_2)
     1    0.003696    0.032347    0.054416    5.580884 ^ _140_/Y (sky130_fd_sc_hd__inv_2)
                                                         _027_ (net)
                      0.032347    0.000007    5.580891 ^ _176_/SET_B (sky130_fd_sc_hd__dfstp_2)
                                              5.580891   data arrival time

                                 25.000000   25.000000   clock clk (rise edge)
                                  0.000000   25.000000   clock source latency
     1    0.011477    0.058009    0.038812   25.038811 ^ clk (in)
                                                         clk (net)
                      0.058010    0.000000   25.038811 ^ clkbuf_0_clk/A (sky130_fd_sc_hd__clkbuf_16)
     4    0.037194    0.057328    0.144682   25.183493 ^ clkbuf_0_clk/X (sky130_fd_sc_hd__clkbuf_16)
                                                         clknet_0_clk (net)
                      0.057328    0.000156   25.183649 ^ clkbuf_2_0__f_clk/A (sky130_fd_sc_hd__clkbuf_16)
    10    0.024745    0.046038    0.134525   25.318174 ^ clkbuf_2_0__f_clk/X (sky130_fd_sc_hd__clkbuf_16)
                                                         clknet_2_0__leaf_clk (net)
                      0.046038    0.000018   25.318193 ^ _176_/CLK (sky130_fd_sc_hd__dfstp_2)
                                 -0.250000   25.068193   clock uncertainty
                                  0.000000   25.068193   clock reconvergence pessimism
                                  0.137818   25.206013   library recovery time
                                             25.206013   data required time
---------------------------------------------------------------------------------------------
                                             25.206013   data required time
                                             -5.580891   data arrival time
---------------------------------------------------------------------------------------------
                                             19.625122   slack (MET)


Startpoint: reset (input port clocked by clk)
Endpoint: _179_ (recovery check against rising-edge clock clk)
Path Group: asynchronous
Path Type: max

Fanout         Cap        Slew       Delay        Time   Description
---------------------------------------------------------------------------------------------
                                  0.000000    0.000000   clock clk (rise edge)
                                  0.000000    0.000000   clock network delay (propagated)
                                  5.000000    5.000000 v input external delay
     1    0.002494    0.007926    0.003896    5.003896 v reset (in)
                                                         reset (net)
                      0.007926    0.000000    5.003896 v input2/A (sky130_fd_sc_hd__buf_1)
     3    0.010878    0.069281    0.108395    5.112291 v input2/X (sky130_fd_sc_hd__buf_1)
                                                         net2 (net)
                      0.069281    0.000053    5.112344 v fanout35/A (sky130_fd_sc_hd__clkbuf_4)
     9    0.043353    0.095716    0.207537    5.319881 v fanout35/X (sky130_fd_sc_hd__clkbuf_4)
                                                         net35 (net)
                      0.095716    0.000178    5.320059 v fanout34/A (sky130_fd_sc_hd__buf_4)
    10    0.048187    0.074699    0.206352    5.526411 v fanout34/X (sky130_fd_sc_hd__buf_4)
                                                         net34 (net)
                      0.074699    0.000005    5.526415 v _143_/A (sky130_fd_sc_hd__inv_2)
     1    0.003940    0.033184    0.055484    5.581900 ^ _143_/Y (sky130_fd_sc_hd__inv_2)
                                                         _030_ (net)
                      0.033184    0.000006    5.581906 ^ _179_/RESET_B (sky130_fd_sc_hd__dfrtp_4)
                                              5.581906   data arrival time

                                 25.000000   25.000000   clock clk (rise edge)
                                  0.000000   25.000000   clock source latency
     1    0.011477    0.058009    0.038812   25.038811 ^ clk (in)
                                                         clk (net)
                      0.058010    0.000000   25.038811 ^ clkbuf_0_clk/A (sky130_fd_sc_hd__clkbuf_16)
     4    0.037194    0.057328    0.144682   25.183493 ^ clkbuf_0_clk/X (sky130_fd_sc_hd__clkbuf_16)
                                                         clknet_0_clk (net)
                      0.057328    0.000142   25.183636 ^ clkbuf_2_1__f_clk/A (sky130_fd_sc_hd__clkbuf_16)
    10    0.023481    0.044888    0.133324   25.316959 ^ clkbuf_2_1__f_clk/X (sky130_fd_sc_hd__clkbuf_16)
                                                         clknet_2_1__leaf_clk (net)
                      0.044888    0.000030   25.316990 ^ _179_/CLK (sky130_fd_sc_hd__dfrtp_4)
                                 -0.250000   25.066992   clock uncertainty
                                  0.000000   25.066992   clock reconvergence pessimism
                                  0.220960   25.287951   library recovery time
                                             25.287951   data required time
---------------------------------------------------------------------------------------------
                                             25.287951   data required time
                                             -5.581906   data arrival time
---------------------------------------------------------------------------------------------
                                             19.706043   slack (MET)


Startpoint: reset (input port clocked by clk)
Endpoint: _180_ (recovery check against rising-edge clock clk)
Path Group: asynchronous
Path Type: max

Fanout         Cap        Slew       Delay        Time   Description
---------------------------------------------------------------------------------------------
                                  0.000000    0.000000   clock clk (rise edge)
                                  0.000000    0.000000   clock network delay (propagated)
                                  5.000000    5.000000 v input external delay
     1    0.002494    0.007926    0.003896    5.003896 v reset (in)
                                                         reset (net)
                      0.007926    0.000000    5.003896 v input2/A (sky130_fd_sc_hd__buf_1)
     3    0.010878    0.069281    0.108395    5.112291 v input2/X (sky130_fd_sc_hd__buf_1)
                                                         net2 (net)
                      0.069281    0.000053    5.112344 v fanout35/A (sky130_fd_sc_hd__clkbuf_4)
     9    0.043353    0.095716    0.207537    5.319881 v fanout35/X (sky130_fd_sc_hd__clkbuf_4)
                                                         net35 (net)
                      0.095716    0.000178    5.320059 v fanout34/A (sky130_fd_sc_hd__buf_4)
    10    0.048187    0.074699    0.206352    5.526411 v fanout34/X (sky130_fd_sc_hd__buf_4)
                                                         net34 (net)
                      0.074699    0.000022    5.526433 v _144_/A (sky130_fd_sc_hd__inv_2)
     1    0.004122    0.033805    0.056276    5.582709 ^ _144_/Y (sky130_fd_sc_hd__inv_2)
                                                         _031_ (net)
                      0.033805    0.000008    5.582716 ^ _180_/RESET_B (sky130_fd_sc_hd__dfrtp_4)
                                              5.582716   data arrival time

                                 25.000000   25.000000   clock clk (rise edge)
                                  0.000000   25.000000   clock source latency
     1    0.011477    0.058009    0.038812   25.038811 ^ clk (in)
                                                         clk (net)
                      0.058010    0.000000   25.038811 ^ clkbuf_0_clk/A (sky130_fd_sc_hd__clkbuf_16)
     4    0.037194    0.057328    0.144682   25.183493 ^ clkbuf_0_clk/X (sky130_fd_sc_hd__clkbuf_16)
                                                         clknet_0_clk (net)
                      0.057328    0.000156   25.183649 ^ clkbuf_2_0__f_clk/A (sky130_fd_sc_hd__clkbuf_16)
    10    0.024745    0.046038    0.134525   25.318174 ^ clkbuf_2_0__f_clk/X (sky130_fd_sc_hd__clkbuf_16)
                                                         clknet_2_0__leaf_clk (net)
                      0.046038    0.000050   25.318224 ^ _180_/CLK (sky130_fd_sc_hd__dfrtp_4)
                                 -0.250000   25.068226   clock uncertainty
                                  0.000000   25.068226   clock reconvergence pessimism
                                  0.221114   25.289339   library recovery time
                                             25.289339   data required time
---------------------------------------------------------------------------------------------
                                             25.289339   data required time
                                             -5.582716   data arrival time
---------------------------------------------------------------------------------------------
                                             19.706623   slack (MET)


Startpoint: reset (input port clocked by clk)
Endpoint: _163_ (recovery check against rising-edge clock clk)
Path Group: asynchronous
Path Type: max

Fanout         Cap        Slew       Delay        Time   Description
---------------------------------------------------------------------------------------------
                                  0.000000    0.000000   clock clk (rise edge)
                                  0.000000    0.000000   clock network delay (propagated)
                                  5.000000    5.000000 v input external delay
     1    0.002494    0.007926    0.003896    5.003896 v reset (in)
                                                         reset (net)
                      0.007926    0.000000    5.003896 v input2/A (sky130_fd_sc_hd__buf_1)
     3    0.010878    0.069281    0.108395    5.112291 v input2/X (sky130_fd_sc_hd__buf_1)
                                                         net2 (net)
                      0.069281    0.000053    5.112344 v fanout35/A (sky130_fd_sc_hd__clkbuf_4)
     9    0.043353    0.095716    0.207537    5.319881 v fanout35/X (sky130_fd_sc_hd__clkbuf_4)
                                                         net35 (net)
                      0.095716    0.000178    5.320059 v fanout34/A (sky130_fd_sc_hd__buf_4)
    10    0.048187    0.074699    0.206352    5.526411 v fanout34/X (sky130_fd_sc_hd__buf_4)
                                                         net34 (net)
                      0.074699    0.000120    5.526530 v _127_/A (sky130_fd_sc_hd__inv_2)
     1    0.004272    0.033293    0.056927    5.583457 ^ _127_/Y (sky130_fd_sc_hd__inv_2)
                                                         _014_ (net)
                      0.033293    0.000011    5.583468 ^ _163_/RESET_B (sky130_fd_sc_hd__dfrtp_1)
                                              5.583468   data arrival time

                                 25.000000   25.000000   clock clk (rise edge)
                                  0.000000   25.000000   clock source latency
     1    0.011477    0.058009    0.038812   25.038811 ^ clk (in)
                                                         clk (net)
                      0.058010    0.000000   25.038811 ^ clkbuf_0_clk/A (sky130_fd_sc_hd__clkbuf_16)
     4    0.037194    0.057328    0.144682   25.183493 ^ clkbuf_0_clk/X (sky130_fd_sc_hd__clkbuf_16)
                                                         clknet_0_clk (net)
                      0.057328    0.000156   25.183649 ^ clkbuf_2_0__f_clk/A (sky130_fd_sc_hd__clkbuf_16)
    10    0.024745    0.046038    0.134525   25.318174 ^ clkbuf_2_0__f_clk/X (sky130_fd_sc_hd__clkbuf_16)
                                                         clknet_2_0__leaf_clk (net)
                      0.046038    0.000114   25.318289 ^ _163_/CLK (sky130_fd_sc_hd__dfrtp_1)
                                 -0.250000   25.068289   clock uncertainty
                                  0.000000   25.068289   clock reconvergence pessimism
                                  0.233681   25.301971   library recovery time
                                             25.301971   data required time
---------------------------------------------------------------------------------------------
                                             25.301971   data required time
                                             -5.583468   data arrival time
---------------------------------------------------------------------------------------------
                                             19.718502   slack (MET)


Startpoint: reset (input port clocked by clk)
Endpoint: _165_ (recovery check against rising-edge clock clk)
Path Group: asynchronous
Path Type: max

Fanout         Cap        Slew       Delay        Time   Description
---------------------------------------------------------------------------------------------
                                  0.000000    0.000000   clock clk (rise edge)
                                  0.000000    0.000000   clock network delay (propagated)
                                  5.000000    5.000000 v input external delay
     1    0.002494    0.007926    0.003896    5.003896 v reset (in)
                                                         reset (net)
                      0.007926    0.000000    5.003896 v input2/A (sky130_fd_sc_hd__buf_1)
     3    0.010878    0.069281    0.108395    5.112291 v input2/X (sky130_fd_sc_hd__buf_1)
                                                         net2 (net)
                      0.069281    0.000053    5.112344 v fanout35/A (sky130_fd_sc_hd__clkbuf_4)
     9    0.043353    0.095716    0.207537    5.319881 v fanout35/X (sky130_fd_sc_hd__clkbuf_4)
                                                         net35 (net)
                      0.095716    0.000178    5.320059 v fanout34/A (sky130_fd_sc_hd__buf_4)
    10    0.048187    0.074699    0.206352    5.526411 v fanout34/X (sky130_fd_sc_hd__buf_4)
                                                         net34 (net)
                      0.074699    0.000182    5.526592 v _129_/A (sky130_fd_sc_hd__inv_2)
     1    0.004142    0.032829    0.056362    5.582954 ^ _129_/Y (sky130_fd_sc_hd__inv_2)
                                                         _016_ (net)
                      0.032829    0.000011    5.582965 ^ _165_/RESET_B (sky130_fd_sc_hd__dfrtp_1)
                                              5.582965   data arrival time

                                 25.000000   25.000000   clock clk (rise edge)
                                  0.000000   25.000000   clock source latency
     1    0.011477    0.058009    0.038812   25.038811 ^ clk (in)
                                                         clk (net)
                      0.058010    0.000000   25.038811 ^ clkbuf_0_clk/A (sky130_fd_sc_hd__clkbuf_16)
     4    0.037194    0.057328    0.144682   25.183493 ^ clkbuf_0_clk/X (sky130_fd_sc_hd__clkbuf_16)
                                                         clknet_0_clk (net)
                      0.057328    0.000156   25.183649 ^ clkbuf_2_0__f_clk/A (sky130_fd_sc_hd__clkbuf_16)
    10    0.024745    0.046038    0.134525   25.318174 ^ clkbuf_2_0__f_clk/X (sky130_fd_sc_hd__clkbuf_16)
                                                         clknet_2_0__leaf_clk (net)
                      0.046038    0.000094   25.318270 ^ _165_/CLK (sky130_fd_sc_hd__dfrtp_1)
                                 -0.250000   25.068270   clock uncertainty
                                  0.000000   25.068270   clock reconvergence pessimism
                                  0.233801   25.302071   library recovery time
                                             25.302071   data required time
---------------------------------------------------------------------------------------------
                                             25.302071   data required time
                                             -5.582965   data arrival time
---------------------------------------------------------------------------------------------
                                             19.719105   slack (MET)


Startpoint: reset (input port clocked by clk)
Endpoint: _175_ (recovery check against rising-edge clock clk)
Path Group: asynchronous
Path Type: max

Fanout         Cap        Slew       Delay        Time   Description
---------------------------------------------------------------------------------------------
                                  0.000000    0.000000   clock clk (rise edge)
                                  0.000000    0.000000   clock network delay (propagated)
                                  5.000000    5.000000 v input external delay
     1    0.002494    0.007926    0.003896    5.003896 v reset (in)
                                                         reset (net)
                      0.007926    0.000000    5.003896 v input2/A (sky130_fd_sc_hd__buf_1)
     3    0.010878    0.069281    0.108395    5.112291 v input2/X (sky130_fd_sc_hd__buf_1)
                                                         net2 (net)
                      0.069281    0.000053    5.112344 v fanout35/A (sky130_fd_sc_hd__clkbuf_4)
     9    0.043353    0.095716    0.207537    5.319881 v fanout35/X (sky130_fd_sc_hd__clkbuf_4)
                                                         net35 (net)
                      0.095716    0.000178    5.320059 v fanout34/A (sky130_fd_sc_hd__buf_4)
    10    0.048187    0.074699    0.206352    5.526411 v fanout34/X (sky130_fd_sc_hd__buf_4)
                                                         net34 (net)
                      0.074699    0.000022    5.526433 v _139_/A (sky130_fd_sc_hd__inv_2)
     1    0.004034    0.033505    0.055894    5.582327 ^ _139_/Y (sky130_fd_sc_hd__inv_2)
                                                         _026_ (net)
                      0.033505    0.000007    5.582334 ^ _175_/RESET_B (sky130_fd_sc_hd__dfrtp_1)
                                              5.582334   data arrival time

                                 25.000000   25.000000   clock clk (rise edge)
                                  0.000000   25.000000   clock source latency
     1    0.011477    0.058009    0.038812   25.038811 ^ clk (in)
                                                         clk (net)
                      0.058010    0.000000   25.038811 ^ clkbuf_0_clk/A (sky130_fd_sc_hd__clkbuf_16)
     4    0.037194    0.057328    0.144682   25.183493 ^ clkbuf_0_clk/X (sky130_fd_sc_hd__clkbuf_16)
                                                         clknet_0_clk (net)
                      0.057328    0.000156   25.183649 ^ clkbuf_2_0__f_clk/A (sky130_fd_sc_hd__clkbuf_16)
    10    0.024745    0.046038    0.134525   25.318174 ^ clkbuf_2_0__f_clk/X (sky130_fd_sc_hd__clkbuf_16)
                                                         clknet_2_0__leaf_clk (net)
                      0.046038    0.000020   25.318195 ^ _175_/CLK (sky130_fd_sc_hd__dfrtp_1)
                                 -0.250000   25.068195   clock uncertainty
                                  0.000000   25.068195   clock reconvergence pessimism
                                  0.233626   25.301823   library recovery time
                                             25.301823   data required time
---------------------------------------------------------------------------------------------
                                             25.301823   data required time
                                             -5.582334   data arrival time
---------------------------------------------------------------------------------------------
                                             19.719488   slack (MET)


Startpoint: reset (input port clocked by clk)
Endpoint: _161_ (recovery check against rising-edge clock clk)
Path Group: asynchronous
Path Type: max

Fanout         Cap        Slew       Delay        Time   Description
---------------------------------------------------------------------------------------------
                                  0.000000    0.000000   clock clk (rise edge)
                                  0.000000    0.000000   clock network delay (propagated)
                                  5.000000    5.000000 v input external delay
     1    0.002494    0.007926    0.003896    5.003896 v reset (in)
                                                         reset (net)
                      0.007926    0.000000    5.003896 v input2/A (sky130_fd_sc_hd__buf_1)
     3    0.010878    0.069281    0.108395    5.112291 v input2/X (sky130_fd_sc_hd__buf_1)
                                                         net2 (net)
                      0.069281    0.000053    5.112344 v fanout35/A (sky130_fd_sc_hd__clkbuf_4)
     9    0.043353    0.095716    0.207537    5.319881 v fanout35/X (sky130_fd_sc_hd__clkbuf_4)
                                                         net35 (net)
                      0.095716    0.000178    5.320059 v fanout34/A (sky130_fd_sc_hd__buf_4)
    10    0.048187    0.074699    0.206352    5.526411 v fanout34/X (sky130_fd_sc_hd__buf_4)
                                                         net34 (net)
                      0.074699    0.000116    5.526526 v _125_/A (sky130_fd_sc_hd__inv_2)
     1    0.003995    0.033370    0.055721    5.582247 ^ _125_/Y (sky130_fd_sc_hd__inv_2)
                                                         _012_ (net)
                      0.033370    0.000006    5.582253 ^ _161_/RESET_B (sky130_fd_sc_hd__dfrtp_1)
                                              5.582253   data arrival time

                                 25.000000   25.000000   clock clk (rise edge)
                                  0.000000   25.000000   clock source latency
     1    0.011477    0.058009    0.038812   25.038811 ^ clk (in)
                                                         clk (net)
                      0.058010    0.000000   25.038811 ^ clkbuf_0_clk/A (sky130_fd_sc_hd__clkbuf_16)
     4    0.037194    0.057328    0.144682   25.183493 ^ clkbuf_0_clk/X (sky130_fd_sc_hd__clkbuf_16)
                                                         clknet_0_clk (net)
                      0.057328    0.000156   25.183649 ^ clkbuf_2_0__f_clk/A (sky130_fd_sc_hd__clkbuf_16)
    10    0.024745    0.046038    0.134525   25.318174 ^ clkbuf_2_0__f_clk/X (sky130_fd_sc_hd__clkbuf_16)
                                                         clknet_2_0__leaf_clk (net)
                      0.046038    0.000044   25.318220 ^ _161_/CLK (sky130_fd_sc_hd__dfrtp_1)
                                 -0.250000   25.068220   clock uncertainty
                                  0.000000   25.068220   clock reconvergence pessimism
                                  0.233661   25.301880   library recovery time
                                             25.301880   data required time
---------------------------------------------------------------------------------------------
                                             25.301880   data required time
                                             -5.582253   data arrival time
---------------------------------------------------------------------------------------------
                                             19.719627   slack (MET)


Startpoint: reset (input port clocked by clk)
Endpoint: _162_ (recovery check against rising-edge clock clk)
Path Group: asynchronous
Path Type: max

Fanout         Cap        Slew       Delay        Time   Description
---------------------------------------------------------------------------------------------
                                  0.000000    0.000000   clock clk (rise edge)
                                  0.000000    0.000000   clock network delay (propagated)
                                  5.000000    5.000000 v input external delay
     1    0.002494    0.007926    0.003896    5.003896 v reset (in)
                                                         reset (net)
                      0.007926    0.000000    5.003896 v input2/A (sky130_fd_sc_hd__buf_1)
     3    0.010878    0.069281    0.108395    5.112291 v input2/X (sky130_fd_sc_hd__buf_1)
                                                         net2 (net)
                      0.069281    0.000053    5.112344 v fanout35/A (sky130_fd_sc_hd__clkbuf_4)
     9    0.043353    0.095716    0.207537    5.319881 v fanout35/X (sky130_fd_sc_hd__clkbuf_4)
                                                         net35 (net)
                      0.095716    0.000178    5.320059 v fanout34/A (sky130_fd_sc_hd__buf_4)
    10    0.048187    0.074699    0.206352    5.526411 v fanout34/X (sky130_fd_sc_hd__buf_4)
                                                         net34 (net)
                      0.074699    0.000062    5.526473 v _126_/A (sky130_fd_sc_hd__inv_2)
     1    0.003995    0.033370    0.055721    5.582193 ^ _126_/Y (sky130_fd_sc_hd__inv_2)
                                                         _013_ (net)
                      0.033370    0.000006    5.582200 ^ _162_/RESET_B (sky130_fd_sc_hd__dfrtp_1)
                                              5.582200   data arrival time

                                 25.000000   25.000000   clock clk (rise edge)
                                  0.000000   25.000000   clock source latency
     1    0.011477    0.058009    0.038812   25.038811 ^ clk (in)
                                                         clk (net)
                      0.058010    0.000000   25.038811 ^ clkbuf_0_clk/A (sky130_fd_sc_hd__clkbuf_16)
     4    0.037194    0.057328    0.144682   25.183493 ^ clkbuf_0_clk/X (sky130_fd_sc_hd__clkbuf_16)
                                                         clknet_0_clk (net)
                      0.057328    0.000156   25.183649 ^ clkbuf_2_0__f_clk/A (sky130_fd_sc_hd__clkbuf_16)
    10    0.024745    0.046038    0.134525   25.318174 ^ clkbuf_2_0__f_clk/X (sky130_fd_sc_hd__clkbuf_16)
                                                         clknet_2_0__leaf_clk (net)
                      0.046038    0.000041   25.318216 ^ _162_/CLK (sky130_fd_sc_hd__dfrtp_1)
                                 -0.250000   25.068216   clock uncertainty
                                  0.000000   25.068216   clock reconvergence pessimism
                                  0.233661   25.301876   library recovery time
                                             25.301876   data required time
---------------------------------------------------------------------------------------------
                                             25.301876   data required time
                                             -5.582200   data arrival time
---------------------------------------------------------------------------------------------
                                             19.719677   slack (MET)


Startpoint: reset (input port clocked by clk)
Endpoint: _164_ (recovery check against rising-edge clock clk)
Path Group: asynchronous
Path Type: max

Fanout         Cap        Slew       Delay        Time   Description
---------------------------------------------------------------------------------------------
                                  0.000000    0.000000   clock clk (rise edge)
                                  0.000000    0.000000   clock network delay (propagated)
                                  5.000000    5.000000 v input external delay
     1    0.002494    0.007926    0.003896    5.003896 v reset (in)
                                                         reset (net)
                      0.007926    0.000000    5.003896 v input2/A (sky130_fd_sc_hd__buf_1)
     3    0.010878    0.069281    0.108395    5.112291 v input2/X (sky130_fd_sc_hd__buf_1)
                                                         net2 (net)
                      0.069281    0.000053    5.112344 v fanout35/A (sky130_fd_sc_hd__clkbuf_4)
     9    0.043353    0.095716    0.207537    5.319881 v fanout35/X (sky130_fd_sc_hd__clkbuf_4)
                                                         net35 (net)
                      0.095716    0.000178    5.320059 v fanout34/A (sky130_fd_sc_hd__buf_4)
    10    0.048187    0.074699    0.206352    5.526411 v fanout34/X (sky130_fd_sc_hd__buf_4)
                                                         net34 (net)
                      0.074699    0.000172    5.526583 v _128_/A (sky130_fd_sc_hd__inv_2)
     1    0.003857    0.032897    0.055118    5.581701 ^ _128_/Y (sky130_fd_sc_hd__inv_2)
                                                         _015_ (net)
                      0.032897    0.000005    5.581707 ^ _164_/RESET_B (sky130_fd_sc_hd__dfrtp_1)
                                              5.581707   data arrival time

                                 25.000000   25.000000   clock clk (rise edge)
                                  0.000000   25.000000   clock source latency
     1    0.011477    0.058009    0.038812   25.038811 ^ clk (in)
                                                         clk (net)
                      0.058010    0.000000   25.038811 ^ clkbuf_0_clk/A (sky130_fd_sc_hd__clkbuf_16)
     4    0.037194    0.057328    0.144682   25.183493 ^ clkbuf_0_clk/X (sky130_fd_sc_hd__clkbuf_16)
                                                         clknet_0_clk (net)
                      0.057328    0.000156   25.183649 ^ clkbuf_2_0__f_clk/A (sky130_fd_sc_hd__clkbuf_16)
    10    0.024745    0.046038    0.134525   25.318174 ^ clkbuf_2_0__f_clk/X (sky130_fd_sc_hd__clkbuf_16)
                                                         clknet_2_0__leaf_clk (net)
                      0.046038    0.000110   25.318285 ^ _164_/CLK (sky130_fd_sc_hd__dfrtp_1)
                                 -0.250000   25.068285   clock uncertainty
                                  0.000000   25.068285   clock reconvergence pessimism
                                  0.233783   25.302069   library recovery time
                                             25.302069   data required time
---------------------------------------------------------------------------------------------
                                             25.302069   data required time
                                             -5.581707   data arrival time
---------------------------------------------------------------------------------------------
                                             19.720364   slack (MET)


Startpoint: reset (input port clocked by clk)
Endpoint: _166_ (recovery check against rising-edge clock clk)
Path Group: asynchronous
Path Type: max

Fanout         Cap        Slew       Delay        Time   Description
---------------------------------------------------------------------------------------------
                                  0.000000    0.000000   clock clk (rise edge)
                                  0.000000    0.000000   clock network delay (propagated)
                                  5.000000    5.000000 v input external delay
     1    0.002494    0.007926    0.003896    5.003896 v reset (in)
                                                         reset (net)
                      0.007926    0.000000    5.003896 v input2/A (sky130_fd_sc_hd__buf_1)
     3    0.010878    0.069281    0.108395    5.112291 v input2/X (sky130_fd_sc_hd__buf_1)
                                                         net2 (net)
                      0.069281    0.000053    5.112344 v fanout35/A (sky130_fd_sc_hd__clkbuf_4)
     9    0.043353    0.095716    0.207537    5.319881 v fanout35/X (sky130_fd_sc_hd__clkbuf_4)
                                                         net35 (net)
                      0.095716    0.000178    5.320059 v fanout34/A (sky130_fd_sc_hd__buf_4)
    10    0.048187    0.074699    0.206352    5.526411 v fanout34/X (sky130_fd_sc_hd__buf_4)
                                                         net34 (net)
                      0.074699    0.000184    5.526595 v _130_/A (sky130_fd_sc_hd__inv_2)
     1    0.003815    0.032754    0.054935    5.581530 ^ _130_/Y (sky130_fd_sc_hd__inv_2)
                                                         _017_ (net)
                      0.032754    0.000004    5.581534 ^ _166_/RESET_B (sky130_fd_sc_hd__dfrtp_1)
                                              5.581534   data arrival time

                                 25.000000   25.000000   clock clk (rise edge)
                                  0.000000   25.000000   clock source latency
     1    0.011477    0.058009    0.038812   25.038811 ^ clk (in)
                                                         clk (net)
                      0.058010    0.000000   25.038811 ^ clkbuf_0_clk/A (sky130_fd_sc_hd__clkbuf_16)
     4    0.037194    0.057328    0.144682   25.183493 ^ clkbuf_0_clk/X (sky130_fd_sc_hd__clkbuf_16)
                                                         clknet_0_clk (net)
                      0.057328    0.000156   25.183649 ^ clkbuf_2_0__f_clk/A (sky130_fd_sc_hd__clkbuf_16)
    10    0.024745    0.046038    0.134525   25.318174 ^ clkbuf_2_0__f_clk/X (sky130_fd_sc_hd__clkbuf_16)
                                                         clknet_2_0__leaf_clk (net)
                      0.046038    0.000082   25.318256 ^ _166_/CLK (sky130_fd_sc_hd__dfrtp_1)
                                 -0.250000   25.068258   clock uncertainty
                                  0.000000   25.068258   clock reconvergence pessimism
                                  0.233820   25.302078   library recovery time
                                             25.302078   data required time
---------------------------------------------------------------------------------------------
                                             25.302078   data required time
                                             -5.581534   data arrival time
---------------------------------------------------------------------------------------------
                                             19.720543   slack (MET)


Startpoint: btn (input port clocked by clk)
Endpoint: _184_ (rising edge-triggered flip-flop clocked by clk)
Path Group: clk
Path Type: max

Fanout         Cap        Slew       Delay        Time   Description
---------------------------------------------------------------------------------------------
                                  0.000000    0.000000   clock clk (rise edge)
                                  0.000000    0.000000   clock network delay (propagated)
                                  5.000000    5.000000 ^ input external delay
     1    0.002881    0.020079    0.010575    5.010575 ^ btn (in)
                                                         btn (net)
                      0.020079    0.000000    5.010575 ^ input1/A (sky130_fd_sc_hd__buf_1)
     6    0.012923    0.157798    0.152110    5.162684 ^ input1/X (sky130_fd_sc_hd__buf_1)
                                                         net1 (net)
                      0.157798    0.000079    5.162764 ^ _184_/D (sky130_fd_sc_hd__dfrtp_1)
                                              5.162764   data arrival time

                                 25.000000   25.000000   clock clk (rise edge)
                                  0.000000   25.000000   clock source latency
     1    0.011477    0.058009    0.038812   25.038811 ^ clk (in)
                                                         clk (net)
                      0.058010    0.000000   25.038811 ^ clkbuf_0_clk/A (sky130_fd_sc_hd__clkbuf_16)
     4    0.037194    0.057328    0.144682   25.183493 ^ clkbuf_0_clk/X (sky130_fd_sc_hd__clkbuf_16)
                                                         clknet_0_clk (net)
                      0.057328    0.000142   25.183636 ^ clkbuf_2_1__f_clk/A (sky130_fd_sc_hd__clkbuf_16)
    10    0.023481    0.044888    0.133324   25.316959 ^ clkbuf_2_1__f_clk/X (sky130_fd_sc_hd__clkbuf_16)
                                                         clknet_2_1__leaf_clk (net)
                      0.044888    0.000055   25.317015 ^ _184_/CLK (sky130_fd_sc_hd__dfrtp_1)
                                 -0.250000   25.067017   clock uncertainty
                                  0.000000   25.067017   clock reconvergence pessimism
                                 -0.085897   24.981119   library setup time
                                             24.981119   data required time
---------------------------------------------------------------------------------------------
                                             24.981119   data required time
                                             -5.162764   data arrival time
---------------------------------------------------------------------------------------------
                                             19.818356   slack (MET)


Startpoint: reset (input port clocked by clk)
Endpoint: _181_ (recovery check against rising-edge clock clk)
Path Group: asynchronous
Path Type: max

Fanout         Cap        Slew       Delay        Time   Description
---------------------------------------------------------------------------------------------
                                  0.000000    0.000000   clock clk (rise edge)
                                  0.000000    0.000000   clock network delay (propagated)
                                  5.000000    5.000000 v input external delay
     1    0.002494    0.007926    0.003896    5.003896 v reset (in)
                                                         reset (net)
                      0.007926    0.000000    5.003896 v input2/A (sky130_fd_sc_hd__buf_1)
     3    0.010878    0.069281    0.108395    5.112291 v input2/X (sky130_fd_sc_hd__buf_1)
                                                         net2 (net)
                      0.069281    0.000053    5.112344 v fanout35/A (sky130_fd_sc_hd__clkbuf_4)
     9    0.043353    0.095716    0.207537    5.319881 v fanout35/X (sky130_fd_sc_hd__clkbuf_4)
                                                         net35 (net)
                      0.095716    0.000022    5.319903 v _145_/A (sky130_fd_sc_hd__inv_2)
     1    0.003821    0.037312    0.062381    5.382284 ^ _145_/Y (sky130_fd_sc_hd__inv_2)
                                                         _032_ (net)
                      0.037312    0.000004    5.382288 ^ _181_/RESET_B (sky130_fd_sc_hd__dfrtp_4)
                                              5.382288   data arrival time

                                 25.000000   25.000000   clock clk (rise edge)
                                  0.000000   25.000000   clock source latency
     1    0.011477    0.058009    0.038812   25.038811 ^ clk (in)
                                                         clk (net)
                      0.058010    0.000000   25.038811 ^ clkbuf_0_clk/A (sky130_fd_sc_hd__clkbuf_16)
     4    0.037194    0.057328    0.144682   25.183493 ^ clkbuf_0_clk/X (sky130_fd_sc_hd__clkbuf_16)
                                                         clknet_0_clk (net)
                      0.057328    0.000156   25.183649 ^ clkbuf_2_0__f_clk/A (sky130_fd_sc_hd__clkbuf_16)
    10    0.024745    0.046038    0.134525   25.318174 ^ clkbuf_2_0__f_clk/X (sky130_fd_sc_hd__clkbuf_16)
                                                         clknet_2_0__leaf_clk (net)
                      0.046038    0.000075   25.318249 ^ _181_/CLK (sky130_fd_sc_hd__dfrtp_4)
                                 -0.250000   25.068251   clock uncertainty
                                  0.000000   25.068251   clock reconvergence pessimism
                                  0.219980   25.288231   library recovery time
                                             25.288231   data required time
---------------------------------------------------------------------------------------------
                                             25.288231   data required time
                                             -5.382288   data arrival time
---------------------------------------------------------------------------------------------
                                             19.905943   slack (MET)


Startpoint: reset (input port clocked by clk)
Endpoint: _159_ (recovery check against rising-edge clock clk)
Path Group: asynchronous
Path Type: max

Fanout         Cap        Slew       Delay        Time   Description
---------------------------------------------------------------------------------------------
                                  0.000000    0.000000   clock clk (rise edge)
                                  0.000000    0.000000   clock network delay (propagated)
                                  5.000000    5.000000 v input external delay
     1    0.002494    0.007926    0.003896    5.003896 v reset (in)
                                                         reset (net)
                      0.007926    0.000000    5.003896 v input2/A (sky130_fd_sc_hd__buf_1)
     3    0.010878    0.069281    0.108395    5.112291 v input2/X (sky130_fd_sc_hd__buf_1)
                                                         net2 (net)
                      0.069281    0.000053    5.112344 v fanout35/A (sky130_fd_sc_hd__clkbuf_4)
     9    0.043353    0.095716    0.207537    5.319881 v fanout35/X (sky130_fd_sc_hd__clkbuf_4)
                                                         net35 (net)
                      0.095718    0.000528    5.320409 v _123_/A (sky130_fd_sc_hd__inv_2)
     1    0.004311    0.038067    0.064872    5.385281 ^ _123_/Y (sky130_fd_sc_hd__inv_2)
                                                         _010_ (net)
                      0.038067    0.000012    5.385293 ^ _159_/RESET_B (sky130_fd_sc_hd__dfrtp_1)
                                              5.385293   data arrival time

                                 25.000000   25.000000   clock clk (rise edge)
                                  0.000000   25.000000   clock source latency
     1    0.011477    0.058009    0.038812   25.038811 ^ clk (in)
                                                         clk (net)
                      0.058010    0.000000   25.038811 ^ clkbuf_0_clk/A (sky130_fd_sc_hd__clkbuf_16)
     4    0.037194    0.057328    0.144682   25.183493 ^ clkbuf_0_clk/X (sky130_fd_sc_hd__clkbuf_16)
                                                         clknet_0_clk (net)
                      0.057328    0.000155   25.183647 ^ clkbuf_2_2__f_clk/A (sky130_fd_sc_hd__clkbuf_16)
     8    0.022921    0.044389    0.132783   25.316431 ^ clkbuf_2_2__f_clk/X (sky130_fd_sc_hd__clkbuf_16)
                                                         clknet_2_2__leaf_clk (net)
                      0.044389    0.000073   25.316504 ^ _159_/CLK (sky130_fd_sc_hd__dfrtp_1)
                                 -0.250000   25.066504   clock uncertainty
                                  0.000000   25.066504   clock reconvergence pessimism
                                  0.231940   25.298445   library recovery time
                                             25.298445   data required time
---------------------------------------------------------------------------------------------
                                             25.298445   data required time
                                             -5.385293   data arrival time
---------------------------------------------------------------------------------------------
                                             19.913153   slack (MET)


Startpoint: reset (input port clocked by clk)
Endpoint: _160_ (recovery check against rising-edge clock clk)
Path Group: asynchronous
Path Type: max

Fanout         Cap        Slew       Delay        Time   Description
---------------------------------------------------------------------------------------------
                                  0.000000    0.000000   clock clk (rise edge)
                                  0.000000    0.000000   clock network delay (propagated)
                                  5.000000    5.000000 v input external delay
     1    0.002494    0.007926    0.003896    5.003896 v reset (in)
                                                         reset (net)
                      0.007926    0.000000    5.003896 v input2/A (sky130_fd_sc_hd__buf_1)
     3    0.010878    0.069281    0.108395    5.112291 v input2/X (sky130_fd_sc_hd__buf_1)
                                                         net2 (net)
                      0.069281    0.000053    5.112344 v fanout35/A (sky130_fd_sc_hd__clkbuf_4)
     9    0.043353    0.095716    0.207537    5.319881 v fanout35/X (sky130_fd_sc_hd__clkbuf_4)
                                                         net35 (net)
                      0.095717    0.000490    5.320371 v _124_/A (sky130_fd_sc_hd__inv_2)
     1    0.004182    0.037541    0.064214    5.384584 ^ _124_/Y (sky130_fd_sc_hd__inv_2)
                                                         _011_ (net)
                      0.037541    0.000012    5.384596 ^ _160_/RESET_B (sky130_fd_sc_hd__dfrtp_1)
                                              5.384596   data arrival time

                                 25.000000   25.000000   clock clk (rise edge)
                                  0.000000   25.000000   clock source latency
     1    0.011477    0.058009    0.038812   25.038811 ^ clk (in)
                                                         clk (net)
                      0.058010    0.000000   25.038811 ^ clkbuf_0_clk/A (sky130_fd_sc_hd__clkbuf_16)
     4    0.037194    0.057328    0.144682   25.183493 ^ clkbuf_0_clk/X (sky130_fd_sc_hd__clkbuf_16)
                                                         clknet_0_clk (net)
                      0.057328    0.000155   25.183647 ^ clkbuf_2_2__f_clk/A (sky130_fd_sc_hd__clkbuf_16)
     8    0.022921    0.044389    0.132783   25.316431 ^ clkbuf_2_2__f_clk/X (sky130_fd_sc_hd__clkbuf_16)
                                                         clknet_2_2__leaf_clk (net)
                      0.044389    0.000043   25.316473 ^ _160_/CLK (sky130_fd_sc_hd__dfrtp_1)
                                 -0.250000   25.066475   clock uncertainty
                                  0.000000   25.066475   clock reconvergence pessimism
                                  0.232076   25.298550   library recovery time
                                             25.298550   data required time
---------------------------------------------------------------------------------------------
                                             25.298550   data required time
                                             -5.384596   data arrival time
---------------------------------------------------------------------------------------------
                                             19.913954   slack (MET)


Startpoint: reset (input port clocked by clk)
Endpoint: _158_ (recovery check against rising-edge clock clk)
Path Group: asynchronous
Path Type: max

Fanout         Cap        Slew       Delay        Time   Description
---------------------------------------------------------------------------------------------
                                  0.000000    0.000000   clock clk (rise edge)
                                  0.000000    0.000000   clock network delay (propagated)
                                  5.000000    5.000000 v input external delay
     1    0.002494    0.007926    0.003896    5.003896 v reset (in)
                                                         reset (net)
                      0.007926    0.000000    5.003896 v input2/A (sky130_fd_sc_hd__buf_1)
     3    0.010878    0.069281    0.108395    5.112291 v input2/X (sky130_fd_sc_hd__buf_1)
                                                         net2 (net)
                      0.069281    0.000053    5.112344 v fanout35/A (sky130_fd_sc_hd__clkbuf_4)
     9    0.043353    0.095716    0.207537    5.319881 v fanout35/X (sky130_fd_sc_hd__clkbuf_4)
                                                         net35 (net)
                      0.095718    0.000577    5.320458 v _122_/A (sky130_fd_sc_hd__inv_2)
     1    0.004123    0.037305    0.063915    5.384373 ^ _122_/Y (sky130_fd_sc_hd__inv_2)
                                                         _009_ (net)
                      0.037305    0.000012    5.384385 ^ _158_/RESET_B (sky130_fd_sc_hd__dfrtp_1)
                                              5.384385   data arrival time

                                 25.000000   25.000000   clock clk (rise edge)
                                  0.000000   25.000000   clock source latency
     1    0.011477    0.058009    0.038812   25.038811 ^ clk (in)
                                                         clk (net)
                      0.058010    0.000000   25.038811 ^ clkbuf_0_clk/A (sky130_fd_sc_hd__clkbuf_16)
     4    0.037194    0.057328    0.144682   25.183493 ^ clkbuf_0_clk/X (sky130_fd_sc_hd__clkbuf_16)
                                                         clknet_0_clk (net)
                      0.057328    0.000155   25.183647 ^ clkbuf_2_2__f_clk/A (sky130_fd_sc_hd__clkbuf_16)
     8    0.022921    0.044389    0.132783   25.316431 ^ clkbuf_2_2__f_clk/X (sky130_fd_sc_hd__clkbuf_16)
                                                         clknet_2_2__leaf_clk (net)
                      0.044389    0.000076   25.316507 ^ _158_/CLK (sky130_fd_sc_hd__dfrtp_1)
                                 -0.250000   25.066507   clock uncertainty
                                  0.000000   25.066507   clock reconvergence pessimism
                                  0.232137   25.298645   library recovery time
                                             25.298645   data required time
---------------------------------------------------------------------------------------------
                                             25.298645   data required time
                                             -5.384385   data arrival time
---------------------------------------------------------------------------------------------
                                             19.914261   slack (MET)


Startpoint: reset (input port clocked by clk)
Endpoint: _155_ (recovery check against rising-edge clock clk)
Path Group: asynchronous
Path Type: max

Fanout         Cap        Slew       Delay        Time   Description
---------------------------------------------------------------------------------------------
                                  0.000000    0.000000   clock clk (rise edge)
                                  0.000000    0.000000   clock network delay (propagated)
                                  5.000000    5.000000 v input external delay
     1    0.002494    0.007926    0.003896    5.003896 v reset (in)
                                                         reset (net)
                      0.007926    0.000000    5.003896 v input2/A (sky130_fd_sc_hd__buf_1)
     3    0.010878    0.069281    0.108395    5.112291 v input2/X (sky130_fd_sc_hd__buf_1)
                                                         net2 (net)
                      0.069281    0.000053    5.112344 v fanout35/A (sky130_fd_sc_hd__clkbuf_4)
     9    0.043353    0.095716    0.207537    5.319881 v fanout35/X (sky130_fd_sc_hd__clkbuf_4)
                                                         net35 (net)
                      0.095719    0.000601    5.320482 v _119_/A (sky130_fd_sc_hd__inv_2)
     1    0.004013    0.038017    0.063362    5.383845 ^ _119_/Y (sky130_fd_sc_hd__inv_2)
                                                         _006_ (net)
                      0.038017    0.000008    5.383852 ^ _155_/RESET_B (sky130_fd_sc_hd__dfrtp_1)
                                              5.383852   data arrival time

                                 25.000000   25.000000   clock clk (rise edge)
                                  0.000000   25.000000   clock source latency
     1    0.011477    0.058009    0.038812   25.038811 ^ clk (in)
                                                         clk (net)
                      0.058010    0.000000   25.038811 ^ clkbuf_0_clk/A (sky130_fd_sc_hd__clkbuf_16)
     4    0.037194    0.057328    0.144682   25.183493 ^ clkbuf_0_clk/X (sky130_fd_sc_hd__clkbuf_16)
                                                         clknet_0_clk (net)
                      0.057328    0.000155   25.183647 ^ clkbuf_2_2__f_clk/A (sky130_fd_sc_hd__clkbuf_16)
     8    0.022921    0.044389    0.132783   25.316431 ^ clkbuf_2_2__f_clk/X (sky130_fd_sc_hd__clkbuf_16)
                                                         clknet_2_2__leaf_clk (net)
                      0.044389    0.000041   25.316471 ^ _155_/CLK (sky130_fd_sc_hd__dfrtp_1)
                                 -0.250000   25.066473   clock uncertainty
                                  0.000000   25.066473   clock reconvergence pessimism
                                  0.231953   25.298426   library recovery time
                                             25.298426   data required time
---------------------------------------------------------------------------------------------
                                             25.298426   data required time
                                             -5.383852   data arrival time
---------------------------------------------------------------------------------------------
                                             19.914574   slack (MET)


Startpoint: reset (input port clocked by clk)
Endpoint: _156_ (recovery check against rising-edge clock clk)
Path Group: asynchronous
Path Type: max

Fanout         Cap        Slew       Delay        Time   Description
---------------------------------------------------------------------------------------------
                                  0.000000    0.000000   clock clk (rise edge)
                                  0.000000    0.000000   clock network delay (propagated)
                                  5.000000    5.000000 v input external delay
     1    0.002494    0.007926    0.003896    5.003896 v reset (in)
                                                         reset (net)
                      0.007926    0.000000    5.003896 v input2/A (sky130_fd_sc_hd__buf_1)
     3    0.010878    0.069281    0.108395    5.112291 v input2/X (sky130_fd_sc_hd__buf_1)
                                                         net2 (net)
                      0.069281    0.000053    5.112344 v fanout35/A (sky130_fd_sc_hd__clkbuf_4)
     9    0.043353    0.095716    0.207537    5.319881 v fanout35/X (sky130_fd_sc_hd__clkbuf_4)
                                                         net35 (net)
                      0.095718    0.000577    5.320458 v _120_/A (sky130_fd_sc_hd__inv_2)
     1    0.003995    0.037948    0.063266    5.383724 ^ _120_/Y (sky130_fd_sc_hd__inv_2)
                                                         _007_ (net)
                      0.037948    0.000006    5.383730 ^ _156_/RESET_B (sky130_fd_sc_hd__dfrtp_1)
                                              5.383730   data arrival time

                                 25.000000   25.000000   clock clk (rise edge)
                                  0.000000   25.000000   clock source latency
     1    0.011477    0.058009    0.038812   25.038811 ^ clk (in)
                                                         clk (net)
                      0.058010    0.000000   25.038811 ^ clkbuf_0_clk/A (sky130_fd_sc_hd__clkbuf_16)
     4    0.037194    0.057328    0.144682   25.183493 ^ clkbuf_0_clk/X (sky130_fd_sc_hd__clkbuf_16)
                                                         clknet_0_clk (net)
                      0.057328    0.000155   25.183647 ^ clkbuf_2_2__f_clk/A (sky130_fd_sc_hd__clkbuf_16)
     8    0.022921    0.044389    0.132783   25.316431 ^ clkbuf_2_2__f_clk/X (sky130_fd_sc_hd__clkbuf_16)
                                                         clknet_2_2__leaf_clk (net)
                      0.044389    0.000025   25.316456 ^ _156_/CLK (sky130_fd_sc_hd__dfrtp_1)
                                 -0.250000   25.066456   clock uncertainty
                                  0.000000   25.066456   clock reconvergence pessimism
                                  0.231971   25.298428   library recovery time
                                             25.298428   data required time
---------------------------------------------------------------------------------------------
                                             25.298428   data required time
                                             -5.383730   data arrival time
---------------------------------------------------------------------------------------------
                                             19.914696   slack (MET)


Startpoint: reset (input port clocked by clk)
Endpoint: _174_ (recovery check against rising-edge clock clk)
Path Group: asynchronous
Path Type: max

Fanout         Cap        Slew       Delay        Time   Description
---------------------------------------------------------------------------------------------
                                  0.000000    0.000000   clock clk (rise edge)
                                  0.000000    0.000000   clock network delay (propagated)
                                  5.000000    5.000000 v input external delay
     1    0.002494    0.007926    0.003896    5.003896 v reset (in)
                                                         reset (net)
                      0.007926    0.000000    5.003896 v input2/A (sky130_fd_sc_hd__buf_1)
     3    0.010878    0.069281    0.108395    5.112291 v input2/X (sky130_fd_sc_hd__buf_1)
                                                         net2 (net)
                      0.069281    0.000053    5.112344 v fanout35/A (sky130_fd_sc_hd__clkbuf_4)
     9    0.043353    0.095716    0.207537    5.319881 v fanout35/X (sky130_fd_sc_hd__clkbuf_4)
                                                         net35 (net)
                      0.095718    0.000538    5.320419 v _138_/A (sky130_fd_sc_hd__inv_2)
     1    0.003997    0.037957    0.063277    5.383697 ^ _138_/Y (sky130_fd_sc_hd__inv_2)
                                                         _025_ (net)
                      0.037957    0.000006    5.383703 ^ _174_/RESET_B (sky130_fd_sc_hd__dfrtp_1)
                                              5.383703   data arrival time

                                 25.000000   25.000000   clock clk (rise edge)
                                  0.000000   25.000000   clock source latency
     1    0.011477    0.058009    0.038812   25.038811 ^ clk (in)
                                                         clk (net)
                      0.058010    0.000000   25.038811 ^ clkbuf_0_clk/A (sky130_fd_sc_hd__clkbuf_16)
     4    0.037194    0.057328    0.144682   25.183493 ^ clkbuf_0_clk/X (sky130_fd_sc_hd__clkbuf_16)
                                                         clknet_0_clk (net)
                      0.057328    0.000155   25.183647 ^ clkbuf_2_2__f_clk/A (sky130_fd_sc_hd__clkbuf_16)
     8    0.022921    0.044389    0.132783   25.316431 ^ clkbuf_2_2__f_clk/X (sky130_fd_sc_hd__clkbuf_16)
                                                         clknet_2_2__leaf_clk (net)
                      0.044389    0.000025   25.316456 ^ _174_/CLK (sky130_fd_sc_hd__dfrtp_1)
                                 -0.250000   25.066456   clock uncertainty
                                  0.000000   25.066456   clock reconvergence pessimism
                                  0.231969   25.298426   library recovery time
                                             25.298426   data required time
---------------------------------------------------------------------------------------------
                                             25.298426   data required time
                                             -5.383703   data arrival time
---------------------------------------------------------------------------------------------
                                             19.914722   slack (MET)


Startpoint: reset (input port clocked by clk)
Endpoint: _177_ (recovery check against rising-edge clock clk)
Path Group: asynchronous
Path Type: max

Fanout         Cap        Slew       Delay        Time   Description
---------------------------------------------------------------------------------------------
                                  0.000000    0.000000   clock clk (rise edge)
                                  0.000000    0.000000   clock network delay (propagated)
                                  5.000000    5.000000 v input external delay
     1    0.002494    0.007926    0.003896    5.003896 v reset (in)
                                                         reset (net)
                      0.007926    0.000000    5.003896 v input2/A (sky130_fd_sc_hd__buf_1)
     3    0.010878    0.069281    0.108395    5.112291 v input2/X (sky130_fd_sc_hd__buf_1)
                                                         net2 (net)
                      0.069281    0.000064    5.112354 v fanout37/A (sky130_fd_sc_hd__clkbuf_4)
     8    0.039169    0.088092    0.201337    5.313691 v fanout37/X (sky130_fd_sc_hd__clkbuf_4)
                                                         net37 (net)
                      0.088092    0.000214    5.313905 v _141_/A (sky130_fd_sc_hd__inv_2)
     1    0.004059    0.036517    0.060840    5.374744 ^ _141_/Y (sky130_fd_sc_hd__inv_2)
                                                         _028_ (net)
                      0.036517    0.000008    5.374753 ^ _177_/RESET_B (sky130_fd_sc_hd__dfrtp_4)
                                              5.374753   data arrival time

                                 25.000000   25.000000   clock clk (rise edge)
                                  0.000000   25.000000   clock source latency
     1    0.011477    0.058009    0.038812   25.038811 ^ clk (in)
                                                         clk (net)
                      0.058010    0.000000   25.038811 ^ clkbuf_0_clk/A (sky130_fd_sc_hd__clkbuf_16)
     4    0.037194    0.057328    0.144682   25.183493 ^ clkbuf_0_clk/X (sky130_fd_sc_hd__clkbuf_16)
                                                         clknet_0_clk (net)
                      0.057328    0.000155   25.183647 ^ clkbuf_2_3__f_clk/A (sky130_fd_sc_hd__clkbuf_16)
    11    0.025910    0.047101    0.135655   25.319304 ^ clkbuf_2_3__f_clk/X (sky130_fd_sc_hd__clkbuf_16)
                                                         clknet_2_3__leaf_clk (net)
                      0.047101    0.000050   25.319353 ^ _177_/CLK (sky130_fd_sc_hd__dfrtp_4)
                                 -0.250000   25.069353   clock uncertainty
                                  0.000000   25.069353   clock reconvergence pessimism
                                  0.220565   25.289919   library recovery time
                                             25.289919   data required time
---------------------------------------------------------------------------------------------
                                             25.289919   data required time
                                             -5.374753   data arrival time
---------------------------------------------------------------------------------------------
                                             19.915165   slack (MET)


Startpoint: reset (input port clocked by clk)
Endpoint: _157_ (recovery check against rising-edge clock clk)
Path Group: asynchronous
Path Type: max

Fanout         Cap        Slew       Delay        Time   Description
---------------------------------------------------------------------------------------------
                                  0.000000    0.000000   clock clk (rise edge)
                                  0.000000    0.000000   clock network delay (propagated)
                                  5.000000    5.000000 v input external delay
     1    0.002494    0.007926    0.003896    5.003896 v reset (in)
                                                         reset (net)
                      0.007926    0.000000    5.003896 v input2/A (sky130_fd_sc_hd__buf_1)
     3    0.010878    0.069281    0.108395    5.112291 v input2/X (sky130_fd_sc_hd__buf_1)
                                                         net2 (net)
                      0.069281    0.000053    5.112344 v fanout35/A (sky130_fd_sc_hd__clkbuf_4)
     9    0.043353    0.095716    0.207537    5.319881 v fanout35/X (sky130_fd_sc_hd__clkbuf_4)
                                                         net35 (net)
                      0.095718    0.000581    5.320462 v _121_/A (sky130_fd_sc_hd__inv_2)
     1    0.003904    0.037617    0.062805    5.383268 ^ _121_/Y (sky130_fd_sc_hd__inv_2)
                                                         _008_ (net)
                      0.037617    0.000007    5.383275 ^ _157_/RESET_B (sky130_fd_sc_hd__dfrtp_1)
                                              5.383275   data arrival time

                                 25.000000   25.000000   clock clk (rise edge)
                                  0.000000   25.000000   clock source latency
     1    0.011477    0.058009    0.038812   25.038811 ^ clk (in)
                                                         clk (net)
                      0.058010    0.000000   25.038811 ^ clkbuf_0_clk/A (sky130_fd_sc_hd__clkbuf_16)
     4    0.037194    0.057328    0.144682   25.183493 ^ clkbuf_0_clk/X (sky130_fd_sc_hd__clkbuf_16)
                                                         clknet_0_clk (net)
                      0.057328    0.000155   25.183647 ^ clkbuf_2_2__f_clk/A (sky130_fd_sc_hd__clkbuf_16)
     8    0.022921    0.044389    0.132783   25.316431 ^ clkbuf_2_2__f_clk/X (sky130_fd_sc_hd__clkbuf_16)
                                                         clknet_2_2__leaf_clk (net)
                      0.044389    0.000050   25.316481 ^ _157_/CLK (sky130_fd_sc_hd__dfrtp_1)
                                 -0.250000   25.066481   clock uncertainty
                                  0.000000   25.066481   clock reconvergence pessimism
                                  0.232056   25.298538   library recovery time
                                             25.298538   data required time
---------------------------------------------------------------------------------------------
                                             25.298538   data required time
                                             -5.383275   data arrival time
---------------------------------------------------------------------------------------------
                                             19.915262   slack (MET)


Startpoint: reset (input port clocked by clk)
Endpoint: _178_ (recovery check against rising-edge clock clk)
Path Group: asynchronous
Path Type: max

Fanout         Cap        Slew       Delay        Time   Description
---------------------------------------------------------------------------------------------
                                  0.000000    0.000000   clock clk (rise edge)
                                  0.000000    0.000000   clock network delay (propagated)
                                  5.000000    5.000000 v input external delay
     1    0.002494    0.007926    0.003896    5.003896 v reset (in)
                                                         reset (net)
                      0.007926    0.000000    5.003896 v input2/A (sky130_fd_sc_hd__buf_1)
     3    0.010878    0.069281    0.108395    5.112291 v input2/X (sky130_fd_sc_hd__buf_1)
                                                         net2 (net)
                      0.069281    0.000064    5.112354 v fanout37/A (sky130_fd_sc_hd__clkbuf_4)
     8    0.039169    0.088092    0.201337    5.313691 v fanout37/X (sky130_fd_sc_hd__clkbuf_4)
                                                         net37 (net)
                      0.088092    0.000209    5.313900 v _142_/A (sky130_fd_sc_hd__inv_2)
     1    0.003950    0.036126    0.060311    5.374211 ^ _142_/Y (sky130_fd_sc_hd__inv_2)
                                                         _029_ (net)
                      0.036126    0.000008    5.374218 ^ _178_/RESET_B (sky130_fd_sc_hd__dfrtp_4)
                                              5.374218   data arrival time

                                 25.000000   25.000000   clock clk (rise edge)
                                  0.000000   25.000000   clock source latency
     1    0.011477    0.058009    0.038812   25.038811 ^ clk (in)
                                                         clk (net)
                      0.058010    0.000000   25.038811 ^ clkbuf_0_clk/A (sky130_fd_sc_hd__clkbuf_16)
     4    0.037194    0.057328    0.144682   25.183493 ^ clkbuf_0_clk/X (sky130_fd_sc_hd__clkbuf_16)
                                                         clknet_0_clk (net)
                      0.057328    0.000155   25.183647 ^ clkbuf_2_3__f_clk/A (sky130_fd_sc_hd__clkbuf_16)
    11    0.025910    0.047101    0.135655   25.319304 ^ clkbuf_2_3__f_clk/X (sky130_fd_sc_hd__clkbuf_16)
                                                         clknet_2_3__leaf_clk (net)
                      0.047101    0.000037   25.319340 ^ _178_/CLK (sky130_fd_sc_hd__dfrtp_4)
                                 -0.250000   25.069342   clock uncertainty
                                  0.000000   25.069342   clock reconvergence pessimism
                                  0.220692   25.290031   library recovery time
                                             25.290031   data required time
---------------------------------------------------------------------------------------------
                                             25.290031   data required time
                                             -5.374218   data arrival time
---------------------------------------------------------------------------------------------
                                             19.915813   slack (MET)


Startpoint: reset (input port clocked by clk)
Endpoint: _183_ (recovery check against rising-edge clock clk)
Path Group: asynchronous
Path Type: max

Fanout         Cap        Slew       Delay        Time   Description
---------------------------------------------------------------------------------------------
                                  0.000000    0.000000   clock clk (rise edge)
                                  0.000000    0.000000   clock network delay (propagated)
                                  5.000000    5.000000 v input external delay
     1    0.002494    0.007926    0.003896    5.003896 v reset (in)
                                                         reset (net)
                      0.007926    0.000000    5.003896 v input2/A (sky130_fd_sc_hd__buf_1)
     3    0.010878    0.069281    0.108395    5.112291 v input2/X (sky130_fd_sc_hd__buf_1)
                                                         net2 (net)
                      0.069281    0.000064    5.112354 v fanout37/A (sky130_fd_sc_hd__clkbuf_4)
     8    0.039169    0.088092    0.201337    5.313691 v fanout37/X (sky130_fd_sc_hd__clkbuf_4)
                                                         net37 (net)
                      0.088092    0.000178    5.313869 v _147_/A (sky130_fd_sc_hd__inv_2)
     1    0.004254    0.036164    0.061776    5.375645 ^ _147_/Y (sky130_fd_sc_hd__inv_2)
                                                         _034_ (net)
                      0.036164    0.000015    5.375659 ^ _183_/RESET_B (sky130_fd_sc_hd__dfrtp_1)
                                              5.375659   data arrival time

                                 25.000000   25.000000   clock clk (rise edge)
                                  0.000000   25.000000   clock source latency
     1    0.011477    0.058009    0.038812   25.038811 ^ clk (in)
                                                         clk (net)
                      0.058010    0.000000   25.038811 ^ clkbuf_0_clk/A (sky130_fd_sc_hd__clkbuf_16)
     4    0.037194    0.057328    0.144682   25.183493 ^ clkbuf_0_clk/X (sky130_fd_sc_hd__clkbuf_16)
                                                         clknet_0_clk (net)
                      0.057328    0.000155   25.183647 ^ clkbuf_2_3__f_clk/A (sky130_fd_sc_hd__clkbuf_16)
    11    0.025910    0.047101    0.135655   25.319304 ^ clkbuf_2_3__f_clk/X (sky130_fd_sc_hd__clkbuf_16)
                                                         clknet_2_3__leaf_clk (net)
                      0.047101    0.000064   25.319366 ^ _183_/CLK (sky130_fd_sc_hd__dfrtp_1)
                                 -0.250000   25.069368   clock uncertainty
                                  0.000000   25.069368   clock reconvergence pessimism
                                  0.233263   25.302629   library recovery time
                                             25.302629   data required time
---------------------------------------------------------------------------------------------
                                             25.302629   data required time
                                             -5.375659   data arrival time
---------------------------------------------------------------------------------------------
                                             19.926971   slack (MET)


Startpoint: reset (input port clocked by clk)
Endpoint: _172_ (recovery check against rising-edge clock clk)
Path Group: asynchronous
Path Type: max

Fanout         Cap        Slew       Delay        Time   Description
---------------------------------------------------------------------------------------------
                                  0.000000    0.000000   clock clk (rise edge)
                                  0.000000    0.000000   clock network delay (propagated)
                                  5.000000    5.000000 v input external delay
     1    0.002494    0.007926    0.003896    5.003896 v reset (in)
                                                         reset (net)
                      0.007926    0.000000    5.003896 v input2/A (sky130_fd_sc_hd__buf_1)
     3    0.010878    0.069281    0.108395    5.112291 v input2/X (sky130_fd_sc_hd__buf_1)
                                                         net2 (net)
                      0.069281    0.000064    5.112354 v fanout37/A (sky130_fd_sc_hd__clkbuf_4)
     8    0.039169    0.088092    0.201337    5.313691 v fanout37/X (sky130_fd_sc_hd__clkbuf_4)
                                                         net37 (net)
                      0.088092    0.000028    5.313719 v _136_/A (sky130_fd_sc_hd__inv_2)
     1    0.004174    0.035853    0.061390    5.375110 ^ _136_/Y (sky130_fd_sc_hd__inv_2)
                                                         _023_ (net)
                      0.035853    0.000011    5.375121 ^ _172_/RESET_B (sky130_fd_sc_hd__dfrtp_1)
                                              5.375121   data arrival time

                                 25.000000   25.000000   clock clk (rise edge)
                                  0.000000   25.000000   clock source latency
     1    0.011477    0.058009    0.038812   25.038811 ^ clk (in)
                                                         clk (net)
                      0.058010    0.000000   25.038811 ^ clkbuf_0_clk/A (sky130_fd_sc_hd__clkbuf_16)
     4    0.037194    0.057328    0.144682   25.183493 ^ clkbuf_0_clk/X (sky130_fd_sc_hd__clkbuf_16)
                                                         clknet_0_clk (net)
                      0.057328    0.000155   25.183647 ^ clkbuf_2_3__f_clk/A (sky130_fd_sc_hd__clkbuf_16)
    11    0.025910    0.047101    0.135655   25.319304 ^ clkbuf_2_3__f_clk/X (sky130_fd_sc_hd__clkbuf_16)
                                                         clknet_2_3__leaf_clk (net)
                      0.047101    0.000039   25.319342 ^ _172_/CLK (sky130_fd_sc_hd__dfrtp_1)
                                 -0.250000   25.069344   clock uncertainty
                                  0.000000   25.069344   clock reconvergence pessimism
                                  0.233344   25.302687   library recovery time
                                             25.302687   data required time
---------------------------------------------------------------------------------------------
                                             25.302687   data required time
                                             -5.375121   data arrival time
---------------------------------------------------------------------------------------------
                                             19.927567   slack (MET)


Startpoint: reset (input port clocked by clk)
Endpoint: _170_ (recovery check against rising-edge clock clk)
Path Group: asynchronous
Path Type: max

Fanout         Cap        Slew       Delay        Time   Description
---------------------------------------------------------------------------------------------
                                  0.000000    0.000000   clock clk (rise edge)
                                  0.000000    0.000000   clock network delay (propagated)
                                  5.000000    5.000000 v input external delay
     1    0.002494    0.007926    0.003896    5.003896 v reset (in)
                                                         reset (net)
                      0.007926    0.000000    5.003896 v input2/A (sky130_fd_sc_hd__buf_1)
     3    0.010878    0.069281    0.108395    5.112291 v input2/X (sky130_fd_sc_hd__buf_1)
                                                         net2 (net)
                      0.069281    0.000064    5.112354 v fanout37/A (sky130_fd_sc_hd__clkbuf_4)
     8    0.039169    0.088092    0.201337    5.313691 v fanout37/X (sky130_fd_sc_hd__clkbuf_4)
                                                         net37 (net)
                      0.088092    0.000087    5.313777 v _134_/A (sky130_fd_sc_hd__inv_2)
     1    0.004013    0.036355    0.060620    5.374398 ^ _134_/Y (sky130_fd_sc_hd__inv_2)
                                                         _021_ (net)
                      0.036355    0.000008    5.374405 ^ _170_/RESET_B (sky130_fd_sc_hd__dfrtp_1)
                                              5.374405   data arrival time

                                 25.000000   25.000000   clock clk (rise edge)
                                  0.000000   25.000000   clock source latency
     1    0.011477    0.058009    0.038812   25.038811 ^ clk (in)
                                                         clk (net)
                      0.058010    0.000000   25.038811 ^ clkbuf_0_clk/A (sky130_fd_sc_hd__clkbuf_16)
     4    0.037194    0.057328    0.144682   25.183493 ^ clkbuf_0_clk/X (sky130_fd_sc_hd__clkbuf_16)
                                                         clknet_0_clk (net)
                      0.057328    0.000155   25.183647 ^ clkbuf_2_3__f_clk/A (sky130_fd_sc_hd__clkbuf_16)
    11    0.025910    0.047101    0.135655   25.319304 ^ clkbuf_2_3__f_clk/X (sky130_fd_sc_hd__clkbuf_16)
                                                         clknet_2_3__leaf_clk (net)
                      0.047101    0.000043   25.319345 ^ _170_/CLK (sky130_fd_sc_hd__dfrtp_1)
                                 -0.250000   25.069345   clock uncertainty
                                  0.000000   25.069345   clock reconvergence pessimism
                                  0.233214   25.302561   library recovery time
                                             25.302561   data required time
---------------------------------------------------------------------------------------------
                                             25.302561   data required time
                                             -5.374405   data arrival time
---------------------------------------------------------------------------------------------
                                             19.928156   slack (MET)


Startpoint: reset (input port clocked by clk)
Endpoint: _169_ (recovery check against rising-edge clock clk)
Path Group: asynchronous
Path Type: max

Fanout         Cap        Slew       Delay        Time   Description
---------------------------------------------------------------------------------------------
                                  0.000000    0.000000   clock clk (rise edge)
                                  0.000000    0.000000   clock network delay (propagated)
                                  5.000000    5.000000 v input external delay
     1    0.002494    0.007926    0.003896    5.003896 v reset (in)
                                                         reset (net)
                      0.007926    0.000000    5.003896 v input2/A (sky130_fd_sc_hd__buf_1)
     3    0.010878    0.069281    0.108395    5.112291 v input2/X (sky130_fd_sc_hd__buf_1)
                                                         net2 (net)
                      0.069281    0.000064    5.112354 v fanout37/A (sky130_fd_sc_hd__clkbuf_4)
     8    0.039169    0.088092    0.201337    5.313691 v fanout37/X (sky130_fd_sc_hd__clkbuf_4)
                                                         net37 (net)
                      0.088092    0.000227    5.313918 v _133_/A (sky130_fd_sc_hd__inv_2)
     1    0.003944    0.036108    0.060286    5.374204 ^ _133_/Y (sky130_fd_sc_hd__inv_2)
                                                         _020_ (net)
                      0.036108    0.000008    5.374212 ^ _169_/RESET_B (sky130_fd_sc_hd__dfrtp_1)
                                              5.374212   data arrival time

                                 25.000000   25.000000   clock clk (rise edge)
                                  0.000000   25.000000   clock source latency
     1    0.011477    0.058009    0.038812   25.038811 ^ clk (in)
                                                         clk (net)
                      0.058010    0.000000   25.038811 ^ clkbuf_0_clk/A (sky130_fd_sc_hd__clkbuf_16)
     4    0.037194    0.057328    0.144682   25.183493 ^ clkbuf_0_clk/X (sky130_fd_sc_hd__clkbuf_16)
                                                         clknet_0_clk (net)
                      0.057328    0.000155   25.183647 ^ clkbuf_2_3__f_clk/A (sky130_fd_sc_hd__clkbuf_16)
    11    0.025910    0.047101    0.135655   25.319304 ^ clkbuf_2_3__f_clk/X (sky130_fd_sc_hd__clkbuf_16)
                                                         clknet_2_3__leaf_clk (net)
                      0.047101    0.000053   25.319357 ^ _169_/CLK (sky130_fd_sc_hd__dfrtp_1)
                                 -0.250000   25.069357   clock uncertainty
                                  0.000000   25.069357   clock reconvergence pessimism
                                  0.233278   25.302635   library recovery time
                                             25.302635   data required time
---------------------------------------------------------------------------------------------
                                             25.302635   data required time
                                             -5.374212   data arrival time
---------------------------------------------------------------------------------------------
                                             19.928425   slack (MET)


Startpoint: reset (input port clocked by clk)
Endpoint: _182_ (recovery check against rising-edge clock clk)
Path Group: asynchronous
Path Type: max

Fanout         Cap        Slew       Delay        Time   Description
---------------------------------------------------------------------------------------------
                                  0.000000    0.000000   clock clk (rise edge)
                                  0.000000    0.000000   clock network delay (propagated)
                                  5.000000    5.000000 v input external delay
     1    0.002494    0.007926    0.003896    5.003896 v reset (in)
                                                         reset (net)
                      0.007926    0.000000    5.003896 v input2/A (sky130_fd_sc_hd__buf_1)
     3    0.010878    0.069281    0.108395    5.112291 v input2/X (sky130_fd_sc_hd__buf_1)
                                                         net2 (net)
                      0.069281    0.000064    5.112354 v fanout37/A (sky130_fd_sc_hd__clkbuf_4)
     8    0.039169    0.088092    0.201337    5.313691 v fanout37/X (sky130_fd_sc_hd__clkbuf_4)
                                                         net37 (net)
                      0.088092    0.000173    5.313864 v _146_/A (sky130_fd_sc_hd__inv_2)
     1    0.003895    0.035930    0.060047    5.373911 ^ _146_/Y (sky130_fd_sc_hd__inv_2)
                                                         _033_ (net)
                      0.035930    0.000006    5.373917 ^ _182_/RESET_B (sky130_fd_sc_hd__dfrtp_1)
                                              5.373917   data arrival time

                                 25.000000   25.000000   clock clk (rise edge)
                                  0.000000   25.000000   clock source latency
     1    0.011477    0.058009    0.038812   25.038811 ^ clk (in)
                                                         clk (net)
                      0.058010    0.000000   25.038811 ^ clkbuf_0_clk/A (sky130_fd_sc_hd__clkbuf_16)
     4    0.037194    0.057328    0.144682   25.183493 ^ clkbuf_0_clk/X (sky130_fd_sc_hd__clkbuf_16)
                                                         clknet_0_clk (net)
                      0.057328    0.000155   25.183647 ^ clkbuf_2_3__f_clk/A (sky130_fd_sc_hd__clkbuf_16)
    11    0.025910    0.047101    0.135655   25.319304 ^ clkbuf_2_3__f_clk/X (sky130_fd_sc_hd__clkbuf_16)
                                                         clknet_2_3__leaf_clk (net)
                      0.047101    0.000059   25.319361 ^ _182_/CLK (sky130_fd_sc_hd__dfrtp_1)
                                 -0.250000   25.069363   clock uncertainty
                                  0.000000   25.069363   clock reconvergence pessimism
                                  0.233323   25.302685   library recovery time
                                             25.302685   data required time
---------------------------------------------------------------------------------------------
                                             25.302685   data required time
                                             -5.373917   data arrival time
---------------------------------------------------------------------------------------------
                                             19.928768   slack (MET)


Startpoint: reset (input port clocked by clk)
Endpoint: _171_ (recovery check against rising-edge clock clk)
Path Group: asynchronous
Path Type: max

Fanout         Cap        Slew       Delay        Time   Description
---------------------------------------------------------------------------------------------
                                  0.000000    0.000000   clock clk (rise edge)
                                  0.000000    0.000000   clock network delay (propagated)
                                  5.000000    5.000000 v input external delay
     1    0.002494    0.007926    0.003896    5.003896 v reset (in)
                                                         reset (net)
                      0.007926    0.000000    5.003896 v input2/A (sky130_fd_sc_hd__buf_1)
     3    0.010878    0.069281    0.108395    5.112291 v input2/X (sky130_fd_sc_hd__buf_1)
                                                         net2 (net)
                      0.069281    0.000064    5.112354 v fanout37/A (sky130_fd_sc_hd__clkbuf_4)
     8    0.039169    0.088092    0.201337    5.313691 v fanout37/X (sky130_fd_sc_hd__clkbuf_4)
                                                         net37 (net)
                      0.088092    0.000029    5.313720 v _135_/A (sky130_fd_sc_hd__inv_2)
     1    0.003904    0.035964    0.060091    5.373811 ^ _135_/Y (sky130_fd_sc_hd__inv_2)
                                                         _022_ (net)
                      0.035964    0.000007    5.373818 ^ _171_/RESET_B (sky130_fd_sc_hd__dfrtp_1)
                                              5.373818   data arrival time

                                 25.000000   25.000000   clock clk (rise edge)
                                  0.000000   25.000000   clock source latency
     1    0.011477    0.058009    0.038812   25.038811 ^ clk (in)
                                                         clk (net)
                      0.058010    0.000000   25.038811 ^ clkbuf_0_clk/A (sky130_fd_sc_hd__clkbuf_16)
     4    0.037194    0.057328    0.144682   25.183493 ^ clkbuf_0_clk/X (sky130_fd_sc_hd__clkbuf_16)
                                                         clknet_0_clk (net)
                      0.057328    0.000155   25.183647 ^ clkbuf_2_3__f_clk/A (sky130_fd_sc_hd__clkbuf_16)
    11    0.025910    0.047101    0.135655   25.319304 ^ clkbuf_2_3__f_clk/X (sky130_fd_sc_hd__clkbuf_16)
                                                         clknet_2_3__leaf_clk (net)
                      0.047101    0.000044   25.319347 ^ _171_/CLK (sky130_fd_sc_hd__dfrtp_1)
                                 -0.250000   25.069347   clock uncertainty
                                  0.000000   25.069347   clock reconvergence pessimism
                                  0.233315   25.302664   library recovery time
                                             25.302664   data required time
---------------------------------------------------------------------------------------------
                                             25.302664   data required time
                                             -5.373818   data arrival time
---------------------------------------------------------------------------------------------
                                             19.928844   slack (MET)


Startpoint: reset (input port clocked by clk)
Endpoint: _149_ (recovery check against rising-edge clock clk)
Path Group: asynchronous
Path Type: max

Fanout         Cap        Slew       Delay        Time   Description
---------------------------------------------------------------------------------------------
                                  0.000000    0.000000   clock clk (rise edge)
                                  0.000000    0.000000   clock network delay (propagated)
                                  5.000000    5.000000 v input external delay
     1    0.002494    0.007926    0.003896    5.003896 v reset (in)
                                                         reset (net)
                      0.007926    0.000000    5.003896 v input2/A (sky130_fd_sc_hd__buf_1)
     3    0.010878    0.069281    0.108395    5.112291 v input2/X (sky130_fd_sc_hd__buf_1)
                                                         net2 (net)
                      0.069281    0.000032    5.112323 v fanout36/A (sky130_fd_sc_hd__buf_4)
    10    0.050056    0.076831    0.196491    5.308814 v fanout36/X (sky130_fd_sc_hd__buf_4)
                                                         net36 (net)
                      0.076831    0.000151    5.308965 v _051_/A (sky130_fd_sc_hd__inv_2)
     1    0.004382    0.034161    0.058179    5.367143 ^ _051_/Y (sky130_fd_sc_hd__inv_2)
                                                         _000_ (net)
                      0.034161    0.000015    5.367158 ^ _149_/RESET_B (sky130_fd_sc_hd__dfrtp_1)
                                              5.367158   data arrival time

                                 25.000000   25.000000   clock clk (rise edge)
                                  0.000000   25.000000   clock source latency
     1    0.011477    0.058009    0.038812   25.038811 ^ clk (in)
                                                         clk (net)
                      0.058010    0.000000   25.038811 ^ clkbuf_0_clk/A (sky130_fd_sc_hd__clkbuf_16)
     4    0.037194    0.057328    0.144682   25.183493 ^ clkbuf_0_clk/X (sky130_fd_sc_hd__clkbuf_16)
                                                         clknet_0_clk (net)
                      0.057328    0.000142   25.183636 ^ clkbuf_2_1__f_clk/A (sky130_fd_sc_hd__clkbuf_16)
    10    0.023481    0.044888    0.133324   25.316959 ^ clkbuf_2_1__f_clk/X (sky130_fd_sc_hd__clkbuf_16)
                                                         clknet_2_1__leaf_clk (net)
                      0.044888    0.000009   25.316969 ^ _149_/CLK (sky130_fd_sc_hd__dfrtp_1)
                                 -0.250000   25.066969   clock uncertainty
                                  0.000000   25.066969   clock reconvergence pessimism
                                  0.233104   25.300074   library recovery time
                                             25.300074   data required time
---------------------------------------------------------------------------------------------
                                             25.300074   data required time
                                             -5.367158   data arrival time
---------------------------------------------------------------------------------------------
                                             19.932917   slack (MET)


Startpoint: reset (input port clocked by clk)
Endpoint: _184_ (recovery check against rising-edge clock clk)
Path Group: asynchronous
Path Type: max

Fanout         Cap        Slew       Delay        Time   Description
---------------------------------------------------------------------------------------------
                                  0.000000    0.000000   clock clk (rise edge)
                                  0.000000    0.000000   clock network delay (propagated)
                                  5.000000    5.000000 v input external delay
     1    0.002494    0.007926    0.003896    5.003896 v reset (in)
                                                         reset (net)
                      0.007926    0.000000    5.003896 v input2/A (sky130_fd_sc_hd__buf_1)
     3    0.010878    0.069281    0.108395    5.112291 v input2/X (sky130_fd_sc_hd__buf_1)
                                                         net2 (net)
                      0.069281    0.000032    5.112323 v fanout36/A (sky130_fd_sc_hd__buf_4)
    10    0.050056    0.076831    0.196491    5.308814 v fanout36/X (sky130_fd_sc_hd__buf_4)
                                                         net36 (net)
                      0.076831    0.000165    5.308979 v _148_/A (sky130_fd_sc_hd__inv_2)
     1    0.004370    0.034117    0.058137    5.367116 ^ _148_/Y (sky130_fd_sc_hd__inv_2)
                                                         _035_ (net)
                      0.034117    0.000014    5.367130 ^ _184_/RESET_B (sky130_fd_sc_hd__dfrtp_1)
                                              5.367130   data arrival time

                                 25.000000   25.000000   clock clk (rise edge)
                                  0.000000   25.000000   clock source latency
     1    0.011477    0.058009    0.038812   25.038811 ^ clk (in)
                                                         clk (net)
                      0.058010    0.000000   25.038811 ^ clkbuf_0_clk/A (sky130_fd_sc_hd__clkbuf_16)
     4    0.037194    0.057328    0.144682   25.183493 ^ clkbuf_0_clk/X (sky130_fd_sc_hd__clkbuf_16)
                                                         clknet_0_clk (net)
                      0.057328    0.000142   25.183636 ^ clkbuf_2_1__f_clk/A (sky130_fd_sc_hd__clkbuf_16)
    10    0.023481    0.044888    0.133324   25.316959 ^ clkbuf_2_1__f_clk/X (sky130_fd_sc_hd__clkbuf_16)
                                                         clknet_2_1__leaf_clk (net)
                      0.044888    0.000055   25.317015 ^ _184_/CLK (sky130_fd_sc_hd__dfrtp_1)
                                 -0.250000   25.067017   clock uncertainty
                                  0.000000   25.067017   clock reconvergence pessimism
                                  0.233115   25.300131   library recovery time
                                             25.300131   data required time
---------------------------------------------------------------------------------------------
                                             25.300131   data required time
                                             -5.367130   data arrival time
---------------------------------------------------------------------------------------------
                                             19.933002   slack (MET)


Startpoint: reset (input port clocked by clk)
Endpoint: _154_ (recovery check against rising-edge clock clk)
Path Group: asynchronous
Path Type: max

Fanout         Cap        Slew       Delay        Time   Description
---------------------------------------------------------------------------------------------
                                  0.000000    0.000000   clock clk (rise edge)
                                  0.000000    0.000000   clock network delay (propagated)
                                  5.000000    5.000000 v input external delay
     1    0.002494    0.007926    0.003896    5.003896 v reset (in)
                                                         reset (net)
                      0.007926    0.000000    5.003896 v input2/A (sky130_fd_sc_hd__buf_1)
     3    0.010878    0.069281    0.108395    5.112291 v input2/X (sky130_fd_sc_hd__buf_1)
                                                         net2 (net)
                      0.069281    0.000032    5.112323 v fanout36/A (sky130_fd_sc_hd__buf_4)
    10    0.050056    0.076831    0.196491    5.308814 v fanout36/X (sky130_fd_sc_hd__buf_4)
                                                         net36 (net)
                      0.076831    0.000050    5.308864 v _118_/A (sky130_fd_sc_hd__inv_2)
     1    0.004291    0.033829    0.057796    5.366659 ^ _118_/Y (sky130_fd_sc_hd__inv_2)
                                                         _005_ (net)
                      0.033829    0.000012    5.366672 ^ _154_/RESET_B (sky130_fd_sc_hd__dfrtp_1)
                                              5.366672   data arrival time

                                 25.000000   25.000000   clock clk (rise edge)
                                  0.000000   25.000000   clock source latency
     1    0.011477    0.058009    0.038812   25.038811 ^ clk (in)
                                                         clk (net)
                      0.058010    0.000000   25.038811 ^ clkbuf_0_clk/A (sky130_fd_sc_hd__clkbuf_16)
     4    0.037194    0.057328    0.144682   25.183493 ^ clkbuf_0_clk/X (sky130_fd_sc_hd__clkbuf_16)
                                                         clknet_0_clk (net)
                      0.057328    0.000142   25.183636 ^ clkbuf_2_1__f_clk/A (sky130_fd_sc_hd__clkbuf_16)
    10    0.023481    0.044888    0.133324   25.316959 ^ clkbuf_2_1__f_clk/X (sky130_fd_sc_hd__clkbuf_16)
                                                         clknet_2_1__leaf_clk (net)
                      0.044888    0.000062   25.317022 ^ _154_/CLK (sky130_fd_sc_hd__dfrtp_1)
                                 -0.250000   25.067022   clock uncertainty
                                  0.000000   25.067022   clock reconvergence pessimism
                                  0.233190   25.300213   library recovery time
                                             25.300213   data required time
---------------------------------------------------------------------------------------------
                                             25.300213   data required time
                                             -5.366672   data arrival time
---------------------------------------------------------------------------------------------
                                             19.933542   slack (MET)


Startpoint: reset (input port clocked by clk)
Endpoint: _173_ (recovery check against rising-edge clock clk)
Path Group: asynchronous
Path Type: max

Fanout         Cap        Slew       Delay        Time   Description
---------------------------------------------------------------------------------------------
                                  0.000000    0.000000   clock clk (rise edge)
                                  0.000000    0.000000   clock network delay (propagated)
                                  5.000000    5.000000 v input external delay
     1    0.002494    0.007926    0.003896    5.003896 v reset (in)
                                                         reset (net)
                      0.007926    0.000000    5.003896 v input2/A (sky130_fd_sc_hd__buf_1)
     3    0.010878    0.069281    0.108395    5.112291 v input2/X (sky130_fd_sc_hd__buf_1)
                                                         net2 (net)
                      0.069281    0.000032    5.112323 v fanout36/A (sky130_fd_sc_hd__buf_4)
    10    0.050056    0.076831    0.196491    5.308814 v fanout36/X (sky130_fd_sc_hd__buf_4)
                                                         net36 (net)
                      0.076831    0.000135    5.308949 v _137_/A (sky130_fd_sc_hd__inv_2)
     1    0.004221    0.033574    0.057485    5.366434 ^ _137_/Y (sky130_fd_sc_hd__inv_2)
                                                         _024_ (net)
                      0.033574    0.000012    5.366446 ^ _173_/RESET_B (sky130_fd_sc_hd__dfrtp_1)
                                              5.366446   data arrival time

                                 25.000000   25.000000   clock clk (rise edge)
                                  0.000000   25.000000   clock source latency
     1    0.011477    0.058009    0.038812   25.038811 ^ clk (in)
                                                         clk (net)
                      0.058010    0.000000   25.038811 ^ clkbuf_0_clk/A (sky130_fd_sc_hd__clkbuf_16)
     4    0.037194    0.057328    0.144682   25.183493 ^ clkbuf_0_clk/X (sky130_fd_sc_hd__clkbuf_16)
                                                         clknet_0_clk (net)
                      0.057328    0.000142   25.183636 ^ clkbuf_2_1__f_clk/A (sky130_fd_sc_hd__clkbuf_16)
    10    0.023481    0.044888    0.133324   25.316959 ^ clkbuf_2_1__f_clk/X (sky130_fd_sc_hd__clkbuf_16)
                                                         clknet_2_1__leaf_clk (net)
                      0.044888    0.000016   25.316977 ^ _173_/CLK (sky130_fd_sc_hd__dfrtp_1)
                                 -0.250000   25.066977   clock uncertainty
                                  0.000000   25.066977   clock reconvergence pessimism
                                  0.233256   25.300232   library recovery time
                                             25.300232   data required time
---------------------------------------------------------------------------------------------
                                             25.300232   data required time
                                             -5.366446   data arrival time
---------------------------------------------------------------------------------------------
                                             19.933784   slack (MET)


Startpoint: reset (input port clocked by clk)
Endpoint: _153_ (recovery check against rising-edge clock clk)
Path Group: asynchronous
Path Type: max

Fanout         Cap        Slew       Delay        Time   Description
---------------------------------------------------------------------------------------------
                                  0.000000    0.000000   clock clk (rise edge)
                                  0.000000    0.000000   clock network delay (propagated)
                                  5.000000    5.000000 v input external delay
     1    0.002494    0.007926    0.003896    5.003896 v reset (in)
                                                         reset (net)
                      0.007926    0.000000    5.003896 v input2/A (sky130_fd_sc_hd__buf_1)
     3    0.010878    0.069281    0.108395    5.112291 v input2/X (sky130_fd_sc_hd__buf_1)
                                                         net2 (net)
                      0.069281    0.000032    5.112323 v fanout36/A (sky130_fd_sc_hd__buf_4)
    10    0.050056    0.076831    0.196491    5.308814 v fanout36/X (sky130_fd_sc_hd__buf_4)
                                                         net36 (net)
                      0.076831    0.000048    5.308862 v _117_/A (sky130_fd_sc_hd__inv_2)
     1    0.004232    0.033616    0.057537    5.366398 ^ _117_/Y (sky130_fd_sc_hd__inv_2)
                                                         _004_ (net)
                      0.033616    0.000010    5.366408 ^ _153_/RESET_B (sky130_fd_sc_hd__dfrtp_1)
                                              5.366408   data arrival time

                                 25.000000   25.000000   clock clk (rise edge)
                                  0.000000   25.000000   clock source latency
     1    0.011477    0.058009    0.038812   25.038811 ^ clk (in)
                                                         clk (net)
                      0.058010    0.000000   25.038811 ^ clkbuf_0_clk/A (sky130_fd_sc_hd__clkbuf_16)
     4    0.037194    0.057328    0.144682   25.183493 ^ clkbuf_0_clk/X (sky130_fd_sc_hd__clkbuf_16)
                                                         clknet_0_clk (net)
                      0.057328    0.000142   25.183636 ^ clkbuf_2_1__f_clk/A (sky130_fd_sc_hd__clkbuf_16)
    10    0.023481    0.044888    0.133324   25.316959 ^ clkbuf_2_1__f_clk/X (sky130_fd_sc_hd__clkbuf_16)
                                                         clknet_2_1__leaf_clk (net)
                      0.044888    0.000055   25.317015 ^ _153_/CLK (sky130_fd_sc_hd__dfrtp_1)
                                 -0.250000   25.067017   clock uncertainty
                                  0.000000   25.067017   clock reconvergence pessimism
                                  0.233245   25.300261   library recovery time
                                             25.300261   data required time
---------------------------------------------------------------------------------------------
                                             25.300261   data required time
                                             -5.366408   data arrival time
---------------------------------------------------------------------------------------------
                                             19.933853   slack (MET)


Startpoint: reset (input port clocked by clk)
Endpoint: _150_ (recovery check against rising-edge clock clk)
Path Group: asynchronous
Path Type: max

Fanout         Cap        Slew       Delay        Time   Description
---------------------------------------------------------------------------------------------
                                  0.000000    0.000000   clock clk (rise edge)
                                  0.000000    0.000000   clock network delay (propagated)
                                  5.000000    5.000000 v input external delay
     1    0.002494    0.007926    0.003896    5.003896 v reset (in)
                                                         reset (net)
                      0.007926    0.000000    5.003896 v input2/A (sky130_fd_sc_hd__buf_1)
     3    0.010878    0.069281    0.108395    5.112291 v input2/X (sky130_fd_sc_hd__buf_1)
                                                         net2 (net)
                      0.069281    0.000032    5.112323 v fanout36/A (sky130_fd_sc_hd__buf_4)
    10    0.050056    0.076831    0.196491    5.308814 v fanout36/X (sky130_fd_sc_hd__buf_4)
                                                         net36 (net)
                      0.076831    0.000167    5.308980 v _114_/A (sky130_fd_sc_hd__inv_2)
     1    0.004172    0.033397    0.057269    5.366250 ^ _114_/Y (sky130_fd_sc_hd__inv_2)
                                                         _001_ (net)
                      0.033397    0.000011    5.366260 ^ _150_/RESET_B (sky130_fd_sc_hd__dfrtp_1)
                                              5.366260   data arrival time

                                 25.000000   25.000000   clock clk (rise edge)
                                  0.000000   25.000000   clock source latency
     1    0.011477    0.058009    0.038812   25.038811 ^ clk (in)
                                                         clk (net)
                      0.058010    0.000000   25.038811 ^ clkbuf_0_clk/A (sky130_fd_sc_hd__clkbuf_16)
     4    0.037194    0.057328    0.144682   25.183493 ^ clkbuf_0_clk/X (sky130_fd_sc_hd__clkbuf_16)
                                                         clknet_0_clk (net)
                      0.057328    0.000142   25.183636 ^ clkbuf_2_1__f_clk/A (sky130_fd_sc_hd__clkbuf_16)
    10    0.023481    0.044888    0.133324   25.316959 ^ clkbuf_2_1__f_clk/X (sky130_fd_sc_hd__clkbuf_16)
                                                         clknet_2_1__leaf_clk (net)
                      0.044888    0.000016   25.316977 ^ _150_/CLK (sky130_fd_sc_hd__dfrtp_1)
                                 -0.250000   25.066977   clock uncertainty
                                  0.000000   25.066977   clock reconvergence pessimism
                                  0.233302   25.300278   library recovery time
                                             25.300278   data required time
---------------------------------------------------------------------------------------------
                                             25.300278   data required time
                                             -5.366260   data arrival time
---------------------------------------------------------------------------------------------
                                             19.934017   slack (MET)


Startpoint: reset (input port clocked by clk)
Endpoint: _151_ (recovery check against rising-edge clock clk)
Path Group: asynchronous
Path Type: max

Fanout         Cap        Slew       Delay        Time   Description
---------------------------------------------------------------------------------------------
                                  0.000000    0.000000   clock clk (rise edge)
                                  0.000000    0.000000   clock network delay (propagated)
                                  5.000000    5.000000 v input external delay
     1    0.002494    0.007926    0.003896    5.003896 v reset (in)
                                                         reset (net)
                      0.007926    0.000000    5.003896 v input2/A (sky130_fd_sc_hd__buf_1)
     3    0.010878    0.069281    0.108395    5.112291 v input2/X (sky130_fd_sc_hd__buf_1)
                                                         net2 (net)
                      0.069281    0.000032    5.112323 v fanout36/A (sky130_fd_sc_hd__buf_4)
    10    0.050056    0.076831    0.196491    5.308814 v fanout36/X (sky130_fd_sc_hd__buf_4)
                                                         net36 (net)
                      0.076831    0.000099    5.308913 v _115_/A (sky130_fd_sc_hd__inv_2)
     1    0.003854    0.033350    0.055863    5.364776 ^ _115_/Y (sky130_fd_sc_hd__inv_2)
                                                         _002_ (net)
                      0.033350    0.000005    5.364780 ^ _151_/RESET_B (sky130_fd_sc_hd__dfrtp_1)
                                              5.364780   data arrival time

                                 25.000000   25.000000   clock clk (rise edge)
                                  0.000000   25.000000   clock source latency
     1    0.011477    0.058009    0.038812   25.038811 ^ clk (in)
                                                         clk (net)
                      0.058010    0.000000   25.038811 ^ clkbuf_0_clk/A (sky130_fd_sc_hd__clkbuf_16)
     4    0.037194    0.057328    0.144682   25.183493 ^ clkbuf_0_clk/X (sky130_fd_sc_hd__clkbuf_16)
                                                         clknet_0_clk (net)
                      0.057328    0.000142   25.183636 ^ clkbuf_2_1__f_clk/A (sky130_fd_sc_hd__clkbuf_16)
    10    0.023481    0.044888    0.133324   25.316959 ^ clkbuf_2_1__f_clk/X (sky130_fd_sc_hd__clkbuf_16)
                                                         clknet_2_1__leaf_clk (net)
                      0.044888    0.000064   25.317024 ^ _151_/CLK (sky130_fd_sc_hd__dfrtp_1)
                                 -0.250000   25.067024   clock uncertainty
                                  0.000000   25.067024   clock reconvergence pessimism
                                  0.233314   25.300339   library recovery time
                                             25.300339   data required time
---------------------------------------------------------------------------------------------
                                             25.300339   data required time
                                             -5.364780   data arrival time
---------------------------------------------------------------------------------------------
                                             19.935558   slack (MET)


Startpoint: reset (input port clocked by clk)
Endpoint: _152_ (recovery check against rising-edge clock clk)
Path Group: asynchronous
Path Type: max

Fanout         Cap        Slew       Delay        Time   Description
---------------------------------------------------------------------------------------------
                                  0.000000    0.000000   clock clk (rise edge)
                                  0.000000    0.000000   clock network delay (propagated)
                                  5.000000    5.000000 v input external delay
     1    0.002494    0.007926    0.003896    5.003896 v reset (in)
                                                         reset (net)
                      0.007926    0.000000    5.003896 v input2/A (sky130_fd_sc_hd__buf_1)
     3    0.010878    0.069281    0.108395    5.112291 v input2/X (sky130_fd_sc_hd__buf_1)
                                                         net2 (net)
                      0.069281    0.000032    5.112323 v fanout36/A (sky130_fd_sc_hd__buf_4)
    10    0.050056    0.076831    0.196491    5.308814 v fanout36/X (sky130_fd_sc_hd__buf_4)
                                                         net36 (net)
                      0.076831    0.000100    5.308914 v _116_/A (sky130_fd_sc_hd__inv_2)
     1    0.003815    0.033217    0.055691    5.364605 ^ _116_/Y (sky130_fd_sc_hd__inv_2)
                                                         _003_ (net)
                      0.033217    0.000004    5.364609 ^ _152_/RESET_B (sky130_fd_sc_hd__dfrtp_1)
                                              5.364609   data arrival time

                                 25.000000   25.000000   clock clk (rise edge)
                                  0.000000   25.000000   clock source latency
     1    0.011477    0.058009    0.038812   25.038811 ^ clk (in)
                                                         clk (net)
                      0.058010    0.000000   25.038811 ^ clkbuf_0_clk/A (sky130_fd_sc_hd__clkbuf_16)
     4    0.037194    0.057328    0.144682   25.183493 ^ clkbuf_0_clk/X (sky130_fd_sc_hd__clkbuf_16)
                                                         clknet_0_clk (net)
                      0.057328    0.000142   25.183636 ^ clkbuf_2_1__f_clk/A (sky130_fd_sc_hd__clkbuf_16)
    10    0.023481    0.044888    0.133324   25.316959 ^ clkbuf_2_1__f_clk/X (sky130_fd_sc_hd__clkbuf_16)
                                                         clknet_2_1__leaf_clk (net)
                      0.044888    0.000044   25.317005 ^ _152_/CLK (sky130_fd_sc_hd__dfrtp_1)
                                 -0.250000   25.067005   clock uncertainty
                                  0.000000   25.067005   clock reconvergence pessimism
                                  0.233348   25.300352   library recovery time
                                             25.300352   data required time
---------------------------------------------------------------------------------------------
                                             25.300352   data required time
                                             -5.364609   data arrival time
---------------------------------------------------------------------------------------------
                                             19.935745   slack (MET)


Startpoint: reset (input port clocked by clk)
Endpoint: _168_ (recovery check against rising-edge clock clk)
Path Group: asynchronous
Path Type: max

Fanout         Cap        Slew       Delay        Time   Description
---------------------------------------------------------------------------------------------
                                  0.000000    0.000000   clock clk (rise edge)
                                  0.000000    0.000000   clock network delay (propagated)
                                  5.000000    5.000000 v input external delay
     1    0.002494    0.007926    0.003896    5.003896 v reset (in)
                                                         reset (net)
                      0.007926    0.000000    5.003896 v input2/A (sky130_fd_sc_hd__buf_1)
     3    0.010878    0.069281    0.108395    5.112291 v input2/X (sky130_fd_sc_hd__buf_1)
                                                         net2 (net)
                      0.069281    0.000032    5.112323 v fanout36/A (sky130_fd_sc_hd__buf_4)
    10    0.050056    0.076831    0.196491    5.308814 v fanout36/X (sky130_fd_sc_hd__buf_4)
                                                         net36 (net)
                      0.076831    0.000294    5.309108 v _132_/A (sky130_fd_sc_hd__inv_2)
     1    0.004380    0.034153    0.058171    5.367279 ^ _132_/Y (sky130_fd_sc_hd__inv_2)
                                                         _019_ (net)
                      0.034153    0.000015    5.367294 ^ _168_/RESET_B (sky130_fd_sc_hd__dfrtp_1)
                                              5.367294   data arrival time

                                 25.000000   25.000000   clock clk (rise edge)
                                  0.000000   25.000000   clock source latency
     1    0.011477    0.058009    0.038812   25.038811 ^ clk (in)
                                                         clk (net)
                      0.058010    0.000000   25.038811 ^ clkbuf_0_clk/A (sky130_fd_sc_hd__clkbuf_16)
     4    0.037194    0.057328    0.144682   25.183493 ^ clkbuf_0_clk/X (sky130_fd_sc_hd__clkbuf_16)
                                                         clknet_0_clk (net)
                      0.057328    0.000155   25.183647 ^ clkbuf_2_3__f_clk/A (sky130_fd_sc_hd__clkbuf_16)
    11    0.025910    0.047101    0.135655   25.319304 ^ clkbuf_2_3__f_clk/X (sky130_fd_sc_hd__clkbuf_16)
                                                         clknet_2_3__leaf_clk (net)
                      0.047101    0.000018   25.319321 ^ _168_/CLK (sky130_fd_sc_hd__dfrtp_1)
                                 -0.250000   25.069321   clock uncertainty
                                  0.000000   25.069321   clock reconvergence pessimism
                                  0.233783   25.303104   library recovery time
                                             25.303104   data required time
---------------------------------------------------------------------------------------------
                                             25.303104   data required time
                                             -5.367294   data arrival time
---------------------------------------------------------------------------------------------
                                             19.935810   slack (MET)


Startpoint: reset (input port clocked by clk)
Endpoint: _167_ (recovery check against rising-edge clock clk)
Path Group: asynchronous
Path Type: max

Fanout         Cap        Slew       Delay        Time   Description
---------------------------------------------------------------------------------------------
                                  0.000000    0.000000   clock clk (rise edge)
                                  0.000000    0.000000   clock network delay (propagated)
                                  5.000000    5.000000 v input external delay
     1    0.002494    0.007926    0.003896    5.003896 v reset (in)
                                                         reset (net)
                      0.007926    0.000000    5.003896 v input2/A (sky130_fd_sc_hd__buf_1)
     3    0.010878    0.069281    0.108395    5.112291 v input2/X (sky130_fd_sc_hd__buf_1)
                                                         net2 (net)
                      0.069281    0.000032    5.112323 v fanout36/A (sky130_fd_sc_hd__buf_4)
    10    0.050056    0.076831    0.196491    5.308814 v fanout36/X (sky130_fd_sc_hd__buf_4)
                                                         net36 (net)
                      0.076831    0.000292    5.309106 v _131_/A (sky130_fd_sc_hd__inv_2)
     1    0.004113    0.034244    0.057014    5.366120 ^ _131_/Y (sky130_fd_sc_hd__inv_2)
                                                         _018_ (net)
                      0.034244    0.000008    5.366127 ^ _167_/RESET_B (sky130_fd_sc_hd__dfrtp_1)
                                              5.366127   data arrival time

                                 25.000000   25.000000   clock clk (rise edge)
                                  0.000000   25.000000   clock source latency
     1    0.011477    0.058009    0.038812   25.038811 ^ clk (in)
                                                         clk (net)
                      0.058010    0.000000   25.038811 ^ clkbuf_0_clk/A (sky130_fd_sc_hd__clkbuf_16)
     4    0.037194    0.057328    0.144682   25.183493 ^ clkbuf_0_clk/X (sky130_fd_sc_hd__clkbuf_16)
                                                         clknet_0_clk (net)
                      0.057328    0.000155   25.183647 ^ clkbuf_2_3__f_clk/A (sky130_fd_sc_hd__clkbuf_16)
    11    0.025910    0.047101    0.135655   25.319304 ^ clkbuf_2_3__f_clk/X (sky130_fd_sc_hd__clkbuf_16)
                                                         clknet_2_3__leaf_clk (net)
                      0.047101    0.000025   25.319328 ^ _167_/CLK (sky130_fd_sc_hd__dfrtp_1)
                                 -0.250000   25.069328   clock uncertainty
                                  0.000000   25.069328   clock reconvergence pessimism
                                  0.233760   25.303089   library recovery time
                                             25.303089   data required time
---------------------------------------------------------------------------------------------
                                             25.303089   data required time
                                             -5.366127   data arrival time
---------------------------------------------------------------------------------------------
                                             19.936960   slack (MET)


Startpoint: _176_ (rising edge-triggered flip-flop clocked by clk)
Endpoint: _177_ (rising edge-triggered flip-flop clocked by clk)
Path Group: clk
Path Type: max

Fanout         Cap        Slew       Delay        Time   Description
---------------------------------------------------------------------------------------------
                                  0.000000    0.000000   clock clk (rise edge)
                                  0.000000    0.000000   clock source latency
     1    0.011477    0.058009    0.038812    0.038812 ^ clk (in)
                                                         clk (net)
                      0.058010    0.000000    0.038812 ^ clkbuf_0_clk/A (sky130_fd_sc_hd__clkbuf_16)
     4    0.037194    0.057328    0.144682    0.183494 ^ clkbuf_0_clk/X (sky130_fd_sc_hd__clkbuf_16)
                                                         clknet_0_clk (net)
                      0.057328    0.000157    0.183651 ^ clkbuf_2_0__f_clk/A (sky130_fd_sc_hd__clkbuf_16)
    10    0.024745    0.046038    0.134525    0.318176 ^ clkbuf_2_0__f_clk/X (sky130_fd_sc_hd__clkbuf_16)
                                                         clknet_2_0__leaf_clk (net)
                      0.046038    0.000018    0.318194 ^ _176_/CLK (sky130_fd_sc_hd__dfstp_2)
     9    0.031540    0.160461    0.610198    0.928392 ^ _176_/Q (sky130_fd_sc_hd__dfstp_2)
                                                         cursor[0] (net)
                      0.160461    0.000208    0.928600 ^ _177_/D (sky130_fd_sc_hd__dfrtp_4)
                                              0.928600   data arrival time

                                 25.000000   25.000000   clock clk (rise edge)
                                  0.000000   25.000000   clock source latency
     1    0.011477    0.058009    0.038812   25.038811 ^ clk (in)
                                                         clk (net)
                      0.058010    0.000000   25.038811 ^ clkbuf_0_clk/A (sky130_fd_sc_hd__clkbuf_16)
     4    0.037194    0.057328    0.144682   25.183493 ^ clkbuf_0_clk/X (sky130_fd_sc_hd__clkbuf_16)
                                                         clknet_0_clk (net)
                      0.057328    0.000155   25.183647 ^ clkbuf_2_3__f_clk/A (sky130_fd_sc_hd__clkbuf_16)
    11    0.025910    0.047101    0.135655   25.319304 ^ clkbuf_2_3__f_clk/X (sky130_fd_sc_hd__clkbuf_16)
                                                         clknet_2_3__leaf_clk (net)
                      0.047101    0.000050   25.319353 ^ _177_/CLK (sky130_fd_sc_hd__dfrtp_4)
                                 -0.250000   25.069353   clock uncertainty
                                  0.000000   25.069353   clock reconvergence pessimism
                                 -0.090138   24.979216   library setup time
                                             24.979216   data required time
---------------------------------------------------------------------------------------------
                                             24.979216   data required time
                                             -0.928600   data arrival time
---------------------------------------------------------------------------------------------
                                             24.050617   slack (MET)


Startpoint: _178_ (rising edge-triggered flip-flop clocked by clk)
Endpoint: _179_ (rising edge-triggered flip-flop clocked by clk)
Path Group: clk
Path Type: max

Fanout         Cap        Slew       Delay        Time   Description
---------------------------------------------------------------------------------------------
                                  0.000000    0.000000   clock clk (rise edge)
                                  0.000000    0.000000   clock source latency
     1    0.011477    0.058009    0.038812    0.038812 ^ clk (in)
                                                         clk (net)
                      0.058010    0.000000    0.038812 ^ clkbuf_0_clk/A (sky130_fd_sc_hd__clkbuf_16)
     4    0.037194    0.057328    0.144682    0.183494 ^ clkbuf_0_clk/X (sky130_fd_sc_hd__clkbuf_16)
                                                         clknet_0_clk (net)
                      0.057328    0.000155    0.183649 ^ clkbuf_2_3__f_clk/A (sky130_fd_sc_hd__clkbuf_16)
    11    0.025910    0.047101    0.135654    0.319304 ^ clkbuf_2_3__f_clk/X (sky130_fd_sc_hd__clkbuf_16)
                                                         clknet_2_3__leaf_clk (net)
                      0.047101    0.000037    0.319340 ^ _178_/CLK (sky130_fd_sc_hd__dfrtp_4)
     9    0.028118    0.089695    0.513392    0.832733 v _178_/Q (sky130_fd_sc_hd__dfrtp_4)
                                                         cursor[2] (net)
                      0.089695    0.000195    0.832927 v _179_/D (sky130_fd_sc_hd__dfrtp_4)
                                              0.832927   data arrival time

                                 25.000000   25.000000   clock clk (rise edge)
                                  0.000000   25.000000   clock source latency
     1    0.011477    0.058009    0.038812   25.038811 ^ clk (in)
                                                         clk (net)
                      0.058010    0.000000   25.038811 ^ clkbuf_0_clk/A (sky130_fd_sc_hd__clkbuf_16)
     4    0.037194    0.057328    0.144682   25.183493 ^ clkbuf_0_clk/X (sky130_fd_sc_hd__clkbuf_16)
                                                         clknet_0_clk (net)
                      0.057328    0.000142   25.183636 ^ clkbuf_2_1__f_clk/A (sky130_fd_sc_hd__clkbuf_16)
    10    0.023481    0.044888    0.133324   25.316959 ^ clkbuf_2_1__f_clk/X (sky130_fd_sc_hd__clkbuf_16)
                                                         clknet_2_1__leaf_clk (net)
                      0.044888    0.000030   25.316990 ^ _179_/CLK (sky130_fd_sc_hd__dfrtp_4)
                                 -0.250000   25.066992   clock uncertainty
                                  0.000000   25.066992   clock reconvergence pessimism
                                 -0.133800   24.933191   library setup time
                                             24.933191   data required time
---------------------------------------------------------------------------------------------
                                             24.933191   data required time
                                             -0.832927   data arrival time
---------------------------------------------------------------------------------------------
                                             24.100264   slack (MET)


Startpoint: _180_ (rising edge-triggered flip-flop clocked by clk)
Endpoint: _181_ (rising edge-triggered flip-flop clocked by clk)
Path Group: clk
Path Type: max

Fanout         Cap        Slew       Delay        Time   Description
---------------------------------------------------------------------------------------------
                                  0.000000    0.000000   clock clk (rise edge)
                                  0.000000    0.000000   clock source latency
     1    0.011477    0.058009    0.038812    0.038812 ^ clk (in)
                                                         clk (net)
                      0.058010    0.000000    0.038812 ^ clkbuf_0_clk/A (sky130_fd_sc_hd__clkbuf_16)
     4    0.037194    0.057328    0.144682    0.183494 ^ clkbuf_0_clk/X (sky130_fd_sc_hd__clkbuf_16)
                                                         clknet_0_clk (net)
                      0.057328    0.000157    0.183651 ^ clkbuf_2_0__f_clk/A (sky130_fd_sc_hd__clkbuf_16)
    10    0.024745    0.046038    0.134525    0.318176 ^ clkbuf_2_0__f_clk/X (sky130_fd_sc_hd__clkbuf_16)
                                                         clknet_2_0__leaf_clk (net)
                      0.046038    0.000050    0.318226 ^ _180_/CLK (sky130_fd_sc_hd__dfrtp_4)
     9    0.028265    0.089881    0.513269    0.831495 v _180_/Q (sky130_fd_sc_hd__dfrtp_4)
                                                         cursor[4] (net)
                      0.089881    0.000076    0.831572 v _181_/D (sky130_fd_sc_hd__dfrtp_4)
                                              0.831572   data arrival time

                                 25.000000   25.000000   clock clk (rise edge)
                                  0.000000   25.000000   clock source latency
     1    0.011477    0.058009    0.038812   25.038811 ^ clk (in)
                                                         clk (net)
                      0.058010    0.000000   25.038811 ^ clkbuf_0_clk/A (sky130_fd_sc_hd__clkbuf_16)
     4    0.037194    0.057328    0.144682   25.183493 ^ clkbuf_0_clk/X (sky130_fd_sc_hd__clkbuf_16)
                                                         clknet_0_clk (net)
                      0.057328    0.000156   25.183649 ^ clkbuf_2_0__f_clk/A (sky130_fd_sc_hd__clkbuf_16)
    10    0.024745    0.046038    0.134525   25.318174 ^ clkbuf_2_0__f_clk/X (sky130_fd_sc_hd__clkbuf_16)
                                                         clknet_2_0__leaf_clk (net)
                      0.046038    0.000075   25.318249 ^ _181_/CLK (sky130_fd_sc_hd__dfrtp_4)
                                 -0.250000   25.068251   clock uncertainty
                                  0.000000   25.068251   clock reconvergence pessimism
                                 -0.133617   24.934633   library setup time
                                             24.934633   data required time
---------------------------------------------------------------------------------------------
                                             24.934633   data required time
                                             -0.831572   data arrival time
---------------------------------------------------------------------------------------------
                                             24.103062   slack (MET)


Startpoint: _177_ (rising edge-triggered flip-flop clocked by clk)
Endpoint: _178_ (rising edge-triggered flip-flop clocked by clk)
Path Group: clk
Path Type: max

Fanout         Cap        Slew       Delay        Time   Description
---------------------------------------------------------------------------------------------
                                  0.000000    0.000000   clock clk (rise edge)
                                  0.000000    0.000000   clock source latency
     1    0.011477    0.058009    0.038812    0.038812 ^ clk (in)
                                                         clk (net)
                      0.058010    0.000000    0.038812 ^ clkbuf_0_clk/A (sky130_fd_sc_hd__clkbuf_16)
     4    0.037194    0.057328    0.144682    0.183494 ^ clkbuf_0_clk/X (sky130_fd_sc_hd__clkbuf_16)
                                                         clknet_0_clk (net)
                      0.057328    0.000155    0.183649 ^ clkbuf_2_3__f_clk/A (sky130_fd_sc_hd__clkbuf_16)
    11    0.025910    0.047101    0.135654    0.319304 ^ clkbuf_2_3__f_clk/X (sky130_fd_sc_hd__clkbuf_16)
                                                         clknet_2_3__leaf_clk (net)
                      0.047101    0.000050    0.319353 ^ _177_/CLK (sky130_fd_sc_hd__dfrtp_4)
     9    0.027656    0.089113    0.512607    0.831960 v _177_/Q (sky130_fd_sc_hd__dfrtp_4)
                                                         cursor[1] (net)
                      0.089113    0.000055    0.832015 v _178_/D (sky130_fd_sc_hd__dfrtp_4)
                                              0.832015   data arrival time

                                 25.000000   25.000000   clock clk (rise edge)
                                  0.000000   25.000000   clock source latency
     1    0.011477    0.058009    0.038812   25.038811 ^ clk (in)
                                                         clk (net)
                      0.058010    0.000000   25.038811 ^ clkbuf_0_clk/A (sky130_fd_sc_hd__clkbuf_16)
     4    0.037194    0.057328    0.144682   25.183493 ^ clkbuf_0_clk/X (sky130_fd_sc_hd__clkbuf_16)
                                                         clknet_0_clk (net)
                      0.057328    0.000155   25.183647 ^ clkbuf_2_3__f_clk/A (sky130_fd_sc_hd__clkbuf_16)
    11    0.025910    0.047101    0.135655   25.319304 ^ clkbuf_2_3__f_clk/X (sky130_fd_sc_hd__clkbuf_16)
                                                         clknet_2_3__leaf_clk (net)
                      0.047101    0.000037   25.319340 ^ _178_/CLK (sky130_fd_sc_hd__dfrtp_4)
                                 -0.250000   25.069342   clock uncertainty
                                  0.000000   25.069342   clock reconvergence pessimism
                                 -0.133037   24.936304   library setup time
                                             24.936304   data required time
---------------------------------------------------------------------------------------------
                                             24.936304   data required time
                                             -0.832015   data arrival time
---------------------------------------------------------------------------------------------
                                             24.104288   slack (MET)


Startpoint: _179_ (rising edge-triggered flip-flop clocked by clk)
Endpoint: _180_ (rising edge-triggered flip-flop clocked by clk)
Path Group: clk
Path Type: max

Fanout         Cap        Slew       Delay        Time   Description
---------------------------------------------------------------------------------------------
                                  0.000000    0.000000   clock clk (rise edge)
                                  0.000000    0.000000   clock source latency
     1    0.011477    0.058009    0.038812    0.038812 ^ clk (in)
                                                         clk (net)
                      0.058010    0.000000    0.038812 ^ clkbuf_0_clk/A (sky130_fd_sc_hd__clkbuf_16)
     4    0.037194    0.057328    0.144682    0.183494 ^ clkbuf_0_clk/X (sky130_fd_sc_hd__clkbuf_16)
                                                         clknet_0_clk (net)
                      0.057328    0.000142    0.183637 ^ clkbuf_2_1__f_clk/A (sky130_fd_sc_hd__clkbuf_16)
    10    0.023481    0.044888    0.133324    0.316961 ^ clkbuf_2_1__f_clk/X (sky130_fd_sc_hd__clkbuf_16)
                                                         clknet_2_1__leaf_clk (net)
                      0.044888    0.000030    0.316991 ^ _179_/CLK (sky130_fd_sc_hd__dfrtp_4)
     9    0.028328    0.089975    0.512950    0.829942 v _179_/Q (sky130_fd_sc_hd__dfrtp_4)
                                                         cursor[3] (net)
                      0.089975    0.000067    0.830008 v _180_/D (sky130_fd_sc_hd__dfrtp_4)
                                              0.830008   data arrival time

                                 25.000000   25.000000   clock clk (rise edge)
                                  0.000000   25.000000   clock source latency
     1    0.011477    0.058009    0.038812   25.038811 ^ clk (in)
                                                         clk (net)
                      0.058010    0.000000   25.038811 ^ clkbuf_0_clk/A (sky130_fd_sc_hd__clkbuf_16)
     4    0.037194    0.057328    0.144682   25.183493 ^ clkbuf_0_clk/X (sky130_fd_sc_hd__clkbuf_16)
                                                         clknet_0_clk (net)
                      0.057328    0.000156   25.183649 ^ clkbuf_2_0__f_clk/A (sky130_fd_sc_hd__clkbuf_16)
    10    0.024745    0.046038    0.134525   25.318174 ^ clkbuf_2_0__f_clk/X (sky130_fd_sc_hd__clkbuf_16)
                                                         clknet_2_0__leaf_clk (net)
                      0.046038    0.000050   25.318224 ^ _180_/CLK (sky130_fd_sc_hd__dfrtp_4)
                                 -0.250000   25.068226   clock uncertainty
                                  0.000000   25.068226   clock reconvergence pessimism
                                 -0.133657   24.934568   library setup time
                                             24.934568   data required time
---------------------------------------------------------------------------------------------
                                             24.934568   data required time
                                             -0.830008   data arrival time
---------------------------------------------------------------------------------------------
                                             24.104561   slack (MET)


Startpoint: _181_ (rising edge-triggered flip-flop clocked by clk)
Endpoint: _176_ (rising edge-triggered flip-flop clocked by clk)
Path Group: clk
Path Type: max

Fanout         Cap        Slew       Delay        Time   Description
---------------------------------------------------------------------------------------------
                                  0.000000    0.000000   clock clk (rise edge)
                                  0.000000    0.000000   clock source latency
     1    0.011477    0.058009    0.038812    0.038812 ^ clk (in)
                                                         clk (net)
                      0.058010    0.000000    0.038812 ^ clkbuf_0_clk/A (sky130_fd_sc_hd__clkbuf_16)
     4    0.037194    0.057328    0.144682    0.183494 ^ clkbuf_0_clk/X (sky130_fd_sc_hd__clkbuf_16)
                                                         clknet_0_clk (net)
                      0.057328    0.000157    0.183651 ^ clkbuf_2_0__f_clk/A (sky130_fd_sc_hd__clkbuf_16)
    10    0.024745    0.046038    0.134525    0.318176 ^ clkbuf_2_0__f_clk/X (sky130_fd_sc_hd__clkbuf_16)
                                                         clknet_2_0__leaf_clk (net)
                      0.046038    0.000074    0.318250 ^ _181_/CLK (sky130_fd_sc_hd__dfrtp_4)
     9    0.028963    0.090754    0.514480    0.832731 v _181_/Q (sky130_fd_sc_hd__dfrtp_4)
                                                         cursor[5] (net)
                      0.090754    0.000124    0.832855 v _176_/D (sky130_fd_sc_hd__dfstp_2)
                                              0.832855   data arrival time

                                 25.000000   25.000000   clock clk (rise edge)
                                  0.000000   25.000000   clock source latency
     1    0.011477    0.058009    0.038812   25.038811 ^ clk (in)
                                                         clk (net)
                      0.058010    0.000000   25.038811 ^ clkbuf_0_clk/A (sky130_fd_sc_hd__clkbuf_16)
     4    0.037194    0.057328    0.144682   25.183493 ^ clkbuf_0_clk/X (sky130_fd_sc_hd__clkbuf_16)
                                                         clknet_0_clk (net)
                      0.057328    0.000156   25.183649 ^ clkbuf_2_0__f_clk/A (sky130_fd_sc_hd__clkbuf_16)
    10    0.024745    0.046038    0.134525   25.318174 ^ clkbuf_2_0__f_clk/X (sky130_fd_sc_hd__clkbuf_16)
                                                         clknet_2_0__leaf_clk (net)
                      0.046038    0.000018   25.318193 ^ _176_/CLK (sky130_fd_sc_hd__dfstp_2)
                                 -0.250000   25.068193   clock uncertainty
                                  0.000000   25.068193   clock reconvergence pessimism
                                 -0.087724   24.980471   library setup time
                                             24.980471   data required time
---------------------------------------------------------------------------------------------
                                             24.980471   data required time
                                             -0.832855   data arrival time
---------------------------------------------------------------------------------------------
                                             24.147614   slack (MET)



