Reading timing models for corner nom_ff_n40C_1v95…
Reading cell library for the 'nom_ff_n40C_1v95' corner at '/home/felix/.ciel/ciel/sky130/versions/0fe599b2afb6708d281543108caf8310912f54af/sky130A/libs.ref/sky130_fd_sc_hd/lib/sky130_fd_sc_hd__ff_n40C_1v95.lib'…
Reading top-level netlist at '/mnt/c/Users/felix/Documents/Master_1ECAM/microelec/projet_microelec/src/runs/RUN_2026-04-28_09-54-31/06-yosys-synthesis/mini_light_up_game.nl.v'…
Linking design 'mini_light_up_game' from netlist…
Reading design constraints file at '/nix/store/p32knifc9l2cvqzrxkf9hcjphzkhn19d-python3-3.11.9-env/lib/python3.11/site-packages/librelane/scripts/base.sdc'…
[INFO] Using clock clk…
[INFO] Setting output delay to: 5
[INFO] Setting input delay to: 5
[INFO] Setting load to: 0.033442
[INFO] Setting clock uncertainty to: 0.25
[INFO] Setting clock transition to: 0.1499999999999999944488848768742172978818416595458984375
[INFO] Setting timing derate to: 5%
%OL_CREATE_REPORT min.rpt

===========================================================================
report_checks -path_delay min (Hold)
============================================================================
======================= nom_ff_n40C_1v95 Corner ===================================

Startpoint: _176_ (rising edge-triggered flip-flop clocked by clk)
Endpoint: _177_ (rising edge-triggered flip-flop clocked by clk)
Path Group: clk
Path Type: min

Fanout         Cap        Slew       Delay        Time   Description
---------------------------------------------------------------------------------------------
                      0.150000    0.000000    0.000000   clock clk (rise edge)
                                  0.000000    0.000000   clock network delay (ideal)
                      0.150000    0.000000    0.000000 ^ _176_/CLK (sky130_fd_sc_hd__dfstp_2)
     9    0.020235    0.040949    0.275160    0.275160 v _176_/Q (sky130_fd_sc_hd__dfstp_2)
                                                         cursor[0] (net)
                      0.040949    0.000000    0.275160 v _177_/D (sky130_fd_sc_hd__dfrtp_2)
                                              0.275160   data arrival time

                      0.150000    0.000000    0.000000   clock clk (rise edge)
                                  0.000000    0.000000   clock network delay (ideal)
                                  0.250000    0.250000   clock uncertainty
                                  0.000000    0.250000   clock reconvergence pessimism
                                              0.250000 ^ _177_/CLK (sky130_fd_sc_hd__dfrtp_2)
                                 -0.020662    0.229338   library hold time
                                              0.229338   data required time
---------------------------------------------------------------------------------------------
                                              0.229338   data required time
                                             -0.275160   data arrival time
---------------------------------------------------------------------------------------------
                                              0.045822   slack (MET)


Startpoint: _167_ (rising edge-triggered flip-flop clocked by clk)
Endpoint: _167_ (rising edge-triggered flip-flop clocked by clk)
Path Group: clk
Path Type: min

Fanout         Cap        Slew       Delay        Time   Description
---------------------------------------------------------------------------------------------
                      0.150000    0.000000    0.000000   clock clk (rise edge)
                                  0.000000    0.000000   clock network delay (ideal)
                      0.150000    0.000000    0.000000 ^ _167_/CLK (sky130_fd_sc_hd__dfrtp_2)
     2    0.005173    0.034665    0.243593    0.243593 ^ _167_/Q (sky130_fd_sc_hd__dfrtp_2)
                                                         mem3[0] (net)
                      0.034665    0.000000    0.243593 ^ _103_/B1 (sky130_fd_sc_hd__a21o_2)
     1    0.002087    0.016292    0.047178    0.290771 ^ _103_/X (sky130_fd_sc_hd__a21o_2)
                                                         nxt3[0] (net)
                      0.016292    0.000000    0.290771 ^ _167_/D (sky130_fd_sc_hd__dfrtp_2)
                                              0.290771   data arrival time

                      0.150000    0.000000    0.000000   clock clk (rise edge)
                                  0.000000    0.000000   clock network delay (ideal)
                                  0.250000    0.250000   clock uncertainty
                                  0.000000    0.250000   clock reconvergence pessimism
                                              0.250000 ^ _167_/CLK (sky130_fd_sc_hd__dfrtp_2)
                                 -0.015546    0.234454   library hold time
                                              0.234454   data required time
---------------------------------------------------------------------------------------------
                                              0.234454   data required time
                                             -0.290771   data arrival time
---------------------------------------------------------------------------------------------
                                              0.056317   slack (MET)


Startpoint: _168_ (rising edge-triggered flip-flop clocked by clk)
Endpoint: _168_ (rising edge-triggered flip-flop clocked by clk)
Path Group: clk
Path Type: min

Fanout         Cap        Slew       Delay        Time   Description
---------------------------------------------------------------------------------------------
                      0.150000    0.000000    0.000000   clock clk (rise edge)
                                  0.000000    0.000000   clock network delay (ideal)
                      0.150000    0.000000    0.000000 ^ _168_/CLK (sky130_fd_sc_hd__dfrtp_2)
     2    0.005173    0.034665    0.243593    0.243593 ^ _168_/Q (sky130_fd_sc_hd__dfrtp_2)
                                                         mem3[1] (net)
                      0.034665    0.000000    0.243593 ^ _105_/B1 (sky130_fd_sc_hd__a21o_2)
     1    0.002087    0.016292    0.047178    0.290771 ^ _105_/X (sky130_fd_sc_hd__a21o_2)
                                                         nxt3[1] (net)
                      0.016292    0.000000    0.290771 ^ _168_/D (sky130_fd_sc_hd__dfrtp_2)
                                              0.290771   data arrival time

                      0.150000    0.000000    0.000000   clock clk (rise edge)
                                  0.000000    0.000000   clock network delay (ideal)
                                  0.250000    0.250000   clock uncertainty
                                  0.000000    0.250000   clock reconvergence pessimism
                                              0.250000 ^ _168_/CLK (sky130_fd_sc_hd__dfrtp_2)
                                 -0.015546    0.234454   library hold time
                                              0.234454   data required time
---------------------------------------------------------------------------------------------
                                              0.234454   data required time
                                             -0.290771   data arrival time
---------------------------------------------------------------------------------------------
                                              0.056317   slack (MET)


Startpoint: _169_ (rising edge-triggered flip-flop clocked by clk)
Endpoint: _169_ (rising edge-triggered flip-flop clocked by clk)
Path Group: clk
Path Type: min

Fanout         Cap        Slew       Delay        Time   Description
---------------------------------------------------------------------------------------------
                      0.150000    0.000000    0.000000   clock clk (rise edge)
                                  0.000000    0.000000   clock network delay (ideal)
                      0.150000    0.000000    0.000000 ^ _169_/CLK (sky130_fd_sc_hd__dfrtp_2)
     2    0.005173    0.034665    0.243593    0.243593 ^ _169_/Q (sky130_fd_sc_hd__dfrtp_2)
                                                         mem3[2] (net)
                      0.034665    0.000000    0.243593 ^ _107_/B1 (sky130_fd_sc_hd__a21o_2)
     1    0.002087    0.016292    0.047178    0.290771 ^ _107_/X (sky130_fd_sc_hd__a21o_2)
                                                         nxt3[2] (net)
                      0.016292    0.000000    0.290771 ^ _169_/D (sky130_fd_sc_hd__dfrtp_2)
                                              0.290771   data arrival time

                      0.150000    0.000000    0.000000   clock clk (rise edge)
                                  0.000000    0.000000   clock network delay (ideal)
                                  0.250000    0.250000   clock uncertainty
                                  0.000000    0.250000   clock reconvergence pessimism
                                              0.250000 ^ _169_/CLK (sky130_fd_sc_hd__dfrtp_2)
                                 -0.015546    0.234454   library hold time
                                              0.234454   data required time
---------------------------------------------------------------------------------------------
                                              0.234454   data required time
                                             -0.290771   data arrival time
---------------------------------------------------------------------------------------------
                                              0.056317   slack (MET)


Startpoint: _170_ (rising edge-triggered flip-flop clocked by clk)
Endpoint: _170_ (rising edge-triggered flip-flop clocked by clk)
Path Group: clk
Path Type: min

Fanout         Cap        Slew       Delay        Time   Description
---------------------------------------------------------------------------------------------
                      0.150000    0.000000    0.000000   clock clk (rise edge)
                                  0.000000    0.000000   clock network delay (ideal)
                      0.150000    0.000000    0.000000 ^ _170_/CLK (sky130_fd_sc_hd__dfrtp_2)
     2    0.005173    0.034665    0.243593    0.243593 ^ _170_/Q (sky130_fd_sc_hd__dfrtp_2)
                                                         mem3[3] (net)
                      0.034665    0.000000    0.243593 ^ _109_/B1 (sky130_fd_sc_hd__a21o_2)
     1    0.002087    0.016292    0.047178    0.290771 ^ _109_/X (sky130_fd_sc_hd__a21o_2)
                                                         nxt3[3] (net)
                      0.016292    0.000000    0.290771 ^ _170_/D (sky130_fd_sc_hd__dfrtp_2)
                                              0.290771   data arrival time

                      0.150000    0.000000    0.000000   clock clk (rise edge)
                                  0.000000    0.000000   clock network delay (ideal)
                                  0.250000    0.250000   clock uncertainty
                                  0.000000    0.250000   clock reconvergence pessimism
                                              0.250000 ^ _170_/CLK (sky130_fd_sc_hd__dfrtp_2)
                                 -0.015546    0.234454   library hold time
                                              0.234454   data required time
---------------------------------------------------------------------------------------------
                                              0.234454   data required time
                                             -0.290771   data arrival time
---------------------------------------------------------------------------------------------
                                              0.056317   slack (MET)


Startpoint: _171_ (rising edge-triggered flip-flop clocked by clk)
Endpoint: _171_ (rising edge-triggered flip-flop clocked by clk)
Path Group: clk
Path Type: min

Fanout         Cap        Slew       Delay        Time   Description
---------------------------------------------------------------------------------------------
                      0.150000    0.000000    0.000000   clock clk (rise edge)
                                  0.000000    0.000000   clock network delay (ideal)
                      0.150000    0.000000    0.000000 ^ _171_/CLK (sky130_fd_sc_hd__dfrtp_2)
     2    0.005173    0.034665    0.243593    0.243593 ^ _171_/Q (sky130_fd_sc_hd__dfrtp_2)
                                                         mem3[4] (net)
                      0.034665    0.000000    0.243593 ^ _111_/B1 (sky130_fd_sc_hd__a21o_2)
     1    0.002087    0.016292    0.047178    0.290771 ^ _111_/X (sky130_fd_sc_hd__a21o_2)
                                                         nxt3[4] (net)
                      0.016292    0.000000    0.290771 ^ _171_/D (sky130_fd_sc_hd__dfrtp_2)
                                              0.290771   data arrival time

                      0.150000    0.000000    0.000000   clock clk (rise edge)
                                  0.000000    0.000000   clock network delay (ideal)
                                  0.250000    0.250000   clock uncertainty
                                  0.000000    0.250000   clock reconvergence pessimism
                                              0.250000 ^ _171_/CLK (sky130_fd_sc_hd__dfrtp_2)
                                 -0.015546    0.234454   library hold time
                                              0.234454   data required time
---------------------------------------------------------------------------------------------
                                              0.234454   data required time
                                             -0.290771   data arrival time
---------------------------------------------------------------------------------------------
                                              0.056317   slack (MET)


Startpoint: _172_ (rising edge-triggered flip-flop clocked by clk)
Endpoint: _172_ (rising edge-triggered flip-flop clocked by clk)
Path Group: clk
Path Type: min

Fanout         Cap        Slew       Delay        Time   Description
---------------------------------------------------------------------------------------------
                      0.150000    0.000000    0.000000   clock clk (rise edge)
                                  0.000000    0.000000   clock network delay (ideal)
                      0.150000    0.000000    0.000000 ^ _172_/CLK (sky130_fd_sc_hd__dfrtp_2)
     2    0.005173    0.034665    0.243593    0.243593 ^ _172_/Q (sky130_fd_sc_hd__dfrtp_2)
                                                         mem3[5] (net)
                      0.034665    0.000000    0.243593 ^ _113_/B1 (sky130_fd_sc_hd__a21o_2)
     1    0.002087    0.016292    0.047178    0.290771 ^ _113_/X (sky130_fd_sc_hd__a21o_2)
                                                         nxt3[5] (net)
                      0.016292    0.000000    0.290771 ^ _172_/D (sky130_fd_sc_hd__dfrtp_2)
                                              0.290771   data arrival time

                      0.150000    0.000000    0.000000   clock clk (rise edge)
                                  0.000000    0.000000   clock network delay (ideal)
                                  0.250000    0.250000   clock uncertainty
                                  0.000000    0.250000   clock reconvergence pessimism
                                              0.250000 ^ _172_/CLK (sky130_fd_sc_hd__dfrtp_2)
                                 -0.015546    0.234454   library hold time
                                              0.234454   data required time
---------------------------------------------------------------------------------------------
                                              0.234454   data required time
                                             -0.290771   data arrival time
---------------------------------------------------------------------------------------------
                                              0.056317   slack (MET)


Startpoint: _177_ (rising edge-triggered flip-flop clocked by clk)
Endpoint: _178_ (rising edge-triggered flip-flop clocked by clk)
Path Group: clk
Path Type: min

Fanout         Cap        Slew       Delay        Time   Description
---------------------------------------------------------------------------------------------
                      0.150000    0.000000    0.000000   clock clk (rise edge)
                                  0.000000    0.000000   clock network delay (ideal)
                      0.150000    0.000000    0.000000 ^ _177_/CLK (sky130_fd_sc_hd__dfrtp_2)
     9    0.022067    0.089930    0.289423    0.289423 ^ _177_/Q (sky130_fd_sc_hd__dfrtp_2)
                                                         cursor[1] (net)
                      0.089930    0.000000    0.289423 ^ _178_/D (sky130_fd_sc_hd__dfrtp_2)
                                              0.289423   data arrival time

                      0.150000    0.000000    0.000000   clock clk (rise edge)
                                  0.000000    0.000000   clock network delay (ideal)
                                  0.250000    0.250000   clock uncertainty
                                  0.000000    0.250000   clock reconvergence pessimism
                                              0.250000 ^ _178_/CLK (sky130_fd_sc_hd__dfrtp_2)
                                 -0.020851    0.229149   library hold time
                                              0.229149   data required time
---------------------------------------------------------------------------------------------
                                              0.229149   data required time
                                             -0.289423   data arrival time
---------------------------------------------------------------------------------------------
                                              0.060274   slack (MET)


Startpoint: _178_ (rising edge-triggered flip-flop clocked by clk)
Endpoint: _179_ (rising edge-triggered flip-flop clocked by clk)
Path Group: clk
Path Type: min

Fanout         Cap        Slew       Delay        Time   Description
---------------------------------------------------------------------------------------------
                      0.150000    0.000000    0.000000   clock clk (rise edge)
                                  0.000000    0.000000   clock network delay (ideal)
                      0.150000    0.000000    0.000000 ^ _178_/CLK (sky130_fd_sc_hd__dfrtp_2)
     9    0.022067    0.089930    0.289423    0.289423 ^ _178_/Q (sky130_fd_sc_hd__dfrtp_2)
                                                         cursor[2] (net)
                      0.089930    0.000000    0.289423 ^ _179_/D (sky130_fd_sc_hd__dfrtp_2)
                                              0.289423   data arrival time

                      0.150000    0.000000    0.000000   clock clk (rise edge)
                                  0.000000    0.000000   clock network delay (ideal)
                                  0.250000    0.250000   clock uncertainty
                                  0.000000    0.250000   clock reconvergence pessimism
                                              0.250000 ^ _179_/CLK (sky130_fd_sc_hd__dfrtp_2)
                                 -0.020851    0.229149   library hold time
                                              0.229149   data required time
---------------------------------------------------------------------------------------------
                                              0.229149   data required time
                                             -0.289423   data arrival time
---------------------------------------------------------------------------------------------
                                              0.060274   slack (MET)


Startpoint: _179_ (rising edge-triggered flip-flop clocked by clk)
Endpoint: _180_ (rising edge-triggered flip-flop clocked by clk)
Path Group: clk
Path Type: min

Fanout         Cap        Slew       Delay        Time   Description
---------------------------------------------------------------------------------------------
                      0.150000    0.000000    0.000000   clock clk (rise edge)
                                  0.000000    0.000000   clock network delay (ideal)
                      0.150000    0.000000    0.000000 ^ _179_/CLK (sky130_fd_sc_hd__dfrtp_2)
     9    0.022067    0.089930    0.289423    0.289423 ^ _179_/Q (sky130_fd_sc_hd__dfrtp_2)
                                                         cursor[3] (net)
                      0.089930    0.000000    0.289423 ^ _180_/D (sky130_fd_sc_hd__dfrtp_2)
                                              0.289423   data arrival time

                      0.150000    0.000000    0.000000   clock clk (rise edge)
                                  0.000000    0.000000   clock network delay (ideal)
                                  0.250000    0.250000   clock uncertainty
                                  0.000000    0.250000   clock reconvergence pessimism
                                              0.250000 ^ _180_/CLK (sky130_fd_sc_hd__dfrtp_2)
                                 -0.020851    0.229149   library hold time
                                              0.229149   data required time
---------------------------------------------------------------------------------------------
                                              0.229149   data required time
                                             -0.289423   data arrival time
---------------------------------------------------------------------------------------------
                                              0.060274   slack (MET)


Startpoint: _180_ (rising edge-triggered flip-flop clocked by clk)
Endpoint: _181_ (rising edge-triggered flip-flop clocked by clk)
Path Group: clk
Path Type: min

Fanout         Cap        Slew       Delay        Time   Description
---------------------------------------------------------------------------------------------
                      0.150000    0.000000    0.000000   clock clk (rise edge)
                                  0.000000    0.000000   clock network delay (ideal)
                      0.150000    0.000000    0.000000 ^ _180_/CLK (sky130_fd_sc_hd__dfrtp_2)
     9    0.022067    0.089930    0.289423    0.289423 ^ _180_/Q (sky130_fd_sc_hd__dfrtp_2)
                                                         cursor[4] (net)
                      0.089930    0.000000    0.289423 ^ _181_/D (sky130_fd_sc_hd__dfrtp_2)
                                              0.289423   data arrival time

                      0.150000    0.000000    0.000000   clock clk (rise edge)
                                  0.000000    0.000000   clock network delay (ideal)
                                  0.250000    0.250000   clock uncertainty
                                  0.000000    0.250000   clock reconvergence pessimism
                                              0.250000 ^ _181_/CLK (sky130_fd_sc_hd__dfrtp_2)
                                 -0.020851    0.229149   library hold time
                                              0.229149   data required time
---------------------------------------------------------------------------------------------
                                              0.229149   data required time
                                             -0.289423   data arrival time
---------------------------------------------------------------------------------------------
                                              0.060274   slack (MET)


Startpoint: _181_ (rising edge-triggered flip-flop clocked by clk)
Endpoint: _176_ (rising edge-triggered flip-flop clocked by clk)
Path Group: clk
Path Type: min

Fanout         Cap        Slew       Delay        Time   Description
---------------------------------------------------------------------------------------------
                      0.150000    0.000000    0.000000   clock clk (rise edge)
                                  0.000000    0.000000   clock network delay (ideal)
                      0.150000    0.000000    0.000000 ^ _181_/CLK (sky130_fd_sc_hd__dfrtp_2)
     9    0.020435    0.059203    0.304051    0.304051 v _181_/Q (sky130_fd_sc_hd__dfrtp_2)
                                                         cursor[5] (net)
                      0.059203    0.000000    0.304051 v _176_/D (sky130_fd_sc_hd__dfstp_2)
                                              0.304051   data arrival time

                      0.150000    0.000000    0.000000   clock clk (rise edge)
                                  0.000000    0.000000   clock network delay (ideal)
                                  0.250000    0.250000   clock uncertainty
                                  0.000000    0.250000   clock reconvergence pessimism
                                              0.250000 ^ _176_/CLK (sky130_fd_sc_hd__dfstp_2)
                                 -0.006312    0.243688   library hold time
                                              0.243688   data required time
---------------------------------------------------------------------------------------------
                                              0.243688   data required time
                                             -0.304051   data arrival time
---------------------------------------------------------------------------------------------
                                              0.060362   slack (MET)


Startpoint: _149_ (rising edge-triggered flip-flop clocked by clk)
Endpoint: _149_ (rising edge-triggered flip-flop clocked by clk)
Path Group: clk
Path Type: min

Fanout         Cap        Slew       Delay        Time   Description
---------------------------------------------------------------------------------------------
                      0.150000    0.000000    0.000000   clock clk (rise edge)
                                  0.000000    0.000000   clock network delay (ideal)
                      0.150000    0.000000    0.000000 ^ _149_/CLK (sky130_fd_sc_hd__dfrtp_2)
     2    0.005173    0.034665    0.243593    0.243593 ^ _149_/Q (sky130_fd_sc_hd__dfrtp_2)
                                                         mem0[0] (net)
                      0.034665    0.000000    0.243593 ^ _059_/B1 (sky130_fd_sc_hd__a21o_2)
     2    0.003638    0.021626    0.051599    0.295192 ^ _059_/X (sky130_fd_sc_hd__a21o_2)
                                                         nxt0[0] (net)
                      0.021626    0.000000    0.295192 ^ _149_/D (sky130_fd_sc_hd__dfrtp_2)
                                              0.295192   data arrival time

                      0.150000    0.000000    0.000000   clock clk (rise edge)
                                  0.000000    0.000000   clock network delay (ideal)
                                  0.250000    0.250000   clock uncertainty
                                  0.000000    0.250000   clock reconvergence pessimism
                                              0.250000 ^ _149_/CLK (sky130_fd_sc_hd__dfrtp_2)
                                 -0.015930    0.234070   library hold time
                                              0.234070   data required time
---------------------------------------------------------------------------------------------
                                              0.234070   data required time
                                             -0.295192   data arrival time
---------------------------------------------------------------------------------------------
                                              0.061122   slack (MET)


Startpoint: _155_ (rising edge-triggered flip-flop clocked by clk)
Endpoint: _155_ (rising edge-triggered flip-flop clocked by clk)
Path Group: clk
Path Type: min

Fanout         Cap        Slew       Delay        Time   Description
---------------------------------------------------------------------------------------------
                      0.150000    0.000000    0.000000   clock clk (rise edge)
                                  0.000000    0.000000   clock network delay (ideal)
                      0.150000    0.000000    0.000000 ^ _155_/CLK (sky130_fd_sc_hd__dfrtp_2)
     2    0.005173    0.034665    0.243593    0.243593 ^ _155_/Q (sky130_fd_sc_hd__dfrtp_2)
                                                         mem1[0] (net)
                      0.034665    0.000000    0.243593 ^ _073_/B1 (sky130_fd_sc_hd__a21o_2)
     2    0.003638    0.021626    0.051599    0.295192 ^ _073_/X (sky130_fd_sc_hd__a21o_2)
                                                         nxt1[0] (net)
                      0.021626    0.000000    0.295192 ^ _155_/D (sky130_fd_sc_hd__dfrtp_2)
                                              0.295192   data arrival time

                      0.150000    0.000000    0.000000   clock clk (rise edge)
                                  0.000000    0.000000   clock network delay (ideal)
                                  0.250000    0.250000   clock uncertainty
                                  0.000000    0.250000   clock reconvergence pessimism
                                              0.250000 ^ _155_/CLK (sky130_fd_sc_hd__dfrtp_2)
                                 -0.015930    0.234070   library hold time
                                              0.234070   data required time
---------------------------------------------------------------------------------------------
                                              0.234070   data required time
                                             -0.295192   data arrival time
---------------------------------------------------------------------------------------------
                                              0.061122   slack (MET)


Startpoint: _161_ (rising edge-triggered flip-flop clocked by clk)
Endpoint: _161_ (rising edge-triggered flip-flop clocked by clk)
Path Group: clk
Path Type: min

Fanout         Cap        Slew       Delay        Time   Description
---------------------------------------------------------------------------------------------
                      0.150000    0.000000    0.000000   clock clk (rise edge)
                                  0.000000    0.000000   clock network delay (ideal)
                      0.150000    0.000000    0.000000 ^ _161_/CLK (sky130_fd_sc_hd__dfrtp_2)
     2    0.005173    0.034665    0.243593    0.243593 ^ _161_/Q (sky130_fd_sc_hd__dfrtp_2)
                                                         mem2[0] (net)
                      0.034665    0.000000    0.243593 ^ _088_/B1 (sky130_fd_sc_hd__a21o_2)
     2    0.003638    0.021626    0.051599    0.295192 ^ _088_/X (sky130_fd_sc_hd__a21o_2)
                                                         nxt2[0] (net)
                      0.021626    0.000000    0.295192 ^ _161_/D (sky130_fd_sc_hd__dfrtp_2)
                                              0.295192   data arrival time

                      0.150000    0.000000    0.000000   clock clk (rise edge)
                                  0.000000    0.000000   clock network delay (ideal)
                                  0.250000    0.250000   clock uncertainty
                                  0.000000    0.250000   clock reconvergence pessimism
                                              0.250000 ^ _161_/CLK (sky130_fd_sc_hd__dfrtp_2)
                                 -0.015930    0.234070   library hold time
                                              0.234070   data required time
---------------------------------------------------------------------------------------------
                                              0.234070   data required time
                                             -0.295192   data arrival time
---------------------------------------------------------------------------------------------
                                              0.061122   slack (MET)


Startpoint: _151_ (rising edge-triggered flip-flop clocked by clk)
Endpoint: _151_ (rising edge-triggered flip-flop clocked by clk)
Path Group: clk
Path Type: min

Fanout         Cap        Slew       Delay        Time   Description
---------------------------------------------------------------------------------------------
                      0.150000    0.000000    0.000000   clock clk (rise edge)
                                  0.000000    0.000000   clock network delay (ideal)
                      0.150000    0.000000    0.000000 ^ _151_/CLK (sky130_fd_sc_hd__dfrtp_2)
     2    0.005173    0.034665    0.243593    0.243593 ^ _151_/Q (sky130_fd_sc_hd__dfrtp_2)
                                                         mem0[2] (net)
                      0.034665    0.000000    0.243593 ^ _063_/B1 (sky130_fd_sc_hd__a21o_2)
     2    0.003702    0.021846    0.051781    0.295374 ^ _063_/X (sky130_fd_sc_hd__a21o_2)
                                                         nxt0[2] (net)
                      0.021846    0.000000    0.295374 ^ _151_/D (sky130_fd_sc_hd__dfrtp_2)
                                              0.295374   data arrival time

                      0.150000    0.000000    0.000000   clock clk (rise edge)
                                  0.000000    0.000000   clock network delay (ideal)
                                  0.250000    0.250000   clock uncertainty
                                  0.000000    0.250000   clock reconvergence pessimism
                                              0.250000 ^ _151_/CLK (sky130_fd_sc_hd__dfrtp_2)
                                 -0.015946    0.234054   library hold time
                                              0.234054   data required time
---------------------------------------------------------------------------------------------
                                              0.234054   data required time
                                             -0.295374   data arrival time
---------------------------------------------------------------------------------------------
                                              0.061320   slack (MET)


Startpoint: _157_ (rising edge-triggered flip-flop clocked by clk)
Endpoint: _157_ (rising edge-triggered flip-flop clocked by clk)
Path Group: clk
Path Type: min

Fanout         Cap        Slew       Delay        Time   Description
---------------------------------------------------------------------------------------------
                      0.150000    0.000000    0.000000   clock clk (rise edge)
                                  0.000000    0.000000   clock network delay (ideal)
                      0.150000    0.000000    0.000000 ^ _157_/CLK (sky130_fd_sc_hd__dfrtp_2)
     2    0.005173    0.034665    0.243593    0.243593 ^ _157_/Q (sky130_fd_sc_hd__dfrtp_2)
                                                         mem1[2] (net)
                      0.034665    0.000000    0.243593 ^ _077_/B1 (sky130_fd_sc_hd__a21o_2)
     2    0.003702    0.021846    0.051781    0.295374 ^ _077_/X (sky130_fd_sc_hd__a21o_2)
                                                         nxt1[2] (net)
                      0.021846    0.000000    0.295374 ^ _157_/D (sky130_fd_sc_hd__dfrtp_2)
                                              0.295374   data arrival time

                      0.150000    0.000000    0.000000   clock clk (rise edge)
                                  0.000000    0.000000   clock network delay (ideal)
                                  0.250000    0.250000   clock uncertainty
                                  0.000000    0.250000   clock reconvergence pessimism
                                              0.250000 ^ _157_/CLK (sky130_fd_sc_hd__dfrtp_2)
                                 -0.015946    0.234054   library hold time
                                              0.234054   data required time
---------------------------------------------------------------------------------------------
                                              0.234054   data required time
                                             -0.295374   data arrival time
---------------------------------------------------------------------------------------------
                                              0.061320   slack (MET)


Startpoint: _163_ (rising edge-triggered flip-flop clocked by clk)
Endpoint: _163_ (rising edge-triggered flip-flop clocked by clk)
Path Group: clk
Path Type: min

Fanout         Cap        Slew       Delay        Time   Description
---------------------------------------------------------------------------------------------
                      0.150000    0.000000    0.000000   clock clk (rise edge)
                                  0.000000    0.000000   clock network delay (ideal)
                      0.150000    0.000000    0.000000 ^ _163_/CLK (sky130_fd_sc_hd__dfrtp_2)
     2    0.005173    0.034665    0.243593    0.243593 ^ _163_/Q (sky130_fd_sc_hd__dfrtp_2)
                                                         mem2[2] (net)
                      0.034665    0.000000    0.243593 ^ _092_/B1 (sky130_fd_sc_hd__a21o_2)
     2    0.003702    0.021846    0.051781    0.295374 ^ _092_/X (sky130_fd_sc_hd__a21o_2)
                                                         nxt2[2] (net)
                      0.021846    0.000000    0.295374 ^ _163_/D (sky130_fd_sc_hd__dfrtp_2)
                                              0.295374   data arrival time

                      0.150000    0.000000    0.000000   clock clk (rise edge)
                                  0.000000    0.000000   clock network delay (ideal)
                                  0.250000    0.250000   clock uncertainty
                                  0.000000    0.250000   clock reconvergence pessimism
                                              0.250000 ^ _163_/CLK (sky130_fd_sc_hd__dfrtp_2)
                                 -0.015946    0.234054   library hold time
                                              0.234054   data required time
---------------------------------------------------------------------------------------------
                                              0.234054   data required time
                                             -0.295374   data arrival time
---------------------------------------------------------------------------------------------
                                              0.061320   slack (MET)


Startpoint: _150_ (rising edge-triggered flip-flop clocked by clk)
Endpoint: _150_ (rising edge-triggered flip-flop clocked by clk)
Path Group: clk
Path Type: min

Fanout         Cap        Slew       Delay        Time   Description
---------------------------------------------------------------------------------------------
                      0.150000    0.000000    0.000000   clock clk (rise edge)
                                  0.000000    0.000000   clock network delay (ideal)
                      0.150000    0.000000    0.000000 ^ _150_/CLK (sky130_fd_sc_hd__dfrtp_2)
     2    0.005173    0.034665    0.243593    0.243593 ^ _150_/Q (sky130_fd_sc_hd__dfrtp_2)
                                                         mem0[1] (net)
                      0.034665    0.000000    0.243593 ^ _061_/B1 (sky130_fd_sc_hd__a21o_2)
     2    0.003707    0.021863    0.051795    0.295389 ^ _061_/X (sky130_fd_sc_hd__a21o_2)
                                                         nxt0[1] (net)
                      0.021863    0.000000    0.295389 ^ _150_/D (sky130_fd_sc_hd__dfrtp_2)
                                              0.295389   data arrival time

                      0.150000    0.000000    0.000000   clock clk (rise edge)
                                  0.000000    0.000000   clock network delay (ideal)
                                  0.250000    0.250000   clock uncertainty
                                  0.000000    0.250000   clock reconvergence pessimism
                                              0.250000 ^ _150_/CLK (sky130_fd_sc_hd__dfrtp_2)
                                 -0.015947    0.234053   library hold time
                                              0.234053   data required time
---------------------------------------------------------------------------------------------
                                              0.234053   data required time
                                             -0.295389   data arrival time
---------------------------------------------------------------------------------------------
                                              0.061336   slack (MET)


Startpoint: _156_ (rising edge-triggered flip-flop clocked by clk)
Endpoint: _156_ (rising edge-triggered flip-flop clocked by clk)
Path Group: clk
Path Type: min

Fanout         Cap        Slew       Delay        Time   Description
---------------------------------------------------------------------------------------------
                      0.150000    0.000000    0.000000   clock clk (rise edge)
                                  0.000000    0.000000   clock network delay (ideal)
                      0.150000    0.000000    0.000000 ^ _156_/CLK (sky130_fd_sc_hd__dfrtp_2)
     2    0.005173    0.034665    0.243593    0.243593 ^ _156_/Q (sky130_fd_sc_hd__dfrtp_2)
                                                         mem1[1] (net)
                      0.034665    0.000000    0.243593 ^ _075_/B1 (sky130_fd_sc_hd__a21o_2)
     2    0.003707    0.021863    0.051795    0.295389 ^ _075_/X (sky130_fd_sc_hd__a21o_2)
                                                         nxt1[1] (net)
                      0.021863    0.000000    0.295389 ^ _156_/D (sky130_fd_sc_hd__dfrtp_2)
                                              0.295389   data arrival time

                      0.150000    0.000000    0.000000   clock clk (rise edge)
                                  0.000000    0.000000   clock network delay (ideal)
                                  0.250000    0.250000   clock uncertainty
                                  0.000000    0.250000   clock reconvergence pessimism
                                              0.250000 ^ _156_/CLK (sky130_fd_sc_hd__dfrtp_2)
                                 -0.015947    0.234053   library hold time
                                              0.234053   data required time
---------------------------------------------------------------------------------------------
                                              0.234053   data required time
                                             -0.295389   data arrival time
---------------------------------------------------------------------------------------------
                                              0.061336   slack (MET)


Startpoint: _162_ (rising edge-triggered flip-flop clocked by clk)
Endpoint: _162_ (rising edge-triggered flip-flop clocked by clk)
Path Group: clk
Path Type: min

Fanout         Cap        Slew       Delay        Time   Description
---------------------------------------------------------------------------------------------
                      0.150000    0.000000    0.000000   clock clk (rise edge)
                                  0.000000    0.000000   clock network delay (ideal)
                      0.150000    0.000000    0.000000 ^ _162_/CLK (sky130_fd_sc_hd__dfrtp_2)
     2    0.005173    0.034665    0.243593    0.243593 ^ _162_/Q (sky130_fd_sc_hd__dfrtp_2)
                                                         mem2[1] (net)
                      0.034665    0.000000    0.243593 ^ _090_/B1 (sky130_fd_sc_hd__a21o_2)
     2    0.003707    0.021863    0.051795    0.295389 ^ _090_/X (sky130_fd_sc_hd__a21o_2)
                                                         nxt2[1] (net)
                      0.021863    0.000000    0.295389 ^ _162_/D (sky130_fd_sc_hd__dfrtp_2)
                                              0.295389   data arrival time

                      0.150000    0.000000    0.000000   clock clk (rise edge)
                                  0.000000    0.000000   clock network delay (ideal)
                                  0.250000    0.250000   clock uncertainty
                                  0.000000    0.250000   clock reconvergence pessimism
                                              0.250000 ^ _162_/CLK (sky130_fd_sc_hd__dfrtp_2)
                                 -0.015947    0.234053   library hold time
                                              0.234053   data required time
---------------------------------------------------------------------------------------------
                                              0.234053   data required time
                                             -0.295389   data arrival time
---------------------------------------------------------------------------------------------
                                              0.061336   slack (MET)


Startpoint: _153_ (rising edge-triggered flip-flop clocked by clk)
Endpoint: _153_ (rising edge-triggered flip-flop clocked by clk)
Path Group: clk
Path Type: min

Fanout         Cap        Slew       Delay        Time   Description
---------------------------------------------------------------------------------------------
                      0.150000    0.000000    0.000000   clock clk (rise edge)
                                  0.000000    0.000000   clock network delay (ideal)
                      0.150000    0.000000    0.000000 ^ _153_/CLK (sky130_fd_sc_hd__dfrtp_2)
     2    0.005173    0.034665    0.243593    0.243593 ^ _153_/Q (sky130_fd_sc_hd__dfrtp_2)
                                                         mem0[4] (net)
                      0.034665    0.000000    0.243593 ^ _067_/B1 (sky130_fd_sc_hd__a21o_2)
     2    0.003716    0.021894    0.051821    0.295414 ^ _067_/X (sky130_fd_sc_hd__a21o_2)
                                                         nxt0[4] (net)
                      0.021894    0.000000    0.295414 ^ _153_/D (sky130_fd_sc_hd__dfrtp_2)
                                              0.295414   data arrival time

                      0.150000    0.000000    0.000000   clock clk (rise edge)
                                  0.000000    0.000000   clock network delay (ideal)
                                  0.250000    0.250000   clock uncertainty
                                  0.000000    0.250000   clock reconvergence pessimism
                                              0.250000 ^ _153_/CLK (sky130_fd_sc_hd__dfrtp_2)
                                 -0.015949    0.234051   library hold time
                                              0.234051   data required time
---------------------------------------------------------------------------------------------
                                              0.234051   data required time
                                             -0.295414   data arrival time
---------------------------------------------------------------------------------------------
                                              0.061363   slack (MET)


Startpoint: _159_ (rising edge-triggered flip-flop clocked by clk)
Endpoint: _159_ (rising edge-triggered flip-flop clocked by clk)
Path Group: clk
Path Type: min

Fanout         Cap        Slew       Delay        Time   Description
---------------------------------------------------------------------------------------------
                      0.150000    0.000000    0.000000   clock clk (rise edge)
                                  0.000000    0.000000   clock network delay (ideal)
                      0.150000    0.000000    0.000000 ^ _159_/CLK (sky130_fd_sc_hd__dfrtp_2)
     2    0.005173    0.034665    0.243593    0.243593 ^ _159_/Q (sky130_fd_sc_hd__dfrtp_2)
                                                         mem1[4] (net)
                      0.034665    0.000000    0.243593 ^ _081_/B1 (sky130_fd_sc_hd__a21o_2)
     2    0.003716    0.021894    0.051821    0.295414 ^ _081_/X (sky130_fd_sc_hd__a21o_2)
                                                         nxt1[4] (net)
                      0.021894    0.000000    0.295414 ^ _159_/D (sky130_fd_sc_hd__dfrtp_2)
                                              0.295414   data arrival time

                      0.150000    0.000000    0.000000   clock clk (rise edge)
                                  0.000000    0.000000   clock network delay (ideal)
                                  0.250000    0.250000   clock uncertainty
                                  0.000000    0.250000   clock reconvergence pessimism
                                              0.250000 ^ _159_/CLK (sky130_fd_sc_hd__dfrtp_2)
                                 -0.015949    0.234051   library hold time
                                              0.234051   data required time
---------------------------------------------------------------------------------------------
                                              0.234051   data required time
                                             -0.295414   data arrival time
---------------------------------------------------------------------------------------------
                                              0.061363   slack (MET)


Startpoint: _165_ (rising edge-triggered flip-flop clocked by clk)
Endpoint: _165_ (rising edge-triggered flip-flop clocked by clk)
Path Group: clk
Path Type: min

Fanout         Cap        Slew       Delay        Time   Description
---------------------------------------------------------------------------------------------
                      0.150000    0.000000    0.000000   clock clk (rise edge)
                                  0.000000    0.000000   clock network delay (ideal)
                      0.150000    0.000000    0.000000 ^ _165_/CLK (sky130_fd_sc_hd__dfrtp_2)
     2    0.005173    0.034665    0.243593    0.243593 ^ _165_/Q (sky130_fd_sc_hd__dfrtp_2)
                                                         mem2[4] (net)
                      0.034665    0.000000    0.243593 ^ _096_/B1 (sky130_fd_sc_hd__a21o_2)
     2    0.003716    0.021894    0.051821    0.295414 ^ _096_/X (sky130_fd_sc_hd__a21o_2)
                                                         nxt2[4] (net)
                      0.021894    0.000000    0.295414 ^ _165_/D (sky130_fd_sc_hd__dfrtp_2)
                                              0.295414   data arrival time

                      0.150000    0.000000    0.000000   clock clk (rise edge)
                                  0.000000    0.000000   clock network delay (ideal)
                                  0.250000    0.250000   clock uncertainty
                                  0.000000    0.250000   clock reconvergence pessimism
                                              0.250000 ^ _165_/CLK (sky130_fd_sc_hd__dfrtp_2)
                                 -0.015949    0.234051   library hold time
                                              0.234051   data required time
---------------------------------------------------------------------------------------------
                                              0.234051   data required time
                                             -0.295414   data arrival time
---------------------------------------------------------------------------------------------
                                              0.061363   slack (MET)


Startpoint: _152_ (rising edge-triggered flip-flop clocked by clk)
Endpoint: _152_ (rising edge-triggered flip-flop clocked by clk)
Path Group: clk
Path Type: min

Fanout         Cap        Slew       Delay        Time   Description
---------------------------------------------------------------------------------------------
                      0.150000    0.000000    0.000000   clock clk (rise edge)
                                  0.000000    0.000000   clock network delay (ideal)
                      0.150000    0.000000    0.000000 ^ _152_/CLK (sky130_fd_sc_hd__dfrtp_2)
     2    0.005173    0.034665    0.243593    0.243593 ^ _152_/Q (sky130_fd_sc_hd__dfrtp_2)
                                                         mem0[3] (net)
                      0.034665    0.000000    0.243593 ^ _065_/B1 (sky130_fd_sc_hd__a21o_2)
     2    0.003730    0.021942    0.051861    0.295454 ^ _065_/X (sky130_fd_sc_hd__a21o_2)
                                                         nxt0[3] (net)
                      0.021942    0.000000    0.295454 ^ _152_/D (sky130_fd_sc_hd__dfrtp_2)
                                              0.295454   data arrival time

                      0.150000    0.000000    0.000000   clock clk (rise edge)
                                  0.000000    0.000000   clock network delay (ideal)
                                  0.250000    0.250000   clock uncertainty
                                  0.000000    0.250000   clock reconvergence pessimism
                                              0.250000 ^ _152_/CLK (sky130_fd_sc_hd__dfrtp_2)
                                 -0.015953    0.234047   library hold time
                                              0.234047   data required time
---------------------------------------------------------------------------------------------
                                              0.234047   data required time
                                             -0.295454   data arrival time
---------------------------------------------------------------------------------------------
                                              0.061407   slack (MET)


Startpoint: _158_ (rising edge-triggered flip-flop clocked by clk)
Endpoint: _158_ (rising edge-triggered flip-flop clocked by clk)
Path Group: clk
Path Type: min

Fanout         Cap        Slew       Delay        Time   Description
---------------------------------------------------------------------------------------------
                      0.150000    0.000000    0.000000   clock clk (rise edge)
                                  0.000000    0.000000   clock network delay (ideal)
                      0.150000    0.000000    0.000000 ^ _158_/CLK (sky130_fd_sc_hd__dfrtp_2)
     2    0.005173    0.034665    0.243593    0.243593 ^ _158_/Q (sky130_fd_sc_hd__dfrtp_2)
                                                         mem1[3] (net)
                      0.034665    0.000000    0.243593 ^ _079_/B1 (sky130_fd_sc_hd__a21o_2)
     2    0.003730    0.021942    0.051861    0.295454 ^ _079_/X (sky130_fd_sc_hd__a21o_2)
                                                         nxt1[3] (net)
                      0.021942    0.000000    0.295454 ^ _158_/D (sky130_fd_sc_hd__dfrtp_2)
                                              0.295454   data arrival time

                      0.150000    0.000000    0.000000   clock clk (rise edge)
                                  0.000000    0.000000   clock network delay (ideal)
                                  0.250000    0.250000   clock uncertainty
                                  0.000000    0.250000   clock reconvergence pessimism
                                              0.250000 ^ _158_/CLK (sky130_fd_sc_hd__dfrtp_2)
                                 -0.015953    0.234047   library hold time
                                              0.234047   data required time
---------------------------------------------------------------------------------------------
                                              0.234047   data required time
                                             -0.295454   data arrival time
---------------------------------------------------------------------------------------------
                                              0.061407   slack (MET)


Startpoint: _164_ (rising edge-triggered flip-flop clocked by clk)
Endpoint: _164_ (rising edge-triggered flip-flop clocked by clk)
Path Group: clk
Path Type: min

Fanout         Cap        Slew       Delay        Time   Description
---------------------------------------------------------------------------------------------
                      0.150000    0.000000    0.000000   clock clk (rise edge)
                                  0.000000    0.000000   clock network delay (ideal)
                      0.150000    0.000000    0.000000 ^ _164_/CLK (sky130_fd_sc_hd__dfrtp_2)
     2    0.005173    0.034665    0.243593    0.243593 ^ _164_/Q (sky130_fd_sc_hd__dfrtp_2)
                                                         mem2[3] (net)
                      0.034665    0.000000    0.243593 ^ _094_/B1 (sky130_fd_sc_hd__a21o_2)
     2    0.003730    0.021942    0.051861    0.295454 ^ _094_/X (sky130_fd_sc_hd__a21o_2)
                                                         nxt2[3] (net)
                      0.021942    0.000000    0.295454 ^ _164_/D (sky130_fd_sc_hd__dfrtp_2)
                                              0.295454   data arrival time

                      0.150000    0.000000    0.000000   clock clk (rise edge)
                                  0.000000    0.000000   clock network delay (ideal)
                                  0.250000    0.250000   clock uncertainty
                                  0.000000    0.250000   clock reconvergence pessimism
                                              0.250000 ^ _164_/CLK (sky130_fd_sc_hd__dfrtp_2)
                                 -0.015953    0.234047   library hold time
                                              0.234047   data required time
---------------------------------------------------------------------------------------------
                                              0.234047   data required time
                                             -0.295454   data arrival time
---------------------------------------------------------------------------------------------
                                              0.061407   slack (MET)


Startpoint: _154_ (rising edge-triggered flip-flop clocked by clk)
Endpoint: _154_ (rising edge-triggered flip-flop clocked by clk)
Path Group: clk
Path Type: min

Fanout         Cap        Slew       Delay        Time   Description
---------------------------------------------------------------------------------------------
                      0.150000    0.000000    0.000000   clock clk (rise edge)
                                  0.000000    0.000000   clock network delay (ideal)
                      0.150000    0.000000    0.000000 ^ _154_/CLK (sky130_fd_sc_hd__dfrtp_2)
     2    0.005173    0.034665    0.243593    0.243593 ^ _154_/Q (sky130_fd_sc_hd__dfrtp_2)
                                                         mem0[5] (net)
                      0.034665    0.000000    0.243593 ^ _069_/B1 (sky130_fd_sc_hd__a21o_2)
     2    0.003763    0.022056    0.051955    0.295548 ^ _069_/X (sky130_fd_sc_hd__a21o_2)
                                                         nxt0[5] (net)
                      0.022056    0.000000    0.295548 ^ _154_/D (sky130_fd_sc_hd__dfrtp_2)
                                              0.295548   data arrival time

                      0.150000    0.000000    0.000000   clock clk (rise edge)
                                  0.000000    0.000000   clock network delay (ideal)
                                  0.250000    0.250000   clock uncertainty
                                  0.000000    0.250000   clock reconvergence pessimism
                                              0.250000 ^ _154_/CLK (sky130_fd_sc_hd__dfrtp_2)
                                 -0.015961    0.234039   library hold time
                                              0.234039   data required time
---------------------------------------------------------------------------------------------
                                              0.234039   data required time
                                             -0.295548   data arrival time
---------------------------------------------------------------------------------------------
                                              0.061509   slack (MET)


Startpoint: _160_ (rising edge-triggered flip-flop clocked by clk)
Endpoint: _160_ (rising edge-triggered flip-flop clocked by clk)
Path Group: clk
Path Type: min

Fanout         Cap        Slew       Delay        Time   Description
---------------------------------------------------------------------------------------------
                      0.150000    0.000000    0.000000   clock clk (rise edge)
                                  0.000000    0.000000   clock network delay (ideal)
                      0.150000    0.000000    0.000000 ^ _160_/CLK (sky130_fd_sc_hd__dfrtp_2)
     2    0.005173    0.034665    0.243593    0.243593 ^ _160_/Q (sky130_fd_sc_hd__dfrtp_2)
                                                         mem1[5] (net)
                      0.034665    0.000000    0.243593 ^ _083_/B1 (sky130_fd_sc_hd__a21o_2)
     2    0.003763    0.022056    0.051955    0.295548 ^ _083_/X (sky130_fd_sc_hd__a21o_2)
                                                         nxt1[5] (net)
                      0.022056    0.000000    0.295548 ^ _160_/D (sky130_fd_sc_hd__dfrtp_2)
                                              0.295548   data arrival time

                      0.150000    0.000000    0.000000   clock clk (rise edge)
                                  0.000000    0.000000   clock network delay (ideal)
                                  0.250000    0.250000   clock uncertainty
                                  0.000000    0.250000   clock reconvergence pessimism
                                              0.250000 ^ _160_/CLK (sky130_fd_sc_hd__dfrtp_2)
                                 -0.015961    0.234039   library hold time
                                              0.234039   data required time
---------------------------------------------------------------------------------------------
                                              0.234039   data required time
                                             -0.295548   data arrival time
---------------------------------------------------------------------------------------------
                                              0.061509   slack (MET)


Startpoint: _166_ (rising edge-triggered flip-flop clocked by clk)
Endpoint: _166_ (rising edge-triggered flip-flop clocked by clk)
Path Group: clk
Path Type: min

Fanout         Cap        Slew       Delay        Time   Description
---------------------------------------------------------------------------------------------
                      0.150000    0.000000    0.000000   clock clk (rise edge)
                                  0.000000    0.000000   clock network delay (ideal)
                      0.150000    0.000000    0.000000 ^ _166_/CLK (sky130_fd_sc_hd__dfrtp_2)
     2    0.005173    0.034665    0.243593    0.243593 ^ _166_/Q (sky130_fd_sc_hd__dfrtp_2)
                                                         mem2[5] (net)
                      0.034665    0.000000    0.243593 ^ _098_/B1 (sky130_fd_sc_hd__a21o_2)
     2    0.003763    0.022056    0.051955    0.295548 ^ _098_/X (sky130_fd_sc_hd__a21o_2)
                                                         nxt2[5] (net)
                      0.022056    0.000000    0.295548 ^ _166_/D (sky130_fd_sc_hd__dfrtp_2)
                                              0.295548   data arrival time

                      0.150000    0.000000    0.000000   clock clk (rise edge)
                                  0.000000    0.000000   clock network delay (ideal)
                                  0.250000    0.250000   clock uncertainty
                                  0.000000    0.250000   clock reconvergence pessimism
                                              0.250000 ^ _166_/CLK (sky130_fd_sc_hd__dfrtp_2)
                                 -0.015961    0.234039   library hold time
                                              0.234039   data required time
---------------------------------------------------------------------------------------------
                                              0.234039   data required time
                                             -0.295548   data arrival time
---------------------------------------------------------------------------------------------
                                              0.061509   slack (MET)


Startpoint: _174_ (rising edge-triggered flip-flop clocked by clk)
Endpoint: _183_ (rising edge-triggered flip-flop clocked by clk)
Path Group: clk
Path Type: min

Fanout         Cap        Slew       Delay        Time   Description
---------------------------------------------------------------------------------------------
                      0.150000    0.000000    0.000000   clock clk (rise edge)
                                  0.000000    0.000000   clock network delay (ideal)
                      0.150000    0.000000    0.000000 ^ _174_/CLK (sky130_fd_sc_hd__dfrtp_2)
     2    0.004219    0.031487    0.240323    0.240323 ^ _174_/Q (sky130_fd_sc_hd__dfrtp_2)
                                                         done_ff[1] (net)
                      0.031487    0.000000    0.240323 ^ _053_/A1 (sky130_fd_sc_hd__a21o_2)
     1    0.002087    0.018736    0.062024    0.302348 ^ _053_/X (sky130_fd_sc_hd__a21o_2)
                                                         _037_ (net)
                      0.018736    0.000000    0.302348 ^ _183_/D (sky130_fd_sc_hd__dfrtp_2)
                                              0.302348   data arrival time

                      0.150000    0.000000    0.000000   clock clk (rise edge)
                                  0.000000    0.000000   clock network delay (ideal)
                                  0.250000    0.250000   clock uncertainty
                                  0.000000    0.250000   clock reconvergence pessimism
                                              0.250000 ^ _183_/CLK (sky130_fd_sc_hd__dfrtp_2)
                                 -0.015722    0.234278   library hold time
                                              0.234278   data required time
---------------------------------------------------------------------------------------------
                                              0.234278   data required time
                                             -0.302348   data arrival time
---------------------------------------------------------------------------------------------
                                              0.068069   slack (MET)


Startpoint: _174_ (rising edge-triggered flip-flop clocked by clk)
Endpoint: _182_ (rising edge-triggered flip-flop clocked by clk)
Path Group: clk
Path Type: min

Fanout         Cap        Slew       Delay        Time   Description
---------------------------------------------------------------------------------------------
                      0.150000    0.000000    0.000000   clock clk (rise edge)
                                  0.000000    0.000000   clock network delay (ideal)
                      0.150000    0.000000    0.000000 ^ _174_/CLK (sky130_fd_sc_hd__dfrtp_2)
     2    0.004219    0.031487    0.240323    0.240323 ^ _174_/Q (sky130_fd_sc_hd__dfrtp_2)
                                                         done_ff[1] (net)
                      0.031487    0.000000    0.240323 ^ _057_/A1_N (sky130_fd_sc_hd__o2bb2a_2)
     1    0.002059    0.019510    0.117785    0.358109 v _057_/X (sky130_fd_sc_hd__o2bb2a_2)
                                                         _036_ (net)
                      0.019510    0.000000    0.358109 v _182_/D (sky130_fd_sc_hd__dfrtp_2)
                                              0.358109   data arrival time

                      0.150000    0.000000    0.000000   clock clk (rise edge)
                                  0.000000    0.000000   clock network delay (ideal)
                                  0.250000    0.250000   clock uncertainty
                                  0.000000    0.250000   clock reconvergence pessimism
                                              0.250000 ^ _182_/CLK (sky130_fd_sc_hd__dfrtp_2)
                                 -0.013783    0.236217   library hold time
                                              0.236217   data required time
---------------------------------------------------------------------------------------------
                                              0.236217   data required time
                                             -0.358109   data arrival time
---------------------------------------------------------------------------------------------
                                              0.121892   slack (MET)


Startpoint: _149_ (rising edge-triggered flip-flop clocked by clk)
Endpoint: _173_ (rising edge-triggered flip-flop clocked by clk)
Path Group: clk
Path Type: min

Fanout         Cap        Slew       Delay        Time   Description
---------------------------------------------------------------------------------------------
                      0.150000    0.000000    0.000000   clock clk (rise edge)
                                  0.000000    0.000000   clock network delay (ideal)
                      0.150000    0.000000    0.000000 ^ _149_/CLK (sky130_fd_sc_hd__dfrtp_2)
     2    0.005173    0.034665    0.243593    0.243593 ^ _149_/Q (sky130_fd_sc_hd__dfrtp_2)
                                                         mem0[0] (net)
                      0.034665    0.000000    0.243593 ^ _059_/B1 (sky130_fd_sc_hd__a21o_2)
     2    0.003638    0.021626    0.051599    0.295192 ^ _059_/X (sky130_fd_sc_hd__a21o_2)
                                                         nxt0[0] (net)
                      0.021626    0.000000    0.295192 ^ _071_/A (sky130_fd_sc_hd__and3_2)
     1    0.002087    0.025351    0.083790    0.378982 ^ _071_/X (sky130_fd_sc_hd__and3_2)
                                                         done_comb[0] (net)
                      0.025351    0.000000    0.378982 ^ _173_/D (sky130_fd_sc_hd__dfrtp_2)
                                              0.378982   data arrival time

                      0.150000    0.000000    0.000000   clock clk (rise edge)
                                  0.000000    0.000000   clock network delay (ideal)
                                  0.250000    0.250000   clock uncertainty
                                  0.000000    0.250000   clock reconvergence pessimism
                                              0.250000 ^ _173_/CLK (sky130_fd_sc_hd__dfrtp_2)
                                 -0.016198    0.233802   library hold time
                                              0.233802   data required time
---------------------------------------------------------------------------------------------
                                              0.233802   data required time
                                             -0.378982   data arrival time
---------------------------------------------------------------------------------------------
                                              0.145180   slack (MET)


Startpoint: _155_ (rising edge-triggered flip-flop clocked by clk)
Endpoint: _174_ (rising edge-triggered flip-flop clocked by clk)
Path Group: clk
Path Type: min

Fanout         Cap        Slew       Delay        Time   Description
---------------------------------------------------------------------------------------------
                      0.150000    0.000000    0.000000   clock clk (rise edge)
                                  0.000000    0.000000   clock network delay (ideal)
                      0.150000    0.000000    0.000000 ^ _155_/CLK (sky130_fd_sc_hd__dfrtp_2)
     2    0.005173    0.034665    0.243593    0.243593 ^ _155_/Q (sky130_fd_sc_hd__dfrtp_2)
                                                         mem1[0] (net)
                      0.034665    0.000000    0.243593 ^ _073_/B1 (sky130_fd_sc_hd__a21o_2)
     2    0.003638    0.021626    0.051599    0.295192 ^ _073_/X (sky130_fd_sc_hd__a21o_2)
                                                         nxt1[0] (net)
                      0.021626    0.000000    0.295192 ^ _085_/A (sky130_fd_sc_hd__and3_2)
     1    0.002087    0.025351    0.083790    0.378982 ^ _085_/X (sky130_fd_sc_hd__and3_2)
                                                         done_comb[1] (net)
                      0.025351    0.000000    0.378982 ^ _174_/D (sky130_fd_sc_hd__dfrtp_2)
                                              0.378982   data arrival time

                      0.150000    0.000000    0.000000   clock clk (rise edge)
                                  0.000000    0.000000   clock network delay (ideal)
                                  0.250000    0.250000   clock uncertainty
                                  0.000000    0.250000   clock reconvergence pessimism
                                              0.250000 ^ _174_/CLK (sky130_fd_sc_hd__dfrtp_2)
                                 -0.016198    0.233802   library hold time
                                              0.233802   data required time
---------------------------------------------------------------------------------------------
                                              0.233802   data required time
                                             -0.378982   data arrival time
---------------------------------------------------------------------------------------------
                                              0.145180   slack (MET)


Startpoint: _161_ (rising edge-triggered flip-flop clocked by clk)
Endpoint: _175_ (rising edge-triggered flip-flop clocked by clk)
Path Group: clk
Path Type: min

Fanout         Cap        Slew       Delay        Time   Description
---------------------------------------------------------------------------------------------
                      0.150000    0.000000    0.000000   clock clk (rise edge)
                                  0.000000    0.000000   clock network delay (ideal)
                      0.150000    0.000000    0.000000 ^ _161_/CLK (sky130_fd_sc_hd__dfrtp_2)
     2    0.005173    0.034665    0.243593    0.243593 ^ _161_/Q (sky130_fd_sc_hd__dfrtp_2)
                                                         mem2[0] (net)
                      0.034665    0.000000    0.243593 ^ _088_/B1 (sky130_fd_sc_hd__a21o_2)
     2    0.003638    0.021626    0.051599    0.295192 ^ _088_/X (sky130_fd_sc_hd__a21o_2)
                                                         nxt2[0] (net)
                      0.021626    0.000000    0.295192 ^ _100_/A (sky130_fd_sc_hd__and3_2)
     1    0.002087    0.025351    0.083790    0.378982 ^ _100_/X (sky130_fd_sc_hd__and3_2)
                                                         done_comb[2] (net)
                      0.025351    0.000000    0.378982 ^ _175_/D (sky130_fd_sc_hd__dfrtp_2)
                                              0.378982   data arrival time

                      0.150000    0.000000    0.000000   clock clk (rise edge)
                                  0.000000    0.000000   clock network delay (ideal)
                                  0.250000    0.250000   clock uncertainty
                                  0.000000    0.250000   clock reconvergence pessimism
                                              0.250000 ^ _175_/CLK (sky130_fd_sc_hd__dfrtp_2)
                                 -0.016198    0.233802   library hold time
                                              0.233802   data required time
---------------------------------------------------------------------------------------------
                                              0.233802   data required time
                                             -0.378982   data arrival time
---------------------------------------------------------------------------------------------
                                              0.145180   slack (MET)


Startpoint: btn (input port clocked by clk)
Endpoint: _184_ (rising edge-triggered flip-flop clocked by clk)
Path Group: clk
Path Type: min

Fanout         Cap        Slew       Delay        Time   Description
---------------------------------------------------------------------------------------------
                      0.150000    0.000000    0.000000   clock clk (rise edge)
                                  0.000000    0.000000   clock network delay (ideal)
                                  5.000000    5.000000 v input external delay
     6    0.009832    0.016173    0.009651    5.009652 v btn (in)
                                                         btn (net)
                      0.016173    0.000000    5.009652 v _184_/D (sky130_fd_sc_hd__dfrtp_2)
                                              5.009652   data arrival time

                      0.150000    0.000000    0.000000   clock clk (rise edge)
                                  0.000000    0.000000   clock network delay (ideal)
                                  0.250000    0.250000   clock uncertainty
                                  0.000000    0.250000   clock reconvergence pessimism
                                              0.250000 ^ _184_/CLK (sky130_fd_sc_hd__dfrtp_2)
                                 -0.012713    0.237287   library hold time
                                              0.237287   data required time
---------------------------------------------------------------------------------------------
                                              0.237287   data required time
                                             -5.009652   data arrival time
---------------------------------------------------------------------------------------------
                                              4.772365   slack (MET)


Startpoint: reset (input port clocked by clk)
Endpoint: _149_ (removal check against rising-edge clock clk)
Path Group: asynchronous
Path Type: min

Fanout         Cap        Slew       Delay        Time   Description
---------------------------------------------------------------------------------------------
                      0.150000    0.000000    0.000000   clock clk (rise edge)
                                  0.000000    0.000000   clock network delay (ideal)
                                  5.000000    5.000000 v input external delay
    36    0.154260    0.227801    0.171877    5.171877 v reset (in)
                                                         reset (net)
                      0.227801    0.000000    5.171877 v _051_/A (sky130_fd_sc_hd__inv_2)
     1    0.003617    0.049407    0.077748    5.249626 ^ _051_/Y (sky130_fd_sc_hd__inv_2)
                                                         _000_ (net)
                      0.049407    0.000000    5.249626 ^ _149_/RESET_B (sky130_fd_sc_hd__dfrtp_2)
                                              5.249626   data arrival time

                      0.150000    0.000000    0.000000   clock clk (rise edge)
                                  0.000000    0.000000   clock network delay (ideal)
                                  0.250000    0.250000   clock uncertainty
                                  0.000000    0.250000   clock reconvergence pessimism
                                              0.250000 ^ _149_/CLK (sky130_fd_sc_hd__dfrtp_2)
                                  0.218298    0.468298   library removal time
                                              0.468298   data required time
---------------------------------------------------------------------------------------------
                                              0.468298   data required time
                                             -5.249626   data arrival time
---------------------------------------------------------------------------------------------
                                              4.781328   slack (MET)


Startpoint: reset (input port clocked by clk)
Endpoint: _150_ (removal check against rising-edge clock clk)
Path Group: asynchronous
Path Type: min

Fanout         Cap        Slew       Delay        Time   Description
---------------------------------------------------------------------------------------------
                      0.150000    0.000000    0.000000   clock clk (rise edge)
                                  0.000000    0.000000   clock network delay (ideal)
                                  5.000000    5.000000 v input external delay
    36    0.154260    0.227801    0.171877    5.171877 v reset (in)
                                                         reset (net)
                      0.227801    0.000000    5.171877 v _114_/A (sky130_fd_sc_hd__inv_2)
     1    0.003617    0.049407    0.077748    5.249626 ^ _114_/Y (sky130_fd_sc_hd__inv_2)
                                                         _001_ (net)
                      0.049407    0.000000    5.249626 ^ _150_/RESET_B (sky130_fd_sc_hd__dfrtp_2)
                                              5.249626   data arrival time

                      0.150000    0.000000    0.000000   clock clk (rise edge)
                                  0.000000    0.000000   clock network delay (ideal)
                                  0.250000    0.250000   clock uncertainty
                                  0.000000    0.250000   clock reconvergence pessimism
                                              0.250000 ^ _150_/CLK (sky130_fd_sc_hd__dfrtp_2)
                                  0.218298    0.468298   library removal time
                                              0.468298   data required time
---------------------------------------------------------------------------------------------
                                              0.468298   data required time
                                             -5.249626   data arrival time
---------------------------------------------------------------------------------------------
                                              4.781328   slack (MET)


Startpoint: reset (input port clocked by clk)
Endpoint: _151_ (removal check against rising-edge clock clk)
Path Group: asynchronous
Path Type: min

Fanout         Cap        Slew       Delay        Time   Description
---------------------------------------------------------------------------------------------
                      0.150000    0.000000    0.000000   clock clk (rise edge)
                                  0.000000    0.000000   clock network delay (ideal)
                                  5.000000    5.000000 v input external delay
    36    0.154260    0.227801    0.171877    5.171877 v reset (in)
                                                         reset (net)
                      0.227801    0.000000    5.171877 v _115_/A (sky130_fd_sc_hd__inv_2)
     1    0.003617    0.049407    0.077748    5.249626 ^ _115_/Y (sky130_fd_sc_hd__inv_2)
                                                         _002_ (net)
                      0.049407    0.000000    5.249626 ^ _151_/RESET_B (sky130_fd_sc_hd__dfrtp_2)
                                              5.249626   data arrival time

                      0.150000    0.000000    0.000000   clock clk (rise edge)
                                  0.000000    0.000000   clock network delay (ideal)
                                  0.250000    0.250000   clock uncertainty
                                  0.000000    0.250000   clock reconvergence pessimism
                                              0.250000 ^ _151_/CLK (sky130_fd_sc_hd__dfrtp_2)
                                  0.218298    0.468298   library removal time
                                              0.468298   data required time
---------------------------------------------------------------------------------------------
                                              0.468298   data required time
                                             -5.249626   data arrival time
---------------------------------------------------------------------------------------------
                                              4.781328   slack (MET)


Startpoint: reset (input port clocked by clk)
Endpoint: _152_ (removal check against rising-edge clock clk)
Path Group: asynchronous
Path Type: min

Fanout         Cap        Slew       Delay        Time   Description
---------------------------------------------------------------------------------------------
                      0.150000    0.000000    0.000000   clock clk (rise edge)
                                  0.000000    0.000000   clock network delay (ideal)
                                  5.000000    5.000000 v input external delay
    36    0.154260    0.227801    0.171877    5.171877 v reset (in)
                                                         reset (net)
                      0.227801    0.000000    5.171877 v _116_/A (sky130_fd_sc_hd__inv_2)
     1    0.003617    0.049407    0.077748    5.249626 ^ _116_/Y (sky130_fd_sc_hd__inv_2)
                                                         _003_ (net)
                      0.049407    0.000000    5.249626 ^ _152_/RESET_B (sky130_fd_sc_hd__dfrtp_2)
                                              5.249626   data arrival time

                      0.150000    0.000000    0.000000   clock clk (rise edge)
                                  0.000000    0.000000   clock network delay (ideal)
                                  0.250000    0.250000   clock uncertainty
                                  0.000000    0.250000   clock reconvergence pessimism
                                              0.250000 ^ _152_/CLK (sky130_fd_sc_hd__dfrtp_2)
                                  0.218298    0.468298   library removal time
                                              0.468298   data required time
---------------------------------------------------------------------------------------------
                                              0.468298   data required time
                                             -5.249626   data arrival time
---------------------------------------------------------------------------------------------
                                              4.781328   slack (MET)


Startpoint: reset (input port clocked by clk)
Endpoint: _153_ (removal check against rising-edge clock clk)
Path Group: asynchronous
Path Type: min

Fanout         Cap        Slew       Delay        Time   Description
---------------------------------------------------------------------------------------------
                      0.150000    0.000000    0.000000   clock clk (rise edge)
                                  0.000000    0.000000   clock network delay (ideal)
                                  5.000000    5.000000 v input external delay
    36    0.154260    0.227801    0.171877    5.171877 v reset (in)
                                                         reset (net)
                      0.227801    0.000000    5.171877 v _117_/A (sky130_fd_sc_hd__inv_2)
     1    0.003617    0.049407    0.077748    5.249626 ^ _117_/Y (sky130_fd_sc_hd__inv_2)
                                                         _004_ (net)
                      0.049407    0.000000    5.249626 ^ _153_/RESET_B (sky130_fd_sc_hd__dfrtp_2)
                                              5.249626   data arrival time

                      0.150000    0.000000    0.000000   clock clk (rise edge)
                                  0.000000    0.000000   clock network delay (ideal)
                                  0.250000    0.250000   clock uncertainty
                                  0.000000    0.250000   clock reconvergence pessimism
                                              0.250000 ^ _153_/CLK (sky130_fd_sc_hd__dfrtp_2)
                                  0.218298    0.468298   library removal time
                                              0.468298   data required time
---------------------------------------------------------------------------------------------
                                              0.468298   data required time
                                             -5.249626   data arrival time
---------------------------------------------------------------------------------------------
                                              4.781328   slack (MET)


Startpoint: reset (input port clocked by clk)
Endpoint: _154_ (removal check against rising-edge clock clk)
Path Group: asynchronous
Path Type: min

Fanout         Cap        Slew       Delay        Time   Description
---------------------------------------------------------------------------------------------
                      0.150000    0.000000    0.000000   clock clk (rise edge)
                                  0.000000    0.000000   clock network delay (ideal)
                                  5.000000    5.000000 v input external delay
    36    0.154260    0.227801    0.171877    5.171877 v reset (in)
                                                         reset (net)
                      0.227801    0.000000    5.171877 v _118_/A (sky130_fd_sc_hd__inv_2)
     1    0.003617    0.049407    0.077748    5.249626 ^ _118_/Y (sky130_fd_sc_hd__inv_2)
                                                         _005_ (net)
                      0.049407    0.000000    5.249626 ^ _154_/RESET_B (sky130_fd_sc_hd__dfrtp_2)
                                              5.249626   data arrival time

                      0.150000    0.000000    0.000000   clock clk (rise edge)
                                  0.000000    0.000000   clock network delay (ideal)
                                  0.250000    0.250000   clock uncertainty
                                  0.000000    0.250000   clock reconvergence pessimism
                                              0.250000 ^ _154_/CLK (sky130_fd_sc_hd__dfrtp_2)
                                  0.218298    0.468298   library removal time
                                              0.468298   data required time
---------------------------------------------------------------------------------------------
                                              0.468298   data required time
                                             -5.249626   data arrival time
---------------------------------------------------------------------------------------------
                                              4.781328   slack (MET)


Startpoint: reset (input port clocked by clk)
Endpoint: _155_ (removal check against rising-edge clock clk)
Path Group: asynchronous
Path Type: min

Fanout         Cap        Slew       Delay        Time   Description
---------------------------------------------------------------------------------------------
                      0.150000    0.000000    0.000000   clock clk (rise edge)
                                  0.000000    0.000000   clock network delay (ideal)
                                  5.000000    5.000000 v input external delay
    36    0.154260    0.227801    0.171877    5.171877 v reset (in)
                                                         reset (net)
                      0.227801    0.000000    5.171877 v _119_/A (sky130_fd_sc_hd__inv_2)
     1    0.003617    0.049407    0.077748    5.249626 ^ _119_/Y (sky130_fd_sc_hd__inv_2)
                                                         _006_ (net)
                      0.049407    0.000000    5.249626 ^ _155_/RESET_B (sky130_fd_sc_hd__dfrtp_2)
                                              5.249626   data arrival time

                      0.150000    0.000000    0.000000   clock clk (rise edge)
                                  0.000000    0.000000   clock network delay (ideal)
                                  0.250000    0.250000   clock uncertainty
                                  0.000000    0.250000   clock reconvergence pessimism
                                              0.250000 ^ _155_/CLK (sky130_fd_sc_hd__dfrtp_2)
                                  0.218298    0.468298   library removal time
                                              0.468298   data required time
---------------------------------------------------------------------------------------------
                                              0.468298   data required time
                                             -5.249626   data arrival time
---------------------------------------------------------------------------------------------
                                              4.781328   slack (MET)


Startpoint: reset (input port clocked by clk)
Endpoint: _156_ (removal check against rising-edge clock clk)
Path Group: asynchronous
Path Type: min

Fanout         Cap        Slew       Delay        Time   Description
---------------------------------------------------------------------------------------------
                      0.150000    0.000000    0.000000   clock clk (rise edge)
                                  0.000000    0.000000   clock network delay (ideal)
                                  5.000000    5.000000 v input external delay
    36    0.154260    0.227801    0.171877    5.171877 v reset (in)
                                                         reset (net)
                      0.227801    0.000000    5.171877 v _120_/A (sky130_fd_sc_hd__inv_2)
     1    0.003617    0.049407    0.077748    5.249626 ^ _120_/Y (sky130_fd_sc_hd__inv_2)
                                                         _007_ (net)
                      0.049407    0.000000    5.249626 ^ _156_/RESET_B (sky130_fd_sc_hd__dfrtp_2)
                                              5.249626   data arrival time

                      0.150000    0.000000    0.000000   clock clk (rise edge)
                                  0.000000    0.000000   clock network delay (ideal)
                                  0.250000    0.250000   clock uncertainty
                                  0.000000    0.250000   clock reconvergence pessimism
                                              0.250000 ^ _156_/CLK (sky130_fd_sc_hd__dfrtp_2)
                                  0.218298    0.468298   library removal time
                                              0.468298   data required time
---------------------------------------------------------------------------------------------
                                              0.468298   data required time
                                             -5.249626   data arrival time
---------------------------------------------------------------------------------------------
                                              4.781328   slack (MET)


Startpoint: reset (input port clocked by clk)
Endpoint: _157_ (removal check against rising-edge clock clk)
Path Group: asynchronous
Path Type: min

Fanout         Cap        Slew       Delay        Time   Description
---------------------------------------------------------------------------------------------
                      0.150000    0.000000    0.000000   clock clk (rise edge)
                                  0.000000    0.000000   clock network delay (ideal)
                                  5.000000    5.000000 v input external delay
    36    0.154260    0.227801    0.171877    5.171877 v reset (in)
                                                         reset (net)
                      0.227801    0.000000    5.171877 v _121_/A (sky130_fd_sc_hd__inv_2)
     1    0.003617    0.049407    0.077748    5.249626 ^ _121_/Y (sky130_fd_sc_hd__inv_2)
                                                         _008_ (net)
                      0.049407    0.000000    5.249626 ^ _157_/RESET_B (sky130_fd_sc_hd__dfrtp_2)
                                              5.249626   data arrival time

                      0.150000    0.000000    0.000000   clock clk (rise edge)
                                  0.000000    0.000000   clock network delay (ideal)
                                  0.250000    0.250000   clock uncertainty
                                  0.000000    0.250000   clock reconvergence pessimism
                                              0.250000 ^ _157_/CLK (sky130_fd_sc_hd__dfrtp_2)
                                  0.218298    0.468298   library removal time
                                              0.468298   data required time
---------------------------------------------------------------------------------------------
                                              0.468298   data required time
                                             -5.249626   data arrival time
---------------------------------------------------------------------------------------------
                                              4.781328   slack (MET)


Startpoint: reset (input port clocked by clk)
Endpoint: _158_ (removal check against rising-edge clock clk)
Path Group: asynchronous
Path Type: min

Fanout         Cap        Slew       Delay        Time   Description
---------------------------------------------------------------------------------------------
                      0.150000    0.000000    0.000000   clock clk (rise edge)
                                  0.000000    0.000000   clock network delay (ideal)
                                  5.000000    5.000000 v input external delay
    36    0.154260    0.227801    0.171877    5.171877 v reset (in)
                                                         reset (net)
                      0.227801    0.000000    5.171877 v _122_/A (sky130_fd_sc_hd__inv_2)
     1    0.003617    0.049407    0.077748    5.249626 ^ _122_/Y (sky130_fd_sc_hd__inv_2)
                                                         _009_ (net)
                      0.049407    0.000000    5.249626 ^ _158_/RESET_B (sky130_fd_sc_hd__dfrtp_2)
                                              5.249626   data arrival time

                      0.150000    0.000000    0.000000   clock clk (rise edge)
                                  0.000000    0.000000   clock network delay (ideal)
                                  0.250000    0.250000   clock uncertainty
                                  0.000000    0.250000   clock reconvergence pessimism
                                              0.250000 ^ _158_/CLK (sky130_fd_sc_hd__dfrtp_2)
                                  0.218298    0.468298   library removal time
                                              0.468298   data required time
---------------------------------------------------------------------------------------------
                                              0.468298   data required time
                                             -5.249626   data arrival time
---------------------------------------------------------------------------------------------
                                              4.781328   slack (MET)


Startpoint: reset (input port clocked by clk)
Endpoint: _159_ (removal check against rising-edge clock clk)
Path Group: asynchronous
Path Type: min

Fanout         Cap        Slew       Delay        Time   Description
---------------------------------------------------------------------------------------------
                      0.150000    0.000000    0.000000   clock clk (rise edge)
                                  0.000000    0.000000   clock network delay (ideal)
                                  5.000000    5.000000 v input external delay
    36    0.154260    0.227801    0.171877    5.171877 v reset (in)
                                                         reset (net)
                      0.227801    0.000000    5.171877 v _123_/A (sky130_fd_sc_hd__inv_2)
     1    0.003617    0.049407    0.077748    5.249626 ^ _123_/Y (sky130_fd_sc_hd__inv_2)
                                                         _010_ (net)
                      0.049407    0.000000    5.249626 ^ _159_/RESET_B (sky130_fd_sc_hd__dfrtp_2)
                                              5.249626   data arrival time

                      0.150000    0.000000    0.000000   clock clk (rise edge)
                                  0.000000    0.000000   clock network delay (ideal)
                                  0.250000    0.250000   clock uncertainty
                                  0.000000    0.250000   clock reconvergence pessimism
                                              0.250000 ^ _159_/CLK (sky130_fd_sc_hd__dfrtp_2)
                                  0.218298    0.468298   library removal time
                                              0.468298   data required time
---------------------------------------------------------------------------------------------
                                              0.468298   data required time
                                             -5.249626   data arrival time
---------------------------------------------------------------------------------------------
                                              4.781328   slack (MET)


Startpoint: reset (input port clocked by clk)
Endpoint: _160_ (removal check against rising-edge clock clk)
Path Group: asynchronous
Path Type: min

Fanout         Cap        Slew       Delay        Time   Description
---------------------------------------------------------------------------------------------
                      0.150000    0.000000    0.000000   clock clk (rise edge)
                                  0.000000    0.000000   clock network delay (ideal)
                                  5.000000    5.000000 v input external delay
    36    0.154260    0.227801    0.171877    5.171877 v reset (in)
                                                         reset (net)
                      0.227801    0.000000    5.171877 v _124_/A (sky130_fd_sc_hd__inv_2)
     1    0.003617    0.049407    0.077748    5.249626 ^ _124_/Y (sky130_fd_sc_hd__inv_2)
                                                         _011_ (net)
                      0.049407    0.000000    5.249626 ^ _160_/RESET_B (sky130_fd_sc_hd__dfrtp_2)
                                              5.249626   data arrival time

                      0.150000    0.000000    0.000000   clock clk (rise edge)
                                  0.000000    0.000000   clock network delay (ideal)
                                  0.250000    0.250000   clock uncertainty
                                  0.000000    0.250000   clock reconvergence pessimism
                                              0.250000 ^ _160_/CLK (sky130_fd_sc_hd__dfrtp_2)
                                  0.218298    0.468298   library removal time
                                              0.468298   data required time
---------------------------------------------------------------------------------------------
                                              0.468298   data required time
                                             -5.249626   data arrival time
---------------------------------------------------------------------------------------------
                                              4.781328   slack (MET)


Startpoint: reset (input port clocked by clk)
Endpoint: _161_ (removal check against rising-edge clock clk)
Path Group: asynchronous
Path Type: min

Fanout         Cap        Slew       Delay        Time   Description
---------------------------------------------------------------------------------------------
                      0.150000    0.000000    0.000000   clock clk (rise edge)
                                  0.000000    0.000000   clock network delay (ideal)
                                  5.000000    5.000000 v input external delay
    36    0.154260    0.227801    0.171877    5.171877 v reset (in)
                                                         reset (net)
                      0.227801    0.000000    5.171877 v _125_/A (sky130_fd_sc_hd__inv_2)
     1    0.003617    0.049407    0.077748    5.249626 ^ _125_/Y (sky130_fd_sc_hd__inv_2)
                                                         _012_ (net)
                      0.049407    0.000000    5.249626 ^ _161_/RESET_B (sky130_fd_sc_hd__dfrtp_2)
                                              5.249626   data arrival time

                      0.150000    0.000000    0.000000   clock clk (rise edge)
                                  0.000000    0.000000   clock network delay (ideal)
                                  0.250000    0.250000   clock uncertainty
                                  0.000000    0.250000   clock reconvergence pessimism
                                              0.250000 ^ _161_/CLK (sky130_fd_sc_hd__dfrtp_2)
                                  0.218298    0.468298   library removal time
                                              0.468298   data required time
---------------------------------------------------------------------------------------------
                                              0.468298   data required time
                                             -5.249626   data arrival time
---------------------------------------------------------------------------------------------
                                              4.781328   slack (MET)


Startpoint: reset (input port clocked by clk)
Endpoint: _162_ (removal check against rising-edge clock clk)
Path Group: asynchronous
Path Type: min

Fanout         Cap        Slew       Delay        Time   Description
---------------------------------------------------------------------------------------------
                      0.150000    0.000000    0.000000   clock clk (rise edge)
                                  0.000000    0.000000   clock network delay (ideal)
                                  5.000000    5.000000 v input external delay
    36    0.154260    0.227801    0.171877    5.171877 v reset (in)
                                                         reset (net)
                      0.227801    0.000000    5.171877 v _126_/A (sky130_fd_sc_hd__inv_2)
     1    0.003617    0.049407    0.077748    5.249626 ^ _126_/Y (sky130_fd_sc_hd__inv_2)
                                                         _013_ (net)
                      0.049407    0.000000    5.249626 ^ _162_/RESET_B (sky130_fd_sc_hd__dfrtp_2)
                                              5.249626   data arrival time

                      0.150000    0.000000    0.000000   clock clk (rise edge)
                                  0.000000    0.000000   clock network delay (ideal)
                                  0.250000    0.250000   clock uncertainty
                                  0.000000    0.250000   clock reconvergence pessimism
                                              0.250000 ^ _162_/CLK (sky130_fd_sc_hd__dfrtp_2)
                                  0.218298    0.468298   library removal time
                                              0.468298   data required time
---------------------------------------------------------------------------------------------
                                              0.468298   data required time
                                             -5.249626   data arrival time
---------------------------------------------------------------------------------------------
                                              4.781328   slack (MET)


Startpoint: reset (input port clocked by clk)
Endpoint: _163_ (removal check against rising-edge clock clk)
Path Group: asynchronous
Path Type: min

Fanout         Cap        Slew       Delay        Time   Description
---------------------------------------------------------------------------------------------
                      0.150000    0.000000    0.000000   clock clk (rise edge)
                                  0.000000    0.000000   clock network delay (ideal)
                                  5.000000    5.000000 v input external delay
    36    0.154260    0.227801    0.171877    5.171877 v reset (in)
                                                         reset (net)
                      0.227801    0.000000    5.171877 v _127_/A (sky130_fd_sc_hd__inv_2)
     1    0.003617    0.049407    0.077748    5.249626 ^ _127_/Y (sky130_fd_sc_hd__inv_2)
                                                         _014_ (net)
                      0.049407    0.000000    5.249626 ^ _163_/RESET_B (sky130_fd_sc_hd__dfrtp_2)
                                              5.249626   data arrival time

                      0.150000    0.000000    0.000000   clock clk (rise edge)
                                  0.000000    0.000000   clock network delay (ideal)
                                  0.250000    0.250000   clock uncertainty
                                  0.000000    0.250000   clock reconvergence pessimism
                                              0.250000 ^ _163_/CLK (sky130_fd_sc_hd__dfrtp_2)
                                  0.218298    0.468298   library removal time
                                              0.468298   data required time
---------------------------------------------------------------------------------------------
                                              0.468298   data required time
                                             -5.249626   data arrival time
---------------------------------------------------------------------------------------------
                                              4.781328   slack (MET)


Startpoint: reset (input port clocked by clk)
Endpoint: _164_ (removal check against rising-edge clock clk)
Path Group: asynchronous
Path Type: min

Fanout         Cap        Slew       Delay        Time   Description
---------------------------------------------------------------------------------------------
                      0.150000    0.000000    0.000000   clock clk (rise edge)
                                  0.000000    0.000000   clock network delay (ideal)
                                  5.000000    5.000000 v input external delay
    36    0.154260    0.227801    0.171877    5.171877 v reset (in)
                                                         reset (net)
                      0.227801    0.000000    5.171877 v _128_/A (sky130_fd_sc_hd__inv_2)
     1    0.003617    0.049407    0.077748    5.249626 ^ _128_/Y (sky130_fd_sc_hd__inv_2)
                                                         _015_ (net)
                      0.049407    0.000000    5.249626 ^ _164_/RESET_B (sky130_fd_sc_hd__dfrtp_2)
                                              5.249626   data arrival time

                      0.150000    0.000000    0.000000   clock clk (rise edge)
                                  0.000000    0.000000   clock network delay (ideal)
                                  0.250000    0.250000   clock uncertainty
                                  0.000000    0.250000   clock reconvergence pessimism
                                              0.250000 ^ _164_/CLK (sky130_fd_sc_hd__dfrtp_2)
                                  0.218298    0.468298   library removal time
                                              0.468298   data required time
---------------------------------------------------------------------------------------------
                                              0.468298   data required time
                                             -5.249626   data arrival time
---------------------------------------------------------------------------------------------
                                              4.781328   slack (MET)


Startpoint: reset (input port clocked by clk)
Endpoint: _165_ (removal check against rising-edge clock clk)
Path Group: asynchronous
Path Type: min

Fanout         Cap        Slew       Delay        Time   Description
---------------------------------------------------------------------------------------------
                      0.150000    0.000000    0.000000   clock clk (rise edge)
                                  0.000000    0.000000   clock network delay (ideal)
                                  5.000000    5.000000 v input external delay
    36    0.154260    0.227801    0.171877    5.171877 v reset (in)
                                                         reset (net)
                      0.227801    0.000000    5.171877 v _129_/A (sky130_fd_sc_hd__inv_2)
     1    0.003617    0.049407    0.077748    5.249626 ^ _129_/Y (sky130_fd_sc_hd__inv_2)
                                                         _016_ (net)
                      0.049407    0.000000    5.249626 ^ _165_/RESET_B (sky130_fd_sc_hd__dfrtp_2)
                                              5.249626   data arrival time

                      0.150000    0.000000    0.000000   clock clk (rise edge)
                                  0.000000    0.000000   clock network delay (ideal)
                                  0.250000    0.250000   clock uncertainty
                                  0.000000    0.250000   clock reconvergence pessimism
                                              0.250000 ^ _165_/CLK (sky130_fd_sc_hd__dfrtp_2)
                                  0.218298    0.468298   library removal time
                                              0.468298   data required time
---------------------------------------------------------------------------------------------
                                              0.468298   data required time
                                             -5.249626   data arrival time
---------------------------------------------------------------------------------------------
                                              4.781328   slack (MET)


Startpoint: reset (input port clocked by clk)
Endpoint: _166_ (removal check against rising-edge clock clk)
Path Group: asynchronous
Path Type: min

Fanout         Cap        Slew       Delay        Time   Description
---------------------------------------------------------------------------------------------
                      0.150000    0.000000    0.000000   clock clk (rise edge)
                                  0.000000    0.000000   clock network delay (ideal)
                                  5.000000    5.000000 v input external delay
    36    0.154260    0.227801    0.171877    5.171877 v reset (in)
                                                         reset (net)
                      0.227801    0.000000    5.171877 v _130_/A (sky130_fd_sc_hd__inv_2)
     1    0.003617    0.049407    0.077748    5.249626 ^ _130_/Y (sky130_fd_sc_hd__inv_2)
                                                         _017_ (net)
                      0.049407    0.000000    5.249626 ^ _166_/RESET_B (sky130_fd_sc_hd__dfrtp_2)
                                              5.249626   data arrival time

                      0.150000    0.000000    0.000000   clock clk (rise edge)
                                  0.000000    0.000000   clock network delay (ideal)
                                  0.250000    0.250000   clock uncertainty
                                  0.000000    0.250000   clock reconvergence pessimism
                                              0.250000 ^ _166_/CLK (sky130_fd_sc_hd__dfrtp_2)
                                  0.218298    0.468298   library removal time
                                              0.468298   data required time
---------------------------------------------------------------------------------------------
                                              0.468298   data required time
                                             -5.249626   data arrival time
---------------------------------------------------------------------------------------------
                                              4.781328   slack (MET)


Startpoint: reset (input port clocked by clk)
Endpoint: _167_ (removal check against rising-edge clock clk)
Path Group: asynchronous
Path Type: min

Fanout         Cap        Slew       Delay        Time   Description
---------------------------------------------------------------------------------------------
                      0.150000    0.000000    0.000000   clock clk (rise edge)
                                  0.000000    0.000000   clock network delay (ideal)
                                  5.000000    5.000000 v input external delay
    36    0.154260    0.227801    0.171877    5.171877 v reset (in)
                                                         reset (net)
                      0.227801    0.000000    5.171877 v _131_/A (sky130_fd_sc_hd__inv_2)
     1    0.003617    0.049407    0.077748    5.249626 ^ _131_/Y (sky130_fd_sc_hd__inv_2)
                                                         _018_ (net)
                      0.049407    0.000000    5.249626 ^ _167_/RESET_B (sky130_fd_sc_hd__dfrtp_2)
                                              5.249626   data arrival time

                      0.150000    0.000000    0.000000   clock clk (rise edge)
                                  0.000000    0.000000   clock network delay (ideal)
                                  0.250000    0.250000   clock uncertainty
                                  0.000000    0.250000   clock reconvergence pessimism
                                              0.250000 ^ _167_/CLK (sky130_fd_sc_hd__dfrtp_2)
                                  0.218298    0.468298   library removal time
                                              0.468298   data required time
---------------------------------------------------------------------------------------------
                                              0.468298   data required time
                                             -5.249626   data arrival time
---------------------------------------------------------------------------------------------
                                              4.781328   slack (MET)


Startpoint: reset (input port clocked by clk)
Endpoint: _168_ (removal check against rising-edge clock clk)
Path Group: asynchronous
Path Type: min

Fanout         Cap        Slew       Delay        Time   Description
---------------------------------------------------------------------------------------------
                      0.150000    0.000000    0.000000   clock clk (rise edge)
                                  0.000000    0.000000   clock network delay (ideal)
                                  5.000000    5.000000 v input external delay
    36    0.154260    0.227801    0.171877    5.171877 v reset (in)
                                                         reset (net)
                      0.227801    0.000000    5.171877 v _132_/A (sky130_fd_sc_hd__inv_2)
     1    0.003617    0.049407    0.077748    5.249626 ^ _132_/Y (sky130_fd_sc_hd__inv_2)
                                                         _019_ (net)
                      0.049407    0.000000    5.249626 ^ _168_/RESET_B (sky130_fd_sc_hd__dfrtp_2)
                                              5.249626   data arrival time

                      0.150000    0.000000    0.000000   clock clk (rise edge)
                                  0.000000    0.000000   clock network delay (ideal)
                                  0.250000    0.250000   clock uncertainty
                                  0.000000    0.250000   clock reconvergence pessimism
                                              0.250000 ^ _168_/CLK (sky130_fd_sc_hd__dfrtp_2)
                                  0.218298    0.468298   library removal time
                                              0.468298   data required time
---------------------------------------------------------------------------------------------
                                              0.468298   data required time
                                             -5.249626   data arrival time
---------------------------------------------------------------------------------------------
                                              4.781328   slack (MET)


Startpoint: reset (input port clocked by clk)
Endpoint: _169_ (removal check against rising-edge clock clk)
Path Group: asynchronous
Path Type: min

Fanout         Cap        Slew       Delay        Time   Description
---------------------------------------------------------------------------------------------
                      0.150000    0.000000    0.000000   clock clk (rise edge)
                                  0.000000    0.000000   clock network delay (ideal)
                                  5.000000    5.000000 v input external delay
    36    0.154260    0.227801    0.171877    5.171877 v reset (in)
                                                         reset (net)
                      0.227801    0.000000    5.171877 v _133_/A (sky130_fd_sc_hd__inv_2)
     1    0.003617    0.049407    0.077748    5.249626 ^ _133_/Y (sky130_fd_sc_hd__inv_2)
                                                         _020_ (net)
                      0.049407    0.000000    5.249626 ^ _169_/RESET_B (sky130_fd_sc_hd__dfrtp_2)
                                              5.249626   data arrival time

                      0.150000    0.000000    0.000000   clock clk (rise edge)
                                  0.000000    0.000000   clock network delay (ideal)
                                  0.250000    0.250000   clock uncertainty
                                  0.000000    0.250000   clock reconvergence pessimism
                                              0.250000 ^ _169_/CLK (sky130_fd_sc_hd__dfrtp_2)
                                  0.218298    0.468298   library removal time
                                              0.468298   data required time
---------------------------------------------------------------------------------------------
                                              0.468298   data required time
                                             -5.249626   data arrival time
---------------------------------------------------------------------------------------------
                                              4.781328   slack (MET)


Startpoint: reset (input port clocked by clk)
Endpoint: _170_ (removal check against rising-edge clock clk)
Path Group: asynchronous
Path Type: min

Fanout         Cap        Slew       Delay        Time   Description
---------------------------------------------------------------------------------------------
                      0.150000    0.000000    0.000000   clock clk (rise edge)
                                  0.000000    0.000000   clock network delay (ideal)
                                  5.000000    5.000000 v input external delay
    36    0.154260    0.227801    0.171877    5.171877 v reset (in)
                                                         reset (net)
                      0.227801    0.000000    5.171877 v _134_/A (sky130_fd_sc_hd__inv_2)
     1    0.003617    0.049407    0.077748    5.249626 ^ _134_/Y (sky130_fd_sc_hd__inv_2)
                                                         _021_ (net)
                      0.049407    0.000000    5.249626 ^ _170_/RESET_B (sky130_fd_sc_hd__dfrtp_2)
                                              5.249626   data arrival time

                      0.150000    0.000000    0.000000   clock clk (rise edge)
                                  0.000000    0.000000   clock network delay (ideal)
                                  0.250000    0.250000   clock uncertainty
                                  0.000000    0.250000   clock reconvergence pessimism
                                              0.250000 ^ _170_/CLK (sky130_fd_sc_hd__dfrtp_2)
                                  0.218298    0.468298   library removal time
                                              0.468298   data required time
---------------------------------------------------------------------------------------------
                                              0.468298   data required time
                                             -5.249626   data arrival time
---------------------------------------------------------------------------------------------
                                              4.781328   slack (MET)


Startpoint: reset (input port clocked by clk)
Endpoint: _171_ (removal check against rising-edge clock clk)
Path Group: asynchronous
Path Type: min

Fanout         Cap        Slew       Delay        Time   Description
---------------------------------------------------------------------------------------------
                      0.150000    0.000000    0.000000   clock clk (rise edge)
                                  0.000000    0.000000   clock network delay (ideal)
                                  5.000000    5.000000 v input external delay
    36    0.154260    0.227801    0.171877    5.171877 v reset (in)
                                                         reset (net)
                      0.227801    0.000000    5.171877 v _135_/A (sky130_fd_sc_hd__inv_2)
     1    0.003617    0.049407    0.077748    5.249626 ^ _135_/Y (sky130_fd_sc_hd__inv_2)
                                                         _022_ (net)
                      0.049407    0.000000    5.249626 ^ _171_/RESET_B (sky130_fd_sc_hd__dfrtp_2)
                                              5.249626   data arrival time

                      0.150000    0.000000    0.000000   clock clk (rise edge)
                                  0.000000    0.000000   clock network delay (ideal)
                                  0.250000    0.250000   clock uncertainty
                                  0.000000    0.250000   clock reconvergence pessimism
                                              0.250000 ^ _171_/CLK (sky130_fd_sc_hd__dfrtp_2)
                                  0.218298    0.468298   library removal time
                                              0.468298   data required time
---------------------------------------------------------------------------------------------
                                              0.468298   data required time
                                             -5.249626   data arrival time
---------------------------------------------------------------------------------------------
                                              4.781328   slack (MET)


Startpoint: reset (input port clocked by clk)
Endpoint: _172_ (removal check against rising-edge clock clk)
Path Group: asynchronous
Path Type: min

Fanout         Cap        Slew       Delay        Time   Description
---------------------------------------------------------------------------------------------
                      0.150000    0.000000    0.000000   clock clk (rise edge)
                                  0.000000    0.000000   clock network delay (ideal)
                                  5.000000    5.000000 v input external delay
    36    0.154260    0.227801    0.171877    5.171877 v reset (in)
                                                         reset (net)
                      0.227801    0.000000    5.171877 v _136_/A (sky130_fd_sc_hd__inv_2)
     1    0.003617    0.049407    0.077748    5.249626 ^ _136_/Y (sky130_fd_sc_hd__inv_2)
                                                         _023_ (net)
                      0.049407    0.000000    5.249626 ^ _172_/RESET_B (sky130_fd_sc_hd__dfrtp_2)
                                              5.249626   data arrival time

                      0.150000    0.000000    0.000000   clock clk (rise edge)
                                  0.000000    0.000000   clock network delay (ideal)
                                  0.250000    0.250000   clock uncertainty
                                  0.000000    0.250000   clock reconvergence pessimism
                                              0.250000 ^ _172_/CLK (sky130_fd_sc_hd__dfrtp_2)
                                  0.218298    0.468298   library removal time
                                              0.468298   data required time
---------------------------------------------------------------------------------------------
                                              0.468298   data required time
                                             -5.249626   data arrival time
---------------------------------------------------------------------------------------------
                                              4.781328   slack (MET)


Startpoint: reset (input port clocked by clk)
Endpoint: _173_ (removal check against rising-edge clock clk)
Path Group: asynchronous
Path Type: min

Fanout         Cap        Slew       Delay        Time   Description
---------------------------------------------------------------------------------------------
                      0.150000    0.000000    0.000000   clock clk (rise edge)
                                  0.000000    0.000000   clock network delay (ideal)
                                  5.000000    5.000000 v input external delay
    36    0.154260    0.227801    0.171877    5.171877 v reset (in)
                                                         reset (net)
                      0.227801    0.000000    5.171877 v _137_/A (sky130_fd_sc_hd__inv_2)
     1    0.003617    0.049407    0.077748    5.249626 ^ _137_/Y (sky130_fd_sc_hd__inv_2)
                                                         _024_ (net)
                      0.049407    0.000000    5.249626 ^ _173_/RESET_B (sky130_fd_sc_hd__dfrtp_2)
                                              5.249626   data arrival time

                      0.150000    0.000000    0.000000   clock clk (rise edge)
                                  0.000000    0.000000   clock network delay (ideal)
                                  0.250000    0.250000   clock uncertainty
                                  0.000000    0.250000   clock reconvergence pessimism
                                              0.250000 ^ _173_/CLK (sky130_fd_sc_hd__dfrtp_2)
                                  0.218298    0.468298   library removal time
                                              0.468298   data required time
---------------------------------------------------------------------------------------------
                                              0.468298   data required time
                                             -5.249626   data arrival time
---------------------------------------------------------------------------------------------
                                              4.781328   slack (MET)


Startpoint: reset (input port clocked by clk)
Endpoint: _174_ (removal check against rising-edge clock clk)
Path Group: asynchronous
Path Type: min

Fanout         Cap        Slew       Delay        Time   Description
---------------------------------------------------------------------------------------------
                      0.150000    0.000000    0.000000   clock clk (rise edge)
                                  0.000000    0.000000   clock network delay (ideal)
                                  5.000000    5.000000 v input external delay
    36    0.154260    0.227801    0.171877    5.171877 v reset (in)
                                                         reset (net)
                      0.227801    0.000000    5.171877 v _138_/A (sky130_fd_sc_hd__inv_2)
     1    0.003617    0.049407    0.077748    5.249626 ^ _138_/Y (sky130_fd_sc_hd__inv_2)
                                                         _025_ (net)
                      0.049407    0.000000    5.249626 ^ _174_/RESET_B (sky130_fd_sc_hd__dfrtp_2)
                                              5.249626   data arrival time

                      0.150000    0.000000    0.000000   clock clk (rise edge)
                                  0.000000    0.000000   clock network delay (ideal)
                                  0.250000    0.250000   clock uncertainty
                                  0.000000    0.250000   clock reconvergence pessimism
                                              0.250000 ^ _174_/CLK (sky130_fd_sc_hd__dfrtp_2)
                                  0.218298    0.468298   library removal time
                                              0.468298   data required time
---------------------------------------------------------------------------------------------
                                              0.468298   data required time
                                             -5.249626   data arrival time
---------------------------------------------------------------------------------------------
                                              4.781328   slack (MET)


Startpoint: reset (input port clocked by clk)
Endpoint: _175_ (removal check against rising-edge clock clk)
Path Group: asynchronous
Path Type: min

Fanout         Cap        Slew       Delay        Time   Description
---------------------------------------------------------------------------------------------
                      0.150000    0.000000    0.000000   clock clk (rise edge)
                                  0.000000    0.000000   clock network delay (ideal)
                                  5.000000    5.000000 v input external delay
    36    0.154260    0.227801    0.171877    5.171877 v reset (in)
                                                         reset (net)
                      0.227801    0.000000    5.171877 v _139_/A (sky130_fd_sc_hd__inv_2)
     1    0.003617    0.049407    0.077748    5.249626 ^ _139_/Y (sky130_fd_sc_hd__inv_2)
                                                         _026_ (net)
                      0.049407    0.000000    5.249626 ^ _175_/RESET_B (sky130_fd_sc_hd__dfrtp_2)
                                              5.249626   data arrival time

                      0.150000    0.000000    0.000000   clock clk (rise edge)
                                  0.000000    0.000000   clock network delay (ideal)
                                  0.250000    0.250000   clock uncertainty
                                  0.000000    0.250000   clock reconvergence pessimism
                                              0.250000 ^ _175_/CLK (sky130_fd_sc_hd__dfrtp_2)
                                  0.218298    0.468298   library removal time
                                              0.468298   data required time
---------------------------------------------------------------------------------------------
                                              0.468298   data required time
                                             -5.249626   data arrival time
---------------------------------------------------------------------------------------------
                                              4.781328   slack (MET)


Startpoint: reset (input port clocked by clk)
Endpoint: _177_ (removal check against rising-edge clock clk)
Path Group: asynchronous
Path Type: min

Fanout         Cap        Slew       Delay        Time   Description
---------------------------------------------------------------------------------------------
                      0.150000    0.000000    0.000000   clock clk (rise edge)
                                  0.000000    0.000000   clock network delay (ideal)
                                  5.000000    5.000000 v input external delay
    36    0.154260    0.227801    0.171877    5.171877 v reset (in)
                                                         reset (net)
                      0.227801    0.000000    5.171877 v _141_/A (sky130_fd_sc_hd__inv_2)
     1    0.003617    0.049407    0.077748    5.249626 ^ _141_/Y (sky130_fd_sc_hd__inv_2)
                                                         _028_ (net)
                      0.049407    0.000000    5.249626 ^ _177_/RESET_B (sky130_fd_sc_hd__dfrtp_2)
                                              5.249626   data arrival time

                      0.150000    0.000000    0.000000   clock clk (rise edge)
                                  0.000000    0.000000   clock network delay (ideal)
                                  0.250000    0.250000   clock uncertainty
                                  0.000000    0.250000   clock reconvergence pessimism
                                              0.250000 ^ _177_/CLK (sky130_fd_sc_hd__dfrtp_2)
                                  0.218298    0.468298   library removal time
                                              0.468298   data required time
---------------------------------------------------------------------------------------------
                                              0.468298   data required time
                                             -5.249626   data arrival time
---------------------------------------------------------------------------------------------
                                              4.781328   slack (MET)


Startpoint: reset (input port clocked by clk)
Endpoint: _178_ (removal check against rising-edge clock clk)
Path Group: asynchronous
Path Type: min

Fanout         Cap        Slew       Delay        Time   Description
---------------------------------------------------------------------------------------------
                      0.150000    0.000000    0.000000   clock clk (rise edge)
                                  0.000000    0.000000   clock network delay (ideal)
                                  5.000000    5.000000 v input external delay
    36    0.154260    0.227801    0.171877    5.171877 v reset (in)
                                                         reset (net)
                      0.227801    0.000000    5.171877 v _142_/A (sky130_fd_sc_hd__inv_2)
     1    0.003617    0.049407    0.077748    5.249626 ^ _142_/Y (sky130_fd_sc_hd__inv_2)
                                                         _029_ (net)
                      0.049407    0.000000    5.249626 ^ _178_/RESET_B (sky130_fd_sc_hd__dfrtp_2)
                                              5.249626   data arrival time

                      0.150000    0.000000    0.000000   clock clk (rise edge)
                                  0.000000    0.000000   clock network delay (ideal)
                                  0.250000    0.250000   clock uncertainty
                                  0.000000    0.250000   clock reconvergence pessimism
                                              0.250000 ^ _178_/CLK (sky130_fd_sc_hd__dfrtp_2)
                                  0.218298    0.468298   library removal time
                                              0.468298   data required time
---------------------------------------------------------------------------------------------
                                              0.468298   data required time
                                             -5.249626   data arrival time
---------------------------------------------------------------------------------------------
                                              4.781328   slack (MET)


Startpoint: reset (input port clocked by clk)
Endpoint: _179_ (removal check against rising-edge clock clk)
Path Group: asynchronous
Path Type: min

Fanout         Cap        Slew       Delay        Time   Description
---------------------------------------------------------------------------------------------
                      0.150000    0.000000    0.000000   clock clk (rise edge)
                                  0.000000    0.000000   clock network delay (ideal)
                                  5.000000    5.000000 v input external delay
    36    0.154260    0.227801    0.171877    5.171877 v reset (in)
                                                         reset (net)
                      0.227801    0.000000    5.171877 v _143_/A (sky130_fd_sc_hd__inv_2)
     1    0.003617    0.049407    0.077748    5.249626 ^ _143_/Y (sky130_fd_sc_hd__inv_2)
                                                         _030_ (net)
                      0.049407    0.000000    5.249626 ^ _179_/RESET_B (sky130_fd_sc_hd__dfrtp_2)
                                              5.249626   data arrival time

                      0.150000    0.000000    0.000000   clock clk (rise edge)
                                  0.000000    0.000000   clock network delay (ideal)
                                  0.250000    0.250000   clock uncertainty
                                  0.000000    0.250000   clock reconvergence pessimism
                                              0.250000 ^ _179_/CLK (sky130_fd_sc_hd__dfrtp_2)
                                  0.218298    0.468298   library removal time
                                              0.468298   data required time
---------------------------------------------------------------------------------------------
                                              0.468298   data required time
                                             -5.249626   data arrival time
---------------------------------------------------------------------------------------------
                                              4.781328   slack (MET)


Startpoint: reset (input port clocked by clk)
Endpoint: _180_ (removal check against rising-edge clock clk)
Path Group: asynchronous
Path Type: min

Fanout         Cap        Slew       Delay        Time   Description
---------------------------------------------------------------------------------------------
                      0.150000    0.000000    0.000000   clock clk (rise edge)
                                  0.000000    0.000000   clock network delay (ideal)
                                  5.000000    5.000000 v input external delay
    36    0.154260    0.227801    0.171877    5.171877 v reset (in)
                                                         reset (net)
                      0.227801    0.000000    5.171877 v _144_/A (sky130_fd_sc_hd__inv_2)
     1    0.003617    0.049407    0.077748    5.249626 ^ _144_/Y (sky130_fd_sc_hd__inv_2)
                                                         _031_ (net)
                      0.049407    0.000000    5.249626 ^ _180_/RESET_B (sky130_fd_sc_hd__dfrtp_2)
                                              5.249626   data arrival time

                      0.150000    0.000000    0.000000   clock clk (rise edge)
                                  0.000000    0.000000   clock network delay (ideal)
                                  0.250000    0.250000   clock uncertainty
                                  0.000000    0.250000   clock reconvergence pessimism
                                              0.250000 ^ _180_/CLK (sky130_fd_sc_hd__dfrtp_2)
                                  0.218298    0.468298   library removal time
                                              0.468298   data required time
---------------------------------------------------------------------------------------------
                                              0.468298   data required time
                                             -5.249626   data arrival time
---------------------------------------------------------------------------------------------
                                              4.781328   slack (MET)


Startpoint: reset (input port clocked by clk)
Endpoint: _181_ (removal check against rising-edge clock clk)
Path Group: asynchronous
Path Type: min

Fanout         Cap        Slew       Delay        Time   Description
---------------------------------------------------------------------------------------------
                      0.150000    0.000000    0.000000   clock clk (rise edge)
                                  0.000000    0.000000   clock network delay (ideal)
                                  5.000000    5.000000 v input external delay
    36    0.154260    0.227801    0.171877    5.171877 v reset (in)
                                                         reset (net)
                      0.227801    0.000000    5.171877 v _145_/A (sky130_fd_sc_hd__inv_2)
     1    0.003617    0.049407    0.077748    5.249626 ^ _145_/Y (sky130_fd_sc_hd__inv_2)
                                                         _032_ (net)
                      0.049407    0.000000    5.249626 ^ _181_/RESET_B (sky130_fd_sc_hd__dfrtp_2)
                                              5.249626   data arrival time

                      0.150000    0.000000    0.000000   clock clk (rise edge)
                                  0.000000    0.000000   clock network delay (ideal)
                                  0.250000    0.250000   clock uncertainty
                                  0.000000    0.250000   clock reconvergence pessimism
                                              0.250000 ^ _181_/CLK (sky130_fd_sc_hd__dfrtp_2)
                                  0.218298    0.468298   library removal time
                                              0.468298   data required time
---------------------------------------------------------------------------------------------
                                              0.468298   data required time
                                             -5.249626   data arrival time
---------------------------------------------------------------------------------------------
                                              4.781328   slack (MET)


Startpoint: reset (input port clocked by clk)
Endpoint: _182_ (removal check against rising-edge clock clk)
Path Group: asynchronous
Path Type: min

Fanout         Cap        Slew       Delay        Time   Description
---------------------------------------------------------------------------------------------
                      0.150000    0.000000    0.000000   clock clk (rise edge)
                                  0.000000    0.000000   clock network delay (ideal)
                                  5.000000    5.000000 v input external delay
    36    0.154260    0.227801    0.171877    5.171877 v reset (in)
                                                         reset (net)
                      0.227801    0.000000    5.171877 v _146_/A (sky130_fd_sc_hd__inv_2)
     1    0.003617    0.049407    0.077748    5.249626 ^ _146_/Y (sky130_fd_sc_hd__inv_2)
                                                         _033_ (net)
                      0.049407    0.000000    5.249626 ^ _182_/RESET_B (sky130_fd_sc_hd__dfrtp_2)
                                              5.249626   data arrival time

                      0.150000    0.000000    0.000000   clock clk (rise edge)
                                  0.000000    0.000000   clock network delay (ideal)
                                  0.250000    0.250000   clock uncertainty
                                  0.000000    0.250000   clock reconvergence pessimism
                                              0.250000 ^ _182_/CLK (sky130_fd_sc_hd__dfrtp_2)
                                  0.218298    0.468298   library removal time
                                              0.468298   data required time
---------------------------------------------------------------------------------------------
                                              0.468298   data required time
                                             -5.249626   data arrival time
---------------------------------------------------------------------------------------------
                                              4.781328   slack (MET)


Startpoint: reset (input port clocked by clk)
Endpoint: _183_ (removal check against rising-edge clock clk)
Path Group: asynchronous
Path Type: min

Fanout         Cap        Slew       Delay        Time   Description
---------------------------------------------------------------------------------------------
                      0.150000    0.000000    0.000000   clock clk (rise edge)
                                  0.000000    0.000000   clock network delay (ideal)
                                  5.000000    5.000000 v input external delay
    36    0.154260    0.227801    0.171877    5.171877 v reset (in)
                                                         reset (net)
                      0.227801    0.000000    5.171877 v _147_/A (sky130_fd_sc_hd__inv_2)
     1    0.003617    0.049407    0.077748    5.249626 ^ _147_/Y (sky130_fd_sc_hd__inv_2)
                                                         _034_ (net)
                      0.049407    0.000000    5.249626 ^ _183_/RESET_B (sky130_fd_sc_hd__dfrtp_2)
                                              5.249626   data arrival time

                      0.150000    0.000000    0.000000   clock clk (rise edge)
                                  0.000000    0.000000   clock network delay (ideal)
                                  0.250000    0.250000   clock uncertainty
                                  0.000000    0.250000   clock reconvergence pessimism
                                              0.250000 ^ _183_/CLK (sky130_fd_sc_hd__dfrtp_2)
                                  0.218298    0.468298   library removal time
                                              0.468298   data required time
---------------------------------------------------------------------------------------------
                                              0.468298   data required time
                                             -5.249626   data arrival time
---------------------------------------------------------------------------------------------
                                              4.781328   slack (MET)


Startpoint: reset (input port clocked by clk)
Endpoint: _184_ (removal check against rising-edge clock clk)
Path Group: asynchronous
Path Type: min

Fanout         Cap        Slew       Delay        Time   Description
---------------------------------------------------------------------------------------------
                      0.150000    0.000000    0.000000   clock clk (rise edge)
                                  0.000000    0.000000   clock network delay (ideal)
                                  5.000000    5.000000 v input external delay
    36    0.154260    0.227801    0.171877    5.171877 v reset (in)
                                                         reset (net)
                      0.227801    0.000000    5.171877 v _148_/A (sky130_fd_sc_hd__inv_2)
     1    0.003617    0.049407    0.077748    5.249626 ^ _148_/Y (sky130_fd_sc_hd__inv_2)
                                                         _035_ (net)
                      0.049407    0.000000    5.249626 ^ _184_/RESET_B (sky130_fd_sc_hd__dfrtp_2)
                                              5.249626   data arrival time

                      0.150000    0.000000    0.000000   clock clk (rise edge)
                                  0.000000    0.000000   clock network delay (ideal)
                                  0.250000    0.250000   clock uncertainty
                                  0.000000    0.250000   clock reconvergence pessimism
                                              0.250000 ^ _184_/CLK (sky130_fd_sc_hd__dfrtp_2)
                                  0.218298    0.468298   library removal time
                                              0.468298   data required time
---------------------------------------------------------------------------------------------
                                              0.468298   data required time
                                             -5.249626   data arrival time
---------------------------------------------------------------------------------------------
                                              4.781328   slack (MET)


Startpoint: reset (input port clocked by clk)
Endpoint: _176_ (removal check against rising-edge clock clk)
Path Group: asynchronous
Path Type: min

Fanout         Cap        Slew       Delay        Time   Description
---------------------------------------------------------------------------------------------
                      0.150000    0.000000    0.000000   clock clk (rise edge)
                                  0.000000    0.000000   clock network delay (ideal)
                                  5.000000    5.000000 v input external delay
    36    0.154260    0.227801    0.171877    5.171877 v reset (in)
                                                         reset (net)
                      0.227801    0.000000    5.171877 v _140_/A (sky130_fd_sc_hd__inv_2)
     1    0.003562    0.049133    0.077408    5.249286 ^ _140_/Y (sky130_fd_sc_hd__inv_2)
                                                         _027_ (net)
                      0.049133    0.000000    5.249286 ^ _176_/SET_B (sky130_fd_sc_hd__dfstp_2)
                                              5.249286   data arrival time

                      0.150000    0.000000    0.000000   clock clk (rise edge)
                                  0.000000    0.000000   clock network delay (ideal)
                                  0.250000    0.250000   clock uncertainty
                                  0.000000    0.250000   clock reconvergence pessimism
                                              0.250000 ^ _176_/CLK (sky130_fd_sc_hd__dfstp_2)
                                  0.115976    0.365976   library removal time
                                              0.365976   data required time
---------------------------------------------------------------------------------------------
                                              0.365976   data required time
                                             -5.249286   data arrival time
---------------------------------------------------------------------------------------------
                                              4.883310   slack (MET)


Startpoint: _149_ (rising edge-triggered flip-flop clocked by clk)
Endpoint: seg0[0] (output port clocked by clk)
Path Group: clk
Path Type: min

Fanout         Cap        Slew       Delay        Time   Description
---------------------------------------------------------------------------------------------
                      0.150000    0.000000    0.000000   clock clk (rise edge)
                                  0.000000    0.000000   clock network delay (ideal)
                      0.150000    0.000000    0.000000 ^ _149_/CLK (sky130_fd_sc_hd__dfrtp_2)
     2    0.005173    0.034665    0.243593    0.243593 ^ _149_/Q (sky130_fd_sc_hd__dfrtp_2)
                                                         mem0[0] (net)
                      0.034665    0.000000    0.243593 ^ _058_/B1 (sky130_fd_sc_hd__a31o_2)
     1    0.033442    0.148861    0.141920    0.385514 ^ _058_/X (sky130_fd_sc_hd__a31o_2)
                                                         seg0[0] (net)
                      0.148861    0.000000    0.385514 ^ seg0[0] (out)
                                              0.385514   data arrival time

                      0.150000    0.000000    0.000000   clock clk (rise edge)
                                  0.000000    0.000000   clock network delay (ideal)
                                  0.250000    0.250000   clock uncertainty
                                  0.000000    0.250000   clock reconvergence pessimism
                                 -5.000000   -4.750000   output external delay
                                             -4.750000   data required time
---------------------------------------------------------------------------------------------
                                             -4.750000   data required time
                                             -0.385514   data arrival time
---------------------------------------------------------------------------------------------
                                              5.135514   slack (MET)


Startpoint: _150_ (rising edge-triggered flip-flop clocked by clk)
Endpoint: seg0[1] (output port clocked by clk)
Path Group: clk
Path Type: min

Fanout         Cap        Slew       Delay        Time   Description
---------------------------------------------------------------------------------------------
                      0.150000    0.000000    0.000000   clock clk (rise edge)
                                  0.000000    0.000000   clock network delay (ideal)
                      0.150000    0.000000    0.000000 ^ _150_/CLK (sky130_fd_sc_hd__dfrtp_2)
     2    0.005173    0.034665    0.243593    0.243593 ^ _150_/Q (sky130_fd_sc_hd__dfrtp_2)
                                                         mem0[1] (net)
                      0.034665    0.000000    0.243593 ^ _060_/B1 (sky130_fd_sc_hd__a31o_2)
     1    0.033442    0.148861    0.141920    0.385514 ^ _060_/X (sky130_fd_sc_hd__a31o_2)
                                                         seg0[1] (net)
                      0.148861    0.000000    0.385514 ^ seg0[1] (out)
                                              0.385514   data arrival time

                      0.150000    0.000000    0.000000   clock clk (rise edge)
                                  0.000000    0.000000   clock network delay (ideal)
                                  0.250000    0.250000   clock uncertainty
                                  0.000000    0.250000   clock reconvergence pessimism
                                 -5.000000   -4.750000   output external delay
                                             -4.750000   data required time
---------------------------------------------------------------------------------------------
                                             -4.750000   data required time
                                             -0.385514   data arrival time
---------------------------------------------------------------------------------------------
                                              5.135514   slack (MET)


Startpoint: _151_ (rising edge-triggered flip-flop clocked by clk)
Endpoint: seg0[2] (output port clocked by clk)
Path Group: clk
Path Type: min

Fanout         Cap        Slew       Delay        Time   Description
---------------------------------------------------------------------------------------------
                      0.150000    0.000000    0.000000   clock clk (rise edge)
                                  0.000000    0.000000   clock network delay (ideal)
                      0.150000    0.000000    0.000000 ^ _151_/CLK (sky130_fd_sc_hd__dfrtp_2)
     2    0.005173    0.034665    0.243593    0.243593 ^ _151_/Q (sky130_fd_sc_hd__dfrtp_2)
                                                         mem0[2] (net)
                      0.034665    0.000000    0.243593 ^ _062_/B1 (sky130_fd_sc_hd__a31o_2)
     1    0.033442    0.148861    0.141920    0.385514 ^ _062_/X (sky130_fd_sc_hd__a31o_2)
                                                         seg0[2] (net)
                      0.148861    0.000000    0.385514 ^ seg0[2] (out)
                                              0.385514   data arrival time

                      0.150000    0.000000    0.000000   clock clk (rise edge)
                                  0.000000    0.000000   clock network delay (ideal)
                                  0.250000    0.250000   clock uncertainty
                                  0.000000    0.250000   clock reconvergence pessimism
                                 -5.000000   -4.750000   output external delay
                                             -4.750000   data required time
---------------------------------------------------------------------------------------------
                                             -4.750000   data required time
                                             -0.385514   data arrival time
---------------------------------------------------------------------------------------------
                                              5.135514   slack (MET)


Startpoint: _152_ (rising edge-triggered flip-flop clocked by clk)
Endpoint: seg0[3] (output port clocked by clk)
Path Group: clk
Path Type: min

Fanout         Cap        Slew       Delay        Time   Description
---------------------------------------------------------------------------------------------
                      0.150000    0.000000    0.000000   clock clk (rise edge)
                                  0.000000    0.000000   clock network delay (ideal)
                      0.150000    0.000000    0.000000 ^ _152_/CLK (sky130_fd_sc_hd__dfrtp_2)
     2    0.005173    0.034665    0.243593    0.243593 ^ _152_/Q (sky130_fd_sc_hd__dfrtp_2)
                                                         mem0[3] (net)
                      0.034665    0.000000    0.243593 ^ _064_/B1 (sky130_fd_sc_hd__a31o_2)
     1    0.033442    0.148861    0.141920    0.385514 ^ _064_/X (sky130_fd_sc_hd__a31o_2)
                                                         seg0[3] (net)
                      0.148861    0.000000    0.385514 ^ seg0[3] (out)
                                              0.385514   data arrival time

                      0.150000    0.000000    0.000000   clock clk (rise edge)
                                  0.000000    0.000000   clock network delay (ideal)
                                  0.250000    0.250000   clock uncertainty
                                  0.000000    0.250000   clock reconvergence pessimism
                                 -5.000000   -4.750000   output external delay
                                             -4.750000   data required time
---------------------------------------------------------------------------------------------
                                             -4.750000   data required time
                                             -0.385514   data arrival time
---------------------------------------------------------------------------------------------
                                              5.135514   slack (MET)


Startpoint: _153_ (rising edge-triggered flip-flop clocked by clk)
Endpoint: seg0[4] (output port clocked by clk)
Path Group: clk
Path Type: min

Fanout         Cap        Slew       Delay        Time   Description
---------------------------------------------------------------------------------------------
                      0.150000    0.000000    0.000000   clock clk (rise edge)
                                  0.000000    0.000000   clock network delay (ideal)
                      0.150000    0.000000    0.000000 ^ _153_/CLK (sky130_fd_sc_hd__dfrtp_2)
     2    0.005173    0.034665    0.243593    0.243593 ^ _153_/Q (sky130_fd_sc_hd__dfrtp_2)
                                                         mem0[4] (net)
                      0.034665    0.000000    0.243593 ^ _066_/B1 (sky130_fd_sc_hd__a31o_2)
     1    0.033442    0.148861    0.141920    0.385514 ^ _066_/X (sky130_fd_sc_hd__a31o_2)
                                                         seg0[4] (net)
                      0.148861    0.000000    0.385514 ^ seg0[4] (out)
                                              0.385514   data arrival time

                      0.150000    0.000000    0.000000   clock clk (rise edge)
                                  0.000000    0.000000   clock network delay (ideal)
                                  0.250000    0.250000   clock uncertainty
                                  0.000000    0.250000   clock reconvergence pessimism
                                 -5.000000   -4.750000   output external delay
                                             -4.750000   data required time
---------------------------------------------------------------------------------------------
                                             -4.750000   data required time
                                             -0.385514   data arrival time
---------------------------------------------------------------------------------------------
                                              5.135514   slack (MET)


Startpoint: _154_ (rising edge-triggered flip-flop clocked by clk)
Endpoint: seg0[5] (output port clocked by clk)
Path Group: clk
Path Type: min

Fanout         Cap        Slew       Delay        Time   Description
---------------------------------------------------------------------------------------------
                      0.150000    0.000000    0.000000   clock clk (rise edge)
                                  0.000000    0.000000   clock network delay (ideal)
                      0.150000    0.000000    0.000000 ^ _154_/CLK (sky130_fd_sc_hd__dfrtp_2)
     2    0.005173    0.034665    0.243593    0.243593 ^ _154_/Q (sky130_fd_sc_hd__dfrtp_2)
                                                         mem0[5] (net)
                      0.034665    0.000000    0.243593 ^ _068_/B1 (sky130_fd_sc_hd__a31o_2)
     1    0.033442    0.148861    0.141920    0.385514 ^ _068_/X (sky130_fd_sc_hd__a31o_2)
                                                         seg0[5] (net)
                      0.148861    0.000000    0.385514 ^ seg0[5] (out)
                                              0.385514   data arrival time

                      0.150000    0.000000    0.000000   clock clk (rise edge)
                                  0.000000    0.000000   clock network delay (ideal)
                                  0.250000    0.250000   clock uncertainty
                                  0.000000    0.250000   clock reconvergence pessimism
                                 -5.000000   -4.750000   output external delay
                                             -4.750000   data required time
---------------------------------------------------------------------------------------------
                                             -4.750000   data required time
                                             -0.385514   data arrival time
---------------------------------------------------------------------------------------------
                                              5.135514   slack (MET)


Startpoint: _155_ (rising edge-triggered flip-flop clocked by clk)
Endpoint: seg1[0] (output port clocked by clk)
Path Group: clk
Path Type: min

Fanout         Cap        Slew       Delay        Time   Description
---------------------------------------------------------------------------------------------
                      0.150000    0.000000    0.000000   clock clk (rise edge)
                                  0.000000    0.000000   clock network delay (ideal)
                      0.150000    0.000000    0.000000 ^ _155_/CLK (sky130_fd_sc_hd__dfrtp_2)
     2    0.005173    0.034665    0.243593    0.243593 ^ _155_/Q (sky130_fd_sc_hd__dfrtp_2)
                                                         mem1[0] (net)
                      0.034665    0.000000    0.243593 ^ _072_/B1 (sky130_fd_sc_hd__a31o_2)
     1    0.033442    0.148861    0.141920    0.385514 ^ _072_/X (sky130_fd_sc_hd__a31o_2)
                                                         seg1[0] (net)
                      0.148861    0.000000    0.385514 ^ seg1[0] (out)
                                              0.385514   data arrival time

                      0.150000    0.000000    0.000000   clock clk (rise edge)
                                  0.000000    0.000000   clock network delay (ideal)
                                  0.250000    0.250000   clock uncertainty
                                  0.000000    0.250000   clock reconvergence pessimism
                                 -5.000000   -4.750000   output external delay
                                             -4.750000   data required time
---------------------------------------------------------------------------------------------
                                             -4.750000   data required time
                                             -0.385514   data arrival time
---------------------------------------------------------------------------------------------
                                              5.135514   slack (MET)


Startpoint: _156_ (rising edge-triggered flip-flop clocked by clk)
Endpoint: seg1[1] (output port clocked by clk)
Path Group: clk
Path Type: min

Fanout         Cap        Slew       Delay        Time   Description
---------------------------------------------------------------------------------------------
                      0.150000    0.000000    0.000000   clock clk (rise edge)
                                  0.000000    0.000000   clock network delay (ideal)
                      0.150000    0.000000    0.000000 ^ _156_/CLK (sky130_fd_sc_hd__dfrtp_2)
     2    0.005173    0.034665    0.243593    0.243593 ^ _156_/Q (sky130_fd_sc_hd__dfrtp_2)
                                                         mem1[1] (net)
                      0.034665    0.000000    0.243593 ^ _074_/B1 (sky130_fd_sc_hd__a31o_2)
     1    0.033442    0.148861    0.141920    0.385514 ^ _074_/X (sky130_fd_sc_hd__a31o_2)
                                                         seg1[1] (net)
                      0.148861    0.000000    0.385514 ^ seg1[1] (out)
                                              0.385514   data arrival time

                      0.150000    0.000000    0.000000   clock clk (rise edge)
                                  0.000000    0.000000   clock network delay (ideal)
                                  0.250000    0.250000   clock uncertainty
                                  0.000000    0.250000   clock reconvergence pessimism
                                 -5.000000   -4.750000   output external delay
                                             -4.750000   data required time
---------------------------------------------------------------------------------------------
                                             -4.750000   data required time
                                             -0.385514   data arrival time
---------------------------------------------------------------------------------------------
                                              5.135514   slack (MET)


Startpoint: _157_ (rising edge-triggered flip-flop clocked by clk)
Endpoint: seg1[2] (output port clocked by clk)
Path Group: clk
Path Type: min

Fanout         Cap        Slew       Delay        Time   Description
---------------------------------------------------------------------------------------------
                      0.150000    0.000000    0.000000   clock clk (rise edge)
                                  0.000000    0.000000   clock network delay (ideal)
                      0.150000    0.000000    0.000000 ^ _157_/CLK (sky130_fd_sc_hd__dfrtp_2)
     2    0.005173    0.034665    0.243593    0.243593 ^ _157_/Q (sky130_fd_sc_hd__dfrtp_2)
                                                         mem1[2] (net)
                      0.034665    0.000000    0.243593 ^ _076_/B1 (sky130_fd_sc_hd__a31o_2)
     1    0.033442    0.148861    0.141920    0.385514 ^ _076_/X (sky130_fd_sc_hd__a31o_2)
                                                         seg1[2] (net)
                      0.148861    0.000000    0.385514 ^ seg1[2] (out)
                                              0.385514   data arrival time

                      0.150000    0.000000    0.000000   clock clk (rise edge)
                                  0.000000    0.000000   clock network delay (ideal)
                                  0.250000    0.250000   clock uncertainty
                                  0.000000    0.250000   clock reconvergence pessimism
                                 -5.000000   -4.750000   output external delay
                                             -4.750000   data required time
---------------------------------------------------------------------------------------------
                                             -4.750000   data required time
                                             -0.385514   data arrival time
---------------------------------------------------------------------------------------------
                                              5.135514   slack (MET)


Startpoint: _158_ (rising edge-triggered flip-flop clocked by clk)
Endpoint: seg1[3] (output port clocked by clk)
Path Group: clk
Path Type: min

Fanout         Cap        Slew       Delay        Time   Description
---------------------------------------------------------------------------------------------
                      0.150000    0.000000    0.000000   clock clk (rise edge)
                                  0.000000    0.000000   clock network delay (ideal)
                      0.150000    0.000000    0.000000 ^ _158_/CLK (sky130_fd_sc_hd__dfrtp_2)
     2    0.005173    0.034665    0.243593    0.243593 ^ _158_/Q (sky130_fd_sc_hd__dfrtp_2)
                                                         mem1[3] (net)
                      0.034665    0.000000    0.243593 ^ _078_/B1 (sky130_fd_sc_hd__a31o_2)
     1    0.033442    0.148861    0.141920    0.385514 ^ _078_/X (sky130_fd_sc_hd__a31o_2)
                                                         seg1[3] (net)
                      0.148861    0.000000    0.385514 ^ seg1[3] (out)
                                              0.385514   data arrival time

                      0.150000    0.000000    0.000000   clock clk (rise edge)
                                  0.000000    0.000000   clock network delay (ideal)
                                  0.250000    0.250000   clock uncertainty
                                  0.000000    0.250000   clock reconvergence pessimism
                                 -5.000000   -4.750000   output external delay
                                             -4.750000   data required time
---------------------------------------------------------------------------------------------
                                             -4.750000   data required time
                                             -0.385514   data arrival time
---------------------------------------------------------------------------------------------
                                              5.135514   slack (MET)


Startpoint: _159_ (rising edge-triggered flip-flop clocked by clk)
Endpoint: seg1[4] (output port clocked by clk)
Path Group: clk
Path Type: min

Fanout         Cap        Slew       Delay        Time   Description
---------------------------------------------------------------------------------------------
                      0.150000    0.000000    0.000000   clock clk (rise edge)
                                  0.000000    0.000000   clock network delay (ideal)
                      0.150000    0.000000    0.000000 ^ _159_/CLK (sky130_fd_sc_hd__dfrtp_2)
     2    0.005173    0.034665    0.243593    0.243593 ^ _159_/Q (sky130_fd_sc_hd__dfrtp_2)
                                                         mem1[4] (net)
                      0.034665    0.000000    0.243593 ^ _080_/B1 (sky130_fd_sc_hd__a31o_2)
     1    0.033442    0.148861    0.141920    0.385514 ^ _080_/X (sky130_fd_sc_hd__a31o_2)
                                                         seg1[4] (net)
                      0.148861    0.000000    0.385514 ^ seg1[4] (out)
                                              0.385514   data arrival time

                      0.150000    0.000000    0.000000   clock clk (rise edge)
                                  0.000000    0.000000   clock network delay (ideal)
                                  0.250000    0.250000   clock uncertainty
                                  0.000000    0.250000   clock reconvergence pessimism
                                 -5.000000   -4.750000   output external delay
                                             -4.750000   data required time
---------------------------------------------------------------------------------------------
                                             -4.750000   data required time
                                             -0.385514   data arrival time
---------------------------------------------------------------------------------------------
                                              5.135514   slack (MET)


Startpoint: _160_ (rising edge-triggered flip-flop clocked by clk)
Endpoint: seg1[5] (output port clocked by clk)
Path Group: clk
Path Type: min

Fanout         Cap        Slew       Delay        Time   Description
---------------------------------------------------------------------------------------------
                      0.150000    0.000000    0.000000   clock clk (rise edge)
                                  0.000000    0.000000   clock network delay (ideal)
                      0.150000    0.000000    0.000000 ^ _160_/CLK (sky130_fd_sc_hd__dfrtp_2)
     2    0.005173    0.034665    0.243593    0.243593 ^ _160_/Q (sky130_fd_sc_hd__dfrtp_2)
                                                         mem1[5] (net)
                      0.034665    0.000000    0.243593 ^ _082_/B1 (sky130_fd_sc_hd__a31o_2)
     1    0.033442    0.148861    0.141920    0.385514 ^ _082_/X (sky130_fd_sc_hd__a31o_2)
                                                         seg1[5] (net)
                      0.148861    0.000000    0.385514 ^ seg1[5] (out)
                                              0.385514   data arrival time

                      0.150000    0.000000    0.000000   clock clk (rise edge)
                                  0.000000    0.000000   clock network delay (ideal)
                                  0.250000    0.250000   clock uncertainty
                                  0.000000    0.250000   clock reconvergence pessimism
                                 -5.000000   -4.750000   output external delay
                                             -4.750000   data required time
---------------------------------------------------------------------------------------------
                                             -4.750000   data required time
                                             -0.385514   data arrival time
---------------------------------------------------------------------------------------------
                                              5.135514   slack (MET)


Startpoint: _161_ (rising edge-triggered flip-flop clocked by clk)
Endpoint: seg2[0] (output port clocked by clk)
Path Group: clk
Path Type: min

Fanout         Cap        Slew       Delay        Time   Description
---------------------------------------------------------------------------------------------
                      0.150000    0.000000    0.000000   clock clk (rise edge)
                                  0.000000    0.000000   clock network delay (ideal)
                      0.150000    0.000000    0.000000 ^ _161_/CLK (sky130_fd_sc_hd__dfrtp_2)
     2    0.005173    0.034665    0.243593    0.243593 ^ _161_/Q (sky130_fd_sc_hd__dfrtp_2)
                                                         mem2[0] (net)
                      0.034665    0.000000    0.243593 ^ _086_/B1 (sky130_fd_sc_hd__a31o_2)
     1    0.033442    0.148861    0.141920    0.385514 ^ _086_/X (sky130_fd_sc_hd__a31o_2)
                                                         seg2[0] (net)
                      0.148861    0.000000    0.385514 ^ seg2[0] (out)
                                              0.385514   data arrival time

                      0.150000    0.000000    0.000000   clock clk (rise edge)
                                  0.000000    0.000000   clock network delay (ideal)
                                  0.250000    0.250000   clock uncertainty
                                  0.000000    0.250000   clock reconvergence pessimism
                                 -5.000000   -4.750000   output external delay
                                             -4.750000   data required time
---------------------------------------------------------------------------------------------
                                             -4.750000   data required time
                                             -0.385514   data arrival time
---------------------------------------------------------------------------------------------
                                              5.135514   slack (MET)


Startpoint: _162_ (rising edge-triggered flip-flop clocked by clk)
Endpoint: seg2[1] (output port clocked by clk)
Path Group: clk
Path Type: min

Fanout         Cap        Slew       Delay        Time   Description
---------------------------------------------------------------------------------------------
                      0.150000    0.000000    0.000000   clock clk (rise edge)
                                  0.000000    0.000000   clock network delay (ideal)
                      0.150000    0.000000    0.000000 ^ _162_/CLK (sky130_fd_sc_hd__dfrtp_2)
     2    0.005173    0.034665    0.243593    0.243593 ^ _162_/Q (sky130_fd_sc_hd__dfrtp_2)
                                                         mem2[1] (net)
                      0.034665    0.000000    0.243593 ^ _089_/B1 (sky130_fd_sc_hd__a31o_2)
     1    0.033442    0.148861    0.141920    0.385514 ^ _089_/X (sky130_fd_sc_hd__a31o_2)
                                                         seg2[1] (net)
                      0.148861    0.000000    0.385514 ^ seg2[1] (out)
                                              0.385514   data arrival time

                      0.150000    0.000000    0.000000   clock clk (rise edge)
                                  0.000000    0.000000   clock network delay (ideal)
                                  0.250000    0.250000   clock uncertainty
                                  0.000000    0.250000   clock reconvergence pessimism
                                 -5.000000   -4.750000   output external delay
                                             -4.750000   data required time
---------------------------------------------------------------------------------------------
                                             -4.750000   data required time
                                             -0.385514   data arrival time
---------------------------------------------------------------------------------------------
                                              5.135514   slack (MET)


Startpoint: _163_ (rising edge-triggered flip-flop clocked by clk)
Endpoint: seg2[2] (output port clocked by clk)
Path Group: clk
Path Type: min

Fanout         Cap        Slew       Delay        Time   Description
---------------------------------------------------------------------------------------------
                      0.150000    0.000000    0.000000   clock clk (rise edge)
                                  0.000000    0.000000   clock network delay (ideal)
                      0.150000    0.000000    0.000000 ^ _163_/CLK (sky130_fd_sc_hd__dfrtp_2)
     2    0.005173    0.034665    0.243593    0.243593 ^ _163_/Q (sky130_fd_sc_hd__dfrtp_2)
                                                         mem2[2] (net)
                      0.034665    0.000000    0.243593 ^ _091_/B1 (sky130_fd_sc_hd__a31o_2)
     1    0.033442    0.148861    0.141920    0.385514 ^ _091_/X (sky130_fd_sc_hd__a31o_2)
                                                         seg2[2] (net)
                      0.148861    0.000000    0.385514 ^ seg2[2] (out)
                                              0.385514   data arrival time

                      0.150000    0.000000    0.000000   clock clk (rise edge)
                                  0.000000    0.000000   clock network delay (ideal)
                                  0.250000    0.250000   clock uncertainty
                                  0.000000    0.250000   clock reconvergence pessimism
                                 -5.000000   -4.750000   output external delay
                                             -4.750000   data required time
---------------------------------------------------------------------------------------------
                                             -4.750000   data required time
                                             -0.385514   data arrival time
---------------------------------------------------------------------------------------------
                                              5.135514   slack (MET)


Startpoint: _164_ (rising edge-triggered flip-flop clocked by clk)
Endpoint: seg2[3] (output port clocked by clk)
Path Group: clk
Path Type: min

Fanout         Cap        Slew       Delay        Time   Description
---------------------------------------------------------------------------------------------
                      0.150000    0.000000    0.000000   clock clk (rise edge)
                                  0.000000    0.000000   clock network delay (ideal)
                      0.150000    0.000000    0.000000 ^ _164_/CLK (sky130_fd_sc_hd__dfrtp_2)
     2    0.005173    0.034665    0.243593    0.243593 ^ _164_/Q (sky130_fd_sc_hd__dfrtp_2)
                                                         mem2[3] (net)
                      0.034665    0.000000    0.243593 ^ _093_/B1 (sky130_fd_sc_hd__a31o_2)
     1    0.033442    0.148861    0.141920    0.385514 ^ _093_/X (sky130_fd_sc_hd__a31o_2)
                                                         seg2[3] (net)
                      0.148861    0.000000    0.385514 ^ seg2[3] (out)
                                              0.385514   data arrival time

                      0.150000    0.000000    0.000000   clock clk (rise edge)
                                  0.000000    0.000000   clock network delay (ideal)
                                  0.250000    0.250000   clock uncertainty
                                  0.000000    0.250000   clock reconvergence pessimism
                                 -5.000000   -4.750000   output external delay
                                             -4.750000   data required time
---------------------------------------------------------------------------------------------
                                             -4.750000   data required time
                                             -0.385514   data arrival time
---------------------------------------------------------------------------------------------
                                              5.135514   slack (MET)


Startpoint: _165_ (rising edge-triggered flip-flop clocked by clk)
Endpoint: seg2[4] (output port clocked by clk)
Path Group: clk
Path Type: min

Fanout         Cap        Slew       Delay        Time   Description
---------------------------------------------------------------------------------------------
                      0.150000    0.000000    0.000000   clock clk (rise edge)
                                  0.000000    0.000000   clock network delay (ideal)
                      0.150000    0.000000    0.000000 ^ _165_/CLK (sky130_fd_sc_hd__dfrtp_2)
     2    0.005173    0.034665    0.243593    0.243593 ^ _165_/Q (sky130_fd_sc_hd__dfrtp_2)
                                                         mem2[4] (net)
                      0.034665    0.000000    0.243593 ^ _095_/B1 (sky130_fd_sc_hd__a31o_2)
     1    0.033442    0.148861    0.141920    0.385514 ^ _095_/X (sky130_fd_sc_hd__a31o_2)
                                                         seg2[4] (net)
                      0.148861    0.000000    0.385514 ^ seg2[4] (out)
                                              0.385514   data arrival time

                      0.150000    0.000000    0.000000   clock clk (rise edge)
                                  0.000000    0.000000   clock network delay (ideal)
                                  0.250000    0.250000   clock uncertainty
                                  0.000000    0.250000   clock reconvergence pessimism
                                 -5.000000   -4.750000   output external delay
                                             -4.750000   data required time
---------------------------------------------------------------------------------------------
                                             -4.750000   data required time
                                             -0.385514   data arrival time
---------------------------------------------------------------------------------------------
                                              5.135514   slack (MET)


Startpoint: _166_ (rising edge-triggered flip-flop clocked by clk)
Endpoint: seg2[5] (output port clocked by clk)
Path Group: clk
Path Type: min

Fanout         Cap        Slew       Delay        Time   Description
---------------------------------------------------------------------------------------------
                      0.150000    0.000000    0.000000   clock clk (rise edge)
                                  0.000000    0.000000   clock network delay (ideal)
                      0.150000    0.000000    0.000000 ^ _166_/CLK (sky130_fd_sc_hd__dfrtp_2)
     2    0.005173    0.034665    0.243593    0.243593 ^ _166_/Q (sky130_fd_sc_hd__dfrtp_2)
                                                         mem2[5] (net)
                      0.034665    0.000000    0.243593 ^ _097_/B1 (sky130_fd_sc_hd__a31o_2)
     1    0.033442    0.148861    0.141920    0.385514 ^ _097_/X (sky130_fd_sc_hd__a31o_2)
                                                         seg2[5] (net)
                      0.148861    0.000000    0.385514 ^ seg2[5] (out)
                                              0.385514   data arrival time

                      0.150000    0.000000    0.000000   clock clk (rise edge)
                                  0.000000    0.000000   clock network delay (ideal)
                                  0.250000    0.250000   clock uncertainty
                                  0.000000    0.250000   clock reconvergence pessimism
                                 -5.000000   -4.750000   output external delay
                                             -4.750000   data required time
---------------------------------------------------------------------------------------------
                                             -4.750000   data required time
                                             -0.385514   data arrival time
---------------------------------------------------------------------------------------------
                                              5.135514   slack (MET)


Startpoint: _167_ (rising edge-triggered flip-flop clocked by clk)
Endpoint: seg3[0] (output port clocked by clk)
Path Group: clk
Path Type: min

Fanout         Cap        Slew       Delay        Time   Description
---------------------------------------------------------------------------------------------
                      0.150000    0.000000    0.000000   clock clk (rise edge)
                                  0.000000    0.000000   clock network delay (ideal)
                      0.150000    0.000000    0.000000 ^ _167_/CLK (sky130_fd_sc_hd__dfrtp_2)
     2    0.005173    0.034665    0.243593    0.243593 ^ _167_/Q (sky130_fd_sc_hd__dfrtp_2)
                                                         mem3[0] (net)
                      0.034665    0.000000    0.243593 ^ _101_/B1 (sky130_fd_sc_hd__a31o_2)
     1    0.033442    0.148861    0.141920    0.385514 ^ _101_/X (sky130_fd_sc_hd__a31o_2)
                                                         seg3[0] (net)
                      0.148861    0.000000    0.385514 ^ seg3[0] (out)
                                              0.385514   data arrival time

                      0.150000    0.000000    0.000000   clock clk (rise edge)
                                  0.000000    0.000000   clock network delay (ideal)
                                  0.250000    0.250000   clock uncertainty
                                  0.000000    0.250000   clock reconvergence pessimism
                                 -5.000000   -4.750000   output external delay
                                             -4.750000   data required time
---------------------------------------------------------------------------------------------
                                             -4.750000   data required time
                                             -0.385514   data arrival time
---------------------------------------------------------------------------------------------
                                              5.135514   slack (MET)


Startpoint: _168_ (rising edge-triggered flip-flop clocked by clk)
Endpoint: seg3[1] (output port clocked by clk)
Path Group: clk
Path Type: min

Fanout         Cap        Slew       Delay        Time   Description
---------------------------------------------------------------------------------------------
                      0.150000    0.000000    0.000000   clock clk (rise edge)
                                  0.000000    0.000000   clock network delay (ideal)
                      0.150000    0.000000    0.000000 ^ _168_/CLK (sky130_fd_sc_hd__dfrtp_2)
     2    0.005173    0.034665    0.243593    0.243593 ^ _168_/Q (sky130_fd_sc_hd__dfrtp_2)
                                                         mem3[1] (net)
                      0.034665    0.000000    0.243593 ^ _104_/B1 (sky130_fd_sc_hd__a31o_2)
     1    0.033442    0.148861    0.141920    0.385514 ^ _104_/X (sky130_fd_sc_hd__a31o_2)
                                                         seg3[1] (net)
                      0.148861    0.000000    0.385514 ^ seg3[1] (out)
                                              0.385514   data arrival time

                      0.150000    0.000000    0.000000   clock clk (rise edge)
                                  0.000000    0.000000   clock network delay (ideal)
                                  0.250000    0.250000   clock uncertainty
                                  0.000000    0.250000   clock reconvergence pessimism
                                 -5.000000   -4.750000   output external delay
                                             -4.750000   data required time
---------------------------------------------------------------------------------------------
                                             -4.750000   data required time
                                             -0.385514   data arrival time
---------------------------------------------------------------------------------------------
                                              5.135514   slack (MET)


Startpoint: _169_ (rising edge-triggered flip-flop clocked by clk)
Endpoint: seg3[2] (output port clocked by clk)
Path Group: clk
Path Type: min

Fanout         Cap        Slew       Delay        Time   Description
---------------------------------------------------------------------------------------------
                      0.150000    0.000000    0.000000   clock clk (rise edge)
                                  0.000000    0.000000   clock network delay (ideal)
                      0.150000    0.000000    0.000000 ^ _169_/CLK (sky130_fd_sc_hd__dfrtp_2)
     2    0.005173    0.034665    0.243593    0.243593 ^ _169_/Q (sky130_fd_sc_hd__dfrtp_2)
                                                         mem3[2] (net)
                      0.034665    0.000000    0.243593 ^ _106_/B1 (sky130_fd_sc_hd__a31o_2)
     1    0.033442    0.148861    0.141920    0.385514 ^ _106_/X (sky130_fd_sc_hd__a31o_2)
                                                         seg3[2] (net)
                      0.148861    0.000000    0.385514 ^ seg3[2] (out)
                                              0.385514   data arrival time

                      0.150000    0.000000    0.000000   clock clk (rise edge)
                                  0.000000    0.000000   clock network delay (ideal)
                                  0.250000    0.250000   clock uncertainty
                                  0.000000    0.250000   clock reconvergence pessimism
                                 -5.000000   -4.750000   output external delay
                                             -4.750000   data required time
---------------------------------------------------------------------------------------------
                                             -4.750000   data required time
                                             -0.385514   data arrival time
---------------------------------------------------------------------------------------------
                                              5.135514   slack (MET)


Startpoint: _170_ (rising edge-triggered flip-flop clocked by clk)
Endpoint: seg3[3] (output port clocked by clk)
Path Group: clk
Path Type: min

Fanout         Cap        Slew       Delay        Time   Description
---------------------------------------------------------------------------------------------
                      0.150000    0.000000    0.000000   clock clk (rise edge)
                                  0.000000    0.000000   clock network delay (ideal)
                      0.150000    0.000000    0.000000 ^ _170_/CLK (sky130_fd_sc_hd__dfrtp_2)
     2    0.005173    0.034665    0.243593    0.243593 ^ _170_/Q (sky130_fd_sc_hd__dfrtp_2)
                                                         mem3[3] (net)
                      0.034665    0.000000    0.243593 ^ _108_/B1 (sky130_fd_sc_hd__a31o_2)
     1    0.033442    0.148861    0.141920    0.385514 ^ _108_/X (sky130_fd_sc_hd__a31o_2)
                                                         seg3[3] (net)
                      0.148861    0.000000    0.385514 ^ seg3[3] (out)
                                              0.385514   data arrival time

                      0.150000    0.000000    0.000000   clock clk (rise edge)
                                  0.000000    0.000000   clock network delay (ideal)
                                  0.250000    0.250000   clock uncertainty
                                  0.000000    0.250000   clock reconvergence pessimism
                                 -5.000000   -4.750000   output external delay
                                             -4.750000   data required time
---------------------------------------------------------------------------------------------
                                             -4.750000   data required time
                                             -0.385514   data arrival time
---------------------------------------------------------------------------------------------
                                              5.135514   slack (MET)


Startpoint: _171_ (rising edge-triggered flip-flop clocked by clk)
Endpoint: seg3[4] (output port clocked by clk)
Path Group: clk
Path Type: min

Fanout         Cap        Slew       Delay        Time   Description
---------------------------------------------------------------------------------------------
                      0.150000    0.000000    0.000000   clock clk (rise edge)
                                  0.000000    0.000000   clock network delay (ideal)
                      0.150000    0.000000    0.000000 ^ _171_/CLK (sky130_fd_sc_hd__dfrtp_2)
     2    0.005173    0.034665    0.243593    0.243593 ^ _171_/Q (sky130_fd_sc_hd__dfrtp_2)
                                                         mem3[4] (net)
                      0.034665    0.000000    0.243593 ^ _110_/B1 (sky130_fd_sc_hd__a31o_2)
     1    0.033442    0.148861    0.141920    0.385514 ^ _110_/X (sky130_fd_sc_hd__a31o_2)
                                                         seg3[4] (net)
                      0.148861    0.000000    0.385514 ^ seg3[4] (out)
                                              0.385514   data arrival time

                      0.150000    0.000000    0.000000   clock clk (rise edge)
                                  0.000000    0.000000   clock network delay (ideal)
                                  0.250000    0.250000   clock uncertainty
                                  0.000000    0.250000   clock reconvergence pessimism
                                 -5.000000   -4.750000   output external delay
                                             -4.750000   data required time
---------------------------------------------------------------------------------------------
                                             -4.750000   data required time
                                             -0.385514   data arrival time
---------------------------------------------------------------------------------------------
                                              5.135514   slack (MET)


Startpoint: _172_ (rising edge-triggered flip-flop clocked by clk)
Endpoint: seg3[5] (output port clocked by clk)
Path Group: clk
Path Type: min

Fanout         Cap        Slew       Delay        Time   Description
---------------------------------------------------------------------------------------------
                      0.150000    0.000000    0.000000   clock clk (rise edge)
                                  0.000000    0.000000   clock network delay (ideal)
                      0.150000    0.000000    0.000000 ^ _172_/CLK (sky130_fd_sc_hd__dfrtp_2)
     2    0.005173    0.034665    0.243593    0.243593 ^ _172_/Q (sky130_fd_sc_hd__dfrtp_2)
                                                         mem3[5] (net)
                      0.034665    0.000000    0.243593 ^ _112_/B1 (sky130_fd_sc_hd__a31o_2)
     1    0.033442    0.148861    0.141920    0.385514 ^ _112_/X (sky130_fd_sc_hd__a31o_2)
                                                         seg3[5] (net)
                      0.148861    0.000000    0.385514 ^ seg3[5] (out)
                                              0.385514   data arrival time

                      0.150000    0.000000    0.000000   clock clk (rise edge)
                                  0.000000    0.000000   clock network delay (ideal)
                                  0.250000    0.250000   clock uncertainty
                                  0.000000    0.250000   clock reconvergence pessimism
                                 -5.000000   -4.750000   output external delay
                                             -4.750000   data required time
---------------------------------------------------------------------------------------------
                                             -4.750000   data required time
                                             -0.385514   data arrival time
---------------------------------------------------------------------------------------------
                                              5.135514   slack (MET)



%OL_END_REPORT
%OL_CREATE_REPORT max.rpt

===========================================================================
report_checks -path_delay max (Setup)
============================================================================
======================= nom_ff_n40C_1v95 Corner ===================================

Startpoint: _183_ (rising edge-triggered flip-flop clocked by clk)
Endpoint: seg0[0] (output port clocked by clk)
Path Group: clk
Path Type: max

Fanout         Cap        Slew       Delay        Time   Description
---------------------------------------------------------------------------------------------
                      0.150000    0.000000    0.000000   clock clk (rise edge)
                                  0.000000    0.000000   clock network delay (ideal)
                      0.150000    0.000000    0.000000 ^ _183_/CLK (sky130_fd_sc_hd__dfrtp_2)
    19    0.044706    0.094873    0.343570    0.343570 v _183_/Q (sky130_fd_sc_hd__dfrtp_2)
                                                         cnt[1] (net)
                      0.094873    0.000000    0.343570 v _049_/A (sky130_fd_sc_hd__inv_2)
    12    0.029940    0.110183    0.118272    0.461842 ^ _049_/Y (sky130_fd_sc_hd__inv_2)
                                                         _038_ (net)
                      0.110183    0.000000    0.461842 ^ _058_/A1 (sky130_fd_sc_hd__a31o_2)
     1    0.033442    0.151457    0.184526    0.646368 ^ _058_/X (sky130_fd_sc_hd__a31o_2)
                                                         seg0[0] (net)
                      0.151457    0.000000    0.646368 ^ seg0[0] (out)
                                              0.646368   data arrival time

                      0.150000   25.000000   25.000000   clock clk (rise edge)
                                  0.000000   25.000000   clock network delay (ideal)
                                 -0.250000   24.750000   clock uncertainty
                                  0.000000   24.750000   clock reconvergence pessimism
                                 -5.000000   19.750000   output external delay
                                             19.750000   data required time
---------------------------------------------------------------------------------------------
                                             19.750000   data required time
                                             -0.646368   data arrival time
---------------------------------------------------------------------------------------------
                                             19.103632   slack (MET)


Startpoint: _183_ (rising edge-triggered flip-flop clocked by clk)
Endpoint: seg0[1] (output port clocked by clk)
Path Group: clk
Path Type: max

Fanout         Cap        Slew       Delay        Time   Description
---------------------------------------------------------------------------------------------
                      0.150000    0.000000    0.000000   clock clk (rise edge)
                                  0.000000    0.000000   clock network delay (ideal)
                      0.150000    0.000000    0.000000 ^ _183_/CLK (sky130_fd_sc_hd__dfrtp_2)
    19    0.044706    0.094873    0.343570    0.343570 v _183_/Q (sky130_fd_sc_hd__dfrtp_2)
                                                         cnt[1] (net)
                      0.094873    0.000000    0.343570 v _049_/A (sky130_fd_sc_hd__inv_2)
    12    0.029940    0.110183    0.118272    0.461842 ^ _049_/Y (sky130_fd_sc_hd__inv_2)
                                                         _038_ (net)
                      0.110183    0.000000    0.461842 ^ _060_/A1 (sky130_fd_sc_hd__a31o_2)
     1    0.033442    0.151457    0.184526    0.646368 ^ _060_/X (sky130_fd_sc_hd__a31o_2)
                                                         seg0[1] (net)
                      0.151457    0.000000    0.646368 ^ seg0[1] (out)
                                              0.646368   data arrival time

                      0.150000   25.000000   25.000000   clock clk (rise edge)
                                  0.000000   25.000000   clock network delay (ideal)
                                 -0.250000   24.750000   clock uncertainty
                                  0.000000   24.750000   clock reconvergence pessimism
                                 -5.000000   19.750000   output external delay
                                             19.750000   data required time
---------------------------------------------------------------------------------------------
                                             19.750000   data required time
                                             -0.646368   data arrival time
---------------------------------------------------------------------------------------------
                                             19.103632   slack (MET)


Startpoint: _183_ (rising edge-triggered flip-flop clocked by clk)
Endpoint: seg0[2] (output port clocked by clk)
Path Group: clk
Path Type: max

Fanout         Cap        Slew       Delay        Time   Description
---------------------------------------------------------------------------------------------
                      0.150000    0.000000    0.000000   clock clk (rise edge)
                                  0.000000    0.000000   clock network delay (ideal)
                      0.150000    0.000000    0.000000 ^ _183_/CLK (sky130_fd_sc_hd__dfrtp_2)
    19    0.044706    0.094873    0.343570    0.343570 v _183_/Q (sky130_fd_sc_hd__dfrtp_2)
                                                         cnt[1] (net)
                      0.094873    0.000000    0.343570 v _049_/A (sky130_fd_sc_hd__inv_2)
    12    0.029940    0.110183    0.118272    0.461842 ^ _049_/Y (sky130_fd_sc_hd__inv_2)
                                                         _038_ (net)
                      0.110183    0.000000    0.461842 ^ _062_/A1 (sky130_fd_sc_hd__a31o_2)
     1    0.033442    0.151457    0.184526    0.646368 ^ _062_/X (sky130_fd_sc_hd__a31o_2)
                                                         seg0[2] (net)
                      0.151457    0.000000    0.646368 ^ seg0[2] (out)
                                              0.646368   data arrival time

                      0.150000   25.000000   25.000000   clock clk (rise edge)
                                  0.000000   25.000000   clock network delay (ideal)
                                 -0.250000   24.750000   clock uncertainty
                                  0.000000   24.750000   clock reconvergence pessimism
                                 -5.000000   19.750000   output external delay
                                             19.750000   data required time
---------------------------------------------------------------------------------------------
                                             19.750000   data required time
                                             -0.646368   data arrival time
---------------------------------------------------------------------------------------------
                                             19.103632   slack (MET)


Startpoint: _183_ (rising edge-triggered flip-flop clocked by clk)
Endpoint: seg0[3] (output port clocked by clk)
Path Group: clk
Path Type: max

Fanout         Cap        Slew       Delay        Time   Description
---------------------------------------------------------------------------------------------
                      0.150000    0.000000    0.000000   clock clk (rise edge)
                                  0.000000    0.000000   clock network delay (ideal)
                      0.150000    0.000000    0.000000 ^ _183_/CLK (sky130_fd_sc_hd__dfrtp_2)
    19    0.044706    0.094873    0.343570    0.343570 v _183_/Q (sky130_fd_sc_hd__dfrtp_2)
                                                         cnt[1] (net)
                      0.094873    0.000000    0.343570 v _049_/A (sky130_fd_sc_hd__inv_2)
    12    0.029940    0.110183    0.118272    0.461842 ^ _049_/Y (sky130_fd_sc_hd__inv_2)
                                                         _038_ (net)
                      0.110183    0.000000    0.461842 ^ _064_/A1 (sky130_fd_sc_hd__a31o_2)
     1    0.033442    0.151457    0.184526    0.646368 ^ _064_/X (sky130_fd_sc_hd__a31o_2)
                                                         seg0[3] (net)
                      0.151457    0.000000    0.646368 ^ seg0[3] (out)
                                              0.646368   data arrival time

                      0.150000   25.000000   25.000000   clock clk (rise edge)
                                  0.000000   25.000000   clock network delay (ideal)
                                 -0.250000   24.750000   clock uncertainty
                                  0.000000   24.750000   clock reconvergence pessimism
                                 -5.000000   19.750000   output external delay
                                             19.750000   data required time
---------------------------------------------------------------------------------------------
                                             19.750000   data required time
                                             -0.646368   data arrival time
---------------------------------------------------------------------------------------------
                                             19.103632   slack (MET)


Startpoint: _183_ (rising edge-triggered flip-flop clocked by clk)
Endpoint: seg0[4] (output port clocked by clk)
Path Group: clk
Path Type: max

Fanout         Cap        Slew       Delay        Time   Description
---------------------------------------------------------------------------------------------
                      0.150000    0.000000    0.000000   clock clk (rise edge)
                                  0.000000    0.000000   clock network delay (ideal)
                      0.150000    0.000000    0.000000 ^ _183_/CLK (sky130_fd_sc_hd__dfrtp_2)
    19    0.044706    0.094873    0.343570    0.343570 v _183_/Q (sky130_fd_sc_hd__dfrtp_2)
                                                         cnt[1] (net)
                      0.094873    0.000000    0.343570 v _049_/A (sky130_fd_sc_hd__inv_2)
    12    0.029940    0.110183    0.118272    0.461842 ^ _049_/Y (sky130_fd_sc_hd__inv_2)
                                                         _038_ (net)
                      0.110183    0.000000    0.461842 ^ _066_/A1 (sky130_fd_sc_hd__a31o_2)
     1    0.033442    0.151457    0.184526    0.646368 ^ _066_/X (sky130_fd_sc_hd__a31o_2)
                                                         seg0[4] (net)
                      0.151457    0.000000    0.646368 ^ seg0[4] (out)
                                              0.646368   data arrival time

                      0.150000   25.000000   25.000000   clock clk (rise edge)
                                  0.000000   25.000000   clock network delay (ideal)
                                 -0.250000   24.750000   clock uncertainty
                                  0.000000   24.750000   clock reconvergence pessimism
                                 -5.000000   19.750000   output external delay
                                             19.750000   data required time
---------------------------------------------------------------------------------------------
                                             19.750000   data required time
                                             -0.646368   data arrival time
---------------------------------------------------------------------------------------------
                                             19.103632   slack (MET)


Startpoint: _183_ (rising edge-triggered flip-flop clocked by clk)
Endpoint: seg0[5] (output port clocked by clk)
Path Group: clk
Path Type: max

Fanout         Cap        Slew       Delay        Time   Description
---------------------------------------------------------------------------------------------
                      0.150000    0.000000    0.000000   clock clk (rise edge)
                                  0.000000    0.000000   clock network delay (ideal)
                      0.150000    0.000000    0.000000 ^ _183_/CLK (sky130_fd_sc_hd__dfrtp_2)
    19    0.044706    0.094873    0.343570    0.343570 v _183_/Q (sky130_fd_sc_hd__dfrtp_2)
                                                         cnt[1] (net)
                      0.094873    0.000000    0.343570 v _049_/A (sky130_fd_sc_hd__inv_2)
    12    0.029940    0.110183    0.118272    0.461842 ^ _049_/Y (sky130_fd_sc_hd__inv_2)
                                                         _038_ (net)
                      0.110183    0.000000    0.461842 ^ _068_/A1 (sky130_fd_sc_hd__a31o_2)
     1    0.033442    0.151457    0.184526    0.646368 ^ _068_/X (sky130_fd_sc_hd__a31o_2)
                                                         seg0[5] (net)
                      0.151457    0.000000    0.646368 ^ seg0[5] (out)
                                              0.646368   data arrival time

                      0.150000   25.000000   25.000000   clock clk (rise edge)
                                  0.000000   25.000000   clock network delay (ideal)
                                 -0.250000   24.750000   clock uncertainty
                                  0.000000   24.750000   clock reconvergence pessimism
                                 -5.000000   19.750000   output external delay
                                             19.750000   data required time
---------------------------------------------------------------------------------------------
                                             19.750000   data required time
                                             -0.646368   data arrival time
---------------------------------------------------------------------------------------------
                                             19.103632   slack (MET)


Startpoint: _183_ (rising edge-triggered flip-flop clocked by clk)
Endpoint: seg1[0] (output port clocked by clk)
Path Group: clk
Path Type: max

Fanout         Cap        Slew       Delay        Time   Description
---------------------------------------------------------------------------------------------
                      0.150000    0.000000    0.000000   clock clk (rise edge)
                                  0.000000    0.000000   clock network delay (ideal)
                      0.150000    0.000000    0.000000 ^ _183_/CLK (sky130_fd_sc_hd__dfrtp_2)
    19    0.044706    0.094873    0.343570    0.343570 v _183_/Q (sky130_fd_sc_hd__dfrtp_2)
                                                         cnt[1] (net)
                      0.094873    0.000000    0.343570 v _049_/A (sky130_fd_sc_hd__inv_2)
    12    0.029940    0.110183    0.118272    0.461842 ^ _049_/Y (sky130_fd_sc_hd__inv_2)
                                                         _038_ (net)
                      0.110183    0.000000    0.461842 ^ _072_/A1 (sky130_fd_sc_hd__a31o_2)
     1    0.033442    0.151552    0.184526    0.646368 ^ _072_/X (sky130_fd_sc_hd__a31o_2)
                                                         seg1[0] (net)
                      0.151552    0.000000    0.646368 ^ seg1[0] (out)
                                              0.646368   data arrival time

                      0.150000   25.000000   25.000000   clock clk (rise edge)
                                  0.000000   25.000000   clock network delay (ideal)
                                 -0.250000   24.750000   clock uncertainty
                                  0.000000   24.750000   clock reconvergence pessimism
                                 -5.000000   19.750000   output external delay
                                             19.750000   data required time
---------------------------------------------------------------------------------------------
                                             19.750000   data required time
                                             -0.646368   data arrival time
---------------------------------------------------------------------------------------------
                                             19.103632   slack (MET)


Startpoint: _183_ (rising edge-triggered flip-flop clocked by clk)
Endpoint: seg1[1] (output port clocked by clk)
Path Group: clk
Path Type: max

Fanout         Cap        Slew       Delay        Time   Description
---------------------------------------------------------------------------------------------
                      0.150000    0.000000    0.000000   clock clk (rise edge)
                                  0.000000    0.000000   clock network delay (ideal)
                      0.150000    0.000000    0.000000 ^ _183_/CLK (sky130_fd_sc_hd__dfrtp_2)
    19    0.044706    0.094873    0.343570    0.343570 v _183_/Q (sky130_fd_sc_hd__dfrtp_2)
                                                         cnt[1] (net)
                      0.094873    0.000000    0.343570 v _049_/A (sky130_fd_sc_hd__inv_2)
    12    0.029940    0.110183    0.118272    0.461842 ^ _049_/Y (sky130_fd_sc_hd__inv_2)
                                                         _038_ (net)
                      0.110183    0.000000    0.461842 ^ _074_/A1 (sky130_fd_sc_hd__a31o_2)
     1    0.033442    0.151552    0.184526    0.646368 ^ _074_/X (sky130_fd_sc_hd__a31o_2)
                                                         seg1[1] (net)
                      0.151552    0.000000    0.646368 ^ seg1[1] (out)
                                              0.646368   data arrival time

                      0.150000   25.000000   25.000000   clock clk (rise edge)
                                  0.000000   25.000000   clock network delay (ideal)
                                 -0.250000   24.750000   clock uncertainty
                                  0.000000   24.750000   clock reconvergence pessimism
                                 -5.000000   19.750000   output external delay
                                             19.750000   data required time
---------------------------------------------------------------------------------------------
                                             19.750000   data required time
                                             -0.646368   data arrival time
---------------------------------------------------------------------------------------------
                                             19.103632   slack (MET)


Startpoint: _183_ (rising edge-triggered flip-flop clocked by clk)
Endpoint: seg1[2] (output port clocked by clk)
Path Group: clk
Path Type: max

Fanout         Cap        Slew       Delay        Time   Description
---------------------------------------------------------------------------------------------
                      0.150000    0.000000    0.000000   clock clk (rise edge)
                                  0.000000    0.000000   clock network delay (ideal)
                      0.150000    0.000000    0.000000 ^ _183_/CLK (sky130_fd_sc_hd__dfrtp_2)
    19    0.044706    0.094873    0.343570    0.343570 v _183_/Q (sky130_fd_sc_hd__dfrtp_2)
                                                         cnt[1] (net)
                      0.094873    0.000000    0.343570 v _049_/A (sky130_fd_sc_hd__inv_2)
    12    0.029940    0.110183    0.118272    0.461842 ^ _049_/Y (sky130_fd_sc_hd__inv_2)
                                                         _038_ (net)
                      0.110183    0.000000    0.461842 ^ _076_/A1 (sky130_fd_sc_hd__a31o_2)
     1    0.033442    0.151552    0.184526    0.646368 ^ _076_/X (sky130_fd_sc_hd__a31o_2)
                                                         seg1[2] (net)
                      0.151552    0.000000    0.646368 ^ seg1[2] (out)
                                              0.646368   data arrival time

                      0.150000   25.000000   25.000000   clock clk (rise edge)
                                  0.000000   25.000000   clock network delay (ideal)
                                 -0.250000   24.750000   clock uncertainty
                                  0.000000   24.750000   clock reconvergence pessimism
                                 -5.000000   19.750000   output external delay
                                             19.750000   data required time
---------------------------------------------------------------------------------------------
                                             19.750000   data required time
                                             -0.646368   data arrival time
---------------------------------------------------------------------------------------------
                                             19.103632   slack (MET)


Startpoint: _183_ (rising edge-triggered flip-flop clocked by clk)
Endpoint: seg1[3] (output port clocked by clk)
Path Group: clk
Path Type: max

Fanout         Cap        Slew       Delay        Time   Description
---------------------------------------------------------------------------------------------
                      0.150000    0.000000    0.000000   clock clk (rise edge)
                                  0.000000    0.000000   clock network delay (ideal)
                      0.150000    0.000000    0.000000 ^ _183_/CLK (sky130_fd_sc_hd__dfrtp_2)
    19    0.044706    0.094873    0.343570    0.343570 v _183_/Q (sky130_fd_sc_hd__dfrtp_2)
                                                         cnt[1] (net)
                      0.094873    0.000000    0.343570 v _049_/A (sky130_fd_sc_hd__inv_2)
    12    0.029940    0.110183    0.118272    0.461842 ^ _049_/Y (sky130_fd_sc_hd__inv_2)
                                                         _038_ (net)
                      0.110183    0.000000    0.461842 ^ _078_/A1 (sky130_fd_sc_hd__a31o_2)
     1    0.033442    0.151552    0.184526    0.646368 ^ _078_/X (sky130_fd_sc_hd__a31o_2)
                                                         seg1[3] (net)
                      0.151552    0.000000    0.646368 ^ seg1[3] (out)
                                              0.646368   data arrival time

                      0.150000   25.000000   25.000000   clock clk (rise edge)
                                  0.000000   25.000000   clock network delay (ideal)
                                 -0.250000   24.750000   clock uncertainty
                                  0.000000   24.750000   clock reconvergence pessimism
                                 -5.000000   19.750000   output external delay
                                             19.750000   data required time
---------------------------------------------------------------------------------------------
                                             19.750000   data required time
                                             -0.646368   data arrival time
---------------------------------------------------------------------------------------------
                                             19.103632   slack (MET)


Startpoint: _183_ (rising edge-triggered flip-flop clocked by clk)
Endpoint: seg1[4] (output port clocked by clk)
Path Group: clk
Path Type: max

Fanout         Cap        Slew       Delay        Time   Description
---------------------------------------------------------------------------------------------
                      0.150000    0.000000    0.000000   clock clk (rise edge)
                                  0.000000    0.000000   clock network delay (ideal)
                      0.150000    0.000000    0.000000 ^ _183_/CLK (sky130_fd_sc_hd__dfrtp_2)
    19    0.044706    0.094873    0.343570    0.343570 v _183_/Q (sky130_fd_sc_hd__dfrtp_2)
                                                         cnt[1] (net)
                      0.094873    0.000000    0.343570 v _049_/A (sky130_fd_sc_hd__inv_2)
    12    0.029940    0.110183    0.118272    0.461842 ^ _049_/Y (sky130_fd_sc_hd__inv_2)
                                                         _038_ (net)
                      0.110183    0.000000    0.461842 ^ _080_/A1 (sky130_fd_sc_hd__a31o_2)
     1    0.033442    0.151552    0.184526    0.646368 ^ _080_/X (sky130_fd_sc_hd__a31o_2)
                                                         seg1[4] (net)
                      0.151552    0.000000    0.646368 ^ seg1[4] (out)
                                              0.646368   data arrival time

                      0.150000   25.000000   25.000000   clock clk (rise edge)
                                  0.000000   25.000000   clock network delay (ideal)
                                 -0.250000   24.750000   clock uncertainty
                                  0.000000   24.750000   clock reconvergence pessimism
                                 -5.000000   19.750000   output external delay
                                             19.750000   data required time
---------------------------------------------------------------------------------------------
                                             19.750000   data required time
                                             -0.646368   data arrival time
---------------------------------------------------------------------------------------------
                                             19.103632   slack (MET)


Startpoint: _183_ (rising edge-triggered flip-flop clocked by clk)
Endpoint: seg1[5] (output port clocked by clk)
Path Group: clk
Path Type: max

Fanout         Cap        Slew       Delay        Time   Description
---------------------------------------------------------------------------------------------
                      0.150000    0.000000    0.000000   clock clk (rise edge)
                                  0.000000    0.000000   clock network delay (ideal)
                      0.150000    0.000000    0.000000 ^ _183_/CLK (sky130_fd_sc_hd__dfrtp_2)
    19    0.044706    0.094873    0.343570    0.343570 v _183_/Q (sky130_fd_sc_hd__dfrtp_2)
                                                         cnt[1] (net)
                      0.094873    0.000000    0.343570 v _049_/A (sky130_fd_sc_hd__inv_2)
    12    0.029940    0.110183    0.118272    0.461842 ^ _049_/Y (sky130_fd_sc_hd__inv_2)
                                                         _038_ (net)
                      0.110183    0.000000    0.461842 ^ _082_/A1 (sky130_fd_sc_hd__a31o_2)
     1    0.033442    0.151552    0.184526    0.646368 ^ _082_/X (sky130_fd_sc_hd__a31o_2)
                                                         seg1[5] (net)
                      0.151552    0.000000    0.646368 ^ seg1[5] (out)
                                              0.646368   data arrival time

                      0.150000   25.000000   25.000000   clock clk (rise edge)
                                  0.000000   25.000000   clock network delay (ideal)
                                 -0.250000   24.750000   clock uncertainty
                                  0.000000   24.750000   clock reconvergence pessimism
                                 -5.000000   19.750000   output external delay
                                             19.750000   data required time
---------------------------------------------------------------------------------------------
                                             19.750000   data required time
                                             -0.646368   data arrival time
---------------------------------------------------------------------------------------------
                                             19.103632   slack (MET)


Startpoint: _182_ (rising edge-triggered flip-flop clocked by clk)
Endpoint: seg2[0] (output port clocked by clk)
Path Group: clk
Path Type: max

Fanout         Cap        Slew       Delay        Time   Description
---------------------------------------------------------------------------------------------
                      0.150000    0.000000    0.000000   clock clk (rise edge)
                                  0.000000    0.000000   clock network delay (ideal)
                      0.150000    0.000000    0.000000 ^ _182_/CLK (sky130_fd_sc_hd__dfrtp_2)
    18    0.042023    0.090930    0.339201    0.339201 v _182_/Q (sky130_fd_sc_hd__dfrtp_2)
                                                         cnt[0] (net)
                      0.090930    0.000000    0.339201 v _050_/A (sky130_fd_sc_hd__inv_2)
    12    0.029556    0.108664    0.115737    0.454938 ^ _050_/Y (sky130_fd_sc_hd__inv_2)
                                                         _039_ (net)
                      0.108664    0.000000    0.454938 ^ _086_/A2 (sky130_fd_sc_hd__a31o_2)
     1    0.033442    0.151719    0.187751    0.642689 ^ _086_/X (sky130_fd_sc_hd__a31o_2)
                                                         seg2[0] (net)
                      0.151719    0.000000    0.642689 ^ seg2[0] (out)
                                              0.642689   data arrival time

                      0.150000   25.000000   25.000000   clock clk (rise edge)
                                  0.000000   25.000000   clock network delay (ideal)
                                 -0.250000   24.750000   clock uncertainty
                                  0.000000   24.750000   clock reconvergence pessimism
                                 -5.000000   19.750000   output external delay
                                             19.750000   data required time
---------------------------------------------------------------------------------------------
                                             19.750000   data required time
                                             -0.642689   data arrival time
---------------------------------------------------------------------------------------------
                                             19.107309   slack (MET)


Startpoint: _182_ (rising edge-triggered flip-flop clocked by clk)
Endpoint: seg2[1] (output port clocked by clk)
Path Group: clk
Path Type: max

Fanout         Cap        Slew       Delay        Time   Description
---------------------------------------------------------------------------------------------
                      0.150000    0.000000    0.000000   clock clk (rise edge)
                                  0.000000    0.000000   clock network delay (ideal)
                      0.150000    0.000000    0.000000 ^ _182_/CLK (sky130_fd_sc_hd__dfrtp_2)
    18    0.042023    0.090930    0.339201    0.339201 v _182_/Q (sky130_fd_sc_hd__dfrtp_2)
                                                         cnt[0] (net)
                      0.090930    0.000000    0.339201 v _050_/A (sky130_fd_sc_hd__inv_2)
    12    0.029556    0.108664    0.115737    0.454938 ^ _050_/Y (sky130_fd_sc_hd__inv_2)
                                                         _039_ (net)
                      0.108664    0.000000    0.454938 ^ _089_/A2 (sky130_fd_sc_hd__a31o_2)
     1    0.033442    0.151719    0.187751    0.642689 ^ _089_/X (sky130_fd_sc_hd__a31o_2)
                                                         seg2[1] (net)
                      0.151719    0.000000    0.642689 ^ seg2[1] (out)
                                              0.642689   data arrival time

                      0.150000   25.000000   25.000000   clock clk (rise edge)
                                  0.000000   25.000000   clock network delay (ideal)
                                 -0.250000   24.750000   clock uncertainty
                                  0.000000   24.750000   clock reconvergence pessimism
                                 -5.000000   19.750000   output external delay
                                             19.750000   data required time
---------------------------------------------------------------------------------------------
                                             19.750000   data required time
                                             -0.642689   data arrival time
---------------------------------------------------------------------------------------------
                                             19.107309   slack (MET)


Startpoint: _182_ (rising edge-triggered flip-flop clocked by clk)
Endpoint: seg2[2] (output port clocked by clk)
Path Group: clk
Path Type: max

Fanout         Cap        Slew       Delay        Time   Description
---------------------------------------------------------------------------------------------
                      0.150000    0.000000    0.000000   clock clk (rise edge)
                                  0.000000    0.000000   clock network delay (ideal)
                      0.150000    0.000000    0.000000 ^ _182_/CLK (sky130_fd_sc_hd__dfrtp_2)
    18    0.042023    0.090930    0.339201    0.339201 v _182_/Q (sky130_fd_sc_hd__dfrtp_2)
                                                         cnt[0] (net)
                      0.090930    0.000000    0.339201 v _050_/A (sky130_fd_sc_hd__inv_2)
    12    0.029556    0.108664    0.115737    0.454938 ^ _050_/Y (sky130_fd_sc_hd__inv_2)
                                                         _039_ (net)
                      0.108664    0.000000    0.454938 ^ _091_/A2 (sky130_fd_sc_hd__a31o_2)
     1    0.033442    0.151719    0.187751    0.642689 ^ _091_/X (sky130_fd_sc_hd__a31o_2)
                                                         seg2[2] (net)
                      0.151719    0.000000    0.642689 ^ seg2[2] (out)
                                              0.642689   data arrival time

                      0.150000   25.000000   25.000000   clock clk (rise edge)
                                  0.000000   25.000000   clock network delay (ideal)
                                 -0.250000   24.750000   clock uncertainty
                                  0.000000   24.750000   clock reconvergence pessimism
                                 -5.000000   19.750000   output external delay
                                             19.750000   data required time
---------------------------------------------------------------------------------------------
                                             19.750000   data required time
                                             -0.642689   data arrival time
---------------------------------------------------------------------------------------------
                                             19.107309   slack (MET)


Startpoint: _182_ (rising edge-triggered flip-flop clocked by clk)
Endpoint: seg2[3] (output port clocked by clk)
Path Group: clk
Path Type: max

Fanout         Cap        Slew       Delay        Time   Description
---------------------------------------------------------------------------------------------
                      0.150000    0.000000    0.000000   clock clk (rise edge)
                                  0.000000    0.000000   clock network delay (ideal)
                      0.150000    0.000000    0.000000 ^ _182_/CLK (sky130_fd_sc_hd__dfrtp_2)
    18    0.042023    0.090930    0.339201    0.339201 v _182_/Q (sky130_fd_sc_hd__dfrtp_2)
                                                         cnt[0] (net)
                      0.090930    0.000000    0.339201 v _050_/A (sky130_fd_sc_hd__inv_2)
    12    0.029556    0.108664    0.115737    0.454938 ^ _050_/Y (sky130_fd_sc_hd__inv_2)
                                                         _039_ (net)
                      0.108664    0.000000    0.454938 ^ _093_/A2 (sky130_fd_sc_hd__a31o_2)
     1    0.033442    0.151719    0.187751    0.642689 ^ _093_/X (sky130_fd_sc_hd__a31o_2)
                                                         seg2[3] (net)
                      0.151719    0.000000    0.642689 ^ seg2[3] (out)
                                              0.642689   data arrival time

                      0.150000   25.000000   25.000000   clock clk (rise edge)
                                  0.000000   25.000000   clock network delay (ideal)
                                 -0.250000   24.750000   clock uncertainty
                                  0.000000   24.750000   clock reconvergence pessimism
                                 -5.000000   19.750000   output external delay
                                             19.750000   data required time
---------------------------------------------------------------------------------------------
                                             19.750000   data required time
                                             -0.642689   data arrival time
---------------------------------------------------------------------------------------------
                                             19.107309   slack (MET)


Startpoint: _182_ (rising edge-triggered flip-flop clocked by clk)
Endpoint: seg2[4] (output port clocked by clk)
Path Group: clk
Path Type: max

Fanout         Cap        Slew       Delay        Time   Description
---------------------------------------------------------------------------------------------
                      0.150000    0.000000    0.000000   clock clk (rise edge)
                                  0.000000    0.000000   clock network delay (ideal)
                      0.150000    0.000000    0.000000 ^ _182_/CLK (sky130_fd_sc_hd__dfrtp_2)
    18    0.042023    0.090930    0.339201    0.339201 v _182_/Q (sky130_fd_sc_hd__dfrtp_2)
                                                         cnt[0] (net)
                      0.090930    0.000000    0.339201 v _050_/A (sky130_fd_sc_hd__inv_2)
    12    0.029556    0.108664    0.115737    0.454938 ^ _050_/Y (sky130_fd_sc_hd__inv_2)
                                                         _039_ (net)
                      0.108664    0.000000    0.454938 ^ _095_/A2 (sky130_fd_sc_hd__a31o_2)
     1    0.033442    0.151719    0.187751    0.642689 ^ _095_/X (sky130_fd_sc_hd__a31o_2)
                                                         seg2[4] (net)
                      0.151719    0.000000    0.642689 ^ seg2[4] (out)
                                              0.642689   data arrival time

                      0.150000   25.000000   25.000000   clock clk (rise edge)
                                  0.000000   25.000000   clock network delay (ideal)
                                 -0.250000   24.750000   clock uncertainty
                                  0.000000   24.750000   clock reconvergence pessimism
                                 -5.000000   19.750000   output external delay
                                             19.750000   data required time
---------------------------------------------------------------------------------------------
                                             19.750000   data required time
                                             -0.642689   data arrival time
---------------------------------------------------------------------------------------------
                                             19.107309   slack (MET)


Startpoint: _182_ (rising edge-triggered flip-flop clocked by clk)
Endpoint: seg2[5] (output port clocked by clk)
Path Group: clk
Path Type: max

Fanout         Cap        Slew       Delay        Time   Description
---------------------------------------------------------------------------------------------
                      0.150000    0.000000    0.000000   clock clk (rise edge)
                                  0.000000    0.000000   clock network delay (ideal)
                      0.150000    0.000000    0.000000 ^ _182_/CLK (sky130_fd_sc_hd__dfrtp_2)
    18    0.042023    0.090930    0.339201    0.339201 v _182_/Q (sky130_fd_sc_hd__dfrtp_2)
                                                         cnt[0] (net)
                      0.090930    0.000000    0.339201 v _050_/A (sky130_fd_sc_hd__inv_2)
    12    0.029556    0.108664    0.115737    0.454938 ^ _050_/Y (sky130_fd_sc_hd__inv_2)
                                                         _039_ (net)
                      0.108664    0.000000    0.454938 ^ _097_/A2 (sky130_fd_sc_hd__a31o_2)
     1    0.033442    0.151719    0.187751    0.642689 ^ _097_/X (sky130_fd_sc_hd__a31o_2)
                                                         seg2[5] (net)
                      0.151719    0.000000    0.642689 ^ seg2[5] (out)
                                              0.642689   data arrival time

                      0.150000   25.000000   25.000000   clock clk (rise edge)
                                  0.000000   25.000000   clock network delay (ideal)
                                 -0.250000   24.750000   clock uncertainty
                                  0.000000   24.750000   clock reconvergence pessimism
                                 -5.000000   19.750000   output external delay
                                             19.750000   data required time
---------------------------------------------------------------------------------------------
                                             19.750000   data required time
                                             -0.642689   data arrival time
---------------------------------------------------------------------------------------------
                                             19.107309   slack (MET)


Startpoint: btn (input port clocked by clk)
Endpoint: _173_ (rising edge-triggered flip-flop clocked by clk)
Path Group: clk
Path Type: max

Fanout         Cap        Slew       Delay        Time   Description
---------------------------------------------------------------------------------------------
                      0.150000    0.000000    0.000000   clock clk (rise edge)
                                  0.000000    0.000000   clock network delay (ideal)
                                  5.000000    5.000000 ^ input external delay
     6    0.010236    0.040260    0.025602    5.025602 ^ btn (in)
                                                         btn (net)
                      0.040260    0.000000    5.025602 ^ _055_/D_N (sky130_fd_sc_hd__nor4b_2)
     7    0.016975    0.341289    0.270248    5.295850 ^ _055_/Y (sky130_fd_sc_hd__nor4b_2)
                                                         _042_ (net)
                      0.341289    0.000000    5.295850 ^ _069_/A2 (sky130_fd_sc_hd__a21o_2)
     2    0.003763    0.029743    0.101734    5.397584 ^ _069_/X (sky130_fd_sc_hd__a21o_2)
                                                         nxt0[5] (net)
                      0.029743    0.000000    5.397584 ^ _070_/D (sky130_fd_sc_hd__and4_2)
     1    0.001693    0.027583    0.113451    5.511034 ^ _070_/X (sky130_fd_sc_hd__and4_2)
                                                         _044_ (net)
                      0.027583    0.000000    5.511034 ^ _071_/C (sky130_fd_sc_hd__and3_2)
     1    0.002087    0.025430    0.093491    5.604526 ^ _071_/X (sky130_fd_sc_hd__and3_2)
                                                         done_comb[0] (net)
                      0.025430    0.000000    5.604526 ^ _173_/D (sky130_fd_sc_hd__dfrtp_2)
                                              5.604526   data arrival time

                      0.150000   25.000000   25.000000   clock clk (rise edge)
                                  0.000000   25.000000   clock network delay (ideal)
                                 -0.250000   24.750000   clock uncertainty
                                  0.000000   24.750000   clock reconvergence pessimism
                                             24.750000 ^ _173_/CLK (sky130_fd_sc_hd__dfrtp_2)
                                 -0.031378   24.718622   library setup time
                                             24.718622   data required time
---------------------------------------------------------------------------------------------
                                             24.718622   data required time
                                             -5.604526   data arrival time
---------------------------------------------------------------------------------------------
                                             19.114098   slack (MET)


Startpoint: btn (input port clocked by clk)
Endpoint: _174_ (rising edge-triggered flip-flop clocked by clk)
Path Group: clk
Path Type: max

Fanout         Cap        Slew       Delay        Time   Description
---------------------------------------------------------------------------------------------
                      0.150000    0.000000    0.000000   clock clk (rise edge)
                                  0.000000    0.000000   clock network delay (ideal)
                                  5.000000    5.000000 v input external delay
     6    0.009832    0.016173    0.009651    5.009652 v btn (in)
                                                         btn (net)
                      0.016173    0.000000    5.009652 v _052_/C (sky130_fd_sc_hd__and4bb_2)
     8    0.017209    0.056324    0.161384    5.171036 v _052_/X (sky130_fd_sc_hd__and4bb_2)
                                                         _040_ (net)
                      0.056324    0.000000    5.171036 v _083_/A2 (sky130_fd_sc_hd__a21o_2)
     2    0.003614    0.026920    0.139873    5.310909 v _083_/X (sky130_fd_sc_hd__a21o_2)
                                                         nxt1[5] (net)
                      0.026920    0.000000    5.310909 v _084_/D (sky130_fd_sc_hd__and4_2)
     1    0.001548    0.026829    0.133119    5.444027 v _084_/X (sky130_fd_sc_hd__and4_2)
                                                         _045_ (net)
                      0.026829    0.000000    5.444027 v _085_/C (sky130_fd_sc_hd__and3_2)
     1    0.002059    0.026245    0.121190    5.565218 v _085_/X (sky130_fd_sc_hd__and3_2)
                                                         done_comb[1] (net)
                      0.026245    0.000000    5.565218 v _174_/D (sky130_fd_sc_hd__dfrtp_2)
                                              5.565218   data arrival time

                      0.150000   25.000000   25.000000   clock clk (rise edge)
                                  0.000000   25.000000   clock network delay (ideal)
                                 -0.250000   24.750000   clock uncertainty
                                  0.000000   24.750000   clock reconvergence pessimism
                                             24.750000 ^ _174_/CLK (sky130_fd_sc_hd__dfrtp_2)
                                 -0.060265   24.689735   library setup time
                                             24.689735   data required time
---------------------------------------------------------------------------------------------
                                             24.689735   data required time
                                             -5.565218   data arrival time
---------------------------------------------------------------------------------------------
                                             19.124517   slack (MET)


Startpoint: btn (input port clocked by clk)
Endpoint: _175_ (rising edge-triggered flip-flop clocked by clk)
Path Group: clk
Path Type: max

Fanout         Cap        Slew       Delay        Time   Description
---------------------------------------------------------------------------------------------
                      0.150000    0.000000    0.000000   clock clk (rise edge)
                                  0.000000    0.000000   clock network delay (ideal)
                                  5.000000    5.000000 v input external delay
     6    0.009832    0.016173    0.009651    5.009652 v btn (in)
                                                         btn (net)
                      0.016173    0.000000    5.009652 v _087_/C (sky130_fd_sc_hd__and4bb_2)
     6    0.013242    0.050568    0.154709    5.164360 v _087_/X (sky130_fd_sc_hd__and4bb_2)
                                                         _046_ (net)
                      0.050568    0.000000    5.164360 v _098_/A2 (sky130_fd_sc_hd__a21o_2)
     2    0.003614    0.026924    0.137827    5.302187 v _098_/X (sky130_fd_sc_hd__a21o_2)
                                                         nxt2[5] (net)
                      0.026924    0.000000    5.302187 v _099_/D (sky130_fd_sc_hd__and4_2)
     1    0.001548    0.026829    0.133120    5.435307 v _099_/X (sky130_fd_sc_hd__and4_2)
                                                         _047_ (net)
                      0.026829    0.000000    5.435307 v _100_/C (sky130_fd_sc_hd__and3_2)
     1    0.002059    0.026245    0.121190    5.556497 v _100_/X (sky130_fd_sc_hd__and3_2)
                                                         done_comb[2] (net)
                      0.026245    0.000000    5.556497 v _175_/D (sky130_fd_sc_hd__dfrtp_2)
                                              5.556497   data arrival time

                      0.150000   25.000000   25.000000   clock clk (rise edge)
                                  0.000000   25.000000   clock network delay (ideal)
                                 -0.250000   24.750000   clock uncertainty
                                  0.000000   24.750000   clock reconvergence pessimism
                                             24.750000 ^ _175_/CLK (sky130_fd_sc_hd__dfrtp_2)
                                 -0.060265   24.689735   library setup time
                                             24.689735   data required time
---------------------------------------------------------------------------------------------
                                             24.689735   data required time
                                             -5.556497   data arrival time
---------------------------------------------------------------------------------------------
                                             19.133238   slack (MET)


Startpoint: _182_ (rising edge-triggered flip-flop clocked by clk)
Endpoint: seg3[0] (output port clocked by clk)
Path Group: clk
Path Type: max

Fanout         Cap        Slew       Delay        Time   Description
---------------------------------------------------------------------------------------------
                      0.150000    0.000000    0.000000   clock clk (rise edge)
                                  0.000000    0.000000   clock network delay (ideal)
                      0.150000    0.000000    0.000000 ^ _182_/CLK (sky130_fd_sc_hd__dfrtp_2)
    18    0.042023    0.090930    0.339201    0.339201 v _182_/Q (sky130_fd_sc_hd__dfrtp_2)
                                                         cnt[0] (net)
                      0.090930    0.000000    0.339201 v _101_/A2 (sky130_fd_sc_hd__a31o_2)
     1    0.033442    0.077023    0.223195    0.562396 v _101_/X (sky130_fd_sc_hd__a31o_2)
                                                         seg3[0] (net)
                      0.077023    0.000000    0.562396 v seg3[0] (out)
                                              0.562396   data arrival time

                      0.150000   25.000000   25.000000   clock clk (rise edge)
                                  0.000000   25.000000   clock network delay (ideal)
                                 -0.250000   24.750000   clock uncertainty
                                  0.000000   24.750000   clock reconvergence pessimism
                                 -5.000000   19.750000   output external delay
                                             19.750000   data required time
---------------------------------------------------------------------------------------------
                                             19.750000   data required time
                                             -0.562396   data arrival time
---------------------------------------------------------------------------------------------
                                             19.187603   slack (MET)


Startpoint: _182_ (rising edge-triggered flip-flop clocked by clk)
Endpoint: seg3[1] (output port clocked by clk)
Path Group: clk
Path Type: max

Fanout         Cap        Slew       Delay        Time   Description
---------------------------------------------------------------------------------------------
                      0.150000    0.000000    0.000000   clock clk (rise edge)
                                  0.000000    0.000000   clock network delay (ideal)
                      0.150000    0.000000    0.000000 ^ _182_/CLK (sky130_fd_sc_hd__dfrtp_2)
    18    0.042023    0.090930    0.339201    0.339201 v _182_/Q (sky130_fd_sc_hd__dfrtp_2)
                                                         cnt[0] (net)
                      0.090930    0.000000    0.339201 v _104_/A2 (sky130_fd_sc_hd__a31o_2)
     1    0.033442    0.076949    0.223195    0.562396 v _104_/X (sky130_fd_sc_hd__a31o_2)
                                                         seg3[1] (net)
                      0.076949    0.000000    0.562396 v seg3[1] (out)
                                              0.562396   data arrival time

                      0.150000   25.000000   25.000000   clock clk (rise edge)
                                  0.000000   25.000000   clock network delay (ideal)
                                 -0.250000   24.750000   clock uncertainty
                                  0.000000   24.750000   clock reconvergence pessimism
                                 -5.000000   19.750000   output external delay
                                             19.750000   data required time
---------------------------------------------------------------------------------------------
                                             19.750000   data required time
                                             -0.562396   data arrival time
---------------------------------------------------------------------------------------------
                                             19.187603   slack (MET)


Startpoint: _182_ (rising edge-triggered flip-flop clocked by clk)
Endpoint: seg3[2] (output port clocked by clk)
Path Group: clk
Path Type: max

Fanout         Cap        Slew       Delay        Time   Description
---------------------------------------------------------------------------------------------
                      0.150000    0.000000    0.000000   clock clk (rise edge)
                                  0.000000    0.000000   clock network delay (ideal)
                      0.150000    0.000000    0.000000 ^ _182_/CLK (sky130_fd_sc_hd__dfrtp_2)
    18    0.042023    0.090930    0.339201    0.339201 v _182_/Q (sky130_fd_sc_hd__dfrtp_2)
                                                         cnt[0] (net)
                      0.090930    0.000000    0.339201 v _106_/A2 (sky130_fd_sc_hd__a31o_2)
     1    0.033442    0.076949    0.223195    0.562396 v _106_/X (sky130_fd_sc_hd__a31o_2)
                                                         seg3[2] (net)
                      0.076949    0.000000    0.562396 v seg3[2] (out)
                                              0.562396   data arrival time

                      0.150000   25.000000   25.000000   clock clk (rise edge)
                                  0.000000   25.000000   clock network delay (ideal)
                                 -0.250000   24.750000   clock uncertainty
                                  0.000000   24.750000   clock reconvergence pessimism
                                 -5.000000   19.750000   output external delay
                                             19.750000   data required time
---------------------------------------------------------------------------------------------
                                             19.750000   data required time
                                             -0.562396   data arrival time
---------------------------------------------------------------------------------------------
                                             19.187603   slack (MET)


Startpoint: _182_ (rising edge-triggered flip-flop clocked by clk)
Endpoint: seg3[3] (output port clocked by clk)
Path Group: clk
Path Type: max

Fanout         Cap        Slew       Delay        Time   Description
---------------------------------------------------------------------------------------------
                      0.150000    0.000000    0.000000   clock clk (rise edge)
                                  0.000000    0.000000   clock network delay (ideal)
                      0.150000    0.000000    0.000000 ^ _182_/CLK (sky130_fd_sc_hd__dfrtp_2)
    18    0.042023    0.090930    0.339201    0.339201 v _182_/Q (sky130_fd_sc_hd__dfrtp_2)
                                                         cnt[0] (net)
                      0.090930    0.000000    0.339201 v _108_/A2 (sky130_fd_sc_hd__a31o_2)
     1    0.033442    0.076949    0.223195    0.562396 v _108_/X (sky130_fd_sc_hd__a31o_2)
                                                         seg3[3] (net)
                      0.076949    0.000000    0.562396 v seg3[3] (out)
                                              0.562396   data arrival time

                      0.150000   25.000000   25.000000   clock clk (rise edge)
                                  0.000000   25.000000   clock network delay (ideal)
                                 -0.250000   24.750000   clock uncertainty
                                  0.000000   24.750000   clock reconvergence pessimism
                                 -5.000000   19.750000   output external delay
                                             19.750000   data required time
---------------------------------------------------------------------------------------------
                                             19.750000   data required time
                                             -0.562396   data arrival time
---------------------------------------------------------------------------------------------
                                             19.187603   slack (MET)


Startpoint: _182_ (rising edge-triggered flip-flop clocked by clk)
Endpoint: seg3[4] (output port clocked by clk)
Path Group: clk
Path Type: max

Fanout         Cap        Slew       Delay        Time   Description
---------------------------------------------------------------------------------------------
                      0.150000    0.000000    0.000000   clock clk (rise edge)
                                  0.000000    0.000000   clock network delay (ideal)
                      0.150000    0.000000    0.000000 ^ _182_/CLK (sky130_fd_sc_hd__dfrtp_2)
    18    0.042023    0.090930    0.339201    0.339201 v _182_/Q (sky130_fd_sc_hd__dfrtp_2)
                                                         cnt[0] (net)
                      0.090930    0.000000    0.339201 v _110_/A2 (sky130_fd_sc_hd__a31o_2)
     1    0.033442    0.076949    0.223195    0.562396 v _110_/X (sky130_fd_sc_hd__a31o_2)
                                                         seg3[4] (net)
                      0.076949    0.000000    0.562396 v seg3[4] (out)
                                              0.562396   data arrival time

                      0.150000   25.000000   25.000000   clock clk (rise edge)
                                  0.000000   25.000000   clock network delay (ideal)
                                 -0.250000   24.750000   clock uncertainty
                                  0.000000   24.750000   clock reconvergence pessimism
                                 -5.000000   19.750000   output external delay
                                             19.750000   data required time
---------------------------------------------------------------------------------------------
                                             19.750000   data required time
                                             -0.562396   data arrival time
---------------------------------------------------------------------------------------------
                                             19.187603   slack (MET)


Startpoint: _182_ (rising edge-triggered flip-flop clocked by clk)
Endpoint: seg3[5] (output port clocked by clk)
Path Group: clk
Path Type: max

Fanout         Cap        Slew       Delay        Time   Description
---------------------------------------------------------------------------------------------
                      0.150000    0.000000    0.000000   clock clk (rise edge)
                                  0.000000    0.000000   clock network delay (ideal)
                      0.150000    0.000000    0.000000 ^ _182_/CLK (sky130_fd_sc_hd__dfrtp_2)
    18    0.042023    0.090930    0.339201    0.339201 v _182_/Q (sky130_fd_sc_hd__dfrtp_2)
                                                         cnt[0] (net)
                      0.090930    0.000000    0.339201 v _112_/A2 (sky130_fd_sc_hd__a31o_2)
     1    0.033442    0.076949    0.223195    0.562396 v _112_/X (sky130_fd_sc_hd__a31o_2)
                                                         seg3[5] (net)
                      0.076949    0.000000    0.562396 v seg3[5] (out)
                                              0.562396   data arrival time

                      0.150000   25.000000   25.000000   clock clk (rise edge)
                                  0.000000   25.000000   clock network delay (ideal)
                                 -0.250000   24.750000   clock uncertainty
                                  0.000000   24.750000   clock reconvergence pessimism
                                 -5.000000   19.750000   output external delay
                                             19.750000   data required time
---------------------------------------------------------------------------------------------
                                             19.750000   data required time
                                             -0.562396   data arrival time
---------------------------------------------------------------------------------------------
                                             19.187603   slack (MET)


Startpoint: btn (input port clocked by clk)
Endpoint: _182_ (rising edge-triggered flip-flop clocked by clk)
Path Group: clk
Path Type: max

Fanout         Cap        Slew       Delay        Time   Description
---------------------------------------------------------------------------------------------
                      0.150000    0.000000    0.000000   clock clk (rise edge)
                                  0.000000    0.000000   clock network delay (ideal)
                                  5.000000    5.000000 ^ input external delay
     6    0.010236    0.040260    0.025602    5.025602 ^ btn (in)
                                                         btn (net)
                      0.040260    0.000000    5.025602 ^ _055_/D_N (sky130_fd_sc_hd__nor4b_2)
     7    0.016975    0.341289    0.270248    5.295850 ^ _055_/Y (sky130_fd_sc_hd__nor4b_2)
                                                         _042_ (net)
                      0.341289    0.000000    5.295850 ^ _056_/A2 (sky130_fd_sc_hd__a21o_2)
     1    0.001837    0.023379    0.094466    5.390316 ^ _056_/X (sky130_fd_sc_hd__a21o_2)
                                                         _043_ (net)
                      0.023379    0.000000    5.390316 ^ _057_/B1 (sky130_fd_sc_hd__o2bb2a_2)
     1    0.002087    0.024749    0.091444    5.481760 ^ _057_/X (sky130_fd_sc_hd__o2bb2a_2)
                                                         _036_ (net)
                      0.024749    0.000000    5.481760 ^ _182_/D (sky130_fd_sc_hd__dfrtp_2)
                                              5.481760   data arrival time

                      0.150000   25.000000   25.000000   clock clk (rise edge)
                                  0.000000   25.000000   clock network delay (ideal)
                                 -0.250000   24.750000   clock uncertainty
                                  0.000000   24.750000   clock reconvergence pessimism
                                             24.750000 ^ _182_/CLK (sky130_fd_sc_hd__dfrtp_2)
                                 -0.031313   24.718687   library setup time
                                             24.718687   data required time
---------------------------------------------------------------------------------------------
                                             24.718687   data required time
                                             -5.481760   data arrival time
---------------------------------------------------------------------------------------------
                                             19.236925   slack (MET)


Startpoint: btn (input port clocked by clk)
Endpoint: _154_ (rising edge-triggered flip-flop clocked by clk)
Path Group: clk
Path Type: max

Fanout         Cap        Slew       Delay        Time   Description
---------------------------------------------------------------------------------------------
                      0.150000    0.000000    0.000000   clock clk (rise edge)
                                  0.000000    0.000000   clock network delay (ideal)
                                  5.000000    5.000000 ^ input external delay
     6    0.010236    0.040260    0.025602    5.025602 ^ btn (in)
                                                         btn (net)
                      0.040260    0.000000    5.025602 ^ _055_/D_N (sky130_fd_sc_hd__nor4b_2)
     7    0.016975    0.341289    0.270248    5.295850 ^ _055_/Y (sky130_fd_sc_hd__nor4b_2)
                                                         _042_ (net)
                      0.341289    0.000000    5.295850 ^ _069_/A2 (sky130_fd_sc_hd__a21o_2)
     2    0.003763    0.029743    0.101734    5.397584 ^ _069_/X (sky130_fd_sc_hd__a21o_2)
                                                         nxt0[5] (net)
                      0.029743    0.000000    5.397584 ^ _154_/D (sky130_fd_sc_hd__dfrtp_2)
                                              5.397584   data arrival time

                      0.150000   25.000000   25.000000   clock clk (rise edge)
                                  0.000000   25.000000   clock network delay (ideal)
                                 -0.250000   24.750000   clock uncertainty
                                  0.000000   24.750000   clock reconvergence pessimism
                                             24.750000 ^ _154_/CLK (sky130_fd_sc_hd__dfrtp_2)
                                 -0.031790   24.718210   library setup time
                                             24.718210   data required time
---------------------------------------------------------------------------------------------
                                             24.718210   data required time
                                             -5.397584   data arrival time
---------------------------------------------------------------------------------------------
                                             19.320627   slack (MET)


Startpoint: btn (input port clocked by clk)
Endpoint: _152_ (rising edge-triggered flip-flop clocked by clk)
Path Group: clk
Path Type: max

Fanout         Cap        Slew       Delay        Time   Description
---------------------------------------------------------------------------------------------
                      0.150000    0.000000    0.000000   clock clk (rise edge)
                                  0.000000    0.000000   clock network delay (ideal)
                                  5.000000    5.000000 ^ input external delay
     6    0.010236    0.040260    0.025602    5.025602 ^ btn (in)
                                                         btn (net)
                      0.040260    0.000000    5.025602 ^ _055_/D_N (sky130_fd_sc_hd__nor4b_2)
     7    0.016975    0.341289    0.270248    5.295850 ^ _055_/Y (sky130_fd_sc_hd__nor4b_2)
                                                         _042_ (net)
                      0.341289    0.000000    5.295850 ^ _065_/A2 (sky130_fd_sc_hd__a21o_2)
     2    0.003730    0.029634    0.101609    5.397459 ^ _065_/X (sky130_fd_sc_hd__a21o_2)
                                                         nxt0[3] (net)
                      0.029634    0.000000    5.397459 ^ _152_/D (sky130_fd_sc_hd__dfrtp_2)
                                              5.397459   data arrival time

                      0.150000   25.000000   25.000000   clock clk (rise edge)
                                  0.000000   25.000000   clock network delay (ideal)
                                 -0.250000   24.750000   clock uncertainty
                                  0.000000   24.750000   clock reconvergence pessimism
                                             24.750000 ^ _152_/CLK (sky130_fd_sc_hd__dfrtp_2)
                                 -0.031780   24.718220   library setup time
                                             24.718220   data required time
---------------------------------------------------------------------------------------------
                                             24.718220   data required time
                                             -5.397459   data arrival time
---------------------------------------------------------------------------------------------
                                             19.320761   slack (MET)


Startpoint: btn (input port clocked by clk)
Endpoint: _153_ (rising edge-triggered flip-flop clocked by clk)
Path Group: clk
Path Type: max

Fanout         Cap        Slew       Delay        Time   Description
---------------------------------------------------------------------------------------------
                      0.150000    0.000000    0.000000   clock clk (rise edge)
                                  0.000000    0.000000   clock network delay (ideal)
                                  5.000000    5.000000 ^ input external delay
     6    0.010236    0.040260    0.025602    5.025602 ^ btn (in)
                                                         btn (net)
                      0.040260    0.000000    5.025602 ^ _055_/D_N (sky130_fd_sc_hd__nor4b_2)
     7    0.016975    0.341289    0.270248    5.295850 ^ _055_/Y (sky130_fd_sc_hd__nor4b_2)
                                                         _042_ (net)
                      0.341289    0.000000    5.295850 ^ _067_/A2 (sky130_fd_sc_hd__a21o_2)
     2    0.003716    0.029588    0.101556    5.397406 ^ _067_/X (sky130_fd_sc_hd__a21o_2)
                                                         nxt0[4] (net)
                      0.029588    0.000000    5.397406 ^ _153_/D (sky130_fd_sc_hd__dfrtp_2)
                                              5.397406   data arrival time

                      0.150000   25.000000   25.000000   clock clk (rise edge)
                                  0.000000   25.000000   clock network delay (ideal)
                                 -0.250000   24.750000   clock uncertainty
                                  0.000000   24.750000   clock reconvergence pessimism
                                             24.750000 ^ _153_/CLK (sky130_fd_sc_hd__dfrtp_2)
                                 -0.031776   24.718225   library setup time
                                             24.718225   data required time
---------------------------------------------------------------------------------------------
                                             24.718225   data required time
                                             -5.397406   data arrival time
---------------------------------------------------------------------------------------------
                                             19.320820   slack (MET)


Startpoint: btn (input port clocked by clk)
Endpoint: _150_ (rising edge-triggered flip-flop clocked by clk)
Path Group: clk
Path Type: max

Fanout         Cap        Slew       Delay        Time   Description
---------------------------------------------------------------------------------------------
                      0.150000    0.000000    0.000000   clock clk (rise edge)
                                  0.000000    0.000000   clock network delay (ideal)
                                  5.000000    5.000000 ^ input external delay
     6    0.010236    0.040260    0.025602    5.025602 ^ btn (in)
                                                         btn (net)
                      0.040260    0.000000    5.025602 ^ _055_/D_N (sky130_fd_sc_hd__nor4b_2)
     7    0.016975    0.341289    0.270248    5.295850 ^ _055_/Y (sky130_fd_sc_hd__nor4b_2)
                                                         _042_ (net)
                      0.341289    0.000000    5.295850 ^ _061_/A2 (sky130_fd_sc_hd__a21o_2)
     2    0.003707    0.029558    0.101522    5.397372 ^ _061_/X (sky130_fd_sc_hd__a21o_2)
                                                         nxt0[1] (net)
                      0.029558    0.000000    5.397372 ^ _150_/D (sky130_fd_sc_hd__dfrtp_2)
                                              5.397372   data arrival time

                      0.150000   25.000000   25.000000   clock clk (rise edge)
                                  0.000000   25.000000   clock network delay (ideal)
                                 -0.250000   24.750000   clock uncertainty
                                  0.000000   24.750000   clock reconvergence pessimism
                                             24.750000 ^ _150_/CLK (sky130_fd_sc_hd__dfrtp_2)
                                 -0.031773   24.718227   library setup time
                                             24.718227   data required time
---------------------------------------------------------------------------------------------
                                             24.718227   data required time
                                             -5.397372   data arrival time
---------------------------------------------------------------------------------------------
                                             19.320854   slack (MET)


Startpoint: btn (input port clocked by clk)
Endpoint: _151_ (rising edge-triggered flip-flop clocked by clk)
Path Group: clk
Path Type: max

Fanout         Cap        Slew       Delay        Time   Description
---------------------------------------------------------------------------------------------
                      0.150000    0.000000    0.000000   clock clk (rise edge)
                                  0.000000    0.000000   clock network delay (ideal)
                                  5.000000    5.000000 ^ input external delay
     6    0.010236    0.040260    0.025602    5.025602 ^ btn (in)
                                                         btn (net)
                      0.040260    0.000000    5.025602 ^ _055_/D_N (sky130_fd_sc_hd__nor4b_2)
     7    0.016975    0.341289    0.270248    5.295850 ^ _055_/Y (sky130_fd_sc_hd__nor4b_2)
                                                         _042_ (net)
                      0.341289    0.000000    5.295850 ^ _063_/A2 (sky130_fd_sc_hd__a21o_2)
     2    0.003702    0.029542    0.101504    5.397354 ^ _063_/X (sky130_fd_sc_hd__a21o_2)
                                                         nxt0[2] (net)
                      0.029542    0.000000    5.397354 ^ _151_/D (sky130_fd_sc_hd__dfrtp_2)
                                              5.397354   data arrival time

                      0.150000   25.000000   25.000000   clock clk (rise edge)
                                  0.000000   25.000000   clock network delay (ideal)
                                 -0.250000   24.750000   clock uncertainty
                                  0.000000   24.750000   clock reconvergence pessimism
                                             24.750000 ^ _151_/CLK (sky130_fd_sc_hd__dfrtp_2)
                                 -0.031771   24.718227   library setup time
                                             24.718227   data required time
---------------------------------------------------------------------------------------------
                                             24.718227   data required time
                                             -5.397354   data arrival time
---------------------------------------------------------------------------------------------
                                             19.320875   slack (MET)


Startpoint: btn (input port clocked by clk)
Endpoint: _149_ (rising edge-triggered flip-flop clocked by clk)
Path Group: clk
Path Type: max

Fanout         Cap        Slew       Delay        Time   Description
---------------------------------------------------------------------------------------------
                      0.150000    0.000000    0.000000   clock clk (rise edge)
                                  0.000000    0.000000   clock network delay (ideal)
                                  5.000000    5.000000 ^ input external delay
     6    0.010236    0.040260    0.025602    5.025602 ^ btn (in)
                                                         btn (net)
                      0.040260    0.000000    5.025602 ^ _055_/D_N (sky130_fd_sc_hd__nor4b_2)
     7    0.016975    0.341289    0.270248    5.295850 ^ _055_/Y (sky130_fd_sc_hd__nor4b_2)
                                                         _042_ (net)
                      0.341289    0.000000    5.295850 ^ _059_/A2 (sky130_fd_sc_hd__a21o_2)
     2    0.003638    0.029330    0.101262    5.397112 ^ _059_/X (sky130_fd_sc_hd__a21o_2)
                                                         nxt0[0] (net)
                      0.029330    0.000000    5.397112 ^ _149_/D (sky130_fd_sc_hd__dfrtp_2)
                                              5.397112   data arrival time

                      0.150000   25.000000   25.000000   clock clk (rise edge)
                                  0.000000   25.000000   clock network delay (ideal)
                                 -0.250000   24.750000   clock uncertainty
                                  0.000000   24.750000   clock reconvergence pessimism
                                             24.750000 ^ _149_/CLK (sky130_fd_sc_hd__dfrtp_2)
                                 -0.031751   24.718250   library setup time
                                             24.718250   data required time
---------------------------------------------------------------------------------------------
                                             24.718250   data required time
                                             -5.397112   data arrival time
---------------------------------------------------------------------------------------------
                                             19.321136   slack (MET)


Startpoint: btn (input port clocked by clk)
Endpoint: _158_ (rising edge-triggered flip-flop clocked by clk)
Path Group: clk
Path Type: max

Fanout         Cap        Slew       Delay        Time   Description
---------------------------------------------------------------------------------------------
                      0.150000    0.000000    0.000000   clock clk (rise edge)
                                  0.000000    0.000000   clock network delay (ideal)
                                  5.000000    5.000000 v input external delay
     6    0.009832    0.016173    0.009651    5.009652 v btn (in)
                                                         btn (net)
                      0.016173    0.000000    5.009652 v _052_/C (sky130_fd_sc_hd__and4bb_2)
     8    0.017209    0.056324    0.161384    5.171036 v _052_/X (sky130_fd_sc_hd__and4bb_2)
                                                         _040_ (net)
                      0.056324    0.000000    5.171036 v _079_/A2 (sky130_fd_sc_hd__a21o_2)
     2    0.003638    0.026976    0.139952    5.310988 v _079_/X (sky130_fd_sc_hd__a21o_2)
                                                         nxt1[3] (net)
                      0.026976    0.000000    5.310988 v _158_/D (sky130_fd_sc_hd__dfrtp_2)
                                              5.310988   data arrival time

                      0.150000   25.000000   25.000000   clock clk (rise edge)
                                  0.000000   25.000000   clock network delay (ideal)
                                 -0.250000   24.750000   clock uncertainty
                                  0.000000   24.750000   clock reconvergence pessimism
                                             24.750000 ^ _158_/CLK (sky130_fd_sc_hd__dfrtp_2)
                                 -0.060525   24.689474   library setup time
                                             24.689474   data required time
---------------------------------------------------------------------------------------------
                                             24.689474   data required time
                                             -5.310988   data arrival time
---------------------------------------------------------------------------------------------
                                             19.378487   slack (MET)


Startpoint: btn (input port clocked by clk)
Endpoint: _157_ (rising edge-triggered flip-flop clocked by clk)
Path Group: clk
Path Type: max

Fanout         Cap        Slew       Delay        Time   Description
---------------------------------------------------------------------------------------------
                      0.150000    0.000000    0.000000   clock clk (rise edge)
                                  0.000000    0.000000   clock network delay (ideal)
                                  5.000000    5.000000 v input external delay
     6    0.009832    0.016173    0.009651    5.009652 v btn (in)
                                                         btn (net)
                      0.016173    0.000000    5.009652 v _052_/C (sky130_fd_sc_hd__and4bb_2)
     8    0.017209    0.056324    0.161384    5.171036 v _052_/X (sky130_fd_sc_hd__and4bb_2)
                                                         _040_ (net)
                      0.056324    0.000000    5.171036 v _077_/A2 (sky130_fd_sc_hd__a21o_2)
     2    0.003632    0.026962    0.139933    5.310968 v _077_/X (sky130_fd_sc_hd__a21o_2)
                                                         nxt1[2] (net)
                      0.026962    0.000000    5.310968 v _157_/D (sky130_fd_sc_hd__dfrtp_2)
                                              5.310968   data arrival time

                      0.150000   25.000000   25.000000   clock clk (rise edge)
                                  0.000000   25.000000   clock network delay (ideal)
                                 -0.250000   24.750000   clock uncertainty
                                  0.000000   24.750000   clock reconvergence pessimism
                                             24.750000 ^ _157_/CLK (sky130_fd_sc_hd__dfrtp_2)
                                 -0.060520   24.689480   library setup time
                                             24.689480   data required time
---------------------------------------------------------------------------------------------
                                             24.689480   data required time
                                             -5.310968   data arrival time
---------------------------------------------------------------------------------------------
                                             19.378511   slack (MET)


Startpoint: btn (input port clocked by clk)
Endpoint: _159_ (rising edge-triggered flip-flop clocked by clk)
Path Group: clk
Path Type: max

Fanout         Cap        Slew       Delay        Time   Description
---------------------------------------------------------------------------------------------
                      0.150000    0.000000    0.000000   clock clk (rise edge)
                                  0.000000    0.000000   clock network delay (ideal)
                                  5.000000    5.000000 v input external delay
     6    0.009832    0.016173    0.009651    5.009652 v btn (in)
                                                         btn (net)
                      0.016173    0.000000    5.009652 v _052_/C (sky130_fd_sc_hd__and4bb_2)
     8    0.017209    0.056324    0.161384    5.171036 v _052_/X (sky130_fd_sc_hd__and4bb_2)
                                                         _040_ (net)
                      0.056324    0.000000    5.171036 v _081_/A2 (sky130_fd_sc_hd__a21o_2)
     2    0.003617    0.026927    0.139883    5.310918 v _081_/X (sky130_fd_sc_hd__a21o_2)
                                                         nxt1[4] (net)
                      0.026927    0.000000    5.310918 v _159_/D (sky130_fd_sc_hd__dfrtp_2)
                                              5.310918   data arrival time

                      0.150000   25.000000   25.000000   clock clk (rise edge)
                                  0.000000   25.000000   clock network delay (ideal)
                                 -0.250000   24.750000   clock uncertainty
                                  0.000000   24.750000   clock reconvergence pessimism
                                             24.750000 ^ _159_/CLK (sky130_fd_sc_hd__dfrtp_2)
                                 -0.060508   24.689491   library setup time
                                             24.689491   data required time
---------------------------------------------------------------------------------------------
                                             24.689491   data required time
                                             -5.310918   data arrival time
---------------------------------------------------------------------------------------------
                                             19.378574   slack (MET)


Startpoint: btn (input port clocked by clk)
Endpoint: _160_ (rising edge-triggered flip-flop clocked by clk)
Path Group: clk
Path Type: max

Fanout         Cap        Slew       Delay        Time   Description
---------------------------------------------------------------------------------------------
                      0.150000    0.000000    0.000000   clock clk (rise edge)
                                  0.000000    0.000000   clock network delay (ideal)
                                  5.000000    5.000000 v input external delay
     6    0.009832    0.016173    0.009651    5.009652 v btn (in)
                                                         btn (net)
                      0.016173    0.000000    5.009652 v _052_/C (sky130_fd_sc_hd__and4bb_2)
     8    0.017209    0.056324    0.161384    5.171036 v _052_/X (sky130_fd_sc_hd__and4bb_2)
                                                         _040_ (net)
                      0.056324    0.000000    5.171036 v _083_/A2 (sky130_fd_sc_hd__a21o_2)
     2    0.003614    0.026920    0.139873    5.310909 v _083_/X (sky130_fd_sc_hd__a21o_2)
                                                         nxt1[5] (net)
                      0.026920    0.000000    5.310909 v _160_/D (sky130_fd_sc_hd__dfrtp_2)
                                              5.310909   data arrival time

                      0.150000   25.000000   25.000000   clock clk (rise edge)
                                  0.000000   25.000000   clock network delay (ideal)
                                 -0.250000   24.750000   clock uncertainty
                                  0.000000   24.750000   clock reconvergence pessimism
                                             24.750000 ^ _160_/CLK (sky130_fd_sc_hd__dfrtp_2)
                                 -0.060505   24.689495   library setup time
                                             24.689495   data required time
---------------------------------------------------------------------------------------------
                                             24.689495   data required time
                                             -5.310909   data arrival time
---------------------------------------------------------------------------------------------
                                             19.378586   slack (MET)


Startpoint: btn (input port clocked by clk)
Endpoint: _156_ (rising edge-triggered flip-flop clocked by clk)
Path Group: clk
Path Type: max

Fanout         Cap        Slew       Delay        Time   Description
---------------------------------------------------------------------------------------------
                      0.150000    0.000000    0.000000   clock clk (rise edge)
                                  0.000000    0.000000   clock network delay (ideal)
                                  5.000000    5.000000 v input external delay
     6    0.009832    0.016173    0.009651    5.009652 v btn (in)
                                                         btn (net)
                      0.016173    0.000000    5.009652 v _052_/C (sky130_fd_sc_hd__and4bb_2)
     8    0.017209    0.056324    0.161384    5.171036 v _052_/X (sky130_fd_sc_hd__and4bb_2)
                                                         _040_ (net)
                      0.056324    0.000000    5.171036 v _075_/A2 (sky130_fd_sc_hd__a21o_2)
     2    0.003608    0.026906    0.139853    5.310889 v _075_/X (sky130_fd_sc_hd__a21o_2)
                                                         nxt1[1] (net)
                      0.026906    0.000000    5.310889 v _156_/D (sky130_fd_sc_hd__dfrtp_2)
                                              5.310889   data arrival time

                      0.150000   25.000000   25.000000   clock clk (rise edge)
                                  0.000000   25.000000   clock network delay (ideal)
                                 -0.250000   24.750000   clock uncertainty
                                  0.000000   24.750000   clock reconvergence pessimism
                                             24.750000 ^ _156_/CLK (sky130_fd_sc_hd__dfrtp_2)
                                 -0.060500   24.689499   library setup time
                                             24.689499   data required time
---------------------------------------------------------------------------------------------
                                             24.689499   data required time
                                             -5.310889   data arrival time
---------------------------------------------------------------------------------------------
                                             19.378609   slack (MET)


Startpoint: btn (input port clocked by clk)
Endpoint: _155_ (rising edge-triggered flip-flop clocked by clk)
Path Group: clk
Path Type: max

Fanout         Cap        Slew       Delay        Time   Description
---------------------------------------------------------------------------------------------
                      0.150000    0.000000    0.000000   clock clk (rise edge)
                                  0.000000    0.000000   clock network delay (ideal)
                                  5.000000    5.000000 v input external delay
     6    0.009832    0.016173    0.009651    5.009652 v btn (in)
                                                         btn (net)
                      0.016173    0.000000    5.009652 v _052_/C (sky130_fd_sc_hd__and4bb_2)
     8    0.017209    0.056324    0.161384    5.171036 v _052_/X (sky130_fd_sc_hd__and4bb_2)
                                                         _040_ (net)
                      0.056324    0.000000    5.171036 v _073_/A2 (sky130_fd_sc_hd__a21o_2)
     2    0.003554    0.026781    0.139675    5.310711 v _073_/X (sky130_fd_sc_hd__a21o_2)
                                                         nxt1[0] (net)
                      0.026781    0.000000    5.310711 v _155_/D (sky130_fd_sc_hd__dfrtp_2)
                                              5.310711   data arrival time

                      0.150000   25.000000   25.000000   clock clk (rise edge)
                                  0.000000   25.000000   clock network delay (ideal)
                                 -0.250000   24.750000   clock uncertainty
                                  0.000000   24.750000   clock reconvergence pessimism
                                             24.750000 ^ _155_/CLK (sky130_fd_sc_hd__dfrtp_2)
                                 -0.060455   24.689545   library setup time
                                             24.689545   data required time
---------------------------------------------------------------------------------------------
                                             24.689545   data required time
                                             -5.310711   data arrival time
---------------------------------------------------------------------------------------------
                                             19.378836   slack (MET)


Startpoint: btn (input port clocked by clk)
Endpoint: _183_ (rising edge-triggered flip-flop clocked by clk)
Path Group: clk
Path Type: max

Fanout         Cap        Slew       Delay        Time   Description
---------------------------------------------------------------------------------------------
                      0.150000    0.000000    0.000000   clock clk (rise edge)
                                  0.000000    0.000000   clock network delay (ideal)
                                  5.000000    5.000000 v input external delay
     6    0.009832    0.016173    0.009651    5.009652 v btn (in)
                                                         btn (net)
                      0.016173    0.000000    5.009652 v _052_/C (sky130_fd_sc_hd__and4bb_2)
     8    0.017209    0.056324    0.161384    5.171036 v _052_/X (sky130_fd_sc_hd__and4bb_2)
                                                         _040_ (net)
                      0.056324    0.000000    5.171036 v _053_/A2 (sky130_fd_sc_hd__a21o_2)
     1    0.002059    0.023303    0.134750    5.305786 v _053_/X (sky130_fd_sc_hd__a21o_2)
                                                         _037_ (net)
                      0.023303    0.000000    5.305786 v _183_/D (sky130_fd_sc_hd__dfrtp_2)
                                              5.305786   data arrival time

                      0.150000   25.000000   25.000000   clock clk (rise edge)
                                  0.000000   25.000000   clock network delay (ideal)
                                 -0.250000   24.750000   clock uncertainty
                                  0.000000   24.750000   clock reconvergence pessimism
                                             24.750000 ^ _183_/CLK (sky130_fd_sc_hd__dfrtp_2)
                                 -0.059220   24.690781   library setup time
                                             24.690781   data required time
---------------------------------------------------------------------------------------------
                                             24.690781   data required time
                                             -5.305786   data arrival time
---------------------------------------------------------------------------------------------
                                             19.384995   slack (MET)


Startpoint: btn (input port clocked by clk)
Endpoint: _164_ (rising edge-triggered flip-flop clocked by clk)
Path Group: clk
Path Type: max

Fanout         Cap        Slew       Delay        Time   Description
---------------------------------------------------------------------------------------------
                      0.150000    0.000000    0.000000   clock clk (rise edge)
                                  0.000000    0.000000   clock network delay (ideal)
                                  5.000000    5.000000 v input external delay
     6    0.009832    0.016173    0.009651    5.009652 v btn (in)
                                                         btn (net)
                      0.016173    0.000000    5.009652 v _087_/C (sky130_fd_sc_hd__and4bb_2)
     6    0.013242    0.050568    0.154709    5.164360 v _087_/X (sky130_fd_sc_hd__and4bb_2)
                                                         _046_ (net)
                      0.050568    0.000000    5.164360 v _094_/A2 (sky130_fd_sc_hd__a21o_2)
     2    0.003638    0.026980    0.137906    5.302266 v _094_/X (sky130_fd_sc_hd__a21o_2)
                                                         nxt2[3] (net)
                      0.026980    0.000000    5.302266 v _164_/D (sky130_fd_sc_hd__dfrtp_2)
                                              5.302266   data arrival time

                      0.150000   25.000000   25.000000   clock clk (rise edge)
                                  0.000000   25.000000   clock network delay (ideal)
                                 -0.250000   24.750000   clock uncertainty
                                  0.000000   24.750000   clock reconvergence pessimism
                                             24.750000 ^ _164_/CLK (sky130_fd_sc_hd__dfrtp_2)
                                 -0.060526   24.689474   library setup time
                                             24.689474   data required time
---------------------------------------------------------------------------------------------
                                             24.689474   data required time
                                             -5.302266   data arrival time
---------------------------------------------------------------------------------------------
                                             19.387209   slack (MET)


Startpoint: btn (input port clocked by clk)
Endpoint: _163_ (rising edge-triggered flip-flop clocked by clk)
Path Group: clk
Path Type: max

Fanout         Cap        Slew       Delay        Time   Description
---------------------------------------------------------------------------------------------
                      0.150000    0.000000    0.000000   clock clk (rise edge)
                                  0.000000    0.000000   clock network delay (ideal)
                                  5.000000    5.000000 v input external delay
     6    0.009832    0.016173    0.009651    5.009652 v btn (in)
                                                         btn (net)
                      0.016173    0.000000    5.009652 v _087_/C (sky130_fd_sc_hd__and4bb_2)
     6    0.013242    0.050568    0.154709    5.164360 v _087_/X (sky130_fd_sc_hd__and4bb_2)
                                                         _046_ (net)
                      0.050568    0.000000    5.164360 v _092_/A2 (sky130_fd_sc_hd__a21o_2)
     2    0.003632    0.026966    0.137886    5.302247 v _092_/X (sky130_fd_sc_hd__a21o_2)
                                                         nxt2[2] (net)
                      0.026966    0.000000    5.302247 v _163_/D (sky130_fd_sc_hd__dfrtp_2)
                                              5.302247   data arrival time

                      0.150000   25.000000   25.000000   clock clk (rise edge)
                                  0.000000   25.000000   clock network delay (ideal)
                                 -0.250000   24.750000   clock uncertainty
                                  0.000000   24.750000   clock reconvergence pessimism
                                             24.750000 ^ _163_/CLK (sky130_fd_sc_hd__dfrtp_2)
                                 -0.060521   24.689480   library setup time
                                             24.689480   data required time
---------------------------------------------------------------------------------------------
                                             24.689480   data required time
                                             -5.302247   data arrival time
---------------------------------------------------------------------------------------------
                                             19.387234   slack (MET)


Startpoint: btn (input port clocked by clk)
Endpoint: _165_ (rising edge-triggered flip-flop clocked by clk)
Path Group: clk
Path Type: max

Fanout         Cap        Slew       Delay        Time   Description
---------------------------------------------------------------------------------------------
                      0.150000    0.000000    0.000000   clock clk (rise edge)
                                  0.000000    0.000000   clock network delay (ideal)
                                  5.000000    5.000000 v input external delay
     6    0.009832    0.016173    0.009651    5.009652 v btn (in)
                                                         btn (net)
                      0.016173    0.000000    5.009652 v _087_/C (sky130_fd_sc_hd__and4bb_2)
     6    0.013242    0.050568    0.154709    5.164360 v _087_/X (sky130_fd_sc_hd__and4bb_2)
                                                         _046_ (net)
                      0.050568    0.000000    5.164360 v _096_/A2 (sky130_fd_sc_hd__a21o_2)
     2    0.003617    0.026931    0.137836    5.302197 v _096_/X (sky130_fd_sc_hd__a21o_2)
                                                         nxt2[4] (net)
                      0.026931    0.000000    5.302197 v _165_/D (sky130_fd_sc_hd__dfrtp_2)
                                              5.302197   data arrival time

                      0.150000   25.000000   25.000000   clock clk (rise edge)
                                  0.000000   25.000000   clock network delay (ideal)
                                 -0.250000   24.750000   clock uncertainty
                                  0.000000   24.750000   clock reconvergence pessimism
                                             24.750000 ^ _165_/CLK (sky130_fd_sc_hd__dfrtp_2)
                                 -0.060509   24.689491   library setup time
                                             24.689491   data required time
---------------------------------------------------------------------------------------------
                                             24.689491   data required time
                                             -5.302197   data arrival time
---------------------------------------------------------------------------------------------
                                             19.387297   slack (MET)


Startpoint: btn (input port clocked by clk)
Endpoint: _166_ (rising edge-triggered flip-flop clocked by clk)
Path Group: clk
Path Type: max

Fanout         Cap        Slew       Delay        Time   Description
---------------------------------------------------------------------------------------------
                      0.150000    0.000000    0.000000   clock clk (rise edge)
                                  0.000000    0.000000   clock network delay (ideal)
                                  5.000000    5.000000 v input external delay
     6    0.009832    0.016173    0.009651    5.009652 v btn (in)
                                                         btn (net)
                      0.016173    0.000000    5.009652 v _087_/C (sky130_fd_sc_hd__and4bb_2)
     6    0.013242    0.050568    0.154709    5.164360 v _087_/X (sky130_fd_sc_hd__and4bb_2)
                                                         _046_ (net)
                      0.050568    0.000000    5.164360 v _098_/A2 (sky130_fd_sc_hd__a21o_2)
     2    0.003614    0.026924    0.137827    5.302187 v _098_/X (sky130_fd_sc_hd__a21o_2)
                                                         nxt2[5] (net)
                      0.026924    0.000000    5.302187 v _166_/D (sky130_fd_sc_hd__dfrtp_2)
                                              5.302187   data arrival time

                      0.150000   25.000000   25.000000   clock clk (rise edge)
                                  0.000000   25.000000   clock network delay (ideal)
                                 -0.250000   24.750000   clock uncertainty
                                  0.000000   24.750000   clock reconvergence pessimism
                                             24.750000 ^ _166_/CLK (sky130_fd_sc_hd__dfrtp_2)
                                 -0.060506   24.689493   library setup time
                                             24.689493   data required time
---------------------------------------------------------------------------------------------
                                             24.689493   data required time
                                             -5.302187   data arrival time
---------------------------------------------------------------------------------------------
                                             19.387306   slack (MET)


Startpoint: btn (input port clocked by clk)
Endpoint: _162_ (rising edge-triggered flip-flop clocked by clk)
Path Group: clk
Path Type: max

Fanout         Cap        Slew       Delay        Time   Description
---------------------------------------------------------------------------------------------
                      0.150000    0.000000    0.000000   clock clk (rise edge)
                                  0.000000    0.000000   clock network delay (ideal)
                                  5.000000    5.000000 v input external delay
     6    0.009832    0.016173    0.009651    5.009652 v btn (in)
                                                         btn (net)
                      0.016173    0.000000    5.009652 v _087_/C (sky130_fd_sc_hd__and4bb_2)
     6    0.013242    0.050568    0.154709    5.164360 v _087_/X (sky130_fd_sc_hd__and4bb_2)
                                                         _046_ (net)
                      0.050568    0.000000    5.164360 v _090_/A2 (sky130_fd_sc_hd__a21o_2)
     2    0.003608    0.026910    0.137807    5.302167 v _090_/X (sky130_fd_sc_hd__a21o_2)
                                                         nxt2[1] (net)
                      0.026910    0.000000    5.302167 v _162_/D (sky130_fd_sc_hd__dfrtp_2)
                                              5.302167   data arrival time

                      0.150000   25.000000   25.000000   clock clk (rise edge)
                                  0.000000   25.000000   clock network delay (ideal)
                                 -0.250000   24.750000   clock uncertainty
                                  0.000000   24.750000   clock reconvergence pessimism
                                             24.750000 ^ _162_/CLK (sky130_fd_sc_hd__dfrtp_2)
                                 -0.060501   24.689499   library setup time
                                             24.689499   data required time
---------------------------------------------------------------------------------------------
                                             24.689499   data required time
                                             -5.302167   data arrival time
---------------------------------------------------------------------------------------------
                                             19.387331   slack (MET)


Startpoint: btn (input port clocked by clk)
Endpoint: _161_ (rising edge-triggered flip-flop clocked by clk)
Path Group: clk
Path Type: max

Fanout         Cap        Slew       Delay        Time   Description
---------------------------------------------------------------------------------------------
                      0.150000    0.000000    0.000000   clock clk (rise edge)
                                  0.000000    0.000000   clock network delay (ideal)
                                  5.000000    5.000000 v input external delay
     6    0.009832    0.016173    0.009651    5.009652 v btn (in)
                                                         btn (net)
                      0.016173    0.000000    5.009652 v _087_/C (sky130_fd_sc_hd__and4bb_2)
     6    0.013242    0.050568    0.154709    5.164360 v _087_/X (sky130_fd_sc_hd__and4bb_2)
                                                         _046_ (net)
                      0.050568    0.000000    5.164360 v _088_/A2 (sky130_fd_sc_hd__a21o_2)
     2    0.003554    0.026784    0.137629    5.301989 v _088_/X (sky130_fd_sc_hd__a21o_2)
                                                         nxt2[0] (net)
                      0.026784    0.000000    5.301989 v _161_/D (sky130_fd_sc_hd__dfrtp_2)
                                              5.301989   data arrival time

                      0.150000   25.000000   25.000000   clock clk (rise edge)
                                  0.000000   25.000000   clock network delay (ideal)
                                 -0.250000   24.750000   clock uncertainty
                                  0.000000   24.750000   clock reconvergence pessimism
                                             24.750000 ^ _161_/CLK (sky130_fd_sc_hd__dfrtp_2)
                                 -0.060457   24.689543   library setup time
                                             24.689543   data required time
---------------------------------------------------------------------------------------------
                                             24.689543   data required time
                                             -5.301989   data arrival time
---------------------------------------------------------------------------------------------
                                             19.387554   slack (MET)


Startpoint: btn (input port clocked by clk)
Endpoint: _167_ (rising edge-triggered flip-flop clocked by clk)
Path Group: clk
Path Type: max

Fanout         Cap        Slew       Delay        Time   Description
---------------------------------------------------------------------------------------------
                      0.150000    0.000000    0.000000   clock clk (rise edge)
                                  0.000000    0.000000   clock network delay (ideal)
                                  5.000000    5.000000 v input external delay
     6    0.009832    0.016173    0.009651    5.009652 v btn (in)
                                                         btn (net)
                      0.016173    0.000000    5.009652 v _102_/B (sky130_fd_sc_hd__and4b_2)
     6    0.013242    0.051932    0.143261    5.152913 v _102_/X (sky130_fd_sc_hd__and4b_2)
                                                         _048_ (net)
                      0.051932    0.000000    5.152913 v _103_/A2 (sky130_fd_sc_hd__a21o_2)
     1    0.002059    0.023303    0.133206    5.286119 v _103_/X (sky130_fd_sc_hd__a21o_2)
                                                         nxt3[0] (net)
                      0.023303    0.000000    5.286119 v _167_/D (sky130_fd_sc_hd__dfrtp_2)
                                              5.286119   data arrival time

                      0.150000   25.000000   25.000000   clock clk (rise edge)
                                  0.000000   25.000000   clock network delay (ideal)
                                 -0.250000   24.750000   clock uncertainty
                                  0.000000   24.750000   clock reconvergence pessimism
                                             24.750000 ^ _167_/CLK (sky130_fd_sc_hd__dfrtp_2)
                                 -0.059220   24.690781   library setup time
                                             24.690781   data required time
---------------------------------------------------------------------------------------------
                                             24.690781   data required time
                                             -5.286119   data arrival time
---------------------------------------------------------------------------------------------
                                             19.404661   slack (MET)


Startpoint: btn (input port clocked by clk)
Endpoint: _168_ (rising edge-triggered flip-flop clocked by clk)
Path Group: clk
Path Type: max

Fanout         Cap        Slew       Delay        Time   Description
---------------------------------------------------------------------------------------------
                      0.150000    0.000000    0.000000   clock clk (rise edge)
                                  0.000000    0.000000   clock network delay (ideal)
                                  5.000000    5.000000 v input external delay
     6    0.009832    0.016173    0.009651    5.009652 v btn (in)
                                                         btn (net)
                      0.016173    0.000000    5.009652 v _102_/B (sky130_fd_sc_hd__and4b_2)
     6    0.013242    0.051932    0.143261    5.152913 v _102_/X (sky130_fd_sc_hd__and4b_2)
                                                         _048_ (net)
                      0.051932    0.000000    5.152913 v _105_/A2 (sky130_fd_sc_hd__a21o_2)
     1    0.002059    0.023303    0.133206    5.286119 v _105_/X (sky130_fd_sc_hd__a21o_2)
                                                         nxt3[1] (net)
                      0.023303    0.000000    5.286119 v _168_/D (sky130_fd_sc_hd__dfrtp_2)
                                              5.286119   data arrival time

                      0.150000   25.000000   25.000000   clock clk (rise edge)
                                  0.000000   25.000000   clock network delay (ideal)
                                 -0.250000   24.750000   clock uncertainty
                                  0.000000   24.750000   clock reconvergence pessimism
                                             24.750000 ^ _168_/CLK (sky130_fd_sc_hd__dfrtp_2)
                                 -0.059220   24.690781   library setup time
                                             24.690781   data required time
---------------------------------------------------------------------------------------------
                                             24.690781   data required time
                                             -5.286119   data arrival time
---------------------------------------------------------------------------------------------
                                             19.404661   slack (MET)


Startpoint: btn (input port clocked by clk)
Endpoint: _169_ (rising edge-triggered flip-flop clocked by clk)
Path Group: clk
Path Type: max

Fanout         Cap        Slew       Delay        Time   Description
---------------------------------------------------------------------------------------------
                      0.150000    0.000000    0.000000   clock clk (rise edge)
                                  0.000000    0.000000   clock network delay (ideal)
                                  5.000000    5.000000 v input external delay
     6    0.009832    0.016173    0.009651    5.009652 v btn (in)
                                                         btn (net)
                      0.016173    0.000000    5.009652 v _102_/B (sky130_fd_sc_hd__and4b_2)
     6    0.013242    0.051932    0.143261    5.152913 v _102_/X (sky130_fd_sc_hd__and4b_2)
                                                         _048_ (net)
                      0.051932    0.000000    5.152913 v _107_/A2 (sky130_fd_sc_hd__a21o_2)
     1    0.002059    0.023303    0.133206    5.286119 v _107_/X (sky130_fd_sc_hd__a21o_2)
                                                         nxt3[2] (net)
                      0.023303    0.000000    5.286119 v _169_/D (sky130_fd_sc_hd__dfrtp_2)
                                              5.286119   data arrival time

                      0.150000   25.000000   25.000000   clock clk (rise edge)
                                  0.000000   25.000000   clock network delay (ideal)
                                 -0.250000   24.750000   clock uncertainty
                                  0.000000   24.750000   clock reconvergence pessimism
                                             24.750000 ^ _169_/CLK (sky130_fd_sc_hd__dfrtp_2)
                                 -0.059220   24.690781   library setup time
                                             24.690781   data required time
---------------------------------------------------------------------------------------------
                                             24.690781   data required time
                                             -5.286119   data arrival time
---------------------------------------------------------------------------------------------
                                             19.404661   slack (MET)


Startpoint: btn (input port clocked by clk)
Endpoint: _170_ (rising edge-triggered flip-flop clocked by clk)
Path Group: clk
Path Type: max

Fanout         Cap        Slew       Delay        Time   Description
---------------------------------------------------------------------------------------------
                      0.150000    0.000000    0.000000   clock clk (rise edge)
                                  0.000000    0.000000   clock network delay (ideal)
                                  5.000000    5.000000 v input external delay
     6    0.009832    0.016173    0.009651    5.009652 v btn (in)
                                                         btn (net)
                      0.016173    0.000000    5.009652 v _102_/B (sky130_fd_sc_hd__and4b_2)
     6    0.013242    0.051932    0.143261    5.152913 v _102_/X (sky130_fd_sc_hd__and4b_2)
                                                         _048_ (net)
                      0.051932    0.000000    5.152913 v _109_/A2 (sky130_fd_sc_hd__a21o_2)
     1    0.002059    0.023303    0.133206    5.286119 v _109_/X (sky130_fd_sc_hd__a21o_2)
                                                         nxt3[3] (net)
                      0.023303    0.000000    5.286119 v _170_/D (sky130_fd_sc_hd__dfrtp_2)
                                              5.286119   data arrival time

                      0.150000   25.000000   25.000000   clock clk (rise edge)
                                  0.000000   25.000000   clock network delay (ideal)
                                 -0.250000   24.750000   clock uncertainty
                                  0.000000   24.750000   clock reconvergence pessimism
                                             24.750000 ^ _170_/CLK (sky130_fd_sc_hd__dfrtp_2)
                                 -0.059220   24.690781   library setup time
                                             24.690781   data required time
---------------------------------------------------------------------------------------------
                                             24.690781   data required time
                                             -5.286119   data arrival time
---------------------------------------------------------------------------------------------
                                             19.404661   slack (MET)


Startpoint: btn (input port clocked by clk)
Endpoint: _171_ (rising edge-triggered flip-flop clocked by clk)
Path Group: clk
Path Type: max

Fanout         Cap        Slew       Delay        Time   Description
---------------------------------------------------------------------------------------------
                      0.150000    0.000000    0.000000   clock clk (rise edge)
                                  0.000000    0.000000   clock network delay (ideal)
                                  5.000000    5.000000 v input external delay
     6    0.009832    0.016173    0.009651    5.009652 v btn (in)
                                                         btn (net)
                      0.016173    0.000000    5.009652 v _102_/B (sky130_fd_sc_hd__and4b_2)
     6    0.013242    0.051932    0.143261    5.152913 v _102_/X (sky130_fd_sc_hd__and4b_2)
                                                         _048_ (net)
                      0.051932    0.000000    5.152913 v _111_/A2 (sky130_fd_sc_hd__a21o_2)
     1    0.002059    0.023303    0.133206    5.286119 v _111_/X (sky130_fd_sc_hd__a21o_2)
                                                         nxt3[4] (net)
                      0.023303    0.000000    5.286119 v _171_/D (sky130_fd_sc_hd__dfrtp_2)
                                              5.286119   data arrival time

                      0.150000   25.000000   25.000000   clock clk (rise edge)
                                  0.000000   25.000000   clock network delay (ideal)
                                 -0.250000   24.750000   clock uncertainty
                                  0.000000   24.750000   clock reconvergence pessimism
                                             24.750000 ^ _171_/CLK (sky130_fd_sc_hd__dfrtp_2)
                                 -0.059220   24.690781   library setup time
                                             24.690781   data required time
---------------------------------------------------------------------------------------------
                                             24.690781   data required time
                                             -5.286119   data arrival time
---------------------------------------------------------------------------------------------
                                             19.404661   slack (MET)


Startpoint: btn (input port clocked by clk)
Endpoint: _172_ (rising edge-triggered flip-flop clocked by clk)
Path Group: clk
Path Type: max

Fanout         Cap        Slew       Delay        Time   Description
---------------------------------------------------------------------------------------------
                      0.150000    0.000000    0.000000   clock clk (rise edge)
                                  0.000000    0.000000   clock network delay (ideal)
                                  5.000000    5.000000 v input external delay
     6    0.009832    0.016173    0.009651    5.009652 v btn (in)
                                                         btn (net)
                      0.016173    0.000000    5.009652 v _102_/B (sky130_fd_sc_hd__and4b_2)
     6    0.013242    0.051932    0.143261    5.152913 v _102_/X (sky130_fd_sc_hd__and4b_2)
                                                         _048_ (net)
                      0.051932    0.000000    5.152913 v _113_/A2 (sky130_fd_sc_hd__a21o_2)
     1    0.002059    0.023303    0.133206    5.286119 v _113_/X (sky130_fd_sc_hd__a21o_2)
                                                         nxt3[5] (net)
                      0.023303    0.000000    5.286119 v _172_/D (sky130_fd_sc_hd__dfrtp_2)
                                              5.286119   data arrival time

                      0.150000   25.000000   25.000000   clock clk (rise edge)
                                  0.000000   25.000000   clock network delay (ideal)
                                 -0.250000   24.750000   clock uncertainty
                                  0.000000   24.750000   clock reconvergence pessimism
                                             24.750000 ^ _172_/CLK (sky130_fd_sc_hd__dfrtp_2)
                                 -0.059220   24.690781   library setup time
                                             24.690781   data required time
---------------------------------------------------------------------------------------------
                                             24.690781   data required time
                                             -5.286119   data arrival time
---------------------------------------------------------------------------------------------
                                             19.404661   slack (MET)


Startpoint: reset (input port clocked by clk)
Endpoint: _176_ (recovery check against rising-edge clock clk)
Path Group: asynchronous
Path Type: max

Fanout         Cap        Slew       Delay        Time   Description
---------------------------------------------------------------------------------------------
                      0.150000    0.000000    0.000000   clock clk (rise edge)
                                  0.000000    0.000000   clock network delay (ideal)
                                  5.000000    5.000000 v input external delay
    36    0.154260    0.227801    0.171877    5.171877 v reset (in)
                                                         reset (net)
                      0.227801    0.000000    5.171877 v _140_/A (sky130_fd_sc_hd__inv_2)
     1    0.003562    0.049133    0.077408    5.249286 ^ _140_/Y (sky130_fd_sc_hd__inv_2)
                                                         _027_ (net)
                      0.049133    0.000000    5.249286 ^ _176_/SET_B (sky130_fd_sc_hd__dfstp_2)
                                              5.249286   data arrival time

                      0.150000   25.000000   25.000000   clock clk (rise edge)
                                  0.000000   25.000000   clock network delay (ideal)
                                 -0.250000   24.750000   clock uncertainty
                                  0.000000   24.750000   clock reconvergence pessimism
                                             24.750000 ^ _176_/CLK (sky130_fd_sc_hd__dfstp_2)
                                  0.100271   24.850271   library recovery time
                                             24.850271   data required time
---------------------------------------------------------------------------------------------
                                             24.850271   data required time
                                             -5.249286   data arrival time
---------------------------------------------------------------------------------------------
                                             19.600986   slack (MET)


Startpoint: reset (input port clocked by clk)
Endpoint: _149_ (recovery check against rising-edge clock clk)
Path Group: asynchronous
Path Type: max

Fanout         Cap        Slew       Delay        Time   Description
---------------------------------------------------------------------------------------------
                      0.150000    0.000000    0.000000   clock clk (rise edge)
                                  0.000000    0.000000   clock network delay (ideal)
                                  5.000000    5.000000 v input external delay
    36    0.154260    0.227801    0.171877    5.171877 v reset (in)
                                                         reset (net)
                      0.227801    0.000000    5.171877 v _051_/A (sky130_fd_sc_hd__inv_2)
     1    0.003617    0.049407    0.077748    5.249626 ^ _051_/Y (sky130_fd_sc_hd__inv_2)
                                                         _000_ (net)
                      0.049407    0.000000    5.249626 ^ _149_/RESET_B (sky130_fd_sc_hd__dfrtp_2)
                                              5.249626   data arrival time

                      0.150000   25.000000   25.000000   clock clk (rise edge)
                                  0.000000   25.000000   clock network delay (ideal)
                                 -0.250000   24.750000   clock uncertainty
                                  0.000000   24.750000   clock reconvergence pessimism
                                             24.750000 ^ _149_/CLK (sky130_fd_sc_hd__dfrtp_2)
                                  0.147158   24.897160   library recovery time
                                             24.897160   data required time
---------------------------------------------------------------------------------------------
                                             24.897160   data required time
                                             -5.249626   data arrival time
---------------------------------------------------------------------------------------------
                                             19.647533   slack (MET)


Startpoint: reset (input port clocked by clk)
Endpoint: _150_ (recovery check against rising-edge clock clk)
Path Group: asynchronous
Path Type: max

Fanout         Cap        Slew       Delay        Time   Description
---------------------------------------------------------------------------------------------
                      0.150000    0.000000    0.000000   clock clk (rise edge)
                                  0.000000    0.000000   clock network delay (ideal)
                                  5.000000    5.000000 v input external delay
    36    0.154260    0.227801    0.171877    5.171877 v reset (in)
                                                         reset (net)
                      0.227801    0.000000    5.171877 v _114_/A (sky130_fd_sc_hd__inv_2)
     1    0.003617    0.049407    0.077748    5.249626 ^ _114_/Y (sky130_fd_sc_hd__inv_2)
                                                         _001_ (net)
                      0.049407    0.000000    5.249626 ^ _150_/RESET_B (sky130_fd_sc_hd__dfrtp_2)
                                              5.249626   data arrival time

                      0.150000   25.000000   25.000000   clock clk (rise edge)
                                  0.000000   25.000000   clock network delay (ideal)
                                 -0.250000   24.750000   clock uncertainty
                                  0.000000   24.750000   clock reconvergence pessimism
                                             24.750000 ^ _150_/CLK (sky130_fd_sc_hd__dfrtp_2)
                                  0.147158   24.897160   library recovery time
                                             24.897160   data required time
---------------------------------------------------------------------------------------------
                                             24.897160   data required time
                                             -5.249626   data arrival time
---------------------------------------------------------------------------------------------
                                             19.647533   slack (MET)


Startpoint: reset (input port clocked by clk)
Endpoint: _151_ (recovery check against rising-edge clock clk)
Path Group: asynchronous
Path Type: max

Fanout         Cap        Slew       Delay        Time   Description
---------------------------------------------------------------------------------------------
                      0.150000    0.000000    0.000000   clock clk (rise edge)
                                  0.000000    0.000000   clock network delay (ideal)
                                  5.000000    5.000000 v input external delay
    36    0.154260    0.227801    0.171877    5.171877 v reset (in)
                                                         reset (net)
                      0.227801    0.000000    5.171877 v _115_/A (sky130_fd_sc_hd__inv_2)
     1    0.003617    0.049407    0.077748    5.249626 ^ _115_/Y (sky130_fd_sc_hd__inv_2)
                                                         _002_ (net)
                      0.049407    0.000000    5.249626 ^ _151_/RESET_B (sky130_fd_sc_hd__dfrtp_2)
                                              5.249626   data arrival time

                      0.150000   25.000000   25.000000   clock clk (rise edge)
                                  0.000000   25.000000   clock network delay (ideal)
                                 -0.250000   24.750000   clock uncertainty
                                  0.000000   24.750000   clock reconvergence pessimism
                                             24.750000 ^ _151_/CLK (sky130_fd_sc_hd__dfrtp_2)
                                  0.147158   24.897160   library recovery time
                                             24.897160   data required time
---------------------------------------------------------------------------------------------
                                             24.897160   data required time
                                             -5.249626   data arrival time
---------------------------------------------------------------------------------------------
                                             19.647533   slack (MET)


Startpoint: reset (input port clocked by clk)
Endpoint: _152_ (recovery check against rising-edge clock clk)
Path Group: asynchronous
Path Type: max

Fanout         Cap        Slew       Delay        Time   Description
---------------------------------------------------------------------------------------------
                      0.150000    0.000000    0.000000   clock clk (rise edge)
                                  0.000000    0.000000   clock network delay (ideal)
                                  5.000000    5.000000 v input external delay
    36    0.154260    0.227801    0.171877    5.171877 v reset (in)
                                                         reset (net)
                      0.227801    0.000000    5.171877 v _116_/A (sky130_fd_sc_hd__inv_2)
     1    0.003617    0.049407    0.077748    5.249626 ^ _116_/Y (sky130_fd_sc_hd__inv_2)
                                                         _003_ (net)
                      0.049407    0.000000    5.249626 ^ _152_/RESET_B (sky130_fd_sc_hd__dfrtp_2)
                                              5.249626   data arrival time

                      0.150000   25.000000   25.000000   clock clk (rise edge)
                                  0.000000   25.000000   clock network delay (ideal)
                                 -0.250000   24.750000   clock uncertainty
                                  0.000000   24.750000   clock reconvergence pessimism
                                             24.750000 ^ _152_/CLK (sky130_fd_sc_hd__dfrtp_2)
                                  0.147158   24.897160   library recovery time
                                             24.897160   data required time
---------------------------------------------------------------------------------------------
                                             24.897160   data required time
                                             -5.249626   data arrival time
---------------------------------------------------------------------------------------------
                                             19.647533   slack (MET)


Startpoint: reset (input port clocked by clk)
Endpoint: _153_ (recovery check against rising-edge clock clk)
Path Group: asynchronous
Path Type: max

Fanout         Cap        Slew       Delay        Time   Description
---------------------------------------------------------------------------------------------
                      0.150000    0.000000    0.000000   clock clk (rise edge)
                                  0.000000    0.000000   clock network delay (ideal)
                                  5.000000    5.000000 v input external delay
    36    0.154260    0.227801    0.171877    5.171877 v reset (in)
                                                         reset (net)
                      0.227801    0.000000    5.171877 v _117_/A (sky130_fd_sc_hd__inv_2)
     1    0.003617    0.049407    0.077748    5.249626 ^ _117_/Y (sky130_fd_sc_hd__inv_2)
                                                         _004_ (net)
                      0.049407    0.000000    5.249626 ^ _153_/RESET_B (sky130_fd_sc_hd__dfrtp_2)
                                              5.249626   data arrival time

                      0.150000   25.000000   25.000000   clock clk (rise edge)
                                  0.000000   25.000000   clock network delay (ideal)
                                 -0.250000   24.750000   clock uncertainty
                                  0.000000   24.750000   clock reconvergence pessimism
                                             24.750000 ^ _153_/CLK (sky130_fd_sc_hd__dfrtp_2)
                                  0.147158   24.897160   library recovery time
                                             24.897160   data required time
---------------------------------------------------------------------------------------------
                                             24.897160   data required time
                                             -5.249626   data arrival time
---------------------------------------------------------------------------------------------
                                             19.647533   slack (MET)


Startpoint: reset (input port clocked by clk)
Endpoint: _154_ (recovery check against rising-edge clock clk)
Path Group: asynchronous
Path Type: max

Fanout         Cap        Slew       Delay        Time   Description
---------------------------------------------------------------------------------------------
                      0.150000    0.000000    0.000000   clock clk (rise edge)
                                  0.000000    0.000000   clock network delay (ideal)
                                  5.000000    5.000000 v input external delay
    36    0.154260    0.227801    0.171877    5.171877 v reset (in)
                                                         reset (net)
                      0.227801    0.000000    5.171877 v _118_/A (sky130_fd_sc_hd__inv_2)
     1    0.003617    0.049407    0.077748    5.249626 ^ _118_/Y (sky130_fd_sc_hd__inv_2)
                                                         _005_ (net)
                      0.049407    0.000000    5.249626 ^ _154_/RESET_B (sky130_fd_sc_hd__dfrtp_2)
                                              5.249626   data arrival time

                      0.150000   25.000000   25.000000   clock clk (rise edge)
                                  0.000000   25.000000   clock network delay (ideal)
                                 -0.250000   24.750000   clock uncertainty
                                  0.000000   24.750000   clock reconvergence pessimism
                                             24.750000 ^ _154_/CLK (sky130_fd_sc_hd__dfrtp_2)
                                  0.147158   24.897160   library recovery time
                                             24.897160   data required time
---------------------------------------------------------------------------------------------
                                             24.897160   data required time
                                             -5.249626   data arrival time
---------------------------------------------------------------------------------------------
                                             19.647533   slack (MET)


Startpoint: reset (input port clocked by clk)
Endpoint: _155_ (recovery check against rising-edge clock clk)
Path Group: asynchronous
Path Type: max

Fanout         Cap        Slew       Delay        Time   Description
---------------------------------------------------------------------------------------------
                      0.150000    0.000000    0.000000   clock clk (rise edge)
                                  0.000000    0.000000   clock network delay (ideal)
                                  5.000000    5.000000 v input external delay
    36    0.154260    0.227801    0.171877    5.171877 v reset (in)
                                                         reset (net)
                      0.227801    0.000000    5.171877 v _119_/A (sky130_fd_sc_hd__inv_2)
     1    0.003617    0.049407    0.077748    5.249626 ^ _119_/Y (sky130_fd_sc_hd__inv_2)
                                                         _006_ (net)
                      0.049407    0.000000    5.249626 ^ _155_/RESET_B (sky130_fd_sc_hd__dfrtp_2)
                                              5.249626   data arrival time

                      0.150000   25.000000   25.000000   clock clk (rise edge)
                                  0.000000   25.000000   clock network delay (ideal)
                                 -0.250000   24.750000   clock uncertainty
                                  0.000000   24.750000   clock reconvergence pessimism
                                             24.750000 ^ _155_/CLK (sky130_fd_sc_hd__dfrtp_2)
                                  0.147158   24.897160   library recovery time
                                             24.897160   data required time
---------------------------------------------------------------------------------------------
                                             24.897160   data required time
                                             -5.249626   data arrival time
---------------------------------------------------------------------------------------------
                                             19.647533   slack (MET)


Startpoint: reset (input port clocked by clk)
Endpoint: _156_ (recovery check against rising-edge clock clk)
Path Group: asynchronous
Path Type: max

Fanout         Cap        Slew       Delay        Time   Description
---------------------------------------------------------------------------------------------
                      0.150000    0.000000    0.000000   clock clk (rise edge)
                                  0.000000    0.000000   clock network delay (ideal)
                                  5.000000    5.000000 v input external delay
    36    0.154260    0.227801    0.171877    5.171877 v reset (in)
                                                         reset (net)
                      0.227801    0.000000    5.171877 v _120_/A (sky130_fd_sc_hd__inv_2)
     1    0.003617    0.049407    0.077748    5.249626 ^ _120_/Y (sky130_fd_sc_hd__inv_2)
                                                         _007_ (net)
                      0.049407    0.000000    5.249626 ^ _156_/RESET_B (sky130_fd_sc_hd__dfrtp_2)
                                              5.249626   data arrival time

                      0.150000   25.000000   25.000000   clock clk (rise edge)
                                  0.000000   25.000000   clock network delay (ideal)
                                 -0.250000   24.750000   clock uncertainty
                                  0.000000   24.750000   clock reconvergence pessimism
                                             24.750000 ^ _156_/CLK (sky130_fd_sc_hd__dfrtp_2)
                                  0.147158   24.897160   library recovery time
                                             24.897160   data required time
---------------------------------------------------------------------------------------------
                                             24.897160   data required time
                                             -5.249626   data arrival time
---------------------------------------------------------------------------------------------
                                             19.647533   slack (MET)


Startpoint: reset (input port clocked by clk)
Endpoint: _157_ (recovery check against rising-edge clock clk)
Path Group: asynchronous
Path Type: max

Fanout         Cap        Slew       Delay        Time   Description
---------------------------------------------------------------------------------------------
                      0.150000    0.000000    0.000000   clock clk (rise edge)
                                  0.000000    0.000000   clock network delay (ideal)
                                  5.000000    5.000000 v input external delay
    36    0.154260    0.227801    0.171877    5.171877 v reset (in)
                                                         reset (net)
                      0.227801    0.000000    5.171877 v _121_/A (sky130_fd_sc_hd__inv_2)
     1    0.003617    0.049407    0.077748    5.249626 ^ _121_/Y (sky130_fd_sc_hd__inv_2)
                                                         _008_ (net)
                      0.049407    0.000000    5.249626 ^ _157_/RESET_B (sky130_fd_sc_hd__dfrtp_2)
                                              5.249626   data arrival time

                      0.150000   25.000000   25.000000   clock clk (rise edge)
                                  0.000000   25.000000   clock network delay (ideal)
                                 -0.250000   24.750000   clock uncertainty
                                  0.000000   24.750000   clock reconvergence pessimism
                                             24.750000 ^ _157_/CLK (sky130_fd_sc_hd__dfrtp_2)
                                  0.147158   24.897160   library recovery time
                                             24.897160   data required time
---------------------------------------------------------------------------------------------
                                             24.897160   data required time
                                             -5.249626   data arrival time
---------------------------------------------------------------------------------------------
                                             19.647533   slack (MET)


Startpoint: reset (input port clocked by clk)
Endpoint: _158_ (recovery check against rising-edge clock clk)
Path Group: asynchronous
Path Type: max

Fanout         Cap        Slew       Delay        Time   Description
---------------------------------------------------------------------------------------------
                      0.150000    0.000000    0.000000   clock clk (rise edge)
                                  0.000000    0.000000   clock network delay (ideal)
                                  5.000000    5.000000 v input external delay
    36    0.154260    0.227801    0.171877    5.171877 v reset (in)
                                                         reset (net)
                      0.227801    0.000000    5.171877 v _122_/A (sky130_fd_sc_hd__inv_2)
     1    0.003617    0.049407    0.077748    5.249626 ^ _122_/Y (sky130_fd_sc_hd__inv_2)
                                                         _009_ (net)
                      0.049407    0.000000    5.249626 ^ _158_/RESET_B (sky130_fd_sc_hd__dfrtp_2)
                                              5.249626   data arrival time

                      0.150000   25.000000   25.000000   clock clk (rise edge)
                                  0.000000   25.000000   clock network delay (ideal)
                                 -0.250000   24.750000   clock uncertainty
                                  0.000000   24.750000   clock reconvergence pessimism
                                             24.750000 ^ _158_/CLK (sky130_fd_sc_hd__dfrtp_2)
                                  0.147158   24.897160   library recovery time
                                             24.897160   data required time
---------------------------------------------------------------------------------------------
                                             24.897160   data required time
                                             -5.249626   data arrival time
---------------------------------------------------------------------------------------------
                                             19.647533   slack (MET)


Startpoint: reset (input port clocked by clk)
Endpoint: _159_ (recovery check against rising-edge clock clk)
Path Group: asynchronous
Path Type: max

Fanout         Cap        Slew       Delay        Time   Description
---------------------------------------------------------------------------------------------
                      0.150000    0.000000    0.000000   clock clk (rise edge)
                                  0.000000    0.000000   clock network delay (ideal)
                                  5.000000    5.000000 v input external delay
    36    0.154260    0.227801    0.171877    5.171877 v reset (in)
                                                         reset (net)
                      0.227801    0.000000    5.171877 v _123_/A (sky130_fd_sc_hd__inv_2)
     1    0.003617    0.049407    0.077748    5.249626 ^ _123_/Y (sky130_fd_sc_hd__inv_2)
                                                         _010_ (net)
                      0.049407    0.000000    5.249626 ^ _159_/RESET_B (sky130_fd_sc_hd__dfrtp_2)
                                              5.249626   data arrival time

                      0.150000   25.000000   25.000000   clock clk (rise edge)
                                  0.000000   25.000000   clock network delay (ideal)
                                 -0.250000   24.750000   clock uncertainty
                                  0.000000   24.750000   clock reconvergence pessimism
                                             24.750000 ^ _159_/CLK (sky130_fd_sc_hd__dfrtp_2)
                                  0.147158   24.897160   library recovery time
                                             24.897160   data required time
---------------------------------------------------------------------------------------------
                                             24.897160   data required time
                                             -5.249626   data arrival time
---------------------------------------------------------------------------------------------
                                             19.647533   slack (MET)


Startpoint: reset (input port clocked by clk)
Endpoint: _160_ (recovery check against rising-edge clock clk)
Path Group: asynchronous
Path Type: max

Fanout         Cap        Slew       Delay        Time   Description
---------------------------------------------------------------------------------------------
                      0.150000    0.000000    0.000000   clock clk (rise edge)
                                  0.000000    0.000000   clock network delay (ideal)
                                  5.000000    5.000000 v input external delay
    36    0.154260    0.227801    0.171877    5.171877 v reset (in)
                                                         reset (net)
                      0.227801    0.000000    5.171877 v _124_/A (sky130_fd_sc_hd__inv_2)
     1    0.003617    0.049407    0.077748    5.249626 ^ _124_/Y (sky130_fd_sc_hd__inv_2)
                                                         _011_ (net)
                      0.049407    0.000000    5.249626 ^ _160_/RESET_B (sky130_fd_sc_hd__dfrtp_2)
                                              5.249626   data arrival time

                      0.150000   25.000000   25.000000   clock clk (rise edge)
                                  0.000000   25.000000   clock network delay (ideal)
                                 -0.250000   24.750000   clock uncertainty
                                  0.000000   24.750000   clock reconvergence pessimism
                                             24.750000 ^ _160_/CLK (sky130_fd_sc_hd__dfrtp_2)
                                  0.147158   24.897160   library recovery time
                                             24.897160   data required time
---------------------------------------------------------------------------------------------
                                             24.897160   data required time
                                             -5.249626   data arrival time
---------------------------------------------------------------------------------------------
                                             19.647533   slack (MET)


Startpoint: reset (input port clocked by clk)
Endpoint: _161_ (recovery check against rising-edge clock clk)
Path Group: asynchronous
Path Type: max

Fanout         Cap        Slew       Delay        Time   Description
---------------------------------------------------------------------------------------------
                      0.150000    0.000000    0.000000   clock clk (rise edge)
                                  0.000000    0.000000   clock network delay (ideal)
                                  5.000000    5.000000 v input external delay
    36    0.154260    0.227801    0.171877    5.171877 v reset (in)
                                                         reset (net)
                      0.227801    0.000000    5.171877 v _125_/A (sky130_fd_sc_hd__inv_2)
     1    0.003617    0.049407    0.077748    5.249626 ^ _125_/Y (sky130_fd_sc_hd__inv_2)
                                                         _012_ (net)
                      0.049407    0.000000    5.249626 ^ _161_/RESET_B (sky130_fd_sc_hd__dfrtp_2)
                                              5.249626   data arrival time

                      0.150000   25.000000   25.000000   clock clk (rise edge)
                                  0.000000   25.000000   clock network delay (ideal)
                                 -0.250000   24.750000   clock uncertainty
                                  0.000000   24.750000   clock reconvergence pessimism
                                             24.750000 ^ _161_/CLK (sky130_fd_sc_hd__dfrtp_2)
                                  0.147158   24.897160   library recovery time
                                             24.897160   data required time
---------------------------------------------------------------------------------------------
                                             24.897160   data required time
                                             -5.249626   data arrival time
---------------------------------------------------------------------------------------------
                                             19.647533   slack (MET)


Startpoint: reset (input port clocked by clk)
Endpoint: _162_ (recovery check against rising-edge clock clk)
Path Group: asynchronous
Path Type: max

Fanout         Cap        Slew       Delay        Time   Description
---------------------------------------------------------------------------------------------
                      0.150000    0.000000    0.000000   clock clk (rise edge)
                                  0.000000    0.000000   clock network delay (ideal)
                                  5.000000    5.000000 v input external delay
    36    0.154260    0.227801    0.171877    5.171877 v reset (in)
                                                         reset (net)
                      0.227801    0.000000    5.171877 v _126_/A (sky130_fd_sc_hd__inv_2)
     1    0.003617    0.049407    0.077748    5.249626 ^ _126_/Y (sky130_fd_sc_hd__inv_2)
                                                         _013_ (net)
                      0.049407    0.000000    5.249626 ^ _162_/RESET_B (sky130_fd_sc_hd__dfrtp_2)
                                              5.249626   data arrival time

                      0.150000   25.000000   25.000000   clock clk (rise edge)
                                  0.000000   25.000000   clock network delay (ideal)
                                 -0.250000   24.750000   clock uncertainty
                                  0.000000   24.750000   clock reconvergence pessimism
                                             24.750000 ^ _162_/CLK (sky130_fd_sc_hd__dfrtp_2)
                                  0.147158   24.897160   library recovery time
                                             24.897160   data required time
---------------------------------------------------------------------------------------------
                                             24.897160   data required time
                                             -5.249626   data arrival time
---------------------------------------------------------------------------------------------
                                             19.647533   slack (MET)


Startpoint: reset (input port clocked by clk)
Endpoint: _163_ (recovery check against rising-edge clock clk)
Path Group: asynchronous
Path Type: max

Fanout         Cap        Slew       Delay        Time   Description
---------------------------------------------------------------------------------------------
                      0.150000    0.000000    0.000000   clock clk (rise edge)
                                  0.000000    0.000000   clock network delay (ideal)
                                  5.000000    5.000000 v input external delay
    36    0.154260    0.227801    0.171877    5.171877 v reset (in)
                                                         reset (net)
                      0.227801    0.000000    5.171877 v _127_/A (sky130_fd_sc_hd__inv_2)
     1    0.003617    0.049407    0.077748    5.249626 ^ _127_/Y (sky130_fd_sc_hd__inv_2)
                                                         _014_ (net)
                      0.049407    0.000000    5.249626 ^ _163_/RESET_B (sky130_fd_sc_hd__dfrtp_2)
                                              5.249626   data arrival time

                      0.150000   25.000000   25.000000   clock clk (rise edge)
                                  0.000000   25.000000   clock network delay (ideal)
                                 -0.250000   24.750000   clock uncertainty
                                  0.000000   24.750000   clock reconvergence pessimism
                                             24.750000 ^ _163_/CLK (sky130_fd_sc_hd__dfrtp_2)
                                  0.147158   24.897160   library recovery time
                                             24.897160   data required time
---------------------------------------------------------------------------------------------
                                             24.897160   data required time
                                             -5.249626   data arrival time
---------------------------------------------------------------------------------------------
                                             19.647533   slack (MET)


Startpoint: reset (input port clocked by clk)
Endpoint: _164_ (recovery check against rising-edge clock clk)
Path Group: asynchronous
Path Type: max

Fanout         Cap        Slew       Delay        Time   Description
---------------------------------------------------------------------------------------------
                      0.150000    0.000000    0.000000   clock clk (rise edge)
                                  0.000000    0.000000   clock network delay (ideal)
                                  5.000000    5.000000 v input external delay
    36    0.154260    0.227801    0.171877    5.171877 v reset (in)
                                                         reset (net)
                      0.227801    0.000000    5.171877 v _128_/A (sky130_fd_sc_hd__inv_2)
     1    0.003617    0.049407    0.077748    5.249626 ^ _128_/Y (sky130_fd_sc_hd__inv_2)
                                                         _015_ (net)
                      0.049407    0.000000    5.249626 ^ _164_/RESET_B (sky130_fd_sc_hd__dfrtp_2)
                                              5.249626   data arrival time

                      0.150000   25.000000   25.000000   clock clk (rise edge)
                                  0.000000   25.000000   clock network delay (ideal)
                                 -0.250000   24.750000   clock uncertainty
                                  0.000000   24.750000   clock reconvergence pessimism
                                             24.750000 ^ _164_/CLK (sky130_fd_sc_hd__dfrtp_2)
                                  0.147158   24.897160   library recovery time
                                             24.897160   data required time
---------------------------------------------------------------------------------------------
                                             24.897160   data required time
                                             -5.249626   data arrival time
---------------------------------------------------------------------------------------------
                                             19.647533   slack (MET)


Startpoint: reset (input port clocked by clk)
Endpoint: _165_ (recovery check against rising-edge clock clk)
Path Group: asynchronous
Path Type: max

Fanout         Cap        Slew       Delay        Time   Description
---------------------------------------------------------------------------------------------
                      0.150000    0.000000    0.000000   clock clk (rise edge)
                                  0.000000    0.000000   clock network delay (ideal)
                                  5.000000    5.000000 v input external delay
    36    0.154260    0.227801    0.171877    5.171877 v reset (in)
                                                         reset (net)
                      0.227801    0.000000    5.171877 v _129_/A (sky130_fd_sc_hd__inv_2)
     1    0.003617    0.049407    0.077748    5.249626 ^ _129_/Y (sky130_fd_sc_hd__inv_2)
                                                         _016_ (net)
                      0.049407    0.000000    5.249626 ^ _165_/RESET_B (sky130_fd_sc_hd__dfrtp_2)
                                              5.249626   data arrival time

                      0.150000   25.000000   25.000000   clock clk (rise edge)
                                  0.000000   25.000000   clock network delay (ideal)
                                 -0.250000   24.750000   clock uncertainty
                                  0.000000   24.750000   clock reconvergence pessimism
                                             24.750000 ^ _165_/CLK (sky130_fd_sc_hd__dfrtp_2)
                                  0.147158   24.897160   library recovery time
                                             24.897160   data required time
---------------------------------------------------------------------------------------------
                                             24.897160   data required time
                                             -5.249626   data arrival time
---------------------------------------------------------------------------------------------
                                             19.647533   slack (MET)


Startpoint: reset (input port clocked by clk)
Endpoint: _166_ (recovery check against rising-edge clock clk)
Path Group: asynchronous
Path Type: max

Fanout         Cap        Slew       Delay        Time   Description
---------------------------------------------------------------------------------------------
                      0.150000    0.000000    0.000000   clock clk (rise edge)
                                  0.000000    0.000000   clock network delay (ideal)
                                  5.000000    5.000000 v input external delay
    36    0.154260    0.227801    0.171877    5.171877 v reset (in)
                                                         reset (net)
                      0.227801    0.000000    5.171877 v _130_/A (sky130_fd_sc_hd__inv_2)
     1    0.003617    0.049407    0.077748    5.249626 ^ _130_/Y (sky130_fd_sc_hd__inv_2)
                                                         _017_ (net)
                      0.049407    0.000000    5.249626 ^ _166_/RESET_B (sky130_fd_sc_hd__dfrtp_2)
                                              5.249626   data arrival time

                      0.150000   25.000000   25.000000   clock clk (rise edge)
                                  0.000000   25.000000   clock network delay (ideal)
                                 -0.250000   24.750000   clock uncertainty
                                  0.000000   24.750000   clock reconvergence pessimism
                                             24.750000 ^ _166_/CLK (sky130_fd_sc_hd__dfrtp_2)
                                  0.147158   24.897160   library recovery time
                                             24.897160   data required time
---------------------------------------------------------------------------------------------
                                             24.897160   data required time
                                             -5.249626   data arrival time
---------------------------------------------------------------------------------------------
                                             19.647533   slack (MET)


Startpoint: reset (input port clocked by clk)
Endpoint: _167_ (recovery check against rising-edge clock clk)
Path Group: asynchronous
Path Type: max

Fanout         Cap        Slew       Delay        Time   Description
---------------------------------------------------------------------------------------------
                      0.150000    0.000000    0.000000   clock clk (rise edge)
                                  0.000000    0.000000   clock network delay (ideal)
                                  5.000000    5.000000 v input external delay
    36    0.154260    0.227801    0.171877    5.171877 v reset (in)
                                                         reset (net)
                      0.227801    0.000000    5.171877 v _131_/A (sky130_fd_sc_hd__inv_2)
     1    0.003617    0.049407    0.077748    5.249626 ^ _131_/Y (sky130_fd_sc_hd__inv_2)
                                                         _018_ (net)
                      0.049407    0.000000    5.249626 ^ _167_/RESET_B (sky130_fd_sc_hd__dfrtp_2)
                                              5.249626   data arrival time

                      0.150000   25.000000   25.000000   clock clk (rise edge)
                                  0.000000   25.000000   clock network delay (ideal)
                                 -0.250000   24.750000   clock uncertainty
                                  0.000000   24.750000   clock reconvergence pessimism
                                             24.750000 ^ _167_/CLK (sky130_fd_sc_hd__dfrtp_2)
                                  0.147158   24.897160   library recovery time
                                             24.897160   data required time
---------------------------------------------------------------------------------------------
                                             24.897160   data required time
                                             -5.249626   data arrival time
---------------------------------------------------------------------------------------------
                                             19.647533   slack (MET)


Startpoint: reset (input port clocked by clk)
Endpoint: _168_ (recovery check against rising-edge clock clk)
Path Group: asynchronous
Path Type: max

Fanout         Cap        Slew       Delay        Time   Description
---------------------------------------------------------------------------------------------
                      0.150000    0.000000    0.000000   clock clk (rise edge)
                                  0.000000    0.000000   clock network delay (ideal)
                                  5.000000    5.000000 v input external delay
    36    0.154260    0.227801    0.171877    5.171877 v reset (in)
                                                         reset (net)
                      0.227801    0.000000    5.171877 v _132_/A (sky130_fd_sc_hd__inv_2)
     1    0.003617    0.049407    0.077748    5.249626 ^ _132_/Y (sky130_fd_sc_hd__inv_2)
                                                         _019_ (net)
                      0.049407    0.000000    5.249626 ^ _168_/RESET_B (sky130_fd_sc_hd__dfrtp_2)
                                              5.249626   data arrival time

                      0.150000   25.000000   25.000000   clock clk (rise edge)
                                  0.000000   25.000000   clock network delay (ideal)
                                 -0.250000   24.750000   clock uncertainty
                                  0.000000   24.750000   clock reconvergence pessimism
                                             24.750000 ^ _168_/CLK (sky130_fd_sc_hd__dfrtp_2)
                                  0.147158   24.897160   library recovery time
                                             24.897160   data required time
---------------------------------------------------------------------------------------------
                                             24.897160   data required time
                                             -5.249626   data arrival time
---------------------------------------------------------------------------------------------
                                             19.647533   slack (MET)


Startpoint: reset (input port clocked by clk)
Endpoint: _169_ (recovery check against rising-edge clock clk)
Path Group: asynchronous
Path Type: max

Fanout         Cap        Slew       Delay        Time   Description
---------------------------------------------------------------------------------------------
                      0.150000    0.000000    0.000000   clock clk (rise edge)
                                  0.000000    0.000000   clock network delay (ideal)
                                  5.000000    5.000000 v input external delay
    36    0.154260    0.227801    0.171877    5.171877 v reset (in)
                                                         reset (net)
                      0.227801    0.000000    5.171877 v _133_/A (sky130_fd_sc_hd__inv_2)
     1    0.003617    0.049407    0.077748    5.249626 ^ _133_/Y (sky130_fd_sc_hd__inv_2)
                                                         _020_ (net)
                      0.049407    0.000000    5.249626 ^ _169_/RESET_B (sky130_fd_sc_hd__dfrtp_2)
                                              5.249626   data arrival time

                      0.150000   25.000000   25.000000   clock clk (rise edge)
                                  0.000000   25.000000   clock network delay (ideal)
                                 -0.250000   24.750000   clock uncertainty
                                  0.000000   24.750000   clock reconvergence pessimism
                                             24.750000 ^ _169_/CLK (sky130_fd_sc_hd__dfrtp_2)
                                  0.147158   24.897160   library recovery time
                                             24.897160   data required time
---------------------------------------------------------------------------------------------
                                             24.897160   data required time
                                             -5.249626   data arrival time
---------------------------------------------------------------------------------------------
                                             19.647533   slack (MET)


Startpoint: reset (input port clocked by clk)
Endpoint: _170_ (recovery check against rising-edge clock clk)
Path Group: asynchronous
Path Type: max

Fanout         Cap        Slew       Delay        Time   Description
---------------------------------------------------------------------------------------------
                      0.150000    0.000000    0.000000   clock clk (rise edge)
                                  0.000000    0.000000   clock network delay (ideal)
                                  5.000000    5.000000 v input external delay
    36    0.154260    0.227801    0.171877    5.171877 v reset (in)
                                                         reset (net)
                      0.227801    0.000000    5.171877 v _134_/A (sky130_fd_sc_hd__inv_2)
     1    0.003617    0.049407    0.077748    5.249626 ^ _134_/Y (sky130_fd_sc_hd__inv_2)
                                                         _021_ (net)
                      0.049407    0.000000    5.249626 ^ _170_/RESET_B (sky130_fd_sc_hd__dfrtp_2)
                                              5.249626   data arrival time

                      0.150000   25.000000   25.000000   clock clk (rise edge)
                                  0.000000   25.000000   clock network delay (ideal)
                                 -0.250000   24.750000   clock uncertainty
                                  0.000000   24.750000   clock reconvergence pessimism
                                             24.750000 ^ _170_/CLK (sky130_fd_sc_hd__dfrtp_2)
                                  0.147158   24.897160   library recovery time
                                             24.897160   data required time
---------------------------------------------------------------------------------------------
                                             24.897160   data required time
                                             -5.249626   data arrival time
---------------------------------------------------------------------------------------------
                                             19.647533   slack (MET)


Startpoint: reset (input port clocked by clk)
Endpoint: _171_ (recovery check against rising-edge clock clk)
Path Group: asynchronous
Path Type: max

Fanout         Cap        Slew       Delay        Time   Description
---------------------------------------------------------------------------------------------
                      0.150000    0.000000    0.000000   clock clk (rise edge)
                                  0.000000    0.000000   clock network delay (ideal)
                                  5.000000    5.000000 v input external delay
    36    0.154260    0.227801    0.171877    5.171877 v reset (in)
                                                         reset (net)
                      0.227801    0.000000    5.171877 v _135_/A (sky130_fd_sc_hd__inv_2)
     1    0.003617    0.049407    0.077748    5.249626 ^ _135_/Y (sky130_fd_sc_hd__inv_2)
                                                         _022_ (net)
                      0.049407    0.000000    5.249626 ^ _171_/RESET_B (sky130_fd_sc_hd__dfrtp_2)
                                              5.249626   data arrival time

                      0.150000   25.000000   25.000000   clock clk (rise edge)
                                  0.000000   25.000000   clock network delay (ideal)
                                 -0.250000   24.750000   clock uncertainty
                                  0.000000   24.750000   clock reconvergence pessimism
                                             24.750000 ^ _171_/CLK (sky130_fd_sc_hd__dfrtp_2)
                                  0.147158   24.897160   library recovery time
                                             24.897160   data required time
---------------------------------------------------------------------------------------------
                                             24.897160   data required time
                                             -5.249626   data arrival time
---------------------------------------------------------------------------------------------
                                             19.647533   slack (MET)


Startpoint: reset (input port clocked by clk)
Endpoint: _172_ (recovery check against rising-edge clock clk)
Path Group: asynchronous
Path Type: max

Fanout         Cap        Slew       Delay        Time   Description
---------------------------------------------------------------------------------------------
                      0.150000    0.000000    0.000000   clock clk (rise edge)
                                  0.000000    0.000000   clock network delay (ideal)
                                  5.000000    5.000000 v input external delay
    36    0.154260    0.227801    0.171877    5.171877 v reset (in)
                                                         reset (net)
                      0.227801    0.000000    5.171877 v _136_/A (sky130_fd_sc_hd__inv_2)
     1    0.003617    0.049407    0.077748    5.249626 ^ _136_/Y (sky130_fd_sc_hd__inv_2)
                                                         _023_ (net)
                      0.049407    0.000000    5.249626 ^ _172_/RESET_B (sky130_fd_sc_hd__dfrtp_2)
                                              5.249626   data arrival time

                      0.150000   25.000000   25.000000   clock clk (rise edge)
                                  0.000000   25.000000   clock network delay (ideal)
                                 -0.250000   24.750000   clock uncertainty
                                  0.000000   24.750000   clock reconvergence pessimism
                                             24.750000 ^ _172_/CLK (sky130_fd_sc_hd__dfrtp_2)
                                  0.147158   24.897160   library recovery time
                                             24.897160   data required time
---------------------------------------------------------------------------------------------
                                             24.897160   data required time
                                             -5.249626   data arrival time
---------------------------------------------------------------------------------------------
                                             19.647533   slack (MET)


Startpoint: reset (input port clocked by clk)
Endpoint: _173_ (recovery check against rising-edge clock clk)
Path Group: asynchronous
Path Type: max

Fanout         Cap        Slew       Delay        Time   Description
---------------------------------------------------------------------------------------------
                      0.150000    0.000000    0.000000   clock clk (rise edge)
                                  0.000000    0.000000   clock network delay (ideal)
                                  5.000000    5.000000 v input external delay
    36    0.154260    0.227801    0.171877    5.171877 v reset (in)
                                                         reset (net)
                      0.227801    0.000000    5.171877 v _137_/A (sky130_fd_sc_hd__inv_2)
     1    0.003617    0.049407    0.077748    5.249626 ^ _137_/Y (sky130_fd_sc_hd__inv_2)
                                                         _024_ (net)
                      0.049407    0.000000    5.249626 ^ _173_/RESET_B (sky130_fd_sc_hd__dfrtp_2)
                                              5.249626   data arrival time

                      0.150000   25.000000   25.000000   clock clk (rise edge)
                                  0.000000   25.000000   clock network delay (ideal)
                                 -0.250000   24.750000   clock uncertainty
                                  0.000000   24.750000   clock reconvergence pessimism
                                             24.750000 ^ _173_/CLK (sky130_fd_sc_hd__dfrtp_2)
                                  0.147158   24.897160   library recovery time
                                             24.897160   data required time
---------------------------------------------------------------------------------------------
                                             24.897160   data required time
                                             -5.249626   data arrival time
---------------------------------------------------------------------------------------------
                                             19.647533   slack (MET)


Startpoint: reset (input port clocked by clk)
Endpoint: _174_ (recovery check against rising-edge clock clk)
Path Group: asynchronous
Path Type: max

Fanout         Cap        Slew       Delay        Time   Description
---------------------------------------------------------------------------------------------
                      0.150000    0.000000    0.000000   clock clk (rise edge)
                                  0.000000    0.000000   clock network delay (ideal)
                                  5.000000    5.000000 v input external delay
    36    0.154260    0.227801    0.171877    5.171877 v reset (in)
                                                         reset (net)
                      0.227801    0.000000    5.171877 v _138_/A (sky130_fd_sc_hd__inv_2)
     1    0.003617    0.049407    0.077748    5.249626 ^ _138_/Y (sky130_fd_sc_hd__inv_2)
                                                         _025_ (net)
                      0.049407    0.000000    5.249626 ^ _174_/RESET_B (sky130_fd_sc_hd__dfrtp_2)
                                              5.249626   data arrival time

                      0.150000   25.000000   25.000000   clock clk (rise edge)
                                  0.000000   25.000000   clock network delay (ideal)
                                 -0.250000   24.750000   clock uncertainty
                                  0.000000   24.750000   clock reconvergence pessimism
                                             24.750000 ^ _174_/CLK (sky130_fd_sc_hd__dfrtp_2)
                                  0.147158   24.897160   library recovery time
                                             24.897160   data required time
---------------------------------------------------------------------------------------------
                                             24.897160   data required time
                                             -5.249626   data arrival time
---------------------------------------------------------------------------------------------
                                             19.647533   slack (MET)


Startpoint: reset (input port clocked by clk)
Endpoint: _175_ (recovery check against rising-edge clock clk)
Path Group: asynchronous
Path Type: max

Fanout         Cap        Slew       Delay        Time   Description
---------------------------------------------------------------------------------------------
                      0.150000    0.000000    0.000000   clock clk (rise edge)
                                  0.000000    0.000000   clock network delay (ideal)
                                  5.000000    5.000000 v input external delay
    36    0.154260    0.227801    0.171877    5.171877 v reset (in)
                                                         reset (net)
                      0.227801    0.000000    5.171877 v _139_/A (sky130_fd_sc_hd__inv_2)
     1    0.003617    0.049407    0.077748    5.249626 ^ _139_/Y (sky130_fd_sc_hd__inv_2)
                                                         _026_ (net)
                      0.049407    0.000000    5.249626 ^ _175_/RESET_B (sky130_fd_sc_hd__dfrtp_2)
                                              5.249626   data arrival time

                      0.150000   25.000000   25.000000   clock clk (rise edge)
                                  0.000000   25.000000   clock network delay (ideal)
                                 -0.250000   24.750000   clock uncertainty
                                  0.000000   24.750000   clock reconvergence pessimism
                                             24.750000 ^ _175_/CLK (sky130_fd_sc_hd__dfrtp_2)
                                  0.147158   24.897160   library recovery time
                                             24.897160   data required time
---------------------------------------------------------------------------------------------
                                             24.897160   data required time
                                             -5.249626   data arrival time
---------------------------------------------------------------------------------------------
                                             19.647533   slack (MET)


Startpoint: reset (input port clocked by clk)
Endpoint: _177_ (recovery check against rising-edge clock clk)
Path Group: asynchronous
Path Type: max

Fanout         Cap        Slew       Delay        Time   Description
---------------------------------------------------------------------------------------------
                      0.150000    0.000000    0.000000   clock clk (rise edge)
                                  0.000000    0.000000   clock network delay (ideal)
                                  5.000000    5.000000 v input external delay
    36    0.154260    0.227801    0.171877    5.171877 v reset (in)
                                                         reset (net)
                      0.227801    0.000000    5.171877 v _141_/A (sky130_fd_sc_hd__inv_2)
     1    0.003617    0.049407    0.077748    5.249626 ^ _141_/Y (sky130_fd_sc_hd__inv_2)
                                                         _028_ (net)
                      0.049407    0.000000    5.249626 ^ _177_/RESET_B (sky130_fd_sc_hd__dfrtp_2)
                                              5.249626   data arrival time

                      0.150000   25.000000   25.000000   clock clk (rise edge)
                                  0.000000   25.000000   clock network delay (ideal)
                                 -0.250000   24.750000   clock uncertainty
                                  0.000000   24.750000   clock reconvergence pessimism
                                             24.750000 ^ _177_/CLK (sky130_fd_sc_hd__dfrtp_2)
                                  0.147158   24.897160   library recovery time
                                             24.897160   data required time
---------------------------------------------------------------------------------------------
                                             24.897160   data required time
                                             -5.249626   data arrival time
---------------------------------------------------------------------------------------------
                                             19.647533   slack (MET)


Startpoint: reset (input port clocked by clk)
Endpoint: _178_ (recovery check against rising-edge clock clk)
Path Group: asynchronous
Path Type: max

Fanout         Cap        Slew       Delay        Time   Description
---------------------------------------------------------------------------------------------
                      0.150000    0.000000    0.000000   clock clk (rise edge)
                                  0.000000    0.000000   clock network delay (ideal)
                                  5.000000    5.000000 v input external delay
    36    0.154260    0.227801    0.171877    5.171877 v reset (in)
                                                         reset (net)
                      0.227801    0.000000    5.171877 v _142_/A (sky130_fd_sc_hd__inv_2)
     1    0.003617    0.049407    0.077748    5.249626 ^ _142_/Y (sky130_fd_sc_hd__inv_2)
                                                         _029_ (net)
                      0.049407    0.000000    5.249626 ^ _178_/RESET_B (sky130_fd_sc_hd__dfrtp_2)
                                              5.249626   data arrival time

                      0.150000   25.000000   25.000000   clock clk (rise edge)
                                  0.000000   25.000000   clock network delay (ideal)
                                 -0.250000   24.750000   clock uncertainty
                                  0.000000   24.750000   clock reconvergence pessimism
                                             24.750000 ^ _178_/CLK (sky130_fd_sc_hd__dfrtp_2)
                                  0.147158   24.897160   library recovery time
                                             24.897160   data required time
---------------------------------------------------------------------------------------------
                                             24.897160   data required time
                                             -5.249626   data arrival time
---------------------------------------------------------------------------------------------
                                             19.647533   slack (MET)


Startpoint: reset (input port clocked by clk)
Endpoint: _179_ (recovery check against rising-edge clock clk)
Path Group: asynchronous
Path Type: max

Fanout         Cap        Slew       Delay        Time   Description
---------------------------------------------------------------------------------------------
                      0.150000    0.000000    0.000000   clock clk (rise edge)
                                  0.000000    0.000000   clock network delay (ideal)
                                  5.000000    5.000000 v input external delay
    36    0.154260    0.227801    0.171877    5.171877 v reset (in)
                                                         reset (net)
                      0.227801    0.000000    5.171877 v _143_/A (sky130_fd_sc_hd__inv_2)
     1    0.003617    0.049407    0.077748    5.249626 ^ _143_/Y (sky130_fd_sc_hd__inv_2)
                                                         _030_ (net)
                      0.049407    0.000000    5.249626 ^ _179_/RESET_B (sky130_fd_sc_hd__dfrtp_2)
                                              5.249626   data arrival time

                      0.150000   25.000000   25.000000   clock clk (rise edge)
                                  0.000000   25.000000   clock network delay (ideal)
                                 -0.250000   24.750000   clock uncertainty
                                  0.000000   24.750000   clock reconvergence pessimism
                                             24.750000 ^ _179_/CLK (sky130_fd_sc_hd__dfrtp_2)
                                  0.147158   24.897160   library recovery time
                                             24.897160   data required time
---------------------------------------------------------------------------------------------
                                             24.897160   data required time
                                             -5.249626   data arrival time
---------------------------------------------------------------------------------------------
                                             19.647533   slack (MET)


Startpoint: reset (input port clocked by clk)
Endpoint: _180_ (recovery check against rising-edge clock clk)
Path Group: asynchronous
Path Type: max

Fanout         Cap        Slew       Delay        Time   Description
---------------------------------------------------------------------------------------------
                      0.150000    0.000000    0.000000   clock clk (rise edge)
                                  0.000000    0.000000   clock network delay (ideal)
                                  5.000000    5.000000 v input external delay
    36    0.154260    0.227801    0.171877    5.171877 v reset (in)
                                                         reset (net)
                      0.227801    0.000000    5.171877 v _144_/A (sky130_fd_sc_hd__inv_2)
     1    0.003617    0.049407    0.077748    5.249626 ^ _144_/Y (sky130_fd_sc_hd__inv_2)
                                                         _031_ (net)
                      0.049407    0.000000    5.249626 ^ _180_/RESET_B (sky130_fd_sc_hd__dfrtp_2)
                                              5.249626   data arrival time

                      0.150000   25.000000   25.000000   clock clk (rise edge)
                                  0.000000   25.000000   clock network delay (ideal)
                                 -0.250000   24.750000   clock uncertainty
                                  0.000000   24.750000   clock reconvergence pessimism
                                             24.750000 ^ _180_/CLK (sky130_fd_sc_hd__dfrtp_2)
                                  0.147158   24.897160   library recovery time
                                             24.897160   data required time
---------------------------------------------------------------------------------------------
                                             24.897160   data required time
                                             -5.249626   data arrival time
---------------------------------------------------------------------------------------------
                                             19.647533   slack (MET)


Startpoint: reset (input port clocked by clk)
Endpoint: _181_ (recovery check against rising-edge clock clk)
Path Group: asynchronous
Path Type: max

Fanout         Cap        Slew       Delay        Time   Description
---------------------------------------------------------------------------------------------
                      0.150000    0.000000    0.000000   clock clk (rise edge)
                                  0.000000    0.000000   clock network delay (ideal)
                                  5.000000    5.000000 v input external delay
    36    0.154260    0.227801    0.171877    5.171877 v reset (in)
                                                         reset (net)
                      0.227801    0.000000    5.171877 v _145_/A (sky130_fd_sc_hd__inv_2)
     1    0.003617    0.049407    0.077748    5.249626 ^ _145_/Y (sky130_fd_sc_hd__inv_2)
                                                         _032_ (net)
                      0.049407    0.000000    5.249626 ^ _181_/RESET_B (sky130_fd_sc_hd__dfrtp_2)
                                              5.249626   data arrival time

                      0.150000   25.000000   25.000000   clock clk (rise edge)
                                  0.000000   25.000000   clock network delay (ideal)
                                 -0.250000   24.750000   clock uncertainty
                                  0.000000   24.750000   clock reconvergence pessimism
                                             24.750000 ^ _181_/CLK (sky130_fd_sc_hd__dfrtp_2)
                                  0.147158   24.897160   library recovery time
                                             24.897160   data required time
---------------------------------------------------------------------------------------------
                                             24.897160   data required time
                                             -5.249626   data arrival time
---------------------------------------------------------------------------------------------
                                             19.647533   slack (MET)


Startpoint: reset (input port clocked by clk)
Endpoint: _182_ (recovery check against rising-edge clock clk)
Path Group: asynchronous
Path Type: max

Fanout         Cap        Slew       Delay        Time   Description
---------------------------------------------------------------------------------------------
                      0.150000    0.000000    0.000000   clock clk (rise edge)
                                  0.000000    0.000000   clock network delay (ideal)
                                  5.000000    5.000000 v input external delay
    36    0.154260    0.227801    0.171877    5.171877 v reset (in)
                                                         reset (net)
                      0.227801    0.000000    5.171877 v _146_/A (sky130_fd_sc_hd__inv_2)
     1    0.003617    0.049407    0.077748    5.249626 ^ _146_/Y (sky130_fd_sc_hd__inv_2)
                                                         _033_ (net)
                      0.049407    0.000000    5.249626 ^ _182_/RESET_B (sky130_fd_sc_hd__dfrtp_2)
                                              5.249626   data arrival time

                      0.150000   25.000000   25.000000   clock clk (rise edge)
                                  0.000000   25.000000   clock network delay (ideal)
                                 -0.250000   24.750000   clock uncertainty
                                  0.000000   24.750000   clock reconvergence pessimism
                                             24.750000 ^ _182_/CLK (sky130_fd_sc_hd__dfrtp_2)
                                  0.147158   24.897160   library recovery time
                                             24.897160   data required time
---------------------------------------------------------------------------------------------
                                             24.897160   data required time
                                             -5.249626   data arrival time
---------------------------------------------------------------------------------------------
                                             19.647533   slack (MET)


Startpoint: reset (input port clocked by clk)
Endpoint: _183_ (recovery check against rising-edge clock clk)
Path Group: asynchronous
Path Type: max

Fanout         Cap        Slew       Delay        Time   Description
---------------------------------------------------------------------------------------------
                      0.150000    0.000000    0.000000   clock clk (rise edge)
                                  0.000000    0.000000   clock network delay (ideal)
                                  5.000000    5.000000 v input external delay
    36    0.154260    0.227801    0.171877    5.171877 v reset (in)
                                                         reset (net)
                      0.227801    0.000000    5.171877 v _147_/A (sky130_fd_sc_hd__inv_2)
     1    0.003617    0.049407    0.077748    5.249626 ^ _147_/Y (sky130_fd_sc_hd__inv_2)
                                                         _034_ (net)
                      0.049407    0.000000    5.249626 ^ _183_/RESET_B (sky130_fd_sc_hd__dfrtp_2)
                                              5.249626   data arrival time

                      0.150000   25.000000   25.000000   clock clk (rise edge)
                                  0.000000   25.000000   clock network delay (ideal)
                                 -0.250000   24.750000   clock uncertainty
                                  0.000000   24.750000   clock reconvergence pessimism
                                             24.750000 ^ _183_/CLK (sky130_fd_sc_hd__dfrtp_2)
                                  0.147158   24.897160   library recovery time
                                             24.897160   data required time
---------------------------------------------------------------------------------------------
                                             24.897160   data required time
                                             -5.249626   data arrival time
---------------------------------------------------------------------------------------------
                                             19.647533   slack (MET)


Startpoint: reset (input port clocked by clk)
Endpoint: _184_ (recovery check against rising-edge clock clk)
Path Group: asynchronous
Path Type: max

Fanout         Cap        Slew       Delay        Time   Description
---------------------------------------------------------------------------------------------
                      0.150000    0.000000    0.000000   clock clk (rise edge)
                                  0.000000    0.000000   clock network delay (ideal)
                                  5.000000    5.000000 v input external delay
    36    0.154260    0.227801    0.171877    5.171877 v reset (in)
                                                         reset (net)
                      0.227801    0.000000    5.171877 v _148_/A (sky130_fd_sc_hd__inv_2)
     1    0.003617    0.049407    0.077748    5.249626 ^ _148_/Y (sky130_fd_sc_hd__inv_2)
                                                         _035_ (net)
                      0.049407    0.000000    5.249626 ^ _184_/RESET_B (sky130_fd_sc_hd__dfrtp_2)
                                              5.249626   data arrival time

                      0.150000   25.000000   25.000000   clock clk (rise edge)
                                  0.000000   25.000000   clock network delay (ideal)
                                 -0.250000   24.750000   clock uncertainty
                                  0.000000   24.750000   clock reconvergence pessimism
                                             24.750000 ^ _184_/CLK (sky130_fd_sc_hd__dfrtp_2)
                                  0.147158   24.897160   library recovery time
                                             24.897160   data required time
---------------------------------------------------------------------------------------------
                                             24.897160   data required time
                                             -5.249626   data arrival time
---------------------------------------------------------------------------------------------
                                             19.647533   slack (MET)


Startpoint: btn (input port clocked by clk)
Endpoint: _184_ (rising edge-triggered flip-flop clocked by clk)
Path Group: clk
Path Type: max

Fanout         Cap        Slew       Delay        Time   Description
---------------------------------------------------------------------------------------------
                      0.150000    0.000000    0.000000   clock clk (rise edge)
                                  0.000000    0.000000   clock network delay (ideal)
                                  5.000000    5.000000 v input external delay
     6    0.009832    0.016173    0.009651    5.009652 v btn (in)
                                                         btn (net)
                      0.016173    0.000000    5.009652 v _184_/D (sky130_fd_sc_hd__dfrtp_2)
                                              5.009652   data arrival time

                      0.150000   25.000000   25.000000   clock clk (rise edge)
                                  0.000000   25.000000   clock network delay (ideal)
                                 -0.250000   24.750000   clock uncertainty
                                  0.000000   24.750000   clock reconvergence pessimism
                                             24.750000 ^ _184_/CLK (sky130_fd_sc_hd__dfrtp_2)
                                 -0.056686   24.693316   library setup time
                                             24.693316   data required time
---------------------------------------------------------------------------------------------
                                             24.693316   data required time
                                             -5.009652   data arrival time
---------------------------------------------------------------------------------------------
                                             19.683662   slack (MET)


Startpoint: _176_ (rising edge-triggered flip-flop clocked by clk)
Endpoint: _177_ (rising edge-triggered flip-flop clocked by clk)
Path Group: clk
Path Type: max

Fanout         Cap        Slew       Delay        Time   Description
---------------------------------------------------------------------------------------------
                      0.150000    0.000000    0.000000   clock clk (rise edge)
                                  0.000000    0.000000   clock network delay (ideal)
                      0.150000    0.000000    0.000000 ^ _176_/CLK (sky130_fd_sc_hd__dfstp_2)
     9    0.022067    0.088803    0.377591    0.377591 ^ _176_/Q (sky130_fd_sc_hd__dfstp_2)
                                                         cursor[0] (net)
                      0.088803    0.000000    0.377591 ^ _177_/D (sky130_fd_sc_hd__dfrtp_2)
                                              0.377591   data arrival time

                      0.150000   25.000000   25.000000   clock clk (rise edge)
                                  0.000000   25.000000   clock network delay (ideal)
                                 -0.250000   24.750000   clock uncertainty
                                  0.000000   24.750000   clock reconvergence pessimism
                                             24.750000 ^ _177_/CLK (sky130_fd_sc_hd__dfrtp_2)
                                 -0.037433   24.712566   library setup time
                                             24.712566   data required time
---------------------------------------------------------------------------------------------
                                             24.712566   data required time
                                             -0.377591   data arrival time
---------------------------------------------------------------------------------------------
                                             24.334976   slack (MET)


Startpoint: _177_ (rising edge-triggered flip-flop clocked by clk)
Endpoint: _178_ (rising edge-triggered flip-flop clocked by clk)
Path Group: clk
Path Type: max

Fanout         Cap        Slew       Delay        Time   Description
---------------------------------------------------------------------------------------------
                      0.150000    0.000000    0.000000   clock clk (rise edge)
                                  0.000000    0.000000   clock network delay (ideal)
                      0.150000    0.000000    0.000000 ^ _177_/CLK (sky130_fd_sc_hd__dfrtp_2)
     9    0.020235    0.058909    0.303725    0.303725 v _177_/Q (sky130_fd_sc_hd__dfrtp_2)
                                                         cursor[1] (net)
                      0.058909    0.000000    0.303725 v _178_/D (sky130_fd_sc_hd__dfrtp_2)
                                              0.303725   data arrival time

                      0.150000   25.000000   25.000000   clock clk (rise edge)
                                  0.000000   25.000000   clock network delay (ideal)
                                 -0.250000   24.750000   clock uncertainty
                                  0.000000   24.750000   clock reconvergence pessimism
                                             24.750000 ^ _178_/CLK (sky130_fd_sc_hd__dfrtp_2)
                                 -0.071872   24.678129   library setup time
                                             24.678129   data required time
---------------------------------------------------------------------------------------------
                                             24.678129   data required time
                                             -0.303725   data arrival time
---------------------------------------------------------------------------------------------
                                             24.374403   slack (MET)


Startpoint: _178_ (rising edge-triggered flip-flop clocked by clk)
Endpoint: _179_ (rising edge-triggered flip-flop clocked by clk)
Path Group: clk
Path Type: max

Fanout         Cap        Slew       Delay        Time   Description
---------------------------------------------------------------------------------------------
                      0.150000    0.000000    0.000000   clock clk (rise edge)
                                  0.000000    0.000000   clock network delay (ideal)
                      0.150000    0.000000    0.000000 ^ _178_/CLK (sky130_fd_sc_hd__dfrtp_2)
     9    0.020235    0.058909    0.303725    0.303725 v _178_/Q (sky130_fd_sc_hd__dfrtp_2)
                                                         cursor[2] (net)
                      0.058909    0.000000    0.303725 v _179_/D (sky130_fd_sc_hd__dfrtp_2)
                                              0.303725   data arrival time

                      0.150000   25.000000   25.000000   clock clk (rise edge)
                                  0.000000   25.000000   clock network delay (ideal)
                                 -0.250000   24.750000   clock uncertainty
                                  0.000000   24.750000   clock reconvergence pessimism
                                             24.750000 ^ _179_/CLK (sky130_fd_sc_hd__dfrtp_2)
                                 -0.071872   24.678129   library setup time
                                             24.678129   data required time
---------------------------------------------------------------------------------------------
                                             24.678129   data required time
                                             -0.303725   data arrival time
---------------------------------------------------------------------------------------------
                                             24.374403   slack (MET)


Startpoint: _179_ (rising edge-triggered flip-flop clocked by clk)
Endpoint: _180_ (rising edge-triggered flip-flop clocked by clk)
Path Group: clk
Path Type: max

Fanout         Cap        Slew       Delay        Time   Description
---------------------------------------------------------------------------------------------
                      0.150000    0.000000    0.000000   clock clk (rise edge)
                                  0.000000    0.000000   clock network delay (ideal)
                      0.150000    0.000000    0.000000 ^ _179_/CLK (sky130_fd_sc_hd__dfrtp_2)
     9    0.020235    0.058909    0.303725    0.303725 v _179_/Q (sky130_fd_sc_hd__dfrtp_2)
                                                         cursor[3] (net)
                      0.058909    0.000000    0.303725 v _180_/D (sky130_fd_sc_hd__dfrtp_2)
                                              0.303725   data arrival time

                      0.150000   25.000000   25.000000   clock clk (rise edge)
                                  0.000000   25.000000   clock network delay (ideal)
                                 -0.250000   24.750000   clock uncertainty
                                  0.000000   24.750000   clock reconvergence pessimism
                                             24.750000 ^ _180_/CLK (sky130_fd_sc_hd__dfrtp_2)
                                 -0.071872   24.678129   library setup time
                                             24.678129   data required time
---------------------------------------------------------------------------------------------
                                             24.678129   data required time
                                             -0.303725   data arrival time
---------------------------------------------------------------------------------------------
                                             24.374403   slack (MET)


Startpoint: _180_ (rising edge-triggered flip-flop clocked by clk)
Endpoint: _181_ (rising edge-triggered flip-flop clocked by clk)
Path Group: clk
Path Type: max

Fanout         Cap        Slew       Delay        Time   Description
---------------------------------------------------------------------------------------------
                      0.150000    0.000000    0.000000   clock clk (rise edge)
                                  0.000000    0.000000   clock network delay (ideal)
                      0.150000    0.000000    0.000000 ^ _180_/CLK (sky130_fd_sc_hd__dfrtp_2)
     9    0.020235    0.058909    0.303725    0.303725 v _180_/Q (sky130_fd_sc_hd__dfrtp_2)
                                                         cursor[4] (net)
                      0.058909    0.000000    0.303725 v _181_/D (sky130_fd_sc_hd__dfrtp_2)
                                              0.303725   data arrival time

                      0.150000   25.000000   25.000000   clock clk (rise edge)
                                  0.000000   25.000000   clock network delay (ideal)
                                 -0.250000   24.750000   clock uncertainty
                                  0.000000   24.750000   clock reconvergence pessimism
                                             24.750000 ^ _181_/CLK (sky130_fd_sc_hd__dfrtp_2)
                                 -0.071872   24.678129   library setup time
                                             24.678129   data required time
---------------------------------------------------------------------------------------------
                                             24.678129   data required time
                                             -0.303725   data arrival time
---------------------------------------------------------------------------------------------
                                             24.374403   slack (MET)


Startpoint: _181_ (rising edge-triggered flip-flop clocked by clk)
Endpoint: _176_ (rising edge-triggered flip-flop clocked by clk)
Path Group: clk
Path Type: max

Fanout         Cap        Slew       Delay        Time   Description
---------------------------------------------------------------------------------------------
                      0.150000    0.000000    0.000000   clock clk (rise edge)
                                  0.000000    0.000000   clock network delay (ideal)
                      0.150000    0.000000    0.000000 ^ _181_/CLK (sky130_fd_sc_hd__dfrtp_2)
     9    0.020435    0.059203    0.304051    0.304051 v _181_/Q (sky130_fd_sc_hd__dfrtp_2)
                                                         cursor[5] (net)
                      0.059203    0.000000    0.304051 v _176_/D (sky130_fd_sc_hd__dfstp_2)
                                              0.304051   data arrival time

                      0.150000   25.000000   25.000000   clock clk (rise edge)
                                  0.000000   25.000000   clock network delay (ideal)
                                 -0.250000   24.750000   clock uncertainty
                                  0.000000   24.750000   clock reconvergence pessimism
                                             24.750000 ^ _176_/CLK (sky130_fd_sc_hd__dfstp_2)
                                 -0.045632   24.704369   library setup time
                                             24.704369   data required time
---------------------------------------------------------------------------------------------
                                             24.704369   data required time
                                             -0.304051   data arrival time
---------------------------------------------------------------------------------------------
                                             24.400318   slack (MET)



%OL_END_REPORT
%OL_CREATE_REPORT checks.rpt

===========================================================================
report_checks -unconstrained
===========================================================================
======================= nom_ff_n40C_1v95 Corner ===================================

Startpoint: reset (input port clocked by clk)
Endpoint: _176_ (recovery check against rising-edge clock clk)
Path Group: asynchronous
Path Type: max

Fanout         Cap        Slew       Delay        Time   Description
---------------------------------------------------------------------------------------------
                      0.150000    0.000000    0.000000   clock clk (rise edge)
                                  0.000000    0.000000   clock network delay (ideal)
                                  5.000000    5.000000 v input external delay
    36    0.154260    0.227801    0.171877    5.171877 v reset (in)
                                                         reset (net)
                      0.227801    0.000000    5.171877 v _140_/A (sky130_fd_sc_hd__inv_2)
     1    0.003562    0.049133    0.077408    5.249286 ^ _140_/Y (sky130_fd_sc_hd__inv_2)
                                                         _027_ (net)
                      0.049133    0.000000    5.249286 ^ _176_/SET_B (sky130_fd_sc_hd__dfstp_2)
                                              5.249286   data arrival time

                      0.150000   25.000000   25.000000   clock clk (rise edge)
                                  0.000000   25.000000   clock network delay (ideal)
                                 -0.250000   24.750000   clock uncertainty
                                  0.000000   24.750000   clock reconvergence pessimism
                                             24.750000 ^ _176_/CLK (sky130_fd_sc_hd__dfstp_2)
                                  0.100271   24.850271   library recovery time
                                             24.850271   data required time
---------------------------------------------------------------------------------------------
                                             24.850271   data required time
                                             -5.249286   data arrival time
---------------------------------------------------------------------------------------------
                                             19.600986   slack (MET)


Startpoint: _183_ (rising edge-triggered flip-flop clocked by clk)
Endpoint: seg0[0] (output port clocked by clk)
Path Group: clk
Path Type: max

Fanout         Cap        Slew       Delay        Time   Description
---------------------------------------------------------------------------------------------
                      0.150000    0.000000    0.000000   clock clk (rise edge)
                                  0.000000    0.000000   clock network delay (ideal)
                      0.150000    0.000000    0.000000 ^ _183_/CLK (sky130_fd_sc_hd__dfrtp_2)
    19    0.044706    0.094873    0.343570    0.343570 v _183_/Q (sky130_fd_sc_hd__dfrtp_2)
                                                         cnt[1] (net)
                      0.094873    0.000000    0.343570 v _049_/A (sky130_fd_sc_hd__inv_2)
    12    0.029940    0.110183    0.118272    0.461842 ^ _049_/Y (sky130_fd_sc_hd__inv_2)
                                                         _038_ (net)
                      0.110183    0.000000    0.461842 ^ _058_/A1 (sky130_fd_sc_hd__a31o_2)
     1    0.033442    0.151457    0.184526    0.646368 ^ _058_/X (sky130_fd_sc_hd__a31o_2)
                                                         seg0[0] (net)
                      0.151457    0.000000    0.646368 ^ seg0[0] (out)
                                              0.646368   data arrival time

                      0.150000   25.000000   25.000000   clock clk (rise edge)
                                  0.000000   25.000000   clock network delay (ideal)
                                 -0.250000   24.750000   clock uncertainty
                                  0.000000   24.750000   clock reconvergence pessimism
                                 -5.000000   19.750000   output external delay
                                             19.750000   data required time
---------------------------------------------------------------------------------------------
                                             19.750000   data required time
                                             -0.646368   data arrival time
---------------------------------------------------------------------------------------------
                                             19.103632   slack (MET)




===========================================================================
report_checks --slack_max -0.01
============================================================================
======================= nom_ff_n40C_1v95 Corner ===================================

No paths found.


===========================================================================
 report_check_types -max_slew -max_cap -max_fanout -violators
============================================================================
======================= nom_ff_n40C_1v95 Corner ===================================

max fanout

Pin                                   Limit Fanout  Slack
---------------------------------------------------------
reset                                    10     36    -26 (VIOLATED)
_183_/Q                                  10     19     -9 (VIOLATED)
_182_/Q                                  10     18     -8 (VIOLATED)
_049_/Y                                  10     12     -2 (VIOLATED)
_050_/Y                                  10     12     -2 (VIOLATED)



===========================================================================
report_parasitic_annotation -report_unannotated
============================================================================
Found 147 unannotated drivers.
 btn
 clk
 reset
 _049_/Y
 _050_/Y
 _051_/Y
 _052_/X
 _053_/X
 _054_/X
 _055_/Y
 _056_/X
 _057_/X
 _058_/X
 _059_/X
 _060_/X
 _061_/X
 _062_/X
 _063_/X
 _064_/X
 _065_/X
 _066_/X
 _067_/X
 _068_/X
 _069_/X
 _070_/X
 _071_/X
 _072_/X
 _073_/X
 _074_/X
 _075_/X
 _076_/X
 _077_/X
 _078_/X
 _079_/X
 _080_/X
 _081_/X
 _082_/X
 _083_/X
 _084_/X
 _085_/X
 _086_/X
 _087_/X
 _088_/X
 _089_/X
 _090_/X
 _091_/X
 _092_/X
 _093_/X
 _094_/X
 _095_/X
 _096_/X
 _097_/X
 _098_/X
 _099_/X
 _100_/X
 _101_/X
 _102_/X
 _103_/X
 _104_/X
 _105_/X
 _106_/X
 _107_/X
 _108_/X
 _109_/X
 _110_/X
 _111_/X
 _112_/X
 _113_/X
 _114_/Y
 _115_/Y
 _116_/Y
 _117_/Y
 _118_/Y
 _119_/Y
 _120_/Y
 _121_/Y
 _122_/Y
 _123_/Y
 _124_/Y
 _125_/Y
 _126_/Y
 _127_/Y
 _128_/Y
 _129_/Y
 _130_/Y
 _131_/Y
 _132_/Y
 _133_/Y
 _134_/Y
 _135_/Y
 _136_/Y
 _137_/Y
 _138_/Y
 _139_/Y
 _140_/Y
 _141_/Y
 _142_/Y
 _143_/Y
 _144_/Y
 _145_/Y
 _146_/Y
 _147_/Y
 _148_/Y
 _149_/Q
 _150_/Q
 _151_/Q
 _152_/Q
 _153_/Q
 _154_/Q
 _155_/Q
 _156_/Q
 _157_/Q
 _158_/Q
 _159_/Q
 _160_/Q
 _161_/Q
 _162_/Q
 _163_/Q
 _164_/Q
 _165_/Q
 _166_/Q
 _167_/Q
 _168_/Q
 _169_/Q
 _170_/Q
 _171_/Q
 _172_/Q
 _173_/Q
 _174_/Q
 _175_/Q
 _176_/Q
 _177_/Q
 _178_/Q
 _179_/Q
 _180_/Q
 _181_/Q
 _182_/Q
 _183_/Q
 _184_/Q
 _185_/HI
 _185_/LO
 _186_/HI
 _186_/LO
 _187_/HI
 _187_/LO
 _188_/HI
 _188_/LO
Found 0 partially unannotated drivers.

===========================================================================
max slew violation count 0
%OL_METRIC_I design__max_slew_violation__count__corner:nom_ff_n40C_1v95 0
max fanout violation count 5
%OL_METRIC_I design__max_fanout_violation__count__corner:nom_ff_n40C_1v95 5
max cap violation count 0
%OL_METRIC_I design__max_cap_violation__count__corner:nom_ff_n40C_1v95 0
============================================================================

===========================================================================
check_setup -verbose -unconstrained_endpoints -multiple_clock -no_clock -no_input_delay -loops -generated_clocks
===========================================================================
Warning: There are 4 unconstrained endpoints.
  seg0[6]
  seg1[6]
  seg2[6]
  seg3[6]
%OL_END_REPORT
%OL_CREATE_REPORT power.rpt

===========================================================================
 report_power
============================================================================
======================= nom_ff_n40C_1v95 Corner ===================================

Group                    Internal    Switching      Leakage        Total
                            Power        Power        Power        Power (Watts)
------------------------------------------------------------------------
Sequential           6.897464e-05 8.633197e-08 8.188289e-10 6.906179e-05  96.1%
Combinational        1.717887e-06 1.118939e-06 1.006314e-09 2.837832e-06   3.9%
Clock                0.000000e+00 0.000000e+00 0.000000e+00 0.000000e+00   0.0%
Macro                0.000000e+00 0.000000e+00 0.000000e+00 0.000000e+00   0.0%
Pad                  0.000000e+00 0.000000e+00 0.000000e+00 0.000000e+00   0.0%
------------------------------------------------------------------------
Total                7.069253e-05 1.205271e-06 1.825142e-09 7.189962e-05 100.0%
                            98.3%         1.7%         0.0%
%OL_METRIC_F power__internal__total 7.069252751534805e-5
%OL_METRIC_F power__switching__total 1.2052710189891513e-6
%OL_METRIC_F power__leakage__total 1.8251419264814217e-9
%OL_METRIC_F power__total 7.18996234354563e-5

%OL_END_REPORT
%OL_CREATE_REPORT skew.min.rpt

===========================================================================
Clock Skew (Hold)
============================================================================
%OL_METRIC_F clock__skew__worst_hold__corner:nom_ff_n40C_1v95 -0.25
======================= nom_ff_n40C_1v95 Corner ===================================

Clock clk
0.164923 source latency _149_/CLK ^
-0.164923 target latency _149_/CLK ^
-0.250000 clock uncertainty
0.000000 CRPR
--------------
-0.250000 hold skew

%OL_END_REPORT
%OL_CREATE_REPORT skew.max.rpt

===========================================================================
Clock Skew (Setup)
============================================================================
%OL_METRIC_F clock__skew__worst_setup__corner:nom_ff_n40C_1v95 0.25
======================= nom_ff_n40C_1v95 Corner ===================================

Clock clk
0.164923 source latency _149_/CLK ^
-0.164923 target latency _149_/CLK ^
0.250000 clock uncertainty
0.000000 CRPR
--------------
0.250000 setup skew

%OL_END_REPORT
%OL_CREATE_REPORT ws.min.rpt

===========================================================================
Worst Slack (Hold)
============================================================================
%OL_METRIC_F timing__hold__ws__corner:nom_ff_n40C_1v95 0.04582188924659042
nom_ff_n40C_1v95: 0.04582188924659042
%OL_END_REPORT
%OL_CREATE_REPORT ws.max.rpt

===========================================================================
Worst Slack (Setup)
============================================================================
%OL_METRIC_F timing__setup__ws__corner:nom_ff_n40C_1v95 19.103631217651568
nom_ff_n40C_1v95: 19.103631217651568
%OL_END_REPORT
%OL_CREATE_REPORT tns.min.rpt

===========================================================================
Total Negative Slack (Hold)
============================================================================
%OL_METRIC_F timing__hold__tns__corner:nom_ff_n40C_1v95 0.0
nom_ff_n40C_1v95: 0.0
%OL_END_REPORT
%OL_CREATE_REPORT tns.max.rpt

===========================================================================
Total Negative Slack (Setup)
============================================================================
%OL_METRIC_F timing__setup__tns__corner:nom_ff_n40C_1v95 0.0
nom_ff_n40C_1v95: 0.0
%OL_END_REPORT
%OL_CREATE_REPORT wns.min.rpt

===========================================================================
Worst Negative Slack (Hold)
============================================================================
%OL_METRIC_F timing__hold__wns__corner:nom_ff_n40C_1v95 0
nom_ff_n40C_1v95: 0
%OL_END_REPORT
%OL_CREATE_REPORT wns.max.rpt

===========================================================================
Worst Negative Slack (Setup)
============================================================================
%OL_METRIC_F timing__setup__wns__corner:nom_ff_n40C_1v95 0.0
nom_ff_n40C_1v95: 0.0
%OL_END_REPORT
%OL_CREATE_REPORT violator_list.rpt

===========================================================================
Violator List
============================================================================
%OL_METRIC_I timing__hold_vio__count__corner:nom_ff_n40C_1v95 0
%OL_METRIC_F timing__hold_r2r__ws__corner:nom_ff_n40C_1v95 0.045822
%OL_METRIC_I timing__hold_r2r_vio__count__corner:nom_ff_n40C_1v95 0
%OL_METRIC_I timing__setup_vio__count__corner:nom_ff_n40C_1v95 0
%OL_METRIC_F timing__setup_r2r__ws__corner:nom_ff_n40C_1v95 24.334976
%OL_METRIC_I timing__setup_r2r_vio__count__corner:nom_ff_n40C_1v95 0
%OL_END_REPORT
%OL_CREATE_REPORT unpropagated.rpt
clk
%OL_END_REPORT
%OL_CREATE_REPORT clock.rpt
Clock: clk
Sources: clk 
Generated: no
Virtual: no
Propagated: no
Period: 25.000000

===========================================================================
report_clock_properties
============================================================================
Clock                   Period          Waveform
----------------------------------------------------
clk                  25.000000    0.000000 12.500000

===========================================================================
report_clock_latency
============================================================================
Clock clk
rise -> rise
    min     max
0.000000 0.000000 source latency
0.164923         network latency _149_/CLK
        0.164923 network latency _149_/CLK
---------------
0.164923 0.164923 latency
        0.000000 skew

fall -> fall
    min     max
0.000000 0.000000 source latency
0.071223         network latency _149_/CLK
        0.071223 network latency _149_/CLK
---------------
0.071223 0.071223 latency
        0.000000 skew



===========================================================================
report_clock_min_period
============================================================================
clk period_min = 1.28 fmax = 782.70
%OL_END_REPORT
Writing SDF files for all corners…
