
===========================================================================
report_checks -path_delay max (Setup)
============================================================================
======================= nom_tt_025C_1v80 Corner ===================================

Startpoint: _183_ (rising edge-triggered flip-flop clocked by clk)
Endpoint: seg1[1] (output port clocked by clk)
Path Group: clk
Path Type: max

Fanout         Cap        Slew       Delay        Time   Description
---------------------------------------------------------------------------------------------
                                  0.000000    0.000000   clock clk (rise edge)
                                  0.000000    0.000000   clock source latency
     1    0.011477    0.058009    0.038812    0.038812 ^ clk (in)
                                                         clk (net)
                      0.058010    0.000000    0.038812 ^ clkbuf_0_clk/A (sky130_fd_sc_hd__clkbuf_16)
     4    0.037194    0.057328    0.144682    0.183494 ^ clkbuf_0_clk/X (sky130_fd_sc_hd__clkbuf_16)
                                                         clknet_0_clk (net)
                      0.057328    0.000155    0.183649 ^ clkbuf_2_3__f_clk/A (sky130_fd_sc_hd__clkbuf_16)
    11    0.025712    0.046918    0.135465    0.319114 ^ clkbuf_2_3__f_clk/X (sky130_fd_sc_hd__clkbuf_16)
                                                         clknet_2_3__leaf_clk (net)
                      0.046918    0.000051    0.319166 ^ _183_/CLK (sky130_fd_sc_hd__dfrtp_1)
     2    0.005792    0.054435    0.370705    0.689871 v _183_/Q (sky130_fd_sc_hd__dfrtp_1)
                                                         cnt[1] (net)
                      0.054435    0.000021    0.689891 v fanout30/A (sky130_fd_sc_hd__buf_2)
    10    0.029786    0.079722    0.176111    0.866002 v fanout30/X (sky130_fd_sc_hd__buf_2)
                                                         net30 (net)
                      0.079723    0.000419    0.866421 v _049_/A (sky130_fd_sc_hd__inv_2)
     3    0.011246    0.060393    0.082537    0.948958 ^ _049_/Y (sky130_fd_sc_hd__inv_2)
                                                         _038_ (net)
                      0.060393    0.000033    0.948991 ^ fanout29/A (sky130_fd_sc_hd__buf_2)
    10    0.033835    0.168137    0.202588    1.151579 ^ fanout29/X (sky130_fd_sc_hd__buf_2)
                                                         net29 (net)
                      0.168137    0.000519    1.152098 ^ _074_/A1 (sky130_fd_sc_hd__a31o_1)
     1    0.002866    0.045788    0.157419    1.309517 ^ _074_/X (sky130_fd_sc_hd__a31o_1)
                                                         net10 (net)
                      0.045788    0.000017    1.309534 ^ output10/A (sky130_fd_sc_hd__buf_2)
     1    0.034361    0.170553    0.198898    1.508432 ^ output10/X (sky130_fd_sc_hd__buf_2)
                                                         seg1[1] (net)
                      0.170553    0.000206    1.508638 ^ seg1[1] (out)
                                              1.508638   data arrival time

                                 25.000000   25.000000   clock clk (rise edge)
                                  0.000000   25.000000   clock network delay (propagated)
                                 -0.250000   24.750000   clock uncertainty
                                  0.000000   24.750000   clock reconvergence pessimism
                                 -5.000000   19.750000   output external delay
                                             19.750000   data required time
---------------------------------------------------------------------------------------------
                                             19.750000   data required time
                                             -1.508638   data arrival time
---------------------------------------------------------------------------------------------
                                             18.241362   slack (MET)


Startpoint: _182_ (rising edge-triggered flip-flop clocked by clk)
Endpoint: seg2[1] (output port clocked by clk)
Path Group: clk
Path Type: max

Fanout         Cap        Slew       Delay        Time   Description
---------------------------------------------------------------------------------------------
                                  0.000000    0.000000   clock clk (rise edge)
                                  0.000000    0.000000   clock source latency
     1    0.011477    0.058009    0.038812    0.038812 ^ clk (in)
                                                         clk (net)
                      0.058010    0.000000    0.038812 ^ clkbuf_0_clk/A (sky130_fd_sc_hd__clkbuf_16)
     4    0.037194    0.057328    0.144682    0.183494 ^ clkbuf_0_clk/X (sky130_fd_sc_hd__clkbuf_16)
                                                         clknet_0_clk (net)
                      0.057328    0.000155    0.183649 ^ clkbuf_2_3__f_clk/A (sky130_fd_sc_hd__clkbuf_16)
    11    0.025712    0.046918    0.135465    0.319114 ^ clkbuf_2_3__f_clk/X (sky130_fd_sc_hd__clkbuf_16)
                                                         clknet_2_3__leaf_clk (net)
                      0.046918    0.000053    0.319167 ^ _182_/CLK (sky130_fd_sc_hd__dfrtp_1)
     2    0.004621    0.049273    0.364389    0.683557 v _182_/Q (sky130_fd_sc_hd__dfrtp_1)
                                                         cnt[0] (net)
                      0.049273    0.000010    0.683567 v fanout32/A (sky130_fd_sc_hd__buf_2)
    10    0.028821    0.077614    0.172191    0.855758 v fanout32/X (sky130_fd_sc_hd__buf_2)
                                                         net32 (net)
                      0.077614    0.000163    0.855921 v _050_/A (sky130_fd_sc_hd__inv_2)
     3    0.011862    0.062564    0.083654    0.939575 ^ _050_/Y (sky130_fd_sc_hd__inv_2)
                                                         _039_ (net)
                      0.062564    0.000034    0.939609 ^ fanout28/A (sky130_fd_sc_hd__buf_2)
    10    0.034077    0.169263    0.204253    1.143862 ^ fanout28/X (sky130_fd_sc_hd__buf_2)
                                                         net28 (net)
                      0.169263    0.000128    1.143990 ^ _089_/A2 (sky130_fd_sc_hd__a31o_1)
     1    0.003146    0.048297    0.165155    1.309146 ^ _089_/X (sky130_fd_sc_hd__a31o_1)
                                                         net16 (net)
                      0.048297    0.000017    1.309162 ^ output16/A (sky130_fd_sc_hd__buf_2)
     1    0.034110    0.169356    0.199094    1.508256 ^ output16/X (sky130_fd_sc_hd__buf_2)
                                                         seg2[1] (net)
                      0.169356    0.000111    1.508367 ^ seg2[1] (out)
                                              1.508367   data arrival time

                                 25.000000   25.000000   clock clk (rise edge)
                                  0.000000   25.000000   clock network delay (propagated)
                                 -0.250000   24.750000   clock uncertainty
                                  0.000000   24.750000   clock reconvergence pessimism
                                 -5.000000   19.750000   output external delay
                                             19.750000   data required time
---------------------------------------------------------------------------------------------
                                             19.750000   data required time
                                             -1.508367   data arrival time
---------------------------------------------------------------------------------------------
                                             18.241632   slack (MET)


Startpoint: _183_ (rising edge-triggered flip-flop clocked by clk)
Endpoint: seg1[3] (output port clocked by clk)
Path Group: clk
Path Type: max

Fanout         Cap        Slew       Delay        Time   Description
---------------------------------------------------------------------------------------------
                                  0.000000    0.000000   clock clk (rise edge)
                                  0.000000    0.000000   clock source latency
     1    0.011477    0.058009    0.038812    0.038812 ^ clk (in)
                                                         clk (net)
                      0.058010    0.000000    0.038812 ^ clkbuf_0_clk/A (sky130_fd_sc_hd__clkbuf_16)
     4    0.037194    0.057328    0.144682    0.183494 ^ clkbuf_0_clk/X (sky130_fd_sc_hd__clkbuf_16)
                                                         clknet_0_clk (net)
                      0.057328    0.000155    0.183649 ^ clkbuf_2_3__f_clk/A (sky130_fd_sc_hd__clkbuf_16)
    11    0.025712    0.046918    0.135465    0.319114 ^ clkbuf_2_3__f_clk/X (sky130_fd_sc_hd__clkbuf_16)
                                                         clknet_2_3__leaf_clk (net)
                      0.046918    0.000051    0.319166 ^ _183_/CLK (sky130_fd_sc_hd__dfrtp_1)
     2    0.005792    0.054435    0.370705    0.689871 v _183_/Q (sky130_fd_sc_hd__dfrtp_1)
                                                         cnt[1] (net)
                      0.054435    0.000021    0.689891 v fanout30/A (sky130_fd_sc_hd__buf_2)
    10    0.029786    0.079722    0.176111    0.866002 v fanout30/X (sky130_fd_sc_hd__buf_2)
                                                         net30 (net)
                      0.079723    0.000419    0.866421 v _049_/A (sky130_fd_sc_hd__inv_2)
     3    0.011246    0.060393    0.082537    0.948958 ^ _049_/Y (sky130_fd_sc_hd__inv_2)
                                                         _038_ (net)
                      0.060393    0.000033    0.948991 ^ fanout29/A (sky130_fd_sc_hd__buf_2)
    10    0.033835    0.168137    0.202588    1.151579 ^ fanout29/X (sky130_fd_sc_hd__buf_2)
                                                         net29 (net)
                      0.168137    0.000453    1.152032 ^ _078_/A1 (sky130_fd_sc_hd__a31o_1)
     1    0.002727    0.046197    0.156298    1.308330 ^ _078_/X (sky130_fd_sc_hd__a31o_1)
                                                         net12 (net)
                      0.046197    0.000009    1.308339 ^ output12/A (sky130_fd_sc_hd__buf_2)
     1    0.034058    0.169114    0.198124    1.506462 ^ output12/X (sky130_fd_sc_hd__buf_2)
                                                         seg1[3] (net)
                      0.169114    0.000099    1.506561 ^ seg1[3] (out)
                                              1.506561   data arrival time

                                 25.000000   25.000000   clock clk (rise edge)
                                  0.000000   25.000000   clock network delay (propagated)
                                 -0.250000   24.750000   clock uncertainty
                                  0.000000   24.750000   clock reconvergence pessimism
                                 -5.000000   19.750000   output external delay
                                             19.750000   data required time
---------------------------------------------------------------------------------------------
                                             19.750000   data required time
                                             -1.506561   data arrival time
---------------------------------------------------------------------------------------------
                                             18.243439   slack (MET)


Startpoint: _183_ (rising edge-triggered flip-flop clocked by clk)
Endpoint: seg0[4] (output port clocked by clk)
Path Group: clk
Path Type: max

Fanout         Cap        Slew       Delay        Time   Description
---------------------------------------------------------------------------------------------
                                  0.000000    0.000000   clock clk (rise edge)
                                  0.000000    0.000000   clock source latency
     1    0.011477    0.058009    0.038812    0.038812 ^ clk (in)
                                                         clk (net)
                      0.058010    0.000000    0.038812 ^ clkbuf_0_clk/A (sky130_fd_sc_hd__clkbuf_16)
     4    0.037194    0.057328    0.144682    0.183494 ^ clkbuf_0_clk/X (sky130_fd_sc_hd__clkbuf_16)
                                                         clknet_0_clk (net)
                      0.057328    0.000155    0.183649 ^ clkbuf_2_3__f_clk/A (sky130_fd_sc_hd__clkbuf_16)
    11    0.025712    0.046918    0.135465    0.319114 ^ clkbuf_2_3__f_clk/X (sky130_fd_sc_hd__clkbuf_16)
                                                         clknet_2_3__leaf_clk (net)
                      0.046918    0.000051    0.319166 ^ _183_/CLK (sky130_fd_sc_hd__dfrtp_1)
     2    0.005792    0.054435    0.370705    0.689871 v _183_/Q (sky130_fd_sc_hd__dfrtp_1)
                                                         cnt[1] (net)
                      0.054435    0.000021    0.689891 v fanout30/A (sky130_fd_sc_hd__buf_2)
    10    0.029786    0.079722    0.176111    0.866002 v fanout30/X (sky130_fd_sc_hd__buf_2)
                                                         net30 (net)
                      0.079723    0.000419    0.866421 v _049_/A (sky130_fd_sc_hd__inv_2)
     3    0.011246    0.060393    0.082537    0.948958 ^ _049_/Y (sky130_fd_sc_hd__inv_2)
                                                         _038_ (net)
                      0.060393    0.000033    0.948991 ^ fanout29/A (sky130_fd_sc_hd__buf_2)
    10    0.033835    0.168137    0.202588    1.151579 ^ fanout29/X (sky130_fd_sc_hd__buf_2)
                                                         net29 (net)
                      0.168137    0.000113    1.151692 ^ _066_/A1 (sky130_fd_sc_hd__a31o_1)
     1    0.002619    0.045250    0.155420    1.307112 ^ _066_/X (sky130_fd_sc_hd__a31o_1)
                                                         net7 (net)
                      0.045250    0.000011    1.307123 ^ output7/A (sky130_fd_sc_hd__buf_2)
     1    0.034375    0.170616    0.198740    1.505863 ^ output7/X (sky130_fd_sc_hd__buf_2)
                                                         seg0[4] (net)
                      0.170616    0.000202    1.506065 ^ seg0[4] (out)
                                              1.506065   data arrival time

                                 25.000000   25.000000   clock clk (rise edge)
                                  0.000000   25.000000   clock network delay (propagated)
                                 -0.250000   24.750000   clock uncertainty
                                  0.000000   24.750000   clock reconvergence pessimism
                                 -5.000000   19.750000   output external delay
                                             19.750000   data required time
---------------------------------------------------------------------------------------------
                                             19.750000   data required time
                                             -1.506065   data arrival time
---------------------------------------------------------------------------------------------
                                             18.243935   slack (MET)


Startpoint: _183_ (rising edge-triggered flip-flop clocked by clk)
Endpoint: seg1[0] (output port clocked by clk)
Path Group: clk
Path Type: max

Fanout         Cap        Slew       Delay        Time   Description
---------------------------------------------------------------------------------------------
                                  0.000000    0.000000   clock clk (rise edge)
                                  0.000000    0.000000   clock source latency
     1    0.011477    0.058009    0.038812    0.038812 ^ clk (in)
                                                         clk (net)
                      0.058010    0.000000    0.038812 ^ clkbuf_0_clk/A (sky130_fd_sc_hd__clkbuf_16)
     4    0.037194    0.057328    0.144682    0.183494 ^ clkbuf_0_clk/X (sky130_fd_sc_hd__clkbuf_16)
                                                         clknet_0_clk (net)
                      0.057328    0.000155    0.183649 ^ clkbuf_2_3__f_clk/A (sky130_fd_sc_hd__clkbuf_16)
    11    0.025712    0.046918    0.135465    0.319114 ^ clkbuf_2_3__f_clk/X (sky130_fd_sc_hd__clkbuf_16)
                                                         clknet_2_3__leaf_clk (net)
                      0.046918    0.000051    0.319166 ^ _183_/CLK (sky130_fd_sc_hd__dfrtp_1)
     2    0.005792    0.054435    0.370705    0.689871 v _183_/Q (sky130_fd_sc_hd__dfrtp_1)
                                                         cnt[1] (net)
                      0.054435    0.000021    0.689891 v fanout30/A (sky130_fd_sc_hd__buf_2)
    10    0.029786    0.079722    0.176111    0.866002 v fanout30/X (sky130_fd_sc_hd__buf_2)
                                                         net30 (net)
                      0.079723    0.000419    0.866421 v _049_/A (sky130_fd_sc_hd__inv_2)
     3    0.011246    0.060393    0.082537    0.948958 ^ _049_/Y (sky130_fd_sc_hd__inv_2)
                                                         _038_ (net)
                      0.060393    0.000033    0.948991 ^ fanout29/A (sky130_fd_sc_hd__buf_2)
    10    0.033835    0.168137    0.202588    1.151579 ^ fanout29/X (sky130_fd_sc_hd__buf_2)
                                                         net29 (net)
                      0.168137    0.000521    1.152100 ^ _072_/A1 (sky130_fd_sc_hd__a31o_1)
     1    0.002637    0.045491    0.155561    1.307661 ^ _072_/X (sky130_fd_sc_hd__a31o_1)
                                                         net9 (net)
                      0.045491    0.000009    1.307670 ^ output9/A (sky130_fd_sc_hd__buf_2)
     1    0.033953    0.171127    0.197576    1.505246 ^ output9/X (sky130_fd_sc_hd__buf_2)
                                                         seg1[0] (net)
                      0.171127    0.000074    1.505321 ^ seg1[0] (out)
                                              1.505321   data arrival time

                                 25.000000   25.000000   clock clk (rise edge)
                                  0.000000   25.000000   clock network delay (propagated)
                                 -0.250000   24.750000   clock uncertainty
                                  0.000000   24.750000   clock reconvergence pessimism
                                 -5.000000   19.750000   output external delay
                                             19.750000   data required time
---------------------------------------------------------------------------------------------
                                             19.750000   data required time
                                             -1.505321   data arrival time
---------------------------------------------------------------------------------------------
                                             18.244678   slack (MET)


Startpoint: _182_ (rising edge-triggered flip-flop clocked by clk)
Endpoint: seg2[3] (output port clocked by clk)
Path Group: clk
Path Type: max

Fanout         Cap        Slew       Delay        Time   Description
---------------------------------------------------------------------------------------------
                                  0.000000    0.000000   clock clk (rise edge)
                                  0.000000    0.000000   clock source latency
     1    0.011477    0.058009    0.038812    0.038812 ^ clk (in)
                                                         clk (net)
                      0.058010    0.000000    0.038812 ^ clkbuf_0_clk/A (sky130_fd_sc_hd__clkbuf_16)
     4    0.037194    0.057328    0.144682    0.183494 ^ clkbuf_0_clk/X (sky130_fd_sc_hd__clkbuf_16)
                                                         clknet_0_clk (net)
                      0.057328    0.000155    0.183649 ^ clkbuf_2_3__f_clk/A (sky130_fd_sc_hd__clkbuf_16)
    11    0.025712    0.046918    0.135465    0.319114 ^ clkbuf_2_3__f_clk/X (sky130_fd_sc_hd__clkbuf_16)
                                                         clknet_2_3__leaf_clk (net)
                      0.046918    0.000053    0.319167 ^ _182_/CLK (sky130_fd_sc_hd__dfrtp_1)
     2    0.004621    0.049273    0.364389    0.683557 v _182_/Q (sky130_fd_sc_hd__dfrtp_1)
                                                         cnt[0] (net)
                      0.049273    0.000010    0.683567 v fanout32/A (sky130_fd_sc_hd__buf_2)
    10    0.028821    0.077614    0.172191    0.855758 v fanout32/X (sky130_fd_sc_hd__buf_2)
                                                         net32 (net)
                      0.077614    0.000163    0.855921 v _050_/A (sky130_fd_sc_hd__inv_2)
     3    0.011862    0.062564    0.083654    0.939575 ^ _050_/Y (sky130_fd_sc_hd__inv_2)
                                                         _039_ (net)
                      0.062564    0.000034    0.939609 ^ fanout28/A (sky130_fd_sc_hd__buf_2)
    10    0.034077    0.169263    0.204253    1.143862 ^ fanout28/X (sky130_fd_sc_hd__buf_2)
                                                         net28 (net)
                      0.169263    0.000182    1.144044 ^ _093_/A2 (sky130_fd_sc_hd__a31o_1)
     1    0.002788    0.046916    0.162263    1.306308 ^ _093_/X (sky130_fd_sc_hd__a31o_1)
                                                         net18 (net)
                      0.046916    0.000010    1.306318 ^ output18/A (sky130_fd_sc_hd__buf_2)
     1    0.033989    0.168786    0.198181    1.504499 ^ output18/X (sky130_fd_sc_hd__buf_2)
                                                         seg2[3] (net)
                      0.168786    0.000083    1.504582 ^ seg2[3] (out)
                                              1.504582   data arrival time

                                 25.000000   25.000000   clock clk (rise edge)
                                  0.000000   25.000000   clock network delay (propagated)
                                 -0.250000   24.750000   clock uncertainty
                                  0.000000   24.750000   clock reconvergence pessimism
                                 -5.000000   19.750000   output external delay
                                             19.750000   data required time
---------------------------------------------------------------------------------------------
                                             19.750000   data required time
                                             -1.504582   data arrival time
---------------------------------------------------------------------------------------------
                                             18.245419   slack (MET)


Startpoint: _183_ (rising edge-triggered flip-flop clocked by clk)
Endpoint: seg0[0] (output port clocked by clk)
Path Group: clk
Path Type: max

Fanout         Cap        Slew       Delay        Time   Description
---------------------------------------------------------------------------------------------
                                  0.000000    0.000000   clock clk (rise edge)
                                  0.000000    0.000000   clock source latency
     1    0.011477    0.058009    0.038812    0.038812 ^ clk (in)
                                                         clk (net)
                      0.058010    0.000000    0.038812 ^ clkbuf_0_clk/A (sky130_fd_sc_hd__clkbuf_16)
     4    0.037194    0.057328    0.144682    0.183494 ^ clkbuf_0_clk/X (sky130_fd_sc_hd__clkbuf_16)
                                                         clknet_0_clk (net)
                      0.057328    0.000155    0.183649 ^ clkbuf_2_3__f_clk/A (sky130_fd_sc_hd__clkbuf_16)
    11    0.025712    0.046918    0.135465    0.319114 ^ clkbuf_2_3__f_clk/X (sky130_fd_sc_hd__clkbuf_16)
                                                         clknet_2_3__leaf_clk (net)
                      0.046918    0.000051    0.319166 ^ _183_/CLK (sky130_fd_sc_hd__dfrtp_1)
     2    0.005792    0.054435    0.370705    0.689871 v _183_/Q (sky130_fd_sc_hd__dfrtp_1)
                                                         cnt[1] (net)
                      0.054435    0.000021    0.689891 v fanout30/A (sky130_fd_sc_hd__buf_2)
    10    0.029786    0.079722    0.176111    0.866002 v fanout30/X (sky130_fd_sc_hd__buf_2)
                                                         net30 (net)
                      0.079723    0.000419    0.866421 v _049_/A (sky130_fd_sc_hd__inv_2)
     3    0.011246    0.060393    0.082537    0.948958 ^ _049_/Y (sky130_fd_sc_hd__inv_2)
                                                         _038_ (net)
                      0.060393    0.000033    0.948991 ^ fanout29/A (sky130_fd_sc_hd__buf_2)
    10    0.033835    0.168137    0.202588    1.151579 ^ fanout29/X (sky130_fd_sc_hd__buf_2)
                                                         net29 (net)
                      0.168137    0.000269    1.151849 ^ _058_/A1 (sky130_fd_sc_hd__a31o_1)
     1    0.002415    0.043709    0.153756    1.305605 ^ _058_/X (sky130_fd_sc_hd__a31o_1)
                                                         net3 (net)
                      0.043709    0.000009    1.305613 ^ output3/A (sky130_fd_sc_hd__buf_2)
     1    0.034324    0.170375    0.198012    1.503626 ^ output3/X (sky130_fd_sc_hd__buf_2)
                                                         seg0[0] (net)
                      0.170375    0.000159    1.503784 ^ seg0[0] (out)
                                              1.503784   data arrival time

                                 25.000000   25.000000   clock clk (rise edge)
                                  0.000000   25.000000   clock network delay (propagated)
                                 -0.250000   24.750000   clock uncertainty
                                  0.000000   24.750000   clock reconvergence pessimism
                                 -5.000000   19.750000   output external delay
                                             19.750000   data required time
---------------------------------------------------------------------------------------------
                                             19.750000   data required time
                                             -1.503784   data arrival time
---------------------------------------------------------------------------------------------
                                             18.246216   slack (MET)


Startpoint: _183_ (rising edge-triggered flip-flop clocked by clk)
Endpoint: seg1[2] (output port clocked by clk)
Path Group: clk
Path Type: max

Fanout         Cap        Slew       Delay        Time   Description
---------------------------------------------------------------------------------------------
                                  0.000000    0.000000   clock clk (rise edge)
                                  0.000000    0.000000   clock source latency
     1    0.011477    0.058009    0.038812    0.038812 ^ clk (in)
                                                         clk (net)
                      0.058010    0.000000    0.038812 ^ clkbuf_0_clk/A (sky130_fd_sc_hd__clkbuf_16)
     4    0.037194    0.057328    0.144682    0.183494 ^ clkbuf_0_clk/X (sky130_fd_sc_hd__clkbuf_16)
                                                         clknet_0_clk (net)
                      0.057328    0.000155    0.183649 ^ clkbuf_2_3__f_clk/A (sky130_fd_sc_hd__clkbuf_16)
    11    0.025712    0.046918    0.135465    0.319114 ^ clkbuf_2_3__f_clk/X (sky130_fd_sc_hd__clkbuf_16)
                                                         clknet_2_3__leaf_clk (net)
                      0.046918    0.000051    0.319166 ^ _183_/CLK (sky130_fd_sc_hd__dfrtp_1)
     2    0.005792    0.054435    0.370705    0.689871 v _183_/Q (sky130_fd_sc_hd__dfrtp_1)
                                                         cnt[1] (net)
                      0.054435    0.000021    0.689891 v fanout30/A (sky130_fd_sc_hd__buf_2)
    10    0.029786    0.079722    0.176111    0.866002 v fanout30/X (sky130_fd_sc_hd__buf_2)
                                                         net30 (net)
                      0.079723    0.000419    0.866421 v _049_/A (sky130_fd_sc_hd__inv_2)
     3    0.011246    0.060393    0.082537    0.948958 ^ _049_/Y (sky130_fd_sc_hd__inv_2)
                                                         _038_ (net)
                      0.060393    0.000033    0.948991 ^ fanout29/A (sky130_fd_sc_hd__buf_2)
    10    0.033835    0.168137    0.202588    1.151579 ^ fanout29/X (sky130_fd_sc_hd__buf_2)
                                                         net29 (net)
                      0.168137    0.000513    1.152092 ^ _076_/A1 (sky130_fd_sc_hd__a31o_1)
     1    0.002410    0.043482    0.153722    1.305815 ^ _076_/X (sky130_fd_sc_hd__a31o_1)
                                                         net11 (net)
                      0.043482    0.000005    1.305820 ^ output11/A (sky130_fd_sc_hd__buf_2)
     1    0.034006    0.168873    0.196918    1.502738 ^ output11/X (sky130_fd_sc_hd__buf_2)
                                                         seg1[2] (net)
                      0.168873    0.000086    1.502824 ^ seg1[2] (out)
                                              1.502824   data arrival time

                                 25.000000   25.000000   clock clk (rise edge)
                                  0.000000   25.000000   clock network delay (propagated)
                                 -0.250000   24.750000   clock uncertainty
                                  0.000000   24.750000   clock reconvergence pessimism
                                 -5.000000   19.750000   output external delay
                                             19.750000   data required time
---------------------------------------------------------------------------------------------
                                             19.750000   data required time
                                             -1.502824   data arrival time
---------------------------------------------------------------------------------------------
                                             18.247175   slack (MET)


Startpoint: _183_ (rising edge-triggered flip-flop clocked by clk)
Endpoint: seg0[1] (output port clocked by clk)
Path Group: clk
Path Type: max

Fanout         Cap        Slew       Delay        Time   Description
---------------------------------------------------------------------------------------------
                                  0.000000    0.000000   clock clk (rise edge)
                                  0.000000    0.000000   clock source latency
     1    0.011477    0.058009    0.038812    0.038812 ^ clk (in)
                                                         clk (net)
                      0.058010    0.000000    0.038812 ^ clkbuf_0_clk/A (sky130_fd_sc_hd__clkbuf_16)
     4    0.037194    0.057328    0.144682    0.183494 ^ clkbuf_0_clk/X (sky130_fd_sc_hd__clkbuf_16)
                                                         clknet_0_clk (net)
                      0.057328    0.000155    0.183649 ^ clkbuf_2_3__f_clk/A (sky130_fd_sc_hd__clkbuf_16)
    11    0.025712    0.046918    0.135465    0.319114 ^ clkbuf_2_3__f_clk/X (sky130_fd_sc_hd__clkbuf_16)
                                                         clknet_2_3__leaf_clk (net)
                      0.046918    0.000051    0.319166 ^ _183_/CLK (sky130_fd_sc_hd__dfrtp_1)
     2    0.005792    0.054435    0.370705    0.689871 v _183_/Q (sky130_fd_sc_hd__dfrtp_1)
                                                         cnt[1] (net)
                      0.054435    0.000021    0.689891 v fanout30/A (sky130_fd_sc_hd__buf_2)
    10    0.029786    0.079722    0.176111    0.866002 v fanout30/X (sky130_fd_sc_hd__buf_2)
                                                         net30 (net)
                      0.079723    0.000419    0.866421 v _049_/A (sky130_fd_sc_hd__inv_2)
     3    0.011246    0.060393    0.082537    0.948958 ^ _049_/Y (sky130_fd_sc_hd__inv_2)
                                                         _038_ (net)
                      0.060393    0.000033    0.948991 ^ fanout29/A (sky130_fd_sc_hd__buf_2)
    10    0.033835    0.168137    0.202588    1.151579 ^ fanout29/X (sky130_fd_sc_hd__buf_2)
                                                         net29 (net)
                      0.168137    0.000265    1.151845 ^ _060_/A1 (sky130_fd_sc_hd__a31o_1)
     1    0.002241    0.042216    0.152341    1.304186 ^ _060_/X (sky130_fd_sc_hd__a31o_1)
                                                         net4 (net)
                      0.042216    0.000005    1.304191 ^ output4/A (sky130_fd_sc_hd__buf_2)
     1    0.034528    0.171313    0.198110    1.502301 ^ output4/X (sky130_fd_sc_hd__buf_2)
                                                         seg0[1] (net)
                      0.171313    0.000170    1.502471 ^ seg0[1] (out)
                                              1.502471   data arrival time

                                 25.000000   25.000000   clock clk (rise edge)
                                  0.000000   25.000000   clock network delay (propagated)
                                 -0.250000   24.750000   clock uncertainty
                                  0.000000   24.750000   clock reconvergence pessimism
                                 -5.000000   19.750000   output external delay
                                             19.750000   data required time
---------------------------------------------------------------------------------------------
                                             19.750000   data required time
                                             -1.502471   data arrival time
---------------------------------------------------------------------------------------------
                                             18.247528   slack (MET)


Startpoint: _183_ (rising edge-triggered flip-flop clocked by clk)
Endpoint: seg0[3] (output port clocked by clk)
Path Group: clk
Path Type: max

Fanout         Cap        Slew       Delay        Time   Description
---------------------------------------------------------------------------------------------
                                  0.000000    0.000000   clock clk (rise edge)
                                  0.000000    0.000000   clock source latency
     1    0.011477    0.058009    0.038812    0.038812 ^ clk (in)
                                                         clk (net)
                      0.058010    0.000000    0.038812 ^ clkbuf_0_clk/A (sky130_fd_sc_hd__clkbuf_16)
     4    0.037194    0.057328    0.144682    0.183494 ^ clkbuf_0_clk/X (sky130_fd_sc_hd__clkbuf_16)
                                                         clknet_0_clk (net)
                      0.057328    0.000155    0.183649 ^ clkbuf_2_3__f_clk/A (sky130_fd_sc_hd__clkbuf_16)
    11    0.025712    0.046918    0.135465    0.319114 ^ clkbuf_2_3__f_clk/X (sky130_fd_sc_hd__clkbuf_16)
                                                         clknet_2_3__leaf_clk (net)
                      0.046918    0.000051    0.319166 ^ _183_/CLK (sky130_fd_sc_hd__dfrtp_1)
     2    0.005792    0.054435    0.370705    0.689871 v _183_/Q (sky130_fd_sc_hd__dfrtp_1)
                                                         cnt[1] (net)
                      0.054435    0.000021    0.689891 v fanout30/A (sky130_fd_sc_hd__buf_2)
    10    0.029786    0.079722    0.176111    0.866002 v fanout30/X (sky130_fd_sc_hd__buf_2)
                                                         net30 (net)
                      0.079723    0.000419    0.866421 v _049_/A (sky130_fd_sc_hd__inv_2)
     3    0.011246    0.060393    0.082537    0.948958 ^ _049_/Y (sky130_fd_sc_hd__inv_2)
                                                         _038_ (net)
                      0.060393    0.000033    0.948991 ^ fanout29/A (sky130_fd_sc_hd__buf_2)
    10    0.033835    0.168137    0.202588    1.151579 ^ fanout29/X (sky130_fd_sc_hd__buf_2)
                                                         net29 (net)
                      0.168137    0.000016    1.151595 ^ _064_/A1 (sky130_fd_sc_hd__a31o_1)
     1    0.002160    0.041526    0.151688    1.303283 ^ _064_/X (sky130_fd_sc_hd__a31o_1)
                                                         net6 (net)
                      0.041526    0.000004    1.303287 ^ output6/A (sky130_fd_sc_hd__buf_2)
     1    0.034542    0.171385    0.197853    1.501140 ^ output6/X (sky130_fd_sc_hd__buf_2)
                                                         seg0[3] (net)
                      0.171385    0.000226    1.501366 ^ seg0[3] (out)
                                              1.501366   data arrival time

                                 25.000000   25.000000   clock clk (rise edge)
                                  0.000000   25.000000   clock network delay (propagated)
                                 -0.250000   24.750000   clock uncertainty
                                  0.000000   24.750000   clock reconvergence pessimism
                                 -5.000000   19.750000   output external delay
                                             19.750000   data required time
---------------------------------------------------------------------------------------------
                                             19.750000   data required time
                                             -1.501366   data arrival time
---------------------------------------------------------------------------------------------
                                             18.248632   slack (MET)


Startpoint: _182_ (rising edge-triggered flip-flop clocked by clk)
Endpoint: seg2[2] (output port clocked by clk)
Path Group: clk
Path Type: max

Fanout         Cap        Slew       Delay        Time   Description
---------------------------------------------------------------------------------------------
                                  0.000000    0.000000   clock clk (rise edge)
                                  0.000000    0.000000   clock source latency
     1    0.011477    0.058009    0.038812    0.038812 ^ clk (in)
                                                         clk (net)
                      0.058010    0.000000    0.038812 ^ clkbuf_0_clk/A (sky130_fd_sc_hd__clkbuf_16)
     4    0.037194    0.057328    0.144682    0.183494 ^ clkbuf_0_clk/X (sky130_fd_sc_hd__clkbuf_16)
                                                         clknet_0_clk (net)
                      0.057328    0.000155    0.183649 ^ clkbuf_2_3__f_clk/A (sky130_fd_sc_hd__clkbuf_16)
    11    0.025712    0.046918    0.135465    0.319114 ^ clkbuf_2_3__f_clk/X (sky130_fd_sc_hd__clkbuf_16)
                                                         clknet_2_3__leaf_clk (net)
                      0.046918    0.000053    0.319167 ^ _182_/CLK (sky130_fd_sc_hd__dfrtp_1)
     2    0.004621    0.049273    0.364389    0.683557 v _182_/Q (sky130_fd_sc_hd__dfrtp_1)
                                                         cnt[0] (net)
                      0.049273    0.000010    0.683567 v fanout32/A (sky130_fd_sc_hd__buf_2)
    10    0.028821    0.077614    0.172191    0.855758 v fanout32/X (sky130_fd_sc_hd__buf_2)
                                                         net32 (net)
                      0.077614    0.000163    0.855921 v _050_/A (sky130_fd_sc_hd__inv_2)
     3    0.011862    0.062564    0.083654    0.939575 ^ _050_/Y (sky130_fd_sc_hd__inv_2)
                                                         _039_ (net)
                      0.062564    0.000034    0.939609 ^ fanout28/A (sky130_fd_sc_hd__buf_2)
    10    0.034077    0.169263    0.204253    1.143862 ^ fanout28/X (sky130_fd_sc_hd__buf_2)
                                                         net28 (net)
                      0.169263    0.000078    1.143940 ^ _091_/A2 (sky130_fd_sc_hd__a31o_1)
     1    0.002320    0.042896    0.158461    1.302401 ^ _091_/X (sky130_fd_sc_hd__a31o_1)
                                                         net17 (net)
                      0.042896    0.000006    1.302407 ^ output17/A (sky130_fd_sc_hd__buf_2)
     1    0.033953    0.171146    0.196582    1.498989 ^ output17/X (sky130_fd_sc_hd__buf_2)
                                                         seg2[2] (net)
                      0.171146    0.000074    1.499063 ^ seg2[2] (out)
                                              1.499063   data arrival time

                                 25.000000   25.000000   clock clk (rise edge)
                                  0.000000   25.000000   clock network delay (propagated)
                                 -0.250000   24.750000   clock uncertainty
                                  0.000000   24.750000   clock reconvergence pessimism
                                 -5.000000   19.750000   output external delay
                                             19.750000   data required time
---------------------------------------------------------------------------------------------
                                             19.750000   data required time
                                             -1.499063   data arrival time
---------------------------------------------------------------------------------------------
                                             18.250937   slack (MET)


Startpoint: _183_ (rising edge-triggered flip-flop clocked by clk)
Endpoint: seg0[5] (output port clocked by clk)
Path Group: clk
Path Type: max

Fanout         Cap        Slew       Delay        Time   Description
---------------------------------------------------------------------------------------------
                                  0.000000    0.000000   clock clk (rise edge)
                                  0.000000    0.000000   clock source latency
     1    0.011477    0.058009    0.038812    0.038812 ^ clk (in)
                                                         clk (net)
                      0.058010    0.000000    0.038812 ^ clkbuf_0_clk/A (sky130_fd_sc_hd__clkbuf_16)
     4    0.037194    0.057328    0.144682    0.183494 ^ clkbuf_0_clk/X (sky130_fd_sc_hd__clkbuf_16)
                                                         clknet_0_clk (net)
                      0.057328    0.000155    0.183649 ^ clkbuf_2_3__f_clk/A (sky130_fd_sc_hd__clkbuf_16)
    11    0.025712    0.046918    0.135465    0.319114 ^ clkbuf_2_3__f_clk/X (sky130_fd_sc_hd__clkbuf_16)
                                                         clknet_2_3__leaf_clk (net)
                      0.046918    0.000051    0.319166 ^ _183_/CLK (sky130_fd_sc_hd__dfrtp_1)
     2    0.005792    0.054435    0.370705    0.689871 v _183_/Q (sky130_fd_sc_hd__dfrtp_1)
                                                         cnt[1] (net)
                      0.054435    0.000021    0.689891 v fanout30/A (sky130_fd_sc_hd__buf_2)
    10    0.029786    0.079722    0.176111    0.866002 v fanout30/X (sky130_fd_sc_hd__buf_2)
                                                         net30 (net)
                      0.079723    0.000419    0.866421 v _049_/A (sky130_fd_sc_hd__inv_2)
     3    0.011246    0.060393    0.082537    0.948958 ^ _049_/Y (sky130_fd_sc_hd__inv_2)
                                                         _038_ (net)
                      0.060393    0.000033    0.948991 ^ fanout29/A (sky130_fd_sc_hd__buf_2)
    10    0.033835    0.168137    0.202588    1.151579 ^ fanout29/X (sky130_fd_sc_hd__buf_2)
                                                         net29 (net)
                      0.168137    0.000025    1.151604 ^ _068_/A1 (sky130_fd_sc_hd__a31o_1)
     1    0.001856    0.038698    0.149214    1.300818 ^ _068_/X (sky130_fd_sc_hd__a31o_1)
                                                         net8 (net)
                      0.038698    0.000000    1.300818 ^ output8/A (sky130_fd_sc_hd__buf_2)
     1    0.034621    0.171762    0.197023    1.497841 ^ output8/X (sky130_fd_sc_hd__buf_2)
                                                         seg0[5] (net)
                      0.171762    0.000237    1.498079 ^ seg0[5] (out)
                                              1.498079   data arrival time

                                 25.000000   25.000000   clock clk (rise edge)
                                  0.000000   25.000000   clock network delay (propagated)
                                 -0.250000   24.750000   clock uncertainty
                                  0.000000   24.750000   clock reconvergence pessimism
                                 -5.000000   19.750000   output external delay
                                             19.750000   data required time
---------------------------------------------------------------------------------------------
                                             19.750000   data required time
                                             -1.498079   data arrival time
---------------------------------------------------------------------------------------------
                                             18.251921   slack (MET)


Startpoint: _183_ (rising edge-triggered flip-flop clocked by clk)
Endpoint: seg0[2] (output port clocked by clk)
Path Group: clk
Path Type: max

Fanout         Cap        Slew       Delay        Time   Description
---------------------------------------------------------------------------------------------
                                  0.000000    0.000000   clock clk (rise edge)
                                  0.000000    0.000000   clock source latency
     1    0.011477    0.058009    0.038812    0.038812 ^ clk (in)
                                                         clk (net)
                      0.058010    0.000000    0.038812 ^ clkbuf_0_clk/A (sky130_fd_sc_hd__clkbuf_16)
     4    0.037194    0.057328    0.144682    0.183494 ^ clkbuf_0_clk/X (sky130_fd_sc_hd__clkbuf_16)
                                                         clknet_0_clk (net)
                      0.057328    0.000155    0.183649 ^ clkbuf_2_3__f_clk/A (sky130_fd_sc_hd__clkbuf_16)
    11    0.025712    0.046918    0.135465    0.319114 ^ clkbuf_2_3__f_clk/X (sky130_fd_sc_hd__clkbuf_16)
                                                         clknet_2_3__leaf_clk (net)
                      0.046918    0.000051    0.319166 ^ _183_/CLK (sky130_fd_sc_hd__dfrtp_1)
     2    0.005792    0.054435    0.370705    0.689871 v _183_/Q (sky130_fd_sc_hd__dfrtp_1)
                                                         cnt[1] (net)
                      0.054435    0.000021    0.689891 v fanout30/A (sky130_fd_sc_hd__buf_2)
    10    0.029786    0.079722    0.176111    0.866002 v fanout30/X (sky130_fd_sc_hd__buf_2)
                                                         net30 (net)
                      0.079723    0.000419    0.866421 v _049_/A (sky130_fd_sc_hd__inv_2)
     3    0.011246    0.060393    0.082537    0.948958 ^ _049_/Y (sky130_fd_sc_hd__inv_2)
                                                         _038_ (net)
                      0.060393    0.000033    0.948991 ^ fanout29/A (sky130_fd_sc_hd__buf_2)
    10    0.033835    0.168137    0.202588    1.151579 ^ fanout29/X (sky130_fd_sc_hd__buf_2)
                                                         net29 (net)
                      0.168137    0.000019    1.151598 ^ _062_/A1 (sky130_fd_sc_hd__a31o_1)
     1    0.001856    0.038916    0.149214    1.300812 ^ _062_/X (sky130_fd_sc_hd__a31o_1)
                                                         net5 (net)
                      0.038916    0.000000    1.300812 ^ output5/A (sky130_fd_sc_hd__buf_2)
     1    0.034582    0.171576    0.196979    1.497792 ^ output5/X (sky130_fd_sc_hd__buf_2)
                                                         seg0[2] (net)
                      0.171576    0.000232    1.498023 ^ seg0[2] (out)
                                              1.498023   data arrival time

                                 25.000000   25.000000   clock clk (rise edge)
                                  0.000000   25.000000   clock network delay (propagated)
                                 -0.250000   24.750000   clock uncertainty
                                  0.000000   24.750000   clock reconvergence pessimism
                                 -5.000000   19.750000   output external delay
                                             19.750000   data required time
---------------------------------------------------------------------------------------------
                                             19.750000   data required time
                                             -1.498023   data arrival time
---------------------------------------------------------------------------------------------
                                             18.251976   slack (MET)


Startpoint: _182_ (rising edge-triggered flip-flop clocked by clk)
Endpoint: seg2[0] (output port clocked by clk)
Path Group: clk
Path Type: max

Fanout         Cap        Slew       Delay        Time   Description
---------------------------------------------------------------------------------------------
                                  0.000000    0.000000   clock clk (rise edge)
                                  0.000000    0.000000   clock source latency
     1    0.011477    0.058009    0.038812    0.038812 ^ clk (in)
                                                         clk (net)
                      0.058010    0.000000    0.038812 ^ clkbuf_0_clk/A (sky130_fd_sc_hd__clkbuf_16)
     4    0.037194    0.057328    0.144682    0.183494 ^ clkbuf_0_clk/X (sky130_fd_sc_hd__clkbuf_16)
                                                         clknet_0_clk (net)
                      0.057328    0.000155    0.183649 ^ clkbuf_2_3__f_clk/A (sky130_fd_sc_hd__clkbuf_16)
    11    0.025712    0.046918    0.135465    0.319114 ^ clkbuf_2_3__f_clk/X (sky130_fd_sc_hd__clkbuf_16)
                                                         clknet_2_3__leaf_clk (net)
                      0.046918    0.000053    0.319167 ^ _182_/CLK (sky130_fd_sc_hd__dfrtp_1)
     2    0.004621    0.049273    0.364389    0.683557 v _182_/Q (sky130_fd_sc_hd__dfrtp_1)
                                                         cnt[0] (net)
                      0.049273    0.000010    0.683567 v fanout32/A (sky130_fd_sc_hd__buf_2)
    10    0.028821    0.077614    0.172191    0.855758 v fanout32/X (sky130_fd_sc_hd__buf_2)
                                                         net32 (net)
                      0.077614    0.000163    0.855921 v _050_/A (sky130_fd_sc_hd__inv_2)
     3    0.011862    0.062564    0.083654    0.939575 ^ _050_/Y (sky130_fd_sc_hd__inv_2)
                                                         _039_ (net)
                      0.062564    0.000034    0.939609 ^ fanout28/A (sky130_fd_sc_hd__buf_2)
    10    0.034077    0.169263    0.204253    1.143862 ^ fanout28/X (sky130_fd_sc_hd__buf_2)
                                                         net28 (net)
                      0.169263    0.000066    1.143928 ^ _086_/A2 (sky130_fd_sc_hd__a31o_1)
     1    0.002155    0.041480    0.157122    1.301050 ^ _086_/X (sky130_fd_sc_hd__a31o_1)
                                                         net15 (net)
                      0.041480    0.000004    1.301054 ^ output15/A (sky130_fd_sc_hd__buf_2)
     1    0.034199    0.169787    0.196772    1.497826 ^ output15/X (sky130_fd_sc_hd__buf_2)
                                                         seg2[0] (net)
                      0.169787    0.000117    1.497943 ^ seg2[0] (out)
                                              1.497943   data arrival time

                                 25.000000   25.000000   clock clk (rise edge)
                                  0.000000   25.000000   clock network delay (propagated)
                                 -0.250000   24.750000   clock uncertainty
                                  0.000000   24.750000   clock reconvergence pessimism
                                 -5.000000   19.750000   output external delay
                                             19.750000   data required time
---------------------------------------------------------------------------------------------
                                             19.750000   data required time
                                             -1.497943   data arrival time
---------------------------------------------------------------------------------------------
                                             18.252056   slack (MET)


Startpoint: _182_ (rising edge-triggered flip-flop clocked by clk)
Endpoint: seg2[4] (output port clocked by clk)
Path Group: clk
Path Type: max

Fanout         Cap        Slew       Delay        Time   Description
---------------------------------------------------------------------------------------------
                                  0.000000    0.000000   clock clk (rise edge)
                                  0.000000    0.000000   clock source latency
     1    0.011477    0.058009    0.038812    0.038812 ^ clk (in)
                                                         clk (net)
                      0.058010    0.000000    0.038812 ^ clkbuf_0_clk/A (sky130_fd_sc_hd__clkbuf_16)
     4    0.037194    0.057328    0.144682    0.183494 ^ clkbuf_0_clk/X (sky130_fd_sc_hd__clkbuf_16)
                                                         clknet_0_clk (net)
                      0.057328    0.000155    0.183649 ^ clkbuf_2_3__f_clk/A (sky130_fd_sc_hd__clkbuf_16)
    11    0.025712    0.046918    0.135465    0.319114 ^ clkbuf_2_3__f_clk/X (sky130_fd_sc_hd__clkbuf_16)
                                                         clknet_2_3__leaf_clk (net)
                      0.046918    0.000053    0.319167 ^ _182_/CLK (sky130_fd_sc_hd__dfrtp_1)
     2    0.004621    0.049273    0.364389    0.683557 v _182_/Q (sky130_fd_sc_hd__dfrtp_1)
                                                         cnt[0] (net)
                      0.049273    0.000010    0.683567 v fanout32/A (sky130_fd_sc_hd__buf_2)
    10    0.028821    0.077614    0.172191    0.855758 v fanout32/X (sky130_fd_sc_hd__buf_2)
                                                         net32 (net)
                      0.077614    0.000163    0.855921 v _050_/A (sky130_fd_sc_hd__inv_2)
     3    0.011862    0.062564    0.083654    0.939575 ^ _050_/Y (sky130_fd_sc_hd__inv_2)
                                                         _039_ (net)
                      0.062564    0.000034    0.939609 ^ fanout28/A (sky130_fd_sc_hd__buf_2)
    10    0.034077    0.169263    0.204253    1.143862 ^ fanout28/X (sky130_fd_sc_hd__buf_2)
                                                         net28 (net)
                      0.169263    0.000256    1.144118 ^ _095_/A2 (sky130_fd_sc_hd__a31o_1)
     1    0.002043    0.040517    0.156211    1.300330 ^ _095_/X (sky130_fd_sc_hd__a31o_1)
                                                         net19 (net)
                      0.040517    0.000003    1.300333 ^ output19/A (sky130_fd_sc_hd__buf_2)
     1    0.034344    0.170461    0.196828    1.497161 ^ output19/X (sky130_fd_sc_hd__buf_2)
                                                         seg2[4] (net)
                      0.170461    0.000198    1.497358 ^ seg2[4] (out)
                                              1.497358   data arrival time

                                 25.000000   25.000000   clock clk (rise edge)
                                  0.000000   25.000000   clock network delay (propagated)
                                 -0.250000   24.750000   clock uncertainty
                                  0.000000   24.750000   clock reconvergence pessimism
                                 -5.000000   19.750000   output external delay
                                             19.750000   data required time
---------------------------------------------------------------------------------------------
                                             19.750000   data required time
                                             -1.497358   data arrival time
---------------------------------------------------------------------------------------------
                                             18.252642   slack (MET)


Startpoint: _182_ (rising edge-triggered flip-flop clocked by clk)
Endpoint: seg2[5] (output port clocked by clk)
Path Group: clk
Path Type: max

Fanout         Cap        Slew       Delay        Time   Description
---------------------------------------------------------------------------------------------
                                  0.000000    0.000000   clock clk (rise edge)
                                  0.000000    0.000000   clock source latency
     1    0.011477    0.058009    0.038812    0.038812 ^ clk (in)
                                                         clk (net)
                      0.058010    0.000000    0.038812 ^ clkbuf_0_clk/A (sky130_fd_sc_hd__clkbuf_16)
     4    0.037194    0.057328    0.144682    0.183494 ^ clkbuf_0_clk/X (sky130_fd_sc_hd__clkbuf_16)
                                                         clknet_0_clk (net)
                      0.057328    0.000155    0.183649 ^ clkbuf_2_3__f_clk/A (sky130_fd_sc_hd__clkbuf_16)
    11    0.025712    0.046918    0.135465    0.319114 ^ clkbuf_2_3__f_clk/X (sky130_fd_sc_hd__clkbuf_16)
                                                         clknet_2_3__leaf_clk (net)
                      0.046918    0.000053    0.319167 ^ _182_/CLK (sky130_fd_sc_hd__dfrtp_1)
     2    0.004621    0.049273    0.364389    0.683557 v _182_/Q (sky130_fd_sc_hd__dfrtp_1)
                                                         cnt[0] (net)
                      0.049273    0.000010    0.683567 v fanout32/A (sky130_fd_sc_hd__buf_2)
    10    0.028821    0.077614    0.172191    0.855758 v fanout32/X (sky130_fd_sc_hd__buf_2)
                                                         net32 (net)
                      0.077614    0.000163    0.855921 v _050_/A (sky130_fd_sc_hd__inv_2)
     3    0.011862    0.062564    0.083654    0.939575 ^ _050_/Y (sky130_fd_sc_hd__inv_2)
                                                         _039_ (net)
                      0.062564    0.000034    0.939609 ^ fanout28/A (sky130_fd_sc_hd__buf_2)
    10    0.034077    0.169263    0.204253    1.143862 ^ fanout28/X (sky130_fd_sc_hd__buf_2)
                                                         net28 (net)
                      0.169263    0.000299    1.144161 ^ _097_/A2 (sky130_fd_sc_hd__a31o_1)
     1    0.001856    0.038916    0.154698    1.298858 ^ _097_/X (sky130_fd_sc_hd__a31o_1)
                                                         net20 (net)
                      0.038916    0.000000    1.298859 ^ output20/A (sky130_fd_sc_hd__buf_2)
     1    0.034582    0.171576    0.196979    1.495838 ^ output20/X (sky130_fd_sc_hd__buf_2)
                                                         seg2[5] (net)
                      0.171576    0.000232    1.496070 ^ seg2[5] (out)
                                              1.496070   data arrival time

                                 25.000000   25.000000   clock clk (rise edge)
                                  0.000000   25.000000   clock network delay (propagated)
                                 -0.250000   24.750000   clock uncertainty
                                  0.000000   24.750000   clock reconvergence pessimism
                                 -5.000000   19.750000   output external delay
                                             19.750000   data required time
---------------------------------------------------------------------------------------------
                                             19.750000   data required time
                                             -1.496070   data arrival time
---------------------------------------------------------------------------------------------
                                             18.253931   slack (MET)


Startpoint: _176_ (rising edge-triggered flip-flop clocked by clk)
Endpoint: seg3[0] (output port clocked by clk)
Path Group: clk
Path Type: max

Fanout         Cap        Slew       Delay        Time   Description
---------------------------------------------------------------------------------------------
                                  0.000000    0.000000   clock clk (rise edge)
                                  0.000000    0.000000   clock source latency
     1    0.011477    0.058009    0.038812    0.038812 ^ clk (in)
                                                         clk (net)
                      0.058010    0.000000    0.038812 ^ clkbuf_0_clk/A (sky130_fd_sc_hd__clkbuf_16)
     4    0.037194    0.057328    0.144682    0.183494 ^ clkbuf_0_clk/X (sky130_fd_sc_hd__clkbuf_16)
                                                         clknet_0_clk (net)
                      0.057328    0.000157    0.183651 ^ clkbuf_2_0__f_clk/A (sky130_fd_sc_hd__clkbuf_16)
    10    0.024745    0.046038    0.134525    0.318176 ^ clkbuf_2_0__f_clk/X (sky130_fd_sc_hd__clkbuf_16)
                                                         clknet_2_0__leaf_clk (net)
                      0.046038    0.000018    0.318194 ^ _176_/CLK (sky130_fd_sc_hd__dfstp_2)
     9    0.031989    0.162542    0.611713    0.929907 ^ _176_/Q (sky130_fd_sc_hd__dfstp_2)
                                                         cursor[0] (net)
                      0.162542    0.000247    0.930153 ^ _101_/A3 (sky130_fd_sc_hd__a31o_1)
     1    0.002074    0.040612    0.154370    1.084523 ^ _101_/X (sky130_fd_sc_hd__a31o_1)
                                                         net21 (net)
                      0.040612    0.000003    1.084526 ^ output21/A (sky130_fd_sc_hd__buf_2)
     1    0.034410    0.170769    0.197072    1.281598 ^ output21/X (sky130_fd_sc_hd__buf_2)
                                                         seg3[0] (net)
                      0.170769    0.000213    1.281811 ^ seg3[0] (out)
                                              1.281811   data arrival time

                                 25.000000   25.000000   clock clk (rise edge)
                                  0.000000   25.000000   clock network delay (propagated)
                                 -0.250000   24.750000   clock uncertainty
                                  0.000000   24.750000   clock reconvergence pessimism
                                 -5.000000   19.750000   output external delay
                                             19.750000   data required time
---------------------------------------------------------------------------------------------
                                             19.750000   data required time
                                             -1.281811   data arrival time
---------------------------------------------------------------------------------------------
                                             18.468189   slack (MET)


Startpoint: _183_ (rising edge-triggered flip-flop clocked by clk)
Endpoint: seg1[5] (output port clocked by clk)
Path Group: clk
Path Type: max

Fanout         Cap        Slew       Delay        Time   Description
---------------------------------------------------------------------------------------------
                                  0.000000    0.000000   clock clk (rise edge)
                                  0.000000    0.000000   clock source latency
     1    0.011477    0.058009    0.038812    0.038812 ^ clk (in)
                                                         clk (net)
                      0.058010    0.000000    0.038812 ^ clkbuf_0_clk/A (sky130_fd_sc_hd__clkbuf_16)
     4    0.037194    0.057328    0.144682    0.183494 ^ clkbuf_0_clk/X (sky130_fd_sc_hd__clkbuf_16)
                                                         clknet_0_clk (net)
                      0.057328    0.000155    0.183649 ^ clkbuf_2_3__f_clk/A (sky130_fd_sc_hd__clkbuf_16)
    11    0.025712    0.046918    0.135465    0.319114 ^ clkbuf_2_3__f_clk/X (sky130_fd_sc_hd__clkbuf_16)
                                                         clknet_2_3__leaf_clk (net)
                      0.046918    0.000051    0.319166 ^ _183_/CLK (sky130_fd_sc_hd__dfrtp_1)
     2    0.005792    0.054435    0.370705    0.689871 v _183_/Q (sky130_fd_sc_hd__dfrtp_1)
                                                         cnt[1] (net)
                      0.054435    0.000021    0.689891 v fanout30/A (sky130_fd_sc_hd__buf_2)
    10    0.029786    0.079722    0.176111    0.866002 v fanout30/X (sky130_fd_sc_hd__buf_2)
                                                         net30 (net)
                      0.079723    0.000419    0.866421 v _049_/A (sky130_fd_sc_hd__inv_2)
     3    0.011246    0.060393    0.082537    0.948958 ^ _049_/Y (sky130_fd_sc_hd__inv_2)
                                                         _038_ (net)
                      0.060393    0.000103    0.949061 ^ _082_/A1 (sky130_fd_sc_hd__a31o_1)
     1    0.003371    0.049974    0.131379    1.080440 ^ _082_/X (sky130_fd_sc_hd__a31o_1)
                                                         net14 (net)
                      0.049974    0.000020    1.080460 ^ output14/A (sky130_fd_sc_hd__buf_2)
     1    0.034252    0.170016    0.200193    1.280653 ^ output14/X (sky130_fd_sc_hd__buf_2)
                                                         seg1[5] (net)
                      0.170016    0.000129    1.280782 ^ seg1[5] (out)
                                              1.280782   data arrival time

                                 25.000000   25.000000   clock clk (rise edge)
                                  0.000000   25.000000   clock network delay (propagated)
                                 -0.250000   24.750000   clock uncertainty
                                  0.000000   24.750000   clock reconvergence pessimism
                                 -5.000000   19.750000   output external delay
                                             19.750000   data required time
---------------------------------------------------------------------------------------------
                                             19.750000   data required time
                                             -1.280782   data arrival time
---------------------------------------------------------------------------------------------
                                             18.469217   slack (MET)


Startpoint: _183_ (rising edge-triggered flip-flop clocked by clk)
Endpoint: seg1[4] (output port clocked by clk)
Path Group: clk
Path Type: max

Fanout         Cap        Slew       Delay        Time   Description
---------------------------------------------------------------------------------------------
                                  0.000000    0.000000   clock clk (rise edge)
                                  0.000000    0.000000   clock source latency
     1    0.011477    0.058009    0.038812    0.038812 ^ clk (in)
                                                         clk (net)
                      0.058010    0.000000    0.038812 ^ clkbuf_0_clk/A (sky130_fd_sc_hd__clkbuf_16)
     4    0.037194    0.057328    0.144682    0.183494 ^ clkbuf_0_clk/X (sky130_fd_sc_hd__clkbuf_16)
                                                         clknet_0_clk (net)
                      0.057328    0.000155    0.183649 ^ clkbuf_2_3__f_clk/A (sky130_fd_sc_hd__clkbuf_16)
    11    0.025712    0.046918    0.135465    0.319114 ^ clkbuf_2_3__f_clk/X (sky130_fd_sc_hd__clkbuf_16)
                                                         clknet_2_3__leaf_clk (net)
                      0.046918    0.000051    0.319166 ^ _183_/CLK (sky130_fd_sc_hd__dfrtp_1)
     2    0.005792    0.054435    0.370705    0.689871 v _183_/Q (sky130_fd_sc_hd__dfrtp_1)
                                                         cnt[1] (net)
                      0.054435    0.000021    0.689891 v fanout30/A (sky130_fd_sc_hd__buf_2)
    10    0.029786    0.079722    0.176111    0.866002 v fanout30/X (sky130_fd_sc_hd__buf_2)
                                                         net30 (net)
                      0.079723    0.000419    0.866421 v _049_/A (sky130_fd_sc_hd__inv_2)
     3    0.011246    0.060393    0.082537    0.948958 ^ _049_/Y (sky130_fd_sc_hd__inv_2)
                                                         _038_ (net)
                      0.060393    0.000095    0.949053 ^ _080_/A1 (sky130_fd_sc_hd__a31o_1)
     1    0.002907    0.047739    0.127627    1.076680 ^ _080_/X (sky130_fd_sc_hd__a31o_1)
                                                         net13 (net)
                      0.047739    0.000012    1.076692 ^ output13/A (sky130_fd_sc_hd__buf_2)
     1    0.033936    0.171032    0.198382    1.275073 ^ output13/X (sky130_fd_sc_hd__buf_2)
                                                         seg1[4] (net)
                      0.171032    0.000070    1.275144 ^ seg1[4] (out)
                                              1.275144   data arrival time

                                 25.000000   25.000000   clock clk (rise edge)
                                  0.000000   25.000000   clock network delay (propagated)
                                 -0.250000   24.750000   clock uncertainty
                                  0.000000   24.750000   clock reconvergence pessimism
                                 -5.000000   19.750000   output external delay
                                             19.750000   data required time
---------------------------------------------------------------------------------------------
                                             19.750000   data required time
                                             -1.275144   data arrival time
---------------------------------------------------------------------------------------------
                                             18.474855   slack (MET)


Startpoint: _180_ (rising edge-triggered flip-flop clocked by clk)
Endpoint: seg3[4] (output port clocked by clk)
Path Group: clk
Path Type: max

Fanout         Cap        Slew       Delay        Time   Description
---------------------------------------------------------------------------------------------
                                  0.000000    0.000000   clock clk (rise edge)
                                  0.000000    0.000000   clock source latency
     1    0.011477    0.058009    0.038812    0.038812 ^ clk (in)
                                                         clk (net)
                      0.058010    0.000000    0.038812 ^ clkbuf_0_clk/A (sky130_fd_sc_hd__clkbuf_16)
     4    0.037194    0.057328    0.144682    0.183494 ^ clkbuf_0_clk/X (sky130_fd_sc_hd__clkbuf_16)
                                                         clknet_0_clk (net)
                      0.057328    0.000157    0.183651 ^ clkbuf_2_0__f_clk/A (sky130_fd_sc_hd__clkbuf_16)
    10    0.024745    0.046038    0.134525    0.318176 ^ clkbuf_2_0__f_clk/X (sky130_fd_sc_hd__clkbuf_16)
                                                         clknet_2_0__leaf_clk (net)
                      0.046038    0.000050    0.318226 ^ _180_/CLK (sky130_fd_sc_hd__dfrtp_4)
     9    0.028856    0.090616    0.514301    0.832527 v _180_/Q (sky130_fd_sc_hd__dfrtp_4)
                                                         cursor[4] (net)
                      0.090616    0.000186    0.832713 v _110_/A3 (sky130_fd_sc_hd__a31o_1)
     1    0.002595    0.036508    0.226643    1.059356 v _110_/X (sky130_fd_sc_hd__a31o_1)
                                                         net25 (net)
                      0.036508    0.000010    1.059366 v output25/A (sky130_fd_sc_hd__buf_2)
     1    0.034080    0.088914    0.176538    1.235904 v output25/X (sky130_fd_sc_hd__buf_2)
                                                         seg3[4] (net)
                      0.088914    0.000102    1.236005 v seg3[4] (out)
                                              1.236005   data arrival time

                                 25.000000   25.000000   clock clk (rise edge)
                                  0.000000   25.000000   clock network delay (propagated)
                                 -0.250000   24.750000   clock uncertainty
                                  0.000000   24.750000   clock reconvergence pessimism
                                 -5.000000   19.750000   output external delay
                                             19.750000   data required time
---------------------------------------------------------------------------------------------
                                             19.750000   data required time
                                             -1.236005   data arrival time
---------------------------------------------------------------------------------------------
                                             18.513994   slack (MET)


Startpoint: _178_ (rising edge-triggered flip-flop clocked by clk)
Endpoint: seg3[2] (output port clocked by clk)
Path Group: clk
Path Type: max

Fanout         Cap        Slew       Delay        Time   Description
---------------------------------------------------------------------------------------------
                                  0.000000    0.000000   clock clk (rise edge)
                                  0.000000    0.000000   clock source latency
     1    0.011477    0.058009    0.038812    0.038812 ^ clk (in)
                                                         clk (net)
                      0.058010    0.000000    0.038812 ^ clkbuf_0_clk/A (sky130_fd_sc_hd__clkbuf_16)
     4    0.037194    0.057328    0.144682    0.183494 ^ clkbuf_0_clk/X (sky130_fd_sc_hd__clkbuf_16)
                                                         clknet_0_clk (net)
                      0.057328    0.000155    0.183649 ^ clkbuf_2_3__f_clk/A (sky130_fd_sc_hd__clkbuf_16)
    11    0.025712    0.046918    0.135465    0.319114 ^ clkbuf_2_3__f_clk/X (sky130_fd_sc_hd__clkbuf_16)
                                                         clknet_2_3__leaf_clk (net)
                      0.046918    0.000037    0.319151 ^ _178_/CLK (sky130_fd_sc_hd__dfrtp_4)
     9    0.028542    0.090221    0.514067    0.833218 v _178_/Q (sky130_fd_sc_hd__dfrtp_4)
                                                         cursor[2] (net)
                      0.090221    0.000049    0.833267 v _106_/A3 (sky130_fd_sc_hd__a31o_1)
     1    0.002520    0.035367    0.225964    1.059232 v _106_/X (sky130_fd_sc_hd__a31o_1)
                                                         net23 (net)
                      0.035367    0.000012    1.059244 v output23/A (sky130_fd_sc_hd__buf_2)
     1    0.034361    0.089576    0.176488    1.235732 v output23/X (sky130_fd_sc_hd__buf_2)
                                                         seg3[2] (net)
                      0.089576    0.000206    1.235938 v seg3[2] (out)
                                              1.235938   data arrival time

                                 25.000000   25.000000   clock clk (rise edge)
                                  0.000000   25.000000   clock network delay (propagated)
                                 -0.250000   24.750000   clock uncertainty
                                  0.000000   24.750000   clock reconvergence pessimism
                                 -5.000000   19.750000   output external delay
                                             19.750000   data required time
---------------------------------------------------------------------------------------------
                                             19.750000   data required time
                                             -1.235938   data arrival time
---------------------------------------------------------------------------------------------
                                             18.514061   slack (MET)


Startpoint: _179_ (rising edge-triggered flip-flop clocked by clk)
Endpoint: seg3[3] (output port clocked by clk)
Path Group: clk
Path Type: max

Fanout         Cap        Slew       Delay        Time   Description
---------------------------------------------------------------------------------------------
                                  0.000000    0.000000   clock clk (rise edge)
                                  0.000000    0.000000   clock source latency
     1    0.011477    0.058009    0.038812    0.038812 ^ clk (in)
                                                         clk (net)
                      0.058010    0.000000    0.038812 ^ clkbuf_0_clk/A (sky130_fd_sc_hd__clkbuf_16)
     4    0.037194    0.057328    0.144682    0.183494 ^ clkbuf_0_clk/X (sky130_fd_sc_hd__clkbuf_16)
                                                         clknet_0_clk (net)
                      0.057328    0.000142    0.183637 ^ clkbuf_2_1__f_clk/A (sky130_fd_sc_hd__clkbuf_16)
    10    0.024363    0.045691    0.134164    0.317800 ^ clkbuf_2_1__f_clk/X (sky130_fd_sc_hd__clkbuf_16)
                                                         clknet_2_1__leaf_clk (net)
                      0.045691    0.000081    0.317882 ^ _179_/CLK (sky130_fd_sc_hd__dfrtp_4)
     9    0.028317    0.089939    0.513246    0.831128 v _179_/Q (sky130_fd_sc_hd__dfrtp_4)
                                                         cursor[3] (net)
                      0.089939    0.000097    0.831226 v _108_/A3 (sky130_fd_sc_hd__a31o_1)
     1    0.002635    0.035946    0.226630    1.057856 v _108_/X (sky130_fd_sc_hd__a31o_1)
                                                         net24 (net)
                      0.035946    0.000010    1.057866 v output24/A (sky130_fd_sc_hd__buf_2)
     1    0.034341    0.089508    0.176736    1.234601 v output24/X (sky130_fd_sc_hd__buf_2)
                                                         seg3[3] (net)
                      0.089508    0.000163    1.234764 v seg3[3] (out)
                                              1.234764   data arrival time

                                 25.000000   25.000000   clock clk (rise edge)
                                  0.000000   25.000000   clock network delay (propagated)
                                 -0.250000   24.750000   clock uncertainty
                                  0.000000   24.750000   clock reconvergence pessimism
                                 -5.000000   19.750000   output external delay
                                             19.750000   data required time
---------------------------------------------------------------------------------------------
                                             19.750000   data required time
                                             -1.234764   data arrival time
---------------------------------------------------------------------------------------------
                                             18.515236   slack (MET)


Startpoint: _181_ (rising edge-triggered flip-flop clocked by clk)
Endpoint: seg3[5] (output port clocked by clk)
Path Group: clk
Path Type: max

Fanout         Cap        Slew       Delay        Time   Description
---------------------------------------------------------------------------------------------
                                  0.000000    0.000000   clock clk (rise edge)
                                  0.000000    0.000000   clock source latency
     1    0.011477    0.058009    0.038812    0.038812 ^ clk (in)
                                                         clk (net)
                      0.058010    0.000000    0.038812 ^ clkbuf_0_clk/A (sky130_fd_sc_hd__clkbuf_16)
     4    0.037194    0.057328    0.144682    0.183494 ^ clkbuf_0_clk/X (sky130_fd_sc_hd__clkbuf_16)
                                                         clknet_0_clk (net)
                      0.057328    0.000157    0.183651 ^ clkbuf_2_0__f_clk/A (sky130_fd_sc_hd__clkbuf_16)
    10    0.024745    0.046038    0.134525    0.318176 ^ clkbuf_2_0__f_clk/X (sky130_fd_sc_hd__clkbuf_16)
                                                         clknet_2_0__leaf_clk (net)
                      0.046038    0.000074    0.318250 ^ _181_/CLK (sky130_fd_sc_hd__dfrtp_4)
     9    0.028729    0.090463    0.514067    0.832318 v _181_/Q (sky130_fd_sc_hd__dfrtp_4)
                                                         cursor[5] (net)
                      0.090463    0.000233    0.832551 v _112_/A3 (sky130_fd_sc_hd__a31o_1)
     1    0.002272    0.035409    0.224372    1.056923 v _112_/X (sky130_fd_sc_hd__a31o_1)
                                                         net26 (net)
                      0.035409    0.000006    1.056929 v output26/A (sky130_fd_sc_hd__buf_2)
     1    0.033958    0.088648    0.175860    1.232788 v output26/X (sky130_fd_sc_hd__buf_2)
                                                         seg3[5] (net)
                      0.088648    0.000074    1.232862 v seg3[5] (out)
                                              1.232862   data arrival time

                                 25.000000   25.000000   clock clk (rise edge)
                                  0.000000   25.000000   clock network delay (propagated)
                                 -0.250000   24.750000   clock uncertainty
                                  0.000000   24.750000   clock reconvergence pessimism
                                 -5.000000   19.750000   output external delay
                                             19.750000   data required time
---------------------------------------------------------------------------------------------
                                             19.750000   data required time
                                             -1.232862   data arrival time
---------------------------------------------------------------------------------------------
                                             18.517139   slack (MET)


Startpoint: _177_ (rising edge-triggered flip-flop clocked by clk)
Endpoint: seg3[1] (output port clocked by clk)
Path Group: clk
Path Type: max

Fanout         Cap        Slew       Delay        Time   Description
---------------------------------------------------------------------------------------------
                                  0.000000    0.000000   clock clk (rise edge)
                                  0.000000    0.000000   clock source latency
     1    0.011477    0.058009    0.038812    0.038812 ^ clk (in)
                                                         clk (net)
                      0.058010    0.000000    0.038812 ^ clkbuf_0_clk/A (sky130_fd_sc_hd__clkbuf_16)
     4    0.037194    0.057328    0.144682    0.183494 ^ clkbuf_0_clk/X (sky130_fd_sc_hd__clkbuf_16)
                                                         clknet_0_clk (net)
                      0.057328    0.000155    0.183649 ^ clkbuf_2_3__f_clk/A (sky130_fd_sc_hd__clkbuf_16)
    11    0.025712    0.046918    0.135465    0.319114 ^ clkbuf_2_3__f_clk/X (sky130_fd_sc_hd__clkbuf_16)
                                                         clknet_2_3__leaf_clk (net)
                      0.046918    0.000050    0.319164 ^ _177_/CLK (sky130_fd_sc_hd__dfrtp_4)
     9    0.028053    0.089610    0.513220    0.832384 v _177_/Q (sky130_fd_sc_hd__dfrtp_4)
                                                         cursor[1] (net)
                      0.089610    0.000030    0.832414 v _104_/A3 (sky130_fd_sc_hd__a31o_1)
     1    0.002181    0.034954    0.223393    1.055807 v _104_/X (sky130_fd_sc_hd__a31o_1)
                                                         net22 (net)
                      0.034954    0.000006    1.055813 v output22/A (sky130_fd_sc_hd__buf_2)
     1    0.034361    0.089579    0.176310    1.232123 v output22/X (sky130_fd_sc_hd__buf_2)
                                                         seg3[1] (net)
                      0.089579    0.000206    1.232329 v seg3[1] (out)
                                              1.232329   data arrival time

                                 25.000000   25.000000   clock clk (rise edge)
                                  0.000000   25.000000   clock network delay (propagated)
                                 -0.250000   24.750000   clock uncertainty
                                  0.000000   24.750000   clock reconvergence pessimism
                                 -5.000000   19.750000   output external delay
                                             19.750000   data required time
---------------------------------------------------------------------------------------------
                                             19.750000   data required time
                                             -1.232329   data arrival time
---------------------------------------------------------------------------------------------
                                             18.517670   slack (MET)


Startpoint: btn (input port clocked by clk)
Endpoint: _173_ (rising edge-triggered flip-flop clocked by clk)
Path Group: clk
Path Type: max

Fanout         Cap        Slew       Delay        Time   Description
---------------------------------------------------------------------------------------------
                                  0.000000    0.000000   clock clk (rise edge)
                                  0.000000    0.000000   clock network delay (propagated)
                                  5.000000    5.000000 ^ input external delay
     1    0.002961    0.020423    0.010856    5.010856 ^ btn (in)
                                                         btn (net)
                      0.020423    0.000000    5.010856 ^ input1/A (sky130_fd_sc_hd__buf_1)
     6    0.013389    0.163098    0.155865    5.166721 ^ input1/X (sky130_fd_sc_hd__buf_1)
                                                         net1 (net)
                      0.163098    0.000083    5.166804 ^ _055_/D_N (sky130_fd_sc_hd__nor4b_1)
     2    0.005384    0.343829    0.321478    5.488282 ^ _055_/Y (sky130_fd_sc_hd__nor4b_1)
                                                         _042_ (net)
                      0.343829    0.000003    5.488286 ^ max_cap27/A (sky130_fd_sc_hd__clkbuf_2)
     6    0.018576    0.109792    0.229704    5.717990 ^ max_cap27/X (sky130_fd_sc_hd__clkbuf_2)
                                                         net27 (net)
                      0.109792    0.000147    5.718137 ^ _069_/A2 (sky130_fd_sc_hd__a21o_1)
     2    0.005099    0.055620    0.136916    5.855053 ^ _069_/X (sky130_fd_sc_hd__a21o_1)
                                                         nxt0[5] (net)
                      0.055620    0.000024    5.855077 ^ _070_/D (sky130_fd_sc_hd__and4_1)
     1    0.002344    0.052509    0.179481    6.034559 ^ _070_/X (sky130_fd_sc_hd__and4_1)
                                                         _044_ (net)
                      0.052509    0.000009    6.034568 ^ _071_/C (sky130_fd_sc_hd__and3_1)
     1    0.002316    0.046753    0.143627    6.178195 ^ _071_/X (sky130_fd_sc_hd__and3_1)
                                                         done_comb[0] (net)
                      0.046753    0.000004    6.178199 ^ _173_/D (sky130_fd_sc_hd__dfrtp_1)
                                              6.178199   data arrival time

                                 25.000000   25.000000   clock clk (rise edge)
                                  0.000000   25.000000   clock source latency
     1    0.011477    0.058009    0.038812   25.038811 ^ clk (in)
                                                         clk (net)
                      0.058010    0.000000   25.038811 ^ clkbuf_0_clk/A (sky130_fd_sc_hd__clkbuf_16)
     4    0.037194    0.057328    0.144682   25.183493 ^ clkbuf_0_clk/X (sky130_fd_sc_hd__clkbuf_16)
                                                         clknet_0_clk (net)
                      0.057328    0.000142   25.183636 ^ clkbuf_2_1__f_clk/A (sky130_fd_sc_hd__clkbuf_16)
    10    0.024363    0.045691    0.134165   25.317801 ^ clkbuf_2_1__f_clk/X (sky130_fd_sc_hd__clkbuf_16)
                                                         clknet_2_1__leaf_clk (net)
                      0.045691    0.000027   25.317827 ^ _173_/CLK (sky130_fd_sc_hd__dfrtp_1)
                                 -0.250000   25.067827   clock uncertainty
                                  0.000000   25.067827   clock reconvergence pessimism
                                 -0.060129   25.007700   library setup time
                                             25.007700   data required time
---------------------------------------------------------------------------------------------
                                             25.007700   data required time
                                             -6.178199   data arrival time
---------------------------------------------------------------------------------------------
                                             18.829500   slack (MET)


Startpoint: btn (input port clocked by clk)
Endpoint: _174_ (rising edge-triggered flip-flop clocked by clk)
Path Group: clk
Path Type: max

Fanout         Cap        Slew       Delay        Time   Description
---------------------------------------------------------------------------------------------
                                  0.000000    0.000000   clock clk (rise edge)
                                  0.000000    0.000000   clock network delay (propagated)
                                  5.000000    5.000000 v input external delay
     1    0.002785    0.008596    0.004387    5.004387 v btn (in)
                                                         btn (net)
                      0.008596    0.000000    5.004387 v input1/A (sky130_fd_sc_hd__buf_1)
     6    0.012973    0.080903    0.117456    5.121843 v input1/X (sky130_fd_sc_hd__buf_1)
                                                         net1 (net)
                      0.080903    0.000122    5.121965 v _052_/C (sky130_fd_sc_hd__and4bb_2)
     8    0.022214    0.085133    0.289652    5.411617 v _052_/X (sky130_fd_sc_hd__and4bb_2)
                                                         _040_ (net)
                      0.085133    0.000066    5.411683 v _083_/A2 (sky130_fd_sc_hd__a21o_1)
     2    0.004868    0.041693    0.197422    5.609105 v _083_/X (sky130_fd_sc_hd__a21o_1)
                                                         nxt1[5] (net)
                      0.041693    0.000023    5.609128 v _084_/D (sky130_fd_sc_hd__and4_1)
     1    0.002832    0.038458    0.190203    5.799331 v _084_/X (sky130_fd_sc_hd__and4_1)
                                                         _045_ (net)
                      0.038458    0.000013    5.799344 v _085_/C (sky130_fd_sc_hd__and3_1)
     1    0.002471    0.036256    0.168242    5.967586 v _085_/X (sky130_fd_sc_hd__and3_1)
                                                         done_comb[1] (net)
                      0.036256    0.000008    5.967594 v _174_/D (sky130_fd_sc_hd__dfrtp_1)
                                              5.967594   data arrival time

                                 25.000000   25.000000   clock clk (rise edge)
                                  0.000000   25.000000   clock source latency
     1    0.011477    0.058009    0.038812   25.038811 ^ clk (in)
                                                         clk (net)
                      0.058010    0.000000   25.038811 ^ clkbuf_0_clk/A (sky130_fd_sc_hd__clkbuf_16)
     4    0.037194    0.057328    0.144682   25.183493 ^ clkbuf_0_clk/X (sky130_fd_sc_hd__clkbuf_16)
                                                         clknet_0_clk (net)
                      0.057328    0.000155   25.183647 ^ clkbuf_2_2__f_clk/A (sky130_fd_sc_hd__clkbuf_16)
     8    0.022921    0.044389    0.132783   25.316431 ^ clkbuf_2_2__f_clk/X (sky130_fd_sc_hd__clkbuf_16)
                                                         clknet_2_2__leaf_clk (net)
                      0.044389    0.000025   25.316456 ^ _174_/CLK (sky130_fd_sc_hd__dfrtp_1)
                                 -0.250000   25.066456   clock uncertainty
                                  0.000000   25.066456   clock reconvergence pessimism
                                 -0.110598   24.955858   library setup time
                                             24.955858   data required time
---------------------------------------------------------------------------------------------
                                             24.955858   data required time
                                             -5.967594   data arrival time
---------------------------------------------------------------------------------------------
                                             18.988264   slack (MET)


Startpoint: btn (input port clocked by clk)
Endpoint: _175_ (rising edge-triggered flip-flop clocked by clk)
Path Group: clk
Path Type: max

Fanout         Cap        Slew       Delay        Time   Description
---------------------------------------------------------------------------------------------
                                  0.000000    0.000000   clock clk (rise edge)
                                  0.000000    0.000000   clock network delay (propagated)
                                  5.000000    5.000000 v input external delay
     1    0.002785    0.008596    0.004387    5.004387 v btn (in)
                                                         btn (net)
                      0.008596    0.000000    5.004387 v input1/A (sky130_fd_sc_hd__buf_1)
     6    0.012973    0.080903    0.117456    5.121843 v input1/X (sky130_fd_sc_hd__buf_1)
                                                         net1 (net)
                      0.080903    0.000107    5.121950 v _087_/C (sky130_fd_sc_hd__and4bb_2)
     6    0.018007    0.075657    0.279232    5.401182 v _087_/X (sky130_fd_sc_hd__and4bb_2)
                                                         _046_ (net)
                      0.075657    0.000209    5.401391 v _098_/A2 (sky130_fd_sc_hd__a21o_1)
     2    0.004552    0.041901    0.192210    5.593601 v _098_/X (sky130_fd_sc_hd__a21o_1)
                                                         nxt2[5] (net)
                      0.041901    0.000011    5.593612 v _099_/D (sky130_fd_sc_hd__and4_1)
     1    0.003056    0.039607    0.191891    5.785502 v _099_/X (sky130_fd_sc_hd__and4_1)
                                                         _047_ (net)
                      0.039607    0.000018    5.785520 v _100_/C (sky130_fd_sc_hd__and3_1)
     1    0.002998    0.037642    0.172244    5.957765 v _100_/X (sky130_fd_sc_hd__and3_1)
                                                         done_comb[2] (net)
                      0.037642    0.000011    5.957776 v _175_/D (sky130_fd_sc_hd__dfrtp_1)
                                              5.957776   data arrival time

                                 25.000000   25.000000   clock clk (rise edge)
                                  0.000000   25.000000   clock source latency
     1    0.011477    0.058009    0.038812   25.038811 ^ clk (in)
                                                         clk (net)
                      0.058010    0.000000   25.038811 ^ clkbuf_0_clk/A (sky130_fd_sc_hd__clkbuf_16)
     4    0.037194    0.057328    0.144682   25.183493 ^ clkbuf_0_clk/X (sky130_fd_sc_hd__clkbuf_16)
                                                         clknet_0_clk (net)
                      0.057328    0.000156   25.183649 ^ clkbuf_2_0__f_clk/A (sky130_fd_sc_hd__clkbuf_16)
    10    0.024745    0.046038    0.134525   25.318174 ^ clkbuf_2_0__f_clk/X (sky130_fd_sc_hd__clkbuf_16)
                                                         clknet_2_0__leaf_clk (net)
                      0.046038    0.000020   25.318195 ^ _175_/CLK (sky130_fd_sc_hd__dfrtp_1)
                                 -0.250000   25.068195   clock uncertainty
                                  0.000000   25.068195   clock reconvergence pessimism
                                 -0.110826   24.957371   library setup time
                                             24.957371   data required time
---------------------------------------------------------------------------------------------
                                             24.957371   data required time
                                             -5.957776   data arrival time
---------------------------------------------------------------------------------------------
                                             18.999594   slack (MET)


Startpoint: btn (input port clocked by clk)
Endpoint: _154_ (rising edge-triggered flip-flop clocked by clk)
Path Group: clk
Path Type: max

Fanout         Cap        Slew       Delay        Time   Description
---------------------------------------------------------------------------------------------
                                  0.000000    0.000000   clock clk (rise edge)
                                  0.000000    0.000000   clock network delay (propagated)
                                  5.000000    5.000000 ^ input external delay
     1    0.002961    0.020423    0.010856    5.010856 ^ btn (in)
                                                         btn (net)
                      0.020423    0.000000    5.010856 ^ input1/A (sky130_fd_sc_hd__buf_1)
     6    0.013389    0.163098    0.155865    5.166721 ^ input1/X (sky130_fd_sc_hd__buf_1)
                                                         net1 (net)
                      0.163098    0.000083    5.166804 ^ _055_/D_N (sky130_fd_sc_hd__nor4b_1)
     2    0.005384    0.343829    0.321478    5.488282 ^ _055_/Y (sky130_fd_sc_hd__nor4b_1)
                                                         _042_ (net)
                      0.343829    0.000003    5.488286 ^ max_cap27/A (sky130_fd_sc_hd__clkbuf_2)
     6    0.018576    0.109792    0.229704    5.717990 ^ max_cap27/X (sky130_fd_sc_hd__clkbuf_2)
                                                         net27 (net)
                      0.109792    0.000147    5.718137 ^ _069_/A2 (sky130_fd_sc_hd__a21o_1)
     2    0.005099    0.055620    0.136916    5.855053 ^ _069_/X (sky130_fd_sc_hd__a21o_1)
                                                         nxt0[5] (net)
                      0.055620    0.000018    5.855071 ^ _154_/D (sky130_fd_sc_hd__dfrtp_1)
                                              5.855071   data arrival time

                                 25.000000   25.000000   clock clk (rise edge)
                                  0.000000   25.000000   clock source latency
     1    0.011477    0.058009    0.038812   25.038811 ^ clk (in)
                                                         clk (net)
                      0.058010    0.000000   25.038811 ^ clkbuf_0_clk/A (sky130_fd_sc_hd__clkbuf_16)
     4    0.037194    0.057328    0.144682   25.183493 ^ clkbuf_0_clk/X (sky130_fd_sc_hd__clkbuf_16)
                                                         clknet_0_clk (net)
                      0.057328    0.000142   25.183636 ^ clkbuf_2_1__f_clk/A (sky130_fd_sc_hd__clkbuf_16)
    10    0.024363    0.045691    0.134165   25.317801 ^ clkbuf_2_1__f_clk/X (sky130_fd_sc_hd__clkbuf_16)
                                                         clknet_2_1__leaf_clk (net)
                      0.045691    0.000075   25.317875 ^ _154_/CLK (sky130_fd_sc_hd__dfrtp_1)
                                 -0.250000   25.067875   clock uncertainty
                                  0.000000   25.067875   clock reconvergence pessimism
                                 -0.062176   25.005699   library setup time
                                             25.005699   data required time
---------------------------------------------------------------------------------------------
                                             25.005699   data required time
                                             -5.855071   data arrival time
---------------------------------------------------------------------------------------------
                                             19.150629   slack (MET)


Startpoint: btn (input port clocked by clk)
Endpoint: _152_ (rising edge-triggered flip-flop clocked by clk)
Path Group: clk
Path Type: max

Fanout         Cap        Slew       Delay        Time   Description
---------------------------------------------------------------------------------------------
                                  0.000000    0.000000   clock clk (rise edge)
                                  0.000000    0.000000   clock network delay (propagated)
                                  5.000000    5.000000 ^ input external delay
     1    0.002961    0.020423    0.010856    5.010856 ^ btn (in)
                                                         btn (net)
                      0.020423    0.000000    5.010856 ^ input1/A (sky130_fd_sc_hd__buf_1)
     6    0.013389    0.163098    0.155865    5.166721 ^ input1/X (sky130_fd_sc_hd__buf_1)
                                                         net1 (net)
                      0.163098    0.000083    5.166804 ^ _055_/D_N (sky130_fd_sc_hd__nor4b_1)
     2    0.005384    0.343829    0.321478    5.488282 ^ _055_/Y (sky130_fd_sc_hd__nor4b_1)
                                                         _042_ (net)
                      0.343829    0.000003    5.488286 ^ max_cap27/A (sky130_fd_sc_hd__clkbuf_2)
     6    0.018576    0.109792    0.229704    5.717990 ^ max_cap27/X (sky130_fd_sc_hd__clkbuf_2)
                                                         net27 (net)
                      0.109792    0.000129    5.718119 ^ _065_/A2 (sky130_fd_sc_hd__a21o_1)
     2    0.004882    0.055823    0.135592    5.853712 ^ _065_/X (sky130_fd_sc_hd__a21o_1)
                                                         nxt0[3] (net)
                      0.055823    0.000020    5.853732 ^ _152_/D (sky130_fd_sc_hd__dfrtp_1)
                                              5.853732   data arrival time

                                 25.000000   25.000000   clock clk (rise edge)
                                  0.000000   25.000000   clock source latency
     1    0.011477    0.058009    0.038812   25.038811 ^ clk (in)
                                                         clk (net)
                      0.058010    0.000000   25.038811 ^ clkbuf_0_clk/A (sky130_fd_sc_hd__clkbuf_16)
     4    0.037194    0.057328    0.144682   25.183493 ^ clkbuf_0_clk/X (sky130_fd_sc_hd__clkbuf_16)
                                                         clknet_0_clk (net)
                      0.057328    0.000142   25.183636 ^ clkbuf_2_1__f_clk/A (sky130_fd_sc_hd__clkbuf_16)
    10    0.024363    0.045691    0.134165   25.317801 ^ clkbuf_2_1__f_clk/X (sky130_fd_sc_hd__clkbuf_16)
                                                         clknet_2_1__leaf_clk (net)
                      0.045691    0.000069   25.317869 ^ _152_/CLK (sky130_fd_sc_hd__dfrtp_1)
                                 -0.250000   25.067871   clock uncertainty
                                  0.000000   25.067871   clock reconvergence pessimism
                                 -0.062223   25.005646   library setup time
                                             25.005646   data required time
---------------------------------------------------------------------------------------------
                                             25.005646   data required time
                                             -5.853732   data arrival time
---------------------------------------------------------------------------------------------
                                             19.151915   slack (MET)


Startpoint: btn (input port clocked by clk)
Endpoint: _151_ (rising edge-triggered flip-flop clocked by clk)
Path Group: clk
Path Type: max

Fanout         Cap        Slew       Delay        Time   Description
---------------------------------------------------------------------------------------------
                                  0.000000    0.000000   clock clk (rise edge)
                                  0.000000    0.000000   clock network delay (propagated)
                                  5.000000    5.000000 ^ input external delay
     1    0.002961    0.020423    0.010856    5.010856 ^ btn (in)
                                                         btn (net)
                      0.020423    0.000000    5.010856 ^ input1/A (sky130_fd_sc_hd__buf_1)
     6    0.013389    0.163098    0.155865    5.166721 ^ input1/X (sky130_fd_sc_hd__buf_1)
                                                         net1 (net)
                      0.163098    0.000083    5.166804 ^ _055_/D_N (sky130_fd_sc_hd__nor4b_1)
     2    0.005384    0.343829    0.321478    5.488282 ^ _055_/Y (sky130_fd_sc_hd__nor4b_1)
                                                         _042_ (net)
                      0.343829    0.000003    5.488286 ^ max_cap27/A (sky130_fd_sc_hd__clkbuf_2)
     6    0.018576    0.109792    0.229704    5.717990 ^ max_cap27/X (sky130_fd_sc_hd__clkbuf_2)
                                                         net27 (net)
                      0.109792    0.000116    5.718106 ^ _063_/A2 (sky130_fd_sc_hd__a21o_1)
     2    0.004755    0.054810    0.134817    5.852923 ^ _063_/X (sky130_fd_sc_hd__a21o_1)
                                                         nxt0[2] (net)
                      0.054810    0.000016    5.852938 ^ _151_/D (sky130_fd_sc_hd__dfrtp_1)
                                              5.852938   data arrival time

                                 25.000000   25.000000   clock clk (rise edge)
                                  0.000000   25.000000   clock source latency
     1    0.011477    0.058009    0.038812   25.038811 ^ clk (in)
                                                         clk (net)
                      0.058010    0.000000   25.038811 ^ clkbuf_0_clk/A (sky130_fd_sc_hd__clkbuf_16)
     4    0.037194    0.057328    0.144682   25.183493 ^ clkbuf_0_clk/X (sky130_fd_sc_hd__clkbuf_16)
                                                         clknet_0_clk (net)
                      0.057328    0.000142   25.183636 ^ clkbuf_2_1__f_clk/A (sky130_fd_sc_hd__clkbuf_16)
    10    0.024363    0.045691    0.134165   25.317801 ^ clkbuf_2_1__f_clk/X (sky130_fd_sc_hd__clkbuf_16)
                                                         clknet_2_1__leaf_clk (net)
                      0.045691    0.000075   25.317875 ^ _151_/CLK (sky130_fd_sc_hd__dfrtp_1)
                                 -0.250000   25.067875   clock uncertainty
                                  0.000000   25.067875   clock reconvergence pessimism
                                 -0.061989   25.005886   library setup time
                                             25.005886   data required time
---------------------------------------------------------------------------------------------
                                             25.005886   data required time
                                             -5.852938   data arrival time
---------------------------------------------------------------------------------------------
                                             19.152948   slack (MET)


Startpoint: btn (input port clocked by clk)
Endpoint: _149_ (rising edge-triggered flip-flop clocked by clk)
Path Group: clk
Path Type: max

Fanout         Cap        Slew       Delay        Time   Description
---------------------------------------------------------------------------------------------
                                  0.000000    0.000000   clock clk (rise edge)
                                  0.000000    0.000000   clock network delay (propagated)
                                  5.000000    5.000000 ^ input external delay
     1    0.002961    0.020423    0.010856    5.010856 ^ btn (in)
                                                         btn (net)
                      0.020423    0.000000    5.010856 ^ input1/A (sky130_fd_sc_hd__buf_1)
     6    0.013389    0.163098    0.155865    5.166721 ^ input1/X (sky130_fd_sc_hd__buf_1)
                                                         net1 (net)
                      0.163098    0.000083    5.166804 ^ _055_/D_N (sky130_fd_sc_hd__nor4b_1)
     2    0.005384    0.343829    0.321478    5.488282 ^ _055_/Y (sky130_fd_sc_hd__nor4b_1)
                                                         _042_ (net)
                      0.343829    0.000003    5.488286 ^ max_cap27/A (sky130_fd_sc_hd__clkbuf_2)
     6    0.018576    0.109792    0.229704    5.717990 ^ max_cap27/X (sky130_fd_sc_hd__clkbuf_2)
                                                         net27 (net)
                      0.109792    0.000089    5.718079 ^ _059_/A2 (sky130_fd_sc_hd__a21o_1)
     2    0.004605    0.054072    0.133896    5.851975 ^ _059_/X (sky130_fd_sc_hd__a21o_1)
                                                         nxt0[0] (net)
                      0.054072    0.000015    5.851990 ^ _149_/D (sky130_fd_sc_hd__dfrtp_1)
                                              5.851990   data arrival time

                                 25.000000   25.000000   clock clk (rise edge)
                                  0.000000   25.000000   clock source latency
     1    0.011477    0.058009    0.038812   25.038811 ^ clk (in)
                                                         clk (net)
                      0.058010    0.000000   25.038811 ^ clkbuf_0_clk/A (sky130_fd_sc_hd__clkbuf_16)
     4    0.037194    0.057328    0.144682   25.183493 ^ clkbuf_0_clk/X (sky130_fd_sc_hd__clkbuf_16)
                                                         clknet_0_clk (net)
                      0.057328    0.000142   25.183636 ^ clkbuf_2_1__f_clk/A (sky130_fd_sc_hd__clkbuf_16)
    10    0.024363    0.045691    0.134165   25.317801 ^ clkbuf_2_1__f_clk/X (sky130_fd_sc_hd__clkbuf_16)
                                                         clknet_2_1__leaf_clk (net)
                      0.045691    0.000012   25.317812 ^ _149_/CLK (sky130_fd_sc_hd__dfrtp_1)
                                 -0.250000   25.067814   clock uncertainty
                                  0.000000   25.067814   clock reconvergence pessimism
                                 -0.061819   25.005995   library setup time
                                             25.005995   data required time
---------------------------------------------------------------------------------------------
                                             25.005995   data required time
                                             -5.851990   data arrival time
---------------------------------------------------------------------------------------------
                                             19.154005   slack (MET)


Startpoint: btn (input port clocked by clk)
Endpoint: _153_ (rising edge-triggered flip-flop clocked by clk)
Path Group: clk
Path Type: max

Fanout         Cap        Slew       Delay        Time   Description
---------------------------------------------------------------------------------------------
                                  0.000000    0.000000   clock clk (rise edge)
                                  0.000000    0.000000   clock network delay (propagated)
                                  5.000000    5.000000 ^ input external delay
     1    0.002961    0.020423    0.010856    5.010856 ^ btn (in)
                                                         btn (net)
                      0.020423    0.000000    5.010856 ^ input1/A (sky130_fd_sc_hd__buf_1)
     6    0.013389    0.163098    0.155865    5.166721 ^ input1/X (sky130_fd_sc_hd__buf_1)
                                                         net1 (net)
                      0.163098    0.000083    5.166804 ^ _055_/D_N (sky130_fd_sc_hd__nor4b_1)
     2    0.005384    0.343829    0.321478    5.488282 ^ _055_/Y (sky130_fd_sc_hd__nor4b_1)
                                                         _042_ (net)
                      0.343829    0.000003    5.488286 ^ max_cap27/A (sky130_fd_sc_hd__clkbuf_2)
     6    0.018576    0.109792    0.229704    5.717990 ^ max_cap27/X (sky130_fd_sc_hd__clkbuf_2)
                                                         net27 (net)
                      0.109792    0.000135    5.718124 ^ _067_/A2 (sky130_fd_sc_hd__a21o_1)
     2    0.004574    0.053354    0.133703    5.851828 ^ _067_/X (sky130_fd_sc_hd__a21o_1)
                                                         nxt0[4] (net)
                      0.053354    0.000018    5.851846 ^ _153_/D (sky130_fd_sc_hd__dfrtp_1)
                                              5.851846   data arrival time

                                 25.000000   25.000000   clock clk (rise edge)
                                  0.000000   25.000000   clock source latency
     1    0.011477    0.058009    0.038812   25.038811 ^ clk (in)
                                                         clk (net)
                      0.058010    0.000000   25.038811 ^ clkbuf_0_clk/A (sky130_fd_sc_hd__clkbuf_16)
     4    0.037194    0.057328    0.144682   25.183493 ^ clkbuf_0_clk/X (sky130_fd_sc_hd__clkbuf_16)
                                                         clknet_0_clk (net)
                      0.057328    0.000142   25.183636 ^ clkbuf_2_1__f_clk/A (sky130_fd_sc_hd__clkbuf_16)
    10    0.024363    0.045691    0.134165   25.317801 ^ clkbuf_2_1__f_clk/X (sky130_fd_sc_hd__clkbuf_16)
                                                         clknet_2_1__leaf_clk (net)
                      0.045691    0.000068   25.317867 ^ _153_/CLK (sky130_fd_sc_hd__dfrtp_1)
                                 -0.250000   25.067869   clock uncertainty
                                  0.000000   25.067869   clock reconvergence pessimism
                                 -0.061653   25.006214   library setup time
                                             25.006214   data required time
---------------------------------------------------------------------------------------------
                                             25.006214   data required time
                                             -5.851846   data arrival time
---------------------------------------------------------------------------------------------
                                             19.154369   slack (MET)


Startpoint: btn (input port clocked by clk)
Endpoint: _150_ (rising edge-triggered flip-flop clocked by clk)
Path Group: clk
Path Type: max

Fanout         Cap        Slew       Delay        Time   Description
---------------------------------------------------------------------------------------------
                                  0.000000    0.000000   clock clk (rise edge)
                                  0.000000    0.000000   clock network delay (propagated)
                                  5.000000    5.000000 ^ input external delay
     1    0.002961    0.020423    0.010856    5.010856 ^ btn (in)
                                                         btn (net)
                      0.020423    0.000000    5.010856 ^ input1/A (sky130_fd_sc_hd__buf_1)
     6    0.013389    0.163098    0.155865    5.166721 ^ input1/X (sky130_fd_sc_hd__buf_1)
                                                         net1 (net)
                      0.163098    0.000083    5.166804 ^ _055_/D_N (sky130_fd_sc_hd__nor4b_1)
     2    0.005384    0.343829    0.321478    5.488282 ^ _055_/Y (sky130_fd_sc_hd__nor4b_1)
                                                         _042_ (net)
                      0.343829    0.000003    5.488286 ^ max_cap27/A (sky130_fd_sc_hd__clkbuf_2)
     6    0.018576    0.109792    0.229704    5.717990 ^ max_cap27/X (sky130_fd_sc_hd__clkbuf_2)
                                                         net27 (net)
                      0.109792    0.000032    5.718022 ^ _061_/A2 (sky130_fd_sc_hd__a21o_1)
     2    0.004058    0.049195    0.130537    5.848559 ^ _061_/X (sky130_fd_sc_hd__a21o_1)
                                                         nxt0[1] (net)
                      0.049195    0.000007    5.848566 ^ _150_/D (sky130_fd_sc_hd__dfrtp_1)
                                              5.848566   data arrival time

                                 25.000000   25.000000   clock clk (rise edge)
                                  0.000000   25.000000   clock source latency
     1    0.011477    0.058009    0.038812   25.038811 ^ clk (in)
                                                         clk (net)
                      0.058010    0.000000   25.038811 ^ clkbuf_0_clk/A (sky130_fd_sc_hd__clkbuf_16)
     4    0.037194    0.057328    0.144682   25.183493 ^ clkbuf_0_clk/X (sky130_fd_sc_hd__clkbuf_16)
                                                         clknet_0_clk (net)
                      0.057328    0.000142   25.183636 ^ clkbuf_2_1__f_clk/A (sky130_fd_sc_hd__clkbuf_16)
    10    0.024363    0.045691    0.134165   25.317801 ^ clkbuf_2_1__f_clk/X (sky130_fd_sc_hd__clkbuf_16)
                                                         clknet_2_1__leaf_clk (net)
                      0.045691    0.000025   25.317825 ^ _150_/CLK (sky130_fd_sc_hd__dfrtp_1)
                                 -0.250000   25.067825   clock uncertainty
                                  0.000000   25.067825   clock reconvergence pessimism
                                 -0.060693   25.007133   library setup time
                                             25.007133   data required time
---------------------------------------------------------------------------------------------
                                             25.007133   data required time
                                             -5.848566   data arrival time
---------------------------------------------------------------------------------------------
                                             19.158567   slack (MET)


Startpoint: btn (input port clocked by clk)
Endpoint: _182_ (rising edge-triggered flip-flop clocked by clk)
Path Group: clk
Path Type: max

Fanout         Cap        Slew       Delay        Time   Description
---------------------------------------------------------------------------------------------
                                  0.000000    0.000000   clock clk (rise edge)
                                  0.000000    0.000000   clock network delay (propagated)
                                  5.000000    5.000000 v input external delay
     1    0.002785    0.008596    0.004387    5.004387 v btn (in)
                                                         btn (net)
                      0.008596    0.000000    5.004387 v input1/A (sky130_fd_sc_hd__buf_1)
     6    0.012973    0.080903    0.117456    5.121843 v input1/X (sky130_fd_sc_hd__buf_1)
                                                         net1 (net)
                      0.080903    0.000080    5.121923 v _055_/D_N (sky130_fd_sc_hd__nor4b_1)
     2    0.004953    0.062722    0.163062    5.284986 v _055_/Y (sky130_fd_sc_hd__nor4b_1)
                                                         _042_ (net)
                      0.062722    0.000006    5.284992 v _056_/A2 (sky130_fd_sc_hd__a21o_1)
     1    0.002887    0.033407    0.178318    5.463310 v _056_/X (sky130_fd_sc_hd__a21o_1)
                                                         _043_ (net)
                      0.033407    0.000020    5.463330 v _057_/B1 (sky130_fd_sc_hd__o2bb2a_1)
     1    0.002331    0.051797    0.274202    5.737533 v _057_/X (sky130_fd_sc_hd__o2bb2a_1)
                                                         _036_ (net)
                      0.051797    0.000005    5.737538 v _182_/D (sky130_fd_sc_hd__dfrtp_1)
                                              5.737538   data arrival time

                                 25.000000   25.000000   clock clk (rise edge)
                                  0.000000   25.000000   clock source latency
     1    0.011477    0.058009    0.038812   25.038811 ^ clk (in)
                                                         clk (net)
                      0.058010    0.000000   25.038811 ^ clkbuf_0_clk/A (sky130_fd_sc_hd__clkbuf_16)
     4    0.037194    0.057328    0.144682   25.183493 ^ clkbuf_0_clk/X (sky130_fd_sc_hd__clkbuf_16)
                                                         clknet_0_clk (net)
                      0.057328    0.000155   25.183647 ^ clkbuf_2_3__f_clk/A (sky130_fd_sc_hd__clkbuf_16)
    11    0.025712    0.046918    0.135465   25.319113 ^ clkbuf_2_3__f_clk/X (sky130_fd_sc_hd__clkbuf_16)
                                                         clknet_2_3__leaf_clk (net)
                      0.046918    0.000053   25.319166 ^ _182_/CLK (sky130_fd_sc_hd__dfrtp_1)
                                 -0.250000   25.069166   clock uncertainty
                                  0.000000   25.069166   clock reconvergence pessimism
                                 -0.116800   24.952368   library setup time
                                             24.952368   data required time
---------------------------------------------------------------------------------------------
                                             24.952368   data required time
                                             -5.737538   data arrival time
---------------------------------------------------------------------------------------------
                                             19.214830   slack (MET)


Startpoint: btn (input port clocked by clk)
Endpoint: _155_ (rising edge-triggered flip-flop clocked by clk)
Path Group: clk
Path Type: max

Fanout         Cap        Slew       Delay        Time   Description
---------------------------------------------------------------------------------------------
                                  0.000000    0.000000   clock clk (rise edge)
                                  0.000000    0.000000   clock network delay (propagated)
                                  5.000000    5.000000 v input external delay
     1    0.002785    0.008596    0.004387    5.004387 v btn (in)
                                                         btn (net)
                      0.008596    0.000000    5.004387 v input1/A (sky130_fd_sc_hd__buf_1)
     6    0.012973    0.080903    0.117456    5.121843 v input1/X (sky130_fd_sc_hd__buf_1)
                                                         net1 (net)
                      0.080903    0.000122    5.121965 v _052_/C (sky130_fd_sc_hd__and4bb_2)
     8    0.022214    0.085133    0.289652    5.411617 v _052_/X (sky130_fd_sc_hd__and4bb_2)
                                                         _040_ (net)
                      0.085133    0.000159    5.411775 v _073_/A2 (sky130_fd_sc_hd__a21o_1)
     2    0.006075    0.046861    0.203087    5.614862 v _073_/X (sky130_fd_sc_hd__a21o_1)
                                                         nxt1[0] (net)
                      0.046861    0.000016    5.614879 v _155_/D (sky130_fd_sc_hd__dfrtp_1)
                                              5.614879   data arrival time

                                 25.000000   25.000000   clock clk (rise edge)
                                  0.000000   25.000000   clock source latency
     1    0.011477    0.058009    0.038812   25.038811 ^ clk (in)
                                                         clk (net)
                      0.058010    0.000000   25.038811 ^ clkbuf_0_clk/A (sky130_fd_sc_hd__clkbuf_16)
     4    0.037194    0.057328    0.144682   25.183493 ^ clkbuf_0_clk/X (sky130_fd_sc_hd__clkbuf_16)
                                                         clknet_0_clk (net)
                      0.057328    0.000155   25.183647 ^ clkbuf_2_2__f_clk/A (sky130_fd_sc_hd__clkbuf_16)
     8    0.022921    0.044389    0.132783   25.316431 ^ clkbuf_2_2__f_clk/X (sky130_fd_sc_hd__clkbuf_16)
                                                         clknet_2_2__leaf_clk (net)
                      0.044389    0.000041   25.316471 ^ _155_/CLK (sky130_fd_sc_hd__dfrtp_1)
                                 -0.250000   25.066473   clock uncertainty
                                  0.000000   25.066473   clock reconvergence pessimism
                                 -0.115225   24.951246   library setup time
                                             24.951246   data required time
---------------------------------------------------------------------------------------------
                                             24.951246   data required time
                                             -5.614879   data arrival time
---------------------------------------------------------------------------------------------
                                             19.336369   slack (MET)


Startpoint: btn (input port clocked by clk)
Endpoint: _156_ (rising edge-triggered flip-flop clocked by clk)
Path Group: clk
Path Type: max

Fanout         Cap        Slew       Delay        Time   Description
---------------------------------------------------------------------------------------------
                                  0.000000    0.000000   clock clk (rise edge)
                                  0.000000    0.000000   clock network delay (propagated)
                                  5.000000    5.000000 v input external delay
     1    0.002785    0.008596    0.004387    5.004387 v btn (in)
                                                         btn (net)
                      0.008596    0.000000    5.004387 v input1/A (sky130_fd_sc_hd__buf_1)
     6    0.012973    0.080903    0.117456    5.121843 v input1/X (sky130_fd_sc_hd__buf_1)
                                                         net1 (net)
                      0.080903    0.000122    5.121965 v _052_/C (sky130_fd_sc_hd__and4bb_2)
     8    0.022214    0.085133    0.289652    5.411617 v _052_/X (sky130_fd_sc_hd__and4bb_2)
                                                         _040_ (net)
                      0.085133    0.000146    5.411763 v _075_/A2 (sky130_fd_sc_hd__a21o_1)
     2    0.004913    0.043394    0.197644    5.609407 v _075_/X (sky130_fd_sc_hd__a21o_1)
                                                         nxt1[1] (net)
                      0.043394    0.000007    5.609414 v _156_/D (sky130_fd_sc_hd__dfrtp_1)
                                              5.609414   data arrival time

                                 25.000000   25.000000   clock clk (rise edge)
                                  0.000000   25.000000   clock source latency
     1    0.011477    0.058009    0.038812   25.038811 ^ clk (in)
                                                         clk (net)
                      0.058010    0.000000   25.038811 ^ clkbuf_0_clk/A (sky130_fd_sc_hd__clkbuf_16)
     4    0.037194    0.057328    0.144682   25.183493 ^ clkbuf_0_clk/X (sky130_fd_sc_hd__clkbuf_16)
                                                         clknet_0_clk (net)
                      0.057328    0.000155   25.183647 ^ clkbuf_2_2__f_clk/A (sky130_fd_sc_hd__clkbuf_16)
     8    0.022921    0.044389    0.132783   25.316431 ^ clkbuf_2_2__f_clk/X (sky130_fd_sc_hd__clkbuf_16)
                                                         clknet_2_2__leaf_clk (net)
                      0.044389    0.000025   25.316456 ^ _156_/CLK (sky130_fd_sc_hd__dfrtp_1)
                                 -0.250000   25.066456   clock uncertainty
                                  0.000000   25.066456   clock reconvergence pessimism
                                 -0.113713   24.952744   library setup time
                                             24.952744   data required time
---------------------------------------------------------------------------------------------
                                             24.952744   data required time
                                             -5.609414   data arrival time
---------------------------------------------------------------------------------------------
                                             19.343328   slack (MET)


Startpoint: btn (input port clocked by clk)
Endpoint: _159_ (rising edge-triggered flip-flop clocked by clk)
Path Group: clk
Path Type: max

Fanout         Cap        Slew       Delay        Time   Description
---------------------------------------------------------------------------------------------
                                  0.000000    0.000000   clock clk (rise edge)
                                  0.000000    0.000000   clock network delay (propagated)
                                  5.000000    5.000000 v input external delay
     1    0.002785    0.008596    0.004387    5.004387 v btn (in)
                                                         btn (net)
                      0.008596    0.000000    5.004387 v input1/A (sky130_fd_sc_hd__buf_1)
     6    0.012973    0.080903    0.117456    5.121843 v input1/X (sky130_fd_sc_hd__buf_1)
                                                         net1 (net)
                      0.080903    0.000122    5.121965 v _052_/C (sky130_fd_sc_hd__and4bb_2)
     8    0.022214    0.085133    0.289652    5.411617 v _052_/X (sky130_fd_sc_hd__and4bb_2)
                                                         _040_ (net)
                      0.085133    0.000080    5.411697 v _081_/A2 (sky130_fd_sc_hd__a21o_1)
     2    0.004908    0.041862    0.197609    5.609306 v _081_/X (sky130_fd_sc_hd__a21o_1)
                                                         nxt1[4] (net)
                      0.041862    0.000023    5.609328 v _159_/D (sky130_fd_sc_hd__dfrtp_1)
                                              5.609328   data arrival time

                                 25.000000   25.000000   clock clk (rise edge)
                                  0.000000   25.000000   clock source latency
     1    0.011477    0.058009    0.038812   25.038811 ^ clk (in)
                                                         clk (net)
                      0.058010    0.000000   25.038811 ^ clkbuf_0_clk/A (sky130_fd_sc_hd__clkbuf_16)
     4    0.037194    0.057328    0.144682   25.183493 ^ clkbuf_0_clk/X (sky130_fd_sc_hd__clkbuf_16)
                                                         clknet_0_clk (net)
                      0.057328    0.000155   25.183647 ^ clkbuf_2_2__f_clk/A (sky130_fd_sc_hd__clkbuf_16)
     8    0.022921    0.044389    0.132783   25.316431 ^ clkbuf_2_2__f_clk/X (sky130_fd_sc_hd__clkbuf_16)
                                                         clknet_2_2__leaf_clk (net)
                      0.044389    0.000073   25.316504 ^ _159_/CLK (sky130_fd_sc_hd__dfrtp_1)
                                 -0.250000   25.066504   clock uncertainty
                                  0.000000   25.066504   clock reconvergence pessimism
                                 -0.113044   24.953461   library setup time
                                             24.953461   data required time
---------------------------------------------------------------------------------------------
                                             24.953461   data required time
                                             -5.609328   data arrival time
---------------------------------------------------------------------------------------------
                                             19.344131   slack (MET)


Startpoint: btn (input port clocked by clk)
Endpoint: _160_ (rising edge-triggered flip-flop clocked by clk)
Path Group: clk
Path Type: max

Fanout         Cap        Slew       Delay        Time   Description
---------------------------------------------------------------------------------------------
                                  0.000000    0.000000   clock clk (rise edge)
                                  0.000000    0.000000   clock network delay (propagated)
                                  5.000000    5.000000 v input external delay
     1    0.002785    0.008596    0.004387    5.004387 v btn (in)
                                                         btn (net)
                      0.008596    0.000000    5.004387 v input1/A (sky130_fd_sc_hd__buf_1)
     6    0.012973    0.080903    0.117456    5.121843 v input1/X (sky130_fd_sc_hd__buf_1)
                                                         net1 (net)
                      0.080903    0.000122    5.121965 v _052_/C (sky130_fd_sc_hd__and4bb_2)
     8    0.022214    0.085133    0.289652    5.411617 v _052_/X (sky130_fd_sc_hd__and4bb_2)
                                                         _040_ (net)
                      0.085133    0.000066    5.411683 v _083_/A2 (sky130_fd_sc_hd__a21o_1)
     2    0.004868    0.041693    0.197422    5.609105 v _083_/X (sky130_fd_sc_hd__a21o_1)
                                                         nxt1[5] (net)
                      0.041693    0.000017    5.609121 v _160_/D (sky130_fd_sc_hd__dfrtp_1)
                                              5.609121   data arrival time

                                 25.000000   25.000000   clock clk (rise edge)
                                  0.000000   25.000000   clock source latency
     1    0.011477    0.058009    0.038812   25.038811 ^ clk (in)
                                                         clk (net)
                      0.058010    0.000000   25.038811 ^ clkbuf_0_clk/A (sky130_fd_sc_hd__clkbuf_16)
     4    0.037194    0.057328    0.144682   25.183493 ^ clkbuf_0_clk/X (sky130_fd_sc_hd__clkbuf_16)
                                                         clknet_0_clk (net)
                      0.057328    0.000155   25.183647 ^ clkbuf_2_2__f_clk/A (sky130_fd_sc_hd__clkbuf_16)
     8    0.022921    0.044389    0.132783   25.316431 ^ clkbuf_2_2__f_clk/X (sky130_fd_sc_hd__clkbuf_16)
                                                         clknet_2_2__leaf_clk (net)
                      0.044389    0.000043   25.316473 ^ _160_/CLK (sky130_fd_sc_hd__dfrtp_1)
                                 -0.250000   25.066475   clock uncertainty
                                  0.000000   25.066475   clock reconvergence pessimism
                                 -0.112970   24.953503   library setup time
                                             24.953503   data required time
---------------------------------------------------------------------------------------------
                                             24.953503   data required time
                                             -5.609121   data arrival time
---------------------------------------------------------------------------------------------
                                             19.344381   slack (MET)


Startpoint: btn (input port clocked by clk)
Endpoint: _158_ (rising edge-triggered flip-flop clocked by clk)
Path Group: clk
Path Type: max

Fanout         Cap        Slew       Delay        Time   Description
---------------------------------------------------------------------------------------------
                                  0.000000    0.000000   clock clk (rise edge)
                                  0.000000    0.000000   clock network delay (propagated)
                                  5.000000    5.000000 v input external delay
     1    0.002785    0.008596    0.004387    5.004387 v btn (in)
                                                         btn (net)
                      0.008596    0.000000    5.004387 v input1/A (sky130_fd_sc_hd__buf_1)
     6    0.012973    0.080903    0.117456    5.121843 v input1/X (sky130_fd_sc_hd__buf_1)
                                                         net1 (net)
                      0.080903    0.000122    5.121965 v _052_/C (sky130_fd_sc_hd__and4bb_2)
     8    0.022214    0.085133    0.289652    5.411617 v _052_/X (sky130_fd_sc_hd__and4bb_2)
                                                         _040_ (net)
                      0.085133    0.000154    5.411770 v _079_/A2 (sky130_fd_sc_hd__a21o_1)
     2    0.004298    0.040820    0.194755    5.606525 v _079_/X (sky130_fd_sc_hd__a21o_1)
                                                         nxt1[3] (net)
                      0.040820    0.000007    5.606533 v _158_/D (sky130_fd_sc_hd__dfrtp_1)
                                              5.606533   data arrival time

                                 25.000000   25.000000   clock clk (rise edge)
                                  0.000000   25.000000   clock source latency
     1    0.011477    0.058009    0.038812   25.038811 ^ clk (in)
                                                         clk (net)
                      0.058010    0.000000   25.038811 ^ clkbuf_0_clk/A (sky130_fd_sc_hd__clkbuf_16)
     4    0.037194    0.057328    0.144682   25.183493 ^ clkbuf_0_clk/X (sky130_fd_sc_hd__clkbuf_16)
                                                         clknet_0_clk (net)
                      0.057328    0.000155   25.183647 ^ clkbuf_2_2__f_clk/A (sky130_fd_sc_hd__clkbuf_16)
     8    0.022921    0.044389    0.132783   25.316431 ^ clkbuf_2_2__f_clk/X (sky130_fd_sc_hd__clkbuf_16)
                                                         clknet_2_2__leaf_clk (net)
                      0.044389    0.000076   25.316507 ^ _158_/CLK (sky130_fd_sc_hd__dfrtp_1)
                                 -0.250000   25.066507   clock uncertainty
                                  0.000000   25.066507   clock reconvergence pessimism
                                 -0.112589   24.953918   library setup time
                                             24.953918   data required time
---------------------------------------------------------------------------------------------
                                             24.953918   data required time
                                             -5.606533   data arrival time
---------------------------------------------------------------------------------------------
                                             19.347387   slack (MET)


Startpoint: btn (input port clocked by clk)
Endpoint: _157_ (rising edge-triggered flip-flop clocked by clk)
Path Group: clk
Path Type: max

Fanout         Cap        Slew       Delay        Time   Description
---------------------------------------------------------------------------------------------
                                  0.000000    0.000000   clock clk (rise edge)
                                  0.000000    0.000000   clock network delay (propagated)
                                  5.000000    5.000000 v input external delay
     1    0.002785    0.008596    0.004387    5.004387 v btn (in)
                                                         btn (net)
                      0.008596    0.000000    5.004387 v input1/A (sky130_fd_sc_hd__buf_1)
     6    0.012973    0.080903    0.117456    5.121843 v input1/X (sky130_fd_sc_hd__buf_1)
                                                         net1 (net)
                      0.080903    0.000122    5.121965 v _052_/C (sky130_fd_sc_hd__and4bb_2)
     8    0.022214    0.085133    0.289652    5.411617 v _052_/X (sky130_fd_sc_hd__and4bb_2)
                                                         _040_ (net)
                      0.085133    0.000148    5.411765 v _077_/A2 (sky130_fd_sc_hd__a21o_1)
     2    0.004151    0.040203    0.194061    5.605826 v _077_/X (sky130_fd_sc_hd__a21o_1)
                                                         nxt1[2] (net)
                      0.040203    0.000006    5.605832 v _157_/D (sky130_fd_sc_hd__dfrtp_1)
                                              5.605832   data arrival time

                                 25.000000   25.000000   clock clk (rise edge)
                                  0.000000   25.000000   clock source latency
     1    0.011477    0.058009    0.038812   25.038811 ^ clk (in)
                                                         clk (net)
                      0.058010    0.000000   25.038811 ^ clkbuf_0_clk/A (sky130_fd_sc_hd__clkbuf_16)
     4    0.037194    0.057328    0.144682   25.183493 ^ clkbuf_0_clk/X (sky130_fd_sc_hd__clkbuf_16)
                                                         clknet_0_clk (net)
                      0.057328    0.000155   25.183647 ^ clkbuf_2_2__f_clk/A (sky130_fd_sc_hd__clkbuf_16)
     8    0.022921    0.044389    0.132783   25.316431 ^ clkbuf_2_2__f_clk/X (sky130_fd_sc_hd__clkbuf_16)
                                                         clknet_2_2__leaf_clk (net)
                      0.044389    0.000050   25.316481 ^ _157_/CLK (sky130_fd_sc_hd__dfrtp_1)
                                 -0.250000   25.066481   clock uncertainty
                                  0.000000   25.066481   clock reconvergence pessimism
                                 -0.112321   24.954161   library setup time
                                             24.954161   data required time
---------------------------------------------------------------------------------------------
                                             24.954161   data required time
                                             -5.605832   data arrival time
---------------------------------------------------------------------------------------------
                                             19.348328   slack (MET)


Startpoint: btn (input port clocked by clk)
Endpoint: _162_ (rising edge-triggered flip-flop clocked by clk)
Path Group: clk
Path Type: max

Fanout         Cap        Slew       Delay        Time   Description
---------------------------------------------------------------------------------------------
                                  0.000000    0.000000   clock clk (rise edge)
                                  0.000000    0.000000   clock network delay (propagated)
                                  5.000000    5.000000 v input external delay
     1    0.002785    0.008596    0.004387    5.004387 v btn (in)
                                                         btn (net)
                      0.008596    0.000000    5.004387 v input1/A (sky130_fd_sc_hd__buf_1)
     6    0.012973    0.080903    0.117456    5.121843 v input1/X (sky130_fd_sc_hd__buf_1)
                                                         net1 (net)
                      0.080903    0.000107    5.121950 v _087_/C (sky130_fd_sc_hd__and4bb_2)
     6    0.018007    0.075657    0.279232    5.401182 v _087_/X (sky130_fd_sc_hd__and4bb_2)
                                                         _046_ (net)
                      0.075657    0.000140    5.401322 v _090_/A2 (sky130_fd_sc_hd__a21o_1)
     2    0.004942    0.043523    0.194042    5.595364 v _090_/X (sky130_fd_sc_hd__a21o_1)
                                                         nxt2[1] (net)
                      0.043523    0.000011    5.595374 v _162_/D (sky130_fd_sc_hd__dfrtp_1)
                                              5.595374   data arrival time

                                 25.000000   25.000000   clock clk (rise edge)
                                  0.000000   25.000000   clock source latency
     1    0.011477    0.058009    0.038812   25.038811 ^ clk (in)
                                                         clk (net)
                      0.058010    0.000000   25.038811 ^ clkbuf_0_clk/A (sky130_fd_sc_hd__clkbuf_16)
     4    0.037194    0.057328    0.144682   25.183493 ^ clkbuf_0_clk/X (sky130_fd_sc_hd__clkbuf_16)
                                                         clknet_0_clk (net)
                      0.057328    0.000156   25.183649 ^ clkbuf_2_0__f_clk/A (sky130_fd_sc_hd__clkbuf_16)
    10    0.024745    0.046038    0.134525   25.318174 ^ clkbuf_2_0__f_clk/X (sky130_fd_sc_hd__clkbuf_16)
                                                         clknet_2_0__leaf_clk (net)
                      0.046038    0.000041   25.318216 ^ _162_/CLK (sky130_fd_sc_hd__dfrtp_1)
                                 -0.250000   25.068216   clock uncertainty
                                  0.000000   25.068216   clock reconvergence pessimism
                                 -0.113392   24.954824   library setup time
                                             24.954824   data required time
---------------------------------------------------------------------------------------------
                                             24.954824   data required time
                                             -5.595374   data arrival time
---------------------------------------------------------------------------------------------
                                             19.359451   slack (MET)


Startpoint: btn (input port clocked by clk)
Endpoint: _164_ (rising edge-triggered flip-flop clocked by clk)
Path Group: clk
Path Type: max

Fanout         Cap        Slew       Delay        Time   Description
---------------------------------------------------------------------------------------------
                                  0.000000    0.000000   clock clk (rise edge)
                                  0.000000    0.000000   clock network delay (propagated)
                                  5.000000    5.000000 v input external delay
     1    0.002785    0.008596    0.004387    5.004387 v btn (in)
                                                         btn (net)
                      0.008596    0.000000    5.004387 v input1/A (sky130_fd_sc_hd__buf_1)
     6    0.012973    0.080903    0.117456    5.121843 v input1/X (sky130_fd_sc_hd__buf_1)
                                                         net1 (net)
                      0.080903    0.000107    5.121950 v _087_/C (sky130_fd_sc_hd__and4bb_2)
     6    0.018007    0.075657    0.279232    5.401182 v _087_/X (sky130_fd_sc_hd__and4bb_2)
                                                         _046_ (net)
                      0.075657    0.000184    5.401366 v _094_/A2 (sky130_fd_sc_hd__a21o_1)
     2    0.004892    0.041807    0.193800    5.595166 v _094_/X (sky130_fd_sc_hd__a21o_1)
                                                         nxt2[3] (net)
                      0.041807    0.000018    5.595184 v _164_/D (sky130_fd_sc_hd__dfrtp_1)
                                              5.595184   data arrival time

                                 25.000000   25.000000   clock clk (rise edge)
                                  0.000000   25.000000   clock source latency
     1    0.011477    0.058009    0.038812   25.038811 ^ clk (in)
                                                         clk (net)
                      0.058010    0.000000   25.038811 ^ clkbuf_0_clk/A (sky130_fd_sc_hd__clkbuf_16)
     4    0.037194    0.057328    0.144682   25.183493 ^ clkbuf_0_clk/X (sky130_fd_sc_hd__clkbuf_16)
                                                         clknet_0_clk (net)
                      0.057328    0.000156   25.183649 ^ clkbuf_2_0__f_clk/A (sky130_fd_sc_hd__clkbuf_16)
    10    0.024745    0.046038    0.134525   25.318174 ^ clkbuf_2_0__f_clk/X (sky130_fd_sc_hd__clkbuf_16)
                                                         clknet_2_0__leaf_clk (net)
                      0.046038    0.000110   25.318285 ^ _164_/CLK (sky130_fd_sc_hd__dfrtp_1)
                                 -0.250000   25.068285   clock uncertainty
                                  0.000000   25.068285   clock reconvergence pessimism
                                 -0.112643   24.955643   library setup time
                                             24.955643   data required time
---------------------------------------------------------------------------------------------
                                             24.955643   data required time
                                             -5.595184   data arrival time
---------------------------------------------------------------------------------------------
                                             19.360460   slack (MET)


Startpoint: btn (input port clocked by clk)
Endpoint: _163_ (rising edge-triggered flip-flop clocked by clk)
Path Group: clk
Path Type: max

Fanout         Cap        Slew       Delay        Time   Description
---------------------------------------------------------------------------------------------
                                  0.000000    0.000000   clock clk (rise edge)
                                  0.000000    0.000000   clock network delay (propagated)
                                  5.000000    5.000000 v input external delay
     1    0.002785    0.008596    0.004387    5.004387 v btn (in)
                                                         btn (net)
                      0.008596    0.000000    5.004387 v input1/A (sky130_fd_sc_hd__buf_1)
     6    0.012973    0.080903    0.117456    5.121843 v input1/X (sky130_fd_sc_hd__buf_1)
                                                         net1 (net)
                      0.080903    0.000107    5.121950 v _087_/C (sky130_fd_sc_hd__and4bb_2)
     6    0.018007    0.075657    0.279232    5.401182 v _087_/X (sky130_fd_sc_hd__and4bb_2)
                                                         _046_ (net)
                      0.075657    0.000173    5.401355 v _092_/A2 (sky130_fd_sc_hd__a21o_1)
     2    0.004854    0.041654    0.193622    5.594977 v _092_/X (sky130_fd_sc_hd__a21o_1)
                                                         nxt2[2] (net)
                      0.041654    0.000015    5.594993 v _163_/D (sky130_fd_sc_hd__dfrtp_1)
                                              5.594993   data arrival time

                                 25.000000   25.000000   clock clk (rise edge)
                                  0.000000   25.000000   clock source latency
     1    0.011477    0.058009    0.038812   25.038811 ^ clk (in)
                                                         clk (net)
                      0.058010    0.000000   25.038811 ^ clkbuf_0_clk/A (sky130_fd_sc_hd__clkbuf_16)
     4    0.037194    0.057328    0.144682   25.183493 ^ clkbuf_0_clk/X (sky130_fd_sc_hd__clkbuf_16)
                                                         clknet_0_clk (net)
                      0.057328    0.000156   25.183649 ^ clkbuf_2_0__f_clk/A (sky130_fd_sc_hd__clkbuf_16)
    10    0.024745    0.046038    0.134525   25.318174 ^ clkbuf_2_0__f_clk/X (sky130_fd_sc_hd__clkbuf_16)
                                                         clknet_2_0__leaf_clk (net)
                      0.046038    0.000114   25.318289 ^ _163_/CLK (sky130_fd_sc_hd__dfrtp_1)
                                 -0.250000   25.068289   clock uncertainty
                                  0.000000   25.068289   clock reconvergence pessimism
                                 -0.112576   24.955713   library setup time
                                             24.955713   data required time
---------------------------------------------------------------------------------------------
                                             24.955713   data required time
                                             -5.594993   data arrival time
---------------------------------------------------------------------------------------------
                                             19.360720   slack (MET)


Startpoint: btn (input port clocked by clk)
Endpoint: _165_ (rising edge-triggered flip-flop clocked by clk)
Path Group: clk
Path Type: max

Fanout         Cap        Slew       Delay        Time   Description
---------------------------------------------------------------------------------------------
                                  0.000000    0.000000   clock clk (rise edge)
                                  0.000000    0.000000   clock network delay (propagated)
                                  5.000000    5.000000 v input external delay
     1    0.002785    0.008596    0.004387    5.004387 v btn (in)
                                                         btn (net)
                      0.008596    0.000000    5.004387 v input1/A (sky130_fd_sc_hd__buf_1)
     6    0.012973    0.080903    0.117456    5.121843 v input1/X (sky130_fd_sc_hd__buf_1)
                                                         net1 (net)
                      0.080903    0.000107    5.121950 v _087_/C (sky130_fd_sc_hd__and4bb_2)
     6    0.018007    0.075657    0.279232    5.401182 v _087_/X (sky130_fd_sc_hd__and4bb_2)
                                                         _046_ (net)
                      0.075657    0.000215    5.401397 v _096_/A2 (sky130_fd_sc_hd__a21o_1)
     2    0.004639    0.042262    0.192618    5.594016 v _096_/X (sky130_fd_sc_hd__a21o_1)
                                                         nxt2[4] (net)
                      0.042262    0.000010    5.594026 v _165_/D (sky130_fd_sc_hd__dfrtp_1)
                                              5.594026   data arrival time

                                 25.000000   25.000000   clock clk (rise edge)
                                  0.000000   25.000000   clock source latency
     1    0.011477    0.058009    0.038812   25.038811 ^ clk (in)
                                                         clk (net)
                      0.058010    0.000000   25.038811 ^ clkbuf_0_clk/A (sky130_fd_sc_hd__clkbuf_16)
     4    0.037194    0.057328    0.144682   25.183493 ^ clkbuf_0_clk/X (sky130_fd_sc_hd__clkbuf_16)
                                                         clknet_0_clk (net)
                      0.057328    0.000156   25.183649 ^ clkbuf_2_0__f_clk/A (sky130_fd_sc_hd__clkbuf_16)
    10    0.024745    0.046038    0.134525   25.318174 ^ clkbuf_2_0__f_clk/X (sky130_fd_sc_hd__clkbuf_16)
                                                         clknet_2_0__leaf_clk (net)
                      0.046038    0.000094   25.318270 ^ _165_/CLK (sky130_fd_sc_hd__dfrtp_1)
                                 -0.250000   25.068270   clock uncertainty
                                  0.000000   25.068270   clock reconvergence pessimism
                                 -0.112841   24.955429   library setup time
                                             24.955429   data required time
---------------------------------------------------------------------------------------------
                                             24.955429   data required time
                                             -5.594026   data arrival time
---------------------------------------------------------------------------------------------
                                             19.361404   slack (MET)


Startpoint: btn (input port clocked by clk)
Endpoint: _166_ (rising edge-triggered flip-flop clocked by clk)
Path Group: clk
Path Type: max

Fanout         Cap        Slew       Delay        Time   Description
---------------------------------------------------------------------------------------------
                                  0.000000    0.000000   clock clk (rise edge)
                                  0.000000    0.000000   clock network delay (propagated)
                                  5.000000    5.000000 v input external delay
     1    0.002785    0.008596    0.004387    5.004387 v btn (in)
                                                         btn (net)
                      0.008596    0.000000    5.004387 v input1/A (sky130_fd_sc_hd__buf_1)
     6    0.012973    0.080903    0.117456    5.121843 v input1/X (sky130_fd_sc_hd__buf_1)
                                                         net1 (net)
                      0.080903    0.000107    5.121950 v _087_/C (sky130_fd_sc_hd__and4bb_2)
     6    0.018007    0.075657    0.279232    5.401182 v _087_/X (sky130_fd_sc_hd__and4bb_2)
                                                         _046_ (net)
                      0.075657    0.000209    5.401391 v _098_/A2 (sky130_fd_sc_hd__a21o_1)
     2    0.004552    0.041901    0.192210    5.593601 v _098_/X (sky130_fd_sc_hd__a21o_1)
                                                         nxt2[5] (net)
                      0.041901    0.000006    5.593607 v _166_/D (sky130_fd_sc_hd__dfrtp_1)
                                              5.593607   data arrival time

                                 25.000000   25.000000   clock clk (rise edge)
                                  0.000000   25.000000   clock source latency
     1    0.011477    0.058009    0.038812   25.038811 ^ clk (in)
                                                         clk (net)
                      0.058010    0.000000   25.038811 ^ clkbuf_0_clk/A (sky130_fd_sc_hd__clkbuf_16)
     4    0.037194    0.057328    0.144682   25.183493 ^ clkbuf_0_clk/X (sky130_fd_sc_hd__clkbuf_16)
                                                         clknet_0_clk (net)
                      0.057328    0.000156   25.183649 ^ clkbuf_2_0__f_clk/A (sky130_fd_sc_hd__clkbuf_16)
    10    0.024745    0.046038    0.134525   25.318174 ^ clkbuf_2_0__f_clk/X (sky130_fd_sc_hd__clkbuf_16)
                                                         clknet_2_0__leaf_clk (net)
                      0.046038    0.000082   25.318256 ^ _166_/CLK (sky130_fd_sc_hd__dfrtp_1)
                                 -0.250000   25.068258   clock uncertainty
                                  0.000000   25.068258   clock reconvergence pessimism
                                 -0.112684   24.955574   library setup time
                                             24.955574   data required time
---------------------------------------------------------------------------------------------
                                             24.955574   data required time
                                             -5.593607   data arrival time
---------------------------------------------------------------------------------------------
                                             19.361967   slack (MET)


Startpoint: btn (input port clocked by clk)
Endpoint: _161_ (rising edge-triggered flip-flop clocked by clk)
Path Group: clk
Path Type: max

Fanout         Cap        Slew       Delay        Time   Description
---------------------------------------------------------------------------------------------
                                  0.000000    0.000000   clock clk (rise edge)
                                  0.000000    0.000000   clock network delay (propagated)
                                  5.000000    5.000000 v input external delay
     1    0.002785    0.008596    0.004387    5.004387 v btn (in)
                                                         btn (net)
                      0.008596    0.000000    5.004387 v input1/A (sky130_fd_sc_hd__buf_1)
     6    0.012973    0.080903    0.117456    5.121843 v input1/X (sky130_fd_sc_hd__buf_1)
                                                         net1 (net)
                      0.080903    0.000107    5.121950 v _087_/C (sky130_fd_sc_hd__and4bb_2)
     6    0.018007    0.075657    0.279232    5.401182 v _087_/X (sky130_fd_sc_hd__and4bb_2)
                                                         _046_ (net)
                      0.075657    0.000171    5.401353 v _088_/A2 (sky130_fd_sc_hd__a21o_1)
     2    0.004146    0.040212    0.190305    5.591658 v _088_/X (sky130_fd_sc_hd__a21o_1)
                                                         nxt2[0] (net)
                      0.040212    0.000012    5.591669 v _161_/D (sky130_fd_sc_hd__dfrtp_1)
                                              5.591669   data arrival time

                                 25.000000   25.000000   clock clk (rise edge)
                                  0.000000   25.000000   clock source latency
     1    0.011477    0.058009    0.038812   25.038811 ^ clk (in)
                                                         clk (net)
                      0.058010    0.000000   25.038811 ^ clkbuf_0_clk/A (sky130_fd_sc_hd__clkbuf_16)
     4    0.037194    0.057328    0.144682   25.183493 ^ clkbuf_0_clk/X (sky130_fd_sc_hd__clkbuf_16)
                                                         clknet_0_clk (net)
                      0.057328    0.000156   25.183649 ^ clkbuf_2_0__f_clk/A (sky130_fd_sc_hd__clkbuf_16)
    10    0.024745    0.046038    0.134525   25.318174 ^ clkbuf_2_0__f_clk/X (sky130_fd_sc_hd__clkbuf_16)
                                                         clknet_2_0__leaf_clk (net)
                      0.046038    0.000044   25.318220 ^ _161_/CLK (sky130_fd_sc_hd__dfrtp_1)
                                 -0.250000   25.068220   clock uncertainty
                                  0.000000   25.068220   clock reconvergence pessimism
                                 -0.111947   24.956272   library setup time
                                             24.956272   data required time
---------------------------------------------------------------------------------------------
                                             24.956272   data required time
                                             -5.591669   data arrival time
---------------------------------------------------------------------------------------------
                                             19.364603   slack (MET)


Startpoint: btn (input port clocked by clk)
Endpoint: _183_ (rising edge-triggered flip-flop clocked by clk)
Path Group: clk
Path Type: max

Fanout         Cap        Slew       Delay        Time   Description
---------------------------------------------------------------------------------------------
                                  0.000000    0.000000   clock clk (rise edge)
                                  0.000000    0.000000   clock network delay (propagated)
                                  5.000000    5.000000 v input external delay
     1    0.002785    0.008596    0.004387    5.004387 v btn (in)
                                                         btn (net)
                      0.008596    0.000000    5.004387 v input1/A (sky130_fd_sc_hd__buf_1)
     6    0.012973    0.080903    0.117456    5.121843 v input1/X (sky130_fd_sc_hd__buf_1)
                                                         net1 (net)
                      0.080903    0.000122    5.121965 v _052_/C (sky130_fd_sc_hd__and4bb_2)
     8    0.022214    0.085133    0.289652    5.411617 v _052_/X (sky130_fd_sc_hd__and4bb_2)
                                                         _040_ (net)
                      0.085133    0.000019    5.411635 v _053_/A2 (sky130_fd_sc_hd__a21o_1)
     1    0.002387    0.032221    0.184041    5.595676 v _053_/X (sky130_fd_sc_hd__a21o_1)
                                                         _037_ (net)
                      0.032221    0.000006    5.595682 v _183_/D (sky130_fd_sc_hd__dfrtp_1)
                                              5.595682   data arrival time

                                 25.000000   25.000000   clock clk (rise edge)
                                  0.000000   25.000000   clock source latency
     1    0.011477    0.058009    0.038812   25.038811 ^ clk (in)
                                                         clk (net)
                      0.058010    0.000000   25.038811 ^ clkbuf_0_clk/A (sky130_fd_sc_hd__clkbuf_16)
     4    0.037194    0.057328    0.144682   25.183493 ^ clkbuf_0_clk/X (sky130_fd_sc_hd__clkbuf_16)
                                                         clknet_0_clk (net)
                      0.057328    0.000155   25.183647 ^ clkbuf_2_3__f_clk/A (sky130_fd_sc_hd__clkbuf_16)
    11    0.025712    0.046918    0.135465   25.319113 ^ clkbuf_2_3__f_clk/X (sky130_fd_sc_hd__clkbuf_16)
                                                         clknet_2_3__leaf_clk (net)
                      0.046918    0.000052   25.319164 ^ _183_/CLK (sky130_fd_sc_hd__dfrtp_1)
                                 -0.250000   25.069166   clock uncertainty
                                  0.000000   25.069166   clock reconvergence pessimism
                                 -0.108260   24.960905   library setup time
                                             24.960905   data required time
---------------------------------------------------------------------------------------------
                                             24.960905   data required time
                                             -5.595682   data arrival time
---------------------------------------------------------------------------------------------
                                             19.365223   slack (MET)


Startpoint: btn (input port clocked by clk)
Endpoint: _168_ (rising edge-triggered flip-flop clocked by clk)
Path Group: clk
Path Type: max

Fanout         Cap        Slew       Delay        Time   Description
---------------------------------------------------------------------------------------------
                                  0.000000    0.000000   clock clk (rise edge)
                                  0.000000    0.000000   clock network delay (propagated)
                                  5.000000    5.000000 v input external delay
     1    0.002785    0.008596    0.004387    5.004387 v btn (in)
                                                         btn (net)
                      0.008596    0.000000    5.004387 v input1/A (sky130_fd_sc_hd__buf_1)
     6    0.012973    0.080903    0.117456    5.121843 v input1/X (sky130_fd_sc_hd__buf_1)
                                                         net1 (net)
                      0.080903    0.000105    5.121948 v _102_/B (sky130_fd_sc_hd__and4b_2)
     6    0.018053    0.076646    0.263325    5.385273 v _102_/X (sky130_fd_sc_hd__and4b_2)
                                                         _048_ (net)
                      0.076646    0.000107    5.385380 v _105_/A2 (sky130_fd_sc_hd__a21o_1)
     1    0.003103    0.034386    0.185138    5.570518 v _105_/X (sky130_fd_sc_hd__a21o_1)
                                                         nxt3[1] (net)
                      0.034386    0.000015    5.570532 v _168_/D (sky130_fd_sc_hd__dfrtp_1)
                                              5.570532   data arrival time

                                 25.000000   25.000000   clock clk (rise edge)
                                  0.000000   25.000000   clock source latency
     1    0.011477    0.058009    0.038812   25.038811 ^ clk (in)
                                                         clk (net)
                      0.058010    0.000000   25.038811 ^ clkbuf_0_clk/A (sky130_fd_sc_hd__clkbuf_16)
     4    0.037194    0.057328    0.144682   25.183493 ^ clkbuf_0_clk/X (sky130_fd_sc_hd__clkbuf_16)
                                                         clknet_0_clk (net)
                      0.057328    0.000155   25.183647 ^ clkbuf_2_3__f_clk/A (sky130_fd_sc_hd__clkbuf_16)
    11    0.025712    0.046918    0.135465   25.319113 ^ clkbuf_2_3__f_clk/X (sky130_fd_sc_hd__clkbuf_16)
                                                         clknet_2_3__leaf_clk (net)
                      0.046918    0.000020   25.319132 ^ _168_/CLK (sky130_fd_sc_hd__dfrtp_1)
                                 -0.250000   25.069134   clock uncertainty
                                  0.000000   25.069134   clock reconvergence pessimism
                                 -0.109204   24.959929   library setup time
                                             24.959929   data required time
---------------------------------------------------------------------------------------------
                                             24.959929   data required time
                                             -5.570532   data arrival time
---------------------------------------------------------------------------------------------
                                             19.389395   slack (MET)


Startpoint: btn (input port clocked by clk)
Endpoint: _169_ (rising edge-triggered flip-flop clocked by clk)
Path Group: clk
Path Type: max

Fanout         Cap        Slew       Delay        Time   Description
---------------------------------------------------------------------------------------------
                                  0.000000    0.000000   clock clk (rise edge)
                                  0.000000    0.000000   clock network delay (propagated)
                                  5.000000    5.000000 v input external delay
     1    0.002785    0.008596    0.004387    5.004387 v btn (in)
                                                         btn (net)
                      0.008596    0.000000    5.004387 v input1/A (sky130_fd_sc_hd__buf_1)
     6    0.012973    0.080903    0.117456    5.121843 v input1/X (sky130_fd_sc_hd__buf_1)
                                                         net1 (net)
                      0.080903    0.000105    5.121948 v _102_/B (sky130_fd_sc_hd__and4b_2)
     6    0.018053    0.076646    0.263325    5.385273 v _102_/X (sky130_fd_sc_hd__and4b_2)
                                                         _048_ (net)
                      0.076646    0.000048    5.385321 v _107_/A2 (sky130_fd_sc_hd__a21o_1)
     1    0.002914    0.033502    0.183964    5.569285 v _107_/X (sky130_fd_sc_hd__a21o_1)
                                                         nxt3[2] (net)
                      0.033502    0.000014    5.569299 v _169_/D (sky130_fd_sc_hd__dfrtp_1)
                                              5.569299   data arrival time

                                 25.000000   25.000000   clock clk (rise edge)
                                  0.000000   25.000000   clock source latency
     1    0.011477    0.058009    0.038812   25.038811 ^ clk (in)
                                                         clk (net)
                      0.058010    0.000000   25.038811 ^ clkbuf_0_clk/A (sky130_fd_sc_hd__clkbuf_16)
     4    0.037194    0.057328    0.144682   25.183493 ^ clkbuf_0_clk/X (sky130_fd_sc_hd__clkbuf_16)
                                                         clknet_0_clk (net)
                      0.057328    0.000155   25.183647 ^ clkbuf_2_3__f_clk/A (sky130_fd_sc_hd__clkbuf_16)
    11    0.025712    0.046918    0.135465   25.319113 ^ clkbuf_2_3__f_clk/X (sky130_fd_sc_hd__clkbuf_16)
                                                         clknet_2_3__leaf_clk (net)
                      0.046918    0.000055   25.319168 ^ _169_/CLK (sky130_fd_sc_hd__dfrtp_1)
                                 -0.250000   25.069168   clock uncertainty
                                  0.000000   25.069168   clock reconvergence pessimism
                                 -0.108819   24.960350   library setup time
                                             24.960350   data required time
---------------------------------------------------------------------------------------------
                                             24.960350   data required time
                                             -5.569299   data arrival time
---------------------------------------------------------------------------------------------
                                             19.391052   slack (MET)


Startpoint: btn (input port clocked by clk)
Endpoint: _171_ (rising edge-triggered flip-flop clocked by clk)
Path Group: clk
Path Type: max

Fanout         Cap        Slew       Delay        Time   Description
---------------------------------------------------------------------------------------------
                                  0.000000    0.000000   clock clk (rise edge)
                                  0.000000    0.000000   clock network delay (propagated)
                                  5.000000    5.000000 v input external delay
     1    0.002785    0.008596    0.004387    5.004387 v btn (in)
                                                         btn (net)
                      0.008596    0.000000    5.004387 v input1/A (sky130_fd_sc_hd__buf_1)
     6    0.012973    0.080903    0.117456    5.121843 v input1/X (sky130_fd_sc_hd__buf_1)
                                                         net1 (net)
                      0.080903    0.000105    5.121948 v _102_/B (sky130_fd_sc_hd__and4b_2)
     6    0.018053    0.076646    0.263325    5.385273 v _102_/X (sky130_fd_sc_hd__and4b_2)
                                                         _048_ (net)
                      0.076646    0.000103    5.385375 v _111_/A2 (sky130_fd_sc_hd__a21o_1)
     1    0.002654    0.033490    0.182361    5.567737 v _111_/X (sky130_fd_sc_hd__a21o_1)
                                                         nxt3[4] (net)
                      0.033490    0.000008    5.567745 v _171_/D (sky130_fd_sc_hd__dfrtp_1)
                                              5.567745   data arrival time

                                 25.000000   25.000000   clock clk (rise edge)
                                  0.000000   25.000000   clock source latency
     1    0.011477    0.058009    0.038812   25.038811 ^ clk (in)
                                                         clk (net)
                      0.058010    0.000000   25.038811 ^ clkbuf_0_clk/A (sky130_fd_sc_hd__clkbuf_16)
     4    0.037194    0.057328    0.144682   25.183493 ^ clkbuf_0_clk/X (sky130_fd_sc_hd__clkbuf_16)
                                                         clknet_0_clk (net)
                      0.057328    0.000155   25.183647 ^ clkbuf_2_3__f_clk/A (sky130_fd_sc_hd__clkbuf_16)
    11    0.025712    0.046918    0.135465   25.319113 ^ clkbuf_2_3__f_clk/X (sky130_fd_sc_hd__clkbuf_16)
                                                         clknet_2_3__leaf_clk (net)
                      0.046918    0.000044   25.319157 ^ _171_/CLK (sky130_fd_sc_hd__dfrtp_1)
                                 -0.250000   25.069159   clock uncertainty
                                  0.000000   25.069159   clock reconvergence pessimism
                                 -0.108813   24.960346   library setup time
                                             24.960346   data required time
---------------------------------------------------------------------------------------------
                                             24.960346   data required time
                                             -5.567745   data arrival time
---------------------------------------------------------------------------------------------
                                             19.392601   slack (MET)


Startpoint: btn (input port clocked by clk)
Endpoint: _172_ (rising edge-triggered flip-flop clocked by clk)
Path Group: clk
Path Type: max

Fanout         Cap        Slew       Delay        Time   Description
---------------------------------------------------------------------------------------------
                                  0.000000    0.000000   clock clk (rise edge)
                                  0.000000    0.000000   clock network delay (propagated)
                                  5.000000    5.000000 v input external delay
     1    0.002785    0.008596    0.004387    5.004387 v btn (in)
                                                         btn (net)
                      0.008596    0.000000    5.004387 v input1/A (sky130_fd_sc_hd__buf_1)
     6    0.012973    0.080903    0.117456    5.121843 v input1/X (sky130_fd_sc_hd__buf_1)
                                                         net1 (net)
                      0.080903    0.000105    5.121948 v _102_/B (sky130_fd_sc_hd__and4b_2)
     6    0.018053    0.076646    0.263325    5.385273 v _102_/X (sky130_fd_sc_hd__and4b_2)
                                                         _048_ (net)
                      0.076646    0.000080    5.385353 v _113_/A2 (sky130_fd_sc_hd__a21o_1)
     1    0.002340    0.032005    0.180420    5.565773 v _113_/X (sky130_fd_sc_hd__a21o_1)
                                                         nxt3[5] (net)
                      0.032005    0.000004    5.565777 v _172_/D (sky130_fd_sc_hd__dfrtp_1)
                                              5.565777   data arrival time

                                 25.000000   25.000000   clock clk (rise edge)
                                  0.000000   25.000000   clock source latency
     1    0.011477    0.058009    0.038812   25.038811 ^ clk (in)
                                                         clk (net)
                      0.058010    0.000000   25.038811 ^ clkbuf_0_clk/A (sky130_fd_sc_hd__clkbuf_16)
     4    0.037194    0.057328    0.144682   25.183493 ^ clkbuf_0_clk/X (sky130_fd_sc_hd__clkbuf_16)
                                                         clknet_0_clk (net)
                      0.057328    0.000155   25.183647 ^ clkbuf_2_3__f_clk/A (sky130_fd_sc_hd__clkbuf_16)
    11    0.025712    0.046918    0.135465   25.319113 ^ clkbuf_2_3__f_clk/X (sky130_fd_sc_hd__clkbuf_16)
                                                         clknet_2_3__leaf_clk (net)
                      0.046918    0.000039   25.319153 ^ _172_/CLK (sky130_fd_sc_hd__dfrtp_1)
                                 -0.250000   25.069153   clock uncertainty
                                  0.000000   25.069153   clock reconvergence pessimism
                                 -0.108165   24.960987   library setup time
                                             24.960987   data required time
---------------------------------------------------------------------------------------------
                                             24.960987   data required time
                                             -5.565777   data arrival time
---------------------------------------------------------------------------------------------
                                             19.395210   slack (MET)


Startpoint: btn (input port clocked by clk)
Endpoint: _170_ (rising edge-triggered flip-flop clocked by clk)
Path Group: clk
Path Type: max

Fanout         Cap        Slew       Delay        Time   Description
---------------------------------------------------------------------------------------------
                                  0.000000    0.000000   clock clk (rise edge)
                                  0.000000    0.000000   clock network delay (propagated)
                                  5.000000    5.000000 v input external delay
     1    0.002785    0.008596    0.004387    5.004387 v btn (in)
                                                         btn (net)
                      0.008596    0.000000    5.004387 v input1/A (sky130_fd_sc_hd__buf_1)
     6    0.012973    0.080903    0.117456    5.121843 v input1/X (sky130_fd_sc_hd__buf_1)
                                                         net1 (net)
                      0.080903    0.000105    5.121948 v _102_/B (sky130_fd_sc_hd__and4b_2)
     6    0.018053    0.076646    0.263325    5.385273 v _102_/X (sky130_fd_sc_hd__and4b_2)
                                                         _048_ (net)
                      0.076646    0.000044    5.385316 v _109_/A2 (sky130_fd_sc_hd__a21o_1)
     1    0.002261    0.031629    0.179929    5.565246 v _109_/X (sky130_fd_sc_hd__a21o_1)
                                                         nxt3[3] (net)
                      0.031629    0.000004    5.565250 v _170_/D (sky130_fd_sc_hd__dfrtp_1)
                                              5.565250   data arrival time

                                 25.000000   25.000000   clock clk (rise edge)
                                  0.000000   25.000000   clock source latency
     1    0.011477    0.058009    0.038812   25.038811 ^ clk (in)
                                                         clk (net)
                      0.058010    0.000000   25.038811 ^ clkbuf_0_clk/A (sky130_fd_sc_hd__clkbuf_16)
     4    0.037194    0.057328    0.144682   25.183493 ^ clkbuf_0_clk/X (sky130_fd_sc_hd__clkbuf_16)
                                                         clknet_0_clk (net)
                      0.057328    0.000155   25.183647 ^ clkbuf_2_3__f_clk/A (sky130_fd_sc_hd__clkbuf_16)
    11    0.025712    0.046918    0.135465   25.319113 ^ clkbuf_2_3__f_clk/X (sky130_fd_sc_hd__clkbuf_16)
                                                         clknet_2_3__leaf_clk (net)
                      0.046918    0.000044   25.319157 ^ _170_/CLK (sky130_fd_sc_hd__dfrtp_1)
                                 -0.250000   25.069159   clock uncertainty
                                  0.000000   25.069159   clock reconvergence pessimism
                                 -0.108002   24.961157   library setup time
                                             24.961157   data required time
---------------------------------------------------------------------------------------------
                                             24.961157   data required time
                                             -5.565250   data arrival time
---------------------------------------------------------------------------------------------
                                             19.395908   slack (MET)


Startpoint: btn (input port clocked by clk)
Endpoint: _167_ (rising edge-triggered flip-flop clocked by clk)
Path Group: clk
Path Type: max

Fanout         Cap        Slew       Delay        Time   Description
---------------------------------------------------------------------------------------------
                                  0.000000    0.000000   clock clk (rise edge)
                                  0.000000    0.000000   clock network delay (propagated)
                                  5.000000    5.000000 v input external delay
     1    0.002785    0.008596    0.004387    5.004387 v btn (in)
                                                         btn (net)
                      0.008596    0.000000    5.004387 v input1/A (sky130_fd_sc_hd__buf_1)
     6    0.012973    0.080903    0.117456    5.121843 v input1/X (sky130_fd_sc_hd__buf_1)
                                                         net1 (net)
                      0.080903    0.000105    5.121948 v _102_/B (sky130_fd_sc_hd__and4b_2)
     6    0.018053    0.076646    0.263325    5.385273 v _102_/X (sky130_fd_sc_hd__and4b_2)
                                                         _048_ (net)
                      0.076646    0.000049    5.385322 v _103_/A2 (sky130_fd_sc_hd__a21o_1)
     1    0.002216    0.031418    0.179653    5.564975 v _103_/X (sky130_fd_sc_hd__a21o_1)
                                                         nxt3[0] (net)
                      0.031418    0.000004    5.564979 v _167_/D (sky130_fd_sc_hd__dfrtp_1)
                                              5.564979   data arrival time

                                 25.000000   25.000000   clock clk (rise edge)
                                  0.000000   25.000000   clock source latency
     1    0.011477    0.058009    0.038812   25.038811 ^ clk (in)
                                                         clk (net)
                      0.058010    0.000000   25.038811 ^ clkbuf_0_clk/A (sky130_fd_sc_hd__clkbuf_16)
     4    0.037194    0.057328    0.144682   25.183493 ^ clkbuf_0_clk/X (sky130_fd_sc_hd__clkbuf_16)
                                                         clknet_0_clk (net)
                      0.057328    0.000155   25.183647 ^ clkbuf_2_3__f_clk/A (sky130_fd_sc_hd__clkbuf_16)
    11    0.025712    0.046918    0.135465   25.319113 ^ clkbuf_2_3__f_clk/X (sky130_fd_sc_hd__clkbuf_16)
                                                         clknet_2_3__leaf_clk (net)
                      0.046918    0.000025   25.319138 ^ _167_/CLK (sky130_fd_sc_hd__dfrtp_1)
                                 -0.250000   25.069139   clock uncertainty
                                  0.000000   25.069139   clock reconvergence pessimism
                                 -0.107910   24.961229   library setup time
                                             24.961229   data required time
---------------------------------------------------------------------------------------------
                                             24.961229   data required time
                                             -5.564979   data arrival time
---------------------------------------------------------------------------------------------
                                             19.396250   slack (MET)


Startpoint: reset (input port clocked by clk)
Endpoint: _176_ (recovery check against rising-edge clock clk)
Path Group: asynchronous
Path Type: max

Fanout         Cap        Slew       Delay        Time   Description
---------------------------------------------------------------------------------------------
                                  0.000000    0.000000   clock clk (rise edge)
                                  0.000000    0.000000   clock network delay (propagated)
                                  5.000000    5.000000 v input external delay
     1    0.002651    0.008287    0.004161    5.004161 v reset (in)
                                                         reset (net)
                      0.008287    0.000000    5.004161 v input2/A (sky130_fd_sc_hd__buf_1)
     3    0.010980    0.069851    0.108956    5.113116 v input2/X (sky130_fd_sc_hd__buf_1)
                                                         net2 (net)
                      0.069851    0.000069    5.113185 v fanout35/A (sky130_fd_sc_hd__clkbuf_4)
     9    0.043844    0.096618    0.208512    5.321698 v fanout35/X (sky130_fd_sc_hd__clkbuf_4)
                                                         net35 (net)
                      0.096618    0.000129    5.321827 v fanout34/A (sky130_fd_sc_hd__buf_4)
    10    0.049161    0.075849    0.207807    5.529634 v fanout34/X (sky130_fd_sc_hd__buf_4)
                                                         net34 (net)
                      0.075849    0.000107    5.529741 v _140_/A (sky130_fd_sc_hd__inv_2)
     1    0.003696    0.032594    0.054817    5.584559 ^ _140_/Y (sky130_fd_sc_hd__inv_2)
                                                         _027_ (net)
                      0.032594    0.000007    5.584566 ^ _176_/SET_B (sky130_fd_sc_hd__dfstp_2)
                                              5.584566   data arrival time

                                 25.000000   25.000000   clock clk (rise edge)
                                  0.000000   25.000000   clock source latency
     1    0.011477    0.058009    0.038812   25.038811 ^ clk (in)
                                                         clk (net)
                      0.058010    0.000000   25.038811 ^ clkbuf_0_clk/A (sky130_fd_sc_hd__clkbuf_16)
     4    0.037194    0.057328    0.144682   25.183493 ^ clkbuf_0_clk/X (sky130_fd_sc_hd__clkbuf_16)
                                                         clknet_0_clk (net)
                      0.057328    0.000156   25.183649 ^ clkbuf_2_0__f_clk/A (sky130_fd_sc_hd__clkbuf_16)
    10    0.024745    0.046038    0.134525   25.318174 ^ clkbuf_2_0__f_clk/X (sky130_fd_sc_hd__clkbuf_16)
                                                         clknet_2_0__leaf_clk (net)
                      0.046038    0.000018   25.318193 ^ _176_/CLK (sky130_fd_sc_hd__dfstp_2)
                                 -0.250000   25.068193   clock uncertainty
                                  0.000000   25.068193   clock reconvergence pessimism
                                  0.137794   25.205988   library recovery time
                                             25.205988   data required time
---------------------------------------------------------------------------------------------
                                             25.205988   data required time
                                             -5.584566   data arrival time
---------------------------------------------------------------------------------------------
                                             19.621422   slack (MET)


Startpoint: reset (input port clocked by clk)
Endpoint: _180_ (recovery check against rising-edge clock clk)
Path Group: asynchronous
Path Type: max

Fanout         Cap        Slew       Delay        Time   Description
---------------------------------------------------------------------------------------------
                                  0.000000    0.000000   clock clk (rise edge)
                                  0.000000    0.000000   clock network delay (propagated)
                                  5.000000    5.000000 v input external delay
     1    0.002651    0.008287    0.004161    5.004161 v reset (in)
                                                         reset (net)
                      0.008287    0.000000    5.004161 v input2/A (sky130_fd_sc_hd__buf_1)
     3    0.010980    0.069851    0.108956    5.113116 v input2/X (sky130_fd_sc_hd__buf_1)
                                                         net2 (net)
                      0.069851    0.000069    5.113185 v fanout35/A (sky130_fd_sc_hd__clkbuf_4)
     9    0.043844    0.096618    0.208512    5.321698 v fanout35/X (sky130_fd_sc_hd__clkbuf_4)
                                                         net35 (net)
                      0.096618    0.000129    5.321827 v fanout34/A (sky130_fd_sc_hd__buf_4)
    10    0.049161    0.075849    0.207807    5.529634 v fanout34/X (sky130_fd_sc_hd__buf_4)
                                                         net34 (net)
                      0.075849    0.000076    5.529711 v _144_/A (sky130_fd_sc_hd__inv_2)
     1    0.004217    0.033348    0.057111    5.586822 ^ _144_/Y (sky130_fd_sc_hd__inv_2)
                                                         _031_ (net)
                      0.033348    0.000011    5.586833 ^ _180_/RESET_B (sky130_fd_sc_hd__dfrtp_4)
                                              5.586833   data arrival time

                                 25.000000   25.000000   clock clk (rise edge)
                                  0.000000   25.000000   clock source latency
     1    0.011477    0.058009    0.038812   25.038811 ^ clk (in)
                                                         clk (net)
                      0.058010    0.000000   25.038811 ^ clkbuf_0_clk/A (sky130_fd_sc_hd__clkbuf_16)
     4    0.037194    0.057328    0.144682   25.183493 ^ clkbuf_0_clk/X (sky130_fd_sc_hd__clkbuf_16)
                                                         clknet_0_clk (net)
                      0.057328    0.000156   25.183649 ^ clkbuf_2_0__f_clk/A (sky130_fd_sc_hd__clkbuf_16)
    10    0.024745    0.046038    0.134525   25.318174 ^ clkbuf_2_0__f_clk/X (sky130_fd_sc_hd__clkbuf_16)
                                                         clknet_2_0__leaf_clk (net)
                      0.046038    0.000050   25.318224 ^ _180_/CLK (sky130_fd_sc_hd__dfrtp_4)
                                 -0.250000   25.068226   clock uncertainty
                                  0.000000   25.068226   clock reconvergence pessimism
                                  0.221262   25.289486   library recovery time
                                             25.289486   data required time
---------------------------------------------------------------------------------------------
                                             25.289486   data required time
                                             -5.586833   data arrival time
---------------------------------------------------------------------------------------------
                                             19.702654   slack (MET)


Startpoint: reset (input port clocked by clk)
Endpoint: _179_ (recovery check against rising-edge clock clk)
Path Group: asynchronous
Path Type: max

Fanout         Cap        Slew       Delay        Time   Description
---------------------------------------------------------------------------------------------
                                  0.000000    0.000000   clock clk (rise edge)
                                  0.000000    0.000000   clock network delay (propagated)
                                  5.000000    5.000000 v input external delay
     1    0.002651    0.008287    0.004161    5.004161 v reset (in)
                                                         reset (net)
                      0.008287    0.000000    5.004161 v input2/A (sky130_fd_sc_hd__buf_1)
     3    0.010980    0.069851    0.108956    5.113116 v input2/X (sky130_fd_sc_hd__buf_1)
                                                         net2 (net)
                      0.069851    0.000069    5.113185 v fanout35/A (sky130_fd_sc_hd__clkbuf_4)
     9    0.043844    0.096618    0.208512    5.321698 v fanout35/X (sky130_fd_sc_hd__clkbuf_4)
                                                         net35 (net)
                      0.096618    0.000129    5.321827 v fanout34/A (sky130_fd_sc_hd__buf_4)
    10    0.049161    0.075849    0.207807    5.529634 v fanout34/X (sky130_fd_sc_hd__buf_4)
                                                         net34 (net)
                      0.075849    0.000003    5.529637 v _143_/A (sky130_fd_sc_hd__inv_2)
     1    0.003903    0.033306    0.055730    5.585367 ^ _143_/Y (sky130_fd_sc_hd__inv_2)
                                                         _030_ (net)
                      0.033306    0.000006    5.585373 ^ _179_/RESET_B (sky130_fd_sc_hd__dfrtp_4)
                                              5.585373   data arrival time

                                 25.000000   25.000000   clock clk (rise edge)
                                  0.000000   25.000000   clock source latency
     1    0.011477    0.058009    0.038812   25.038811 ^ clk (in)
                                                         clk (net)
                      0.058010    0.000000   25.038811 ^ clkbuf_0_clk/A (sky130_fd_sc_hd__clkbuf_16)
     4    0.037194    0.057328    0.144682   25.183493 ^ clkbuf_0_clk/X (sky130_fd_sc_hd__clkbuf_16)
                                                         clknet_0_clk (net)
                      0.057328    0.000142   25.183636 ^ clkbuf_2_1__f_clk/A (sky130_fd_sc_hd__clkbuf_16)
    10    0.024363    0.045691    0.134165   25.317801 ^ clkbuf_2_1__f_clk/X (sky130_fd_sc_hd__clkbuf_16)
                                                         clknet_2_1__leaf_clk (net)
                      0.045691    0.000082   25.317883 ^ _179_/CLK (sky130_fd_sc_hd__dfrtp_4)
                                 -0.250000   25.067883   clock uncertainty
                                  0.000000   25.067883   clock reconvergence pessimism
                                  0.221168   25.289051   library recovery time
                                             25.289051   data required time
---------------------------------------------------------------------------------------------
                                             25.289051   data required time
                                             -5.585373   data arrival time
---------------------------------------------------------------------------------------------
                                             19.703680   slack (MET)


Startpoint: reset (input port clocked by clk)
Endpoint: _163_ (recovery check against rising-edge clock clk)
Path Group: asynchronous
Path Type: max

Fanout         Cap        Slew       Delay        Time   Description
---------------------------------------------------------------------------------------------
                                  0.000000    0.000000   clock clk (rise edge)
                                  0.000000    0.000000   clock network delay (propagated)
                                  5.000000    5.000000 v input external delay
     1    0.002651    0.008287    0.004161    5.004161 v reset (in)
                                                         reset (net)
                      0.008287    0.000000    5.004161 v input2/A (sky130_fd_sc_hd__buf_1)
     3    0.010980    0.069851    0.108956    5.113116 v input2/X (sky130_fd_sc_hd__buf_1)
                                                         net2 (net)
                      0.069851    0.000069    5.113185 v fanout35/A (sky130_fd_sc_hd__clkbuf_4)
     9    0.043844    0.096618    0.208512    5.321698 v fanout35/X (sky130_fd_sc_hd__clkbuf_4)
                                                         net35 (net)
                      0.096618    0.000129    5.321827 v fanout34/A (sky130_fd_sc_hd__buf_4)
    10    0.049161    0.075849    0.207807    5.529634 v fanout34/X (sky130_fd_sc_hd__buf_4)
                                                         net34 (net)
                      0.075849    0.000151    5.529785 v _127_/A (sky130_fd_sc_hd__inv_2)
     1    0.004816    0.035473    0.059266    5.589051 ^ _127_/Y (sky130_fd_sc_hd__inv_2)
                                                         _014_ (net)
                      0.035473    0.000024    5.589075 ^ _163_/RESET_B (sky130_fd_sc_hd__dfrtp_1)
                                              5.589075   data arrival time

                                 25.000000   25.000000   clock clk (rise edge)
                                  0.000000   25.000000   clock source latency
     1    0.011477    0.058009    0.038812   25.038811 ^ clk (in)
                                                         clk (net)
                      0.058010    0.000000   25.038811 ^ clkbuf_0_clk/A (sky130_fd_sc_hd__clkbuf_16)
     4    0.037194    0.057328    0.144682   25.183493 ^ clkbuf_0_clk/X (sky130_fd_sc_hd__clkbuf_16)
                                                         clknet_0_clk (net)
                      0.057328    0.000156   25.183649 ^ clkbuf_2_0__f_clk/A (sky130_fd_sc_hd__clkbuf_16)
    10    0.024745    0.046038    0.134525   25.318174 ^ clkbuf_2_0__f_clk/X (sky130_fd_sc_hd__clkbuf_16)
                                                         clknet_2_0__leaf_clk (net)
                      0.046038    0.000114   25.318289 ^ _163_/CLK (sky130_fd_sc_hd__dfrtp_1)
                                 -0.250000   25.068289   clock uncertainty
                                  0.000000   25.068289   clock reconvergence pessimism
                                  0.233117   25.301407   library recovery time
                                             25.301407   data required time
---------------------------------------------------------------------------------------------
                                             25.301407   data required time
                                             -5.589075   data arrival time
---------------------------------------------------------------------------------------------
                                             19.712332   slack (MET)


Startpoint: reset (input port clocked by clk)
Endpoint: _165_ (recovery check against rising-edge clock clk)
Path Group: asynchronous
Path Type: max

Fanout         Cap        Slew       Delay        Time   Description
---------------------------------------------------------------------------------------------
                                  0.000000    0.000000   clock clk (rise edge)
                                  0.000000    0.000000   clock network delay (propagated)
                                  5.000000    5.000000 v input external delay
     1    0.002651    0.008287    0.004161    5.004161 v reset (in)
                                                         reset (net)
                      0.008287    0.000000    5.004161 v input2/A (sky130_fd_sc_hd__buf_1)
     3    0.010980    0.069851    0.108956    5.113116 v input2/X (sky130_fd_sc_hd__buf_1)
                                                         net2 (net)
                      0.069851    0.000069    5.113185 v fanout35/A (sky130_fd_sc_hd__clkbuf_4)
     9    0.043844    0.096618    0.208512    5.321698 v fanout35/X (sky130_fd_sc_hd__clkbuf_4)
                                                         net35 (net)
                      0.096618    0.000129    5.321827 v fanout34/A (sky130_fd_sc_hd__buf_4)
    10    0.049161    0.075849    0.207807    5.529634 v fanout34/X (sky130_fd_sc_hd__buf_4)
                                                         net34 (net)
                      0.075849    0.000212    5.529847 v _129_/A (sky130_fd_sc_hd__inv_2)
     1    0.004561    0.034573    0.058411    5.588257 ^ _129_/Y (sky130_fd_sc_hd__inv_2)
                                                         _016_ (net)
                      0.034573    0.000023    5.588280 ^ _165_/RESET_B (sky130_fd_sc_hd__dfrtp_1)
                                              5.588280   data arrival time

                                 25.000000   25.000000   clock clk (rise edge)
                                  0.000000   25.000000   clock source latency
     1    0.011477    0.058009    0.038812   25.038811 ^ clk (in)
                                                         clk (net)
                      0.058010    0.000000   25.038811 ^ clkbuf_0_clk/A (sky130_fd_sc_hd__clkbuf_16)
     4    0.037194    0.057328    0.144682   25.183493 ^ clkbuf_0_clk/X (sky130_fd_sc_hd__clkbuf_16)
                                                         clknet_0_clk (net)
                      0.057328    0.000156   25.183649 ^ clkbuf_2_0__f_clk/A (sky130_fd_sc_hd__clkbuf_16)
    10    0.024745    0.046038    0.134525   25.318174 ^ clkbuf_2_0__f_clk/X (sky130_fd_sc_hd__clkbuf_16)
                                                         clknet_2_0__leaf_clk (net)
                      0.046038    0.000094   25.318270 ^ _165_/CLK (sky130_fd_sc_hd__dfrtp_1)
                                 -0.250000   25.068270   clock uncertainty
                                  0.000000   25.068270   clock reconvergence pessimism
                                  0.233350   25.301619   library recovery time
                                             25.301619   data required time
---------------------------------------------------------------------------------------------
                                             25.301619   data required time
                                             -5.588280   data arrival time
---------------------------------------------------------------------------------------------
                                             19.713339   slack (MET)


Startpoint: reset (input port clocked by clk)
Endpoint: _162_ (recovery check against rising-edge clock clk)
Path Group: asynchronous
Path Type: max

Fanout         Cap        Slew       Delay        Time   Description
---------------------------------------------------------------------------------------------
                                  0.000000    0.000000   clock clk (rise edge)
                                  0.000000    0.000000   clock network delay (propagated)
                                  5.000000    5.000000 v input external delay
     1    0.002651    0.008287    0.004161    5.004161 v reset (in)
                                                         reset (net)
                      0.008287    0.000000    5.004161 v input2/A (sky130_fd_sc_hd__buf_1)
     3    0.010980    0.069851    0.108956    5.113116 v input2/X (sky130_fd_sc_hd__buf_1)
                                                         net2 (net)
                      0.069851    0.000069    5.113185 v fanout35/A (sky130_fd_sc_hd__clkbuf_4)
     9    0.043844    0.096618    0.208512    5.321698 v fanout35/X (sky130_fd_sc_hd__clkbuf_4)
                                                         net35 (net)
                      0.096618    0.000129    5.321827 v fanout34/A (sky130_fd_sc_hd__buf_4)
    10    0.049161    0.075849    0.207807    5.529634 v fanout34/X (sky130_fd_sc_hd__buf_4)
                                                         net34 (net)
                      0.075849    0.000118    5.529752 v _126_/A (sky130_fd_sc_hd__inv_2)
     1    0.004132    0.033041    0.056736    5.586489 ^ _126_/Y (sky130_fd_sc_hd__inv_2)
                                                         _013_ (net)
                      0.033041    0.000010    5.586499 ^ _162_/RESET_B (sky130_fd_sc_hd__dfrtp_1)
                                              5.586499   data arrival time

                                 25.000000   25.000000   clock clk (rise edge)
                                  0.000000   25.000000   clock source latency
     1    0.011477    0.058009    0.038812   25.038811 ^ clk (in)
                                                         clk (net)
                      0.058010    0.000000   25.038811 ^ clkbuf_0_clk/A (sky130_fd_sc_hd__clkbuf_16)
     4    0.037194    0.057328    0.144682   25.183493 ^ clkbuf_0_clk/X (sky130_fd_sc_hd__clkbuf_16)
                                                         clknet_0_clk (net)
                      0.057328    0.000156   25.183649 ^ clkbuf_2_0__f_clk/A (sky130_fd_sc_hd__clkbuf_16)
    10    0.024745    0.046038    0.134525   25.318174 ^ clkbuf_2_0__f_clk/X (sky130_fd_sc_hd__clkbuf_16)
                                                         clknet_2_0__leaf_clk (net)
                      0.046038    0.000041   25.318216 ^ _162_/CLK (sky130_fd_sc_hd__dfrtp_1)
                                 -0.250000   25.068216   clock uncertainty
                                  0.000000   25.068216   clock reconvergence pessimism
                                  0.233746   25.301962   library recovery time
                                             25.301962   data required time
---------------------------------------------------------------------------------------------
                                             25.301962   data required time
                                             -5.586499   data arrival time
---------------------------------------------------------------------------------------------
                                             19.715464   slack (MET)


Startpoint: reset (input port clocked by clk)
Endpoint: _166_ (recovery check against rising-edge clock clk)
Path Group: asynchronous
Path Type: max

Fanout         Cap        Slew       Delay        Time   Description
---------------------------------------------------------------------------------------------
                                  0.000000    0.000000   clock clk (rise edge)
                                  0.000000    0.000000   clock network delay (propagated)
                                  5.000000    5.000000 v input external delay
     1    0.002651    0.008287    0.004161    5.004161 v reset (in)
                                                         reset (net)
                      0.008287    0.000000    5.004161 v input2/A (sky130_fd_sc_hd__buf_1)
     3    0.010980    0.069851    0.108956    5.113116 v input2/X (sky130_fd_sc_hd__buf_1)
                                                         net2 (net)
                      0.069851    0.000069    5.113185 v fanout35/A (sky130_fd_sc_hd__clkbuf_4)
     9    0.043844    0.096618    0.208512    5.321698 v fanout35/X (sky130_fd_sc_hd__clkbuf_4)
                                                         net35 (net)
                      0.096618    0.000129    5.321827 v fanout34/A (sky130_fd_sc_hd__buf_4)
    10    0.049161    0.075849    0.207807    5.529634 v fanout34/X (sky130_fd_sc_hd__buf_4)
                                                         net34 (net)
                      0.075849    0.000197    5.529831 v _130_/A (sky130_fd_sc_hd__inv_2)
     1    0.004052    0.033819    0.056388    5.586220 ^ _130_/Y (sky130_fd_sc_hd__inv_2)
                                                         _017_ (net)
                      0.033819    0.000008    5.586228 ^ _166_/RESET_B (sky130_fd_sc_hd__dfrtp_1)
                                              5.586228   data arrival time

                                 25.000000   25.000000   clock clk (rise edge)
                                  0.000000   25.000000   clock source latency
     1    0.011477    0.058009    0.038812   25.038811 ^ clk (in)
                                                         clk (net)
                      0.058010    0.000000   25.038811 ^ clkbuf_0_clk/A (sky130_fd_sc_hd__clkbuf_16)
     4    0.037194    0.057328    0.144682   25.183493 ^ clkbuf_0_clk/X (sky130_fd_sc_hd__clkbuf_16)
                                                         clknet_0_clk (net)
                      0.057328    0.000156   25.183649 ^ clkbuf_2_0__f_clk/A (sky130_fd_sc_hd__clkbuf_16)
    10    0.024745    0.046038    0.134525   25.318174 ^ clkbuf_2_0__f_clk/X (sky130_fd_sc_hd__clkbuf_16)
                                                         clknet_2_0__leaf_clk (net)
                      0.046038    0.000082   25.318256 ^ _166_/CLK (sky130_fd_sc_hd__dfrtp_1)
                                 -0.250000   25.068258   clock uncertainty
                                  0.000000   25.068258   clock reconvergence pessimism
                                  0.233545   25.301802   library recovery time
                                             25.301802   data required time
---------------------------------------------------------------------------------------------
                                             25.301802   data required time
                                             -5.586228   data arrival time
---------------------------------------------------------------------------------------------
                                             19.715574   slack (MET)


Startpoint: reset (input port clocked by clk)
Endpoint: _175_ (recovery check against rising-edge clock clk)
Path Group: asynchronous
Path Type: max

Fanout         Cap        Slew       Delay        Time   Description
---------------------------------------------------------------------------------------------
                                  0.000000    0.000000   clock clk (rise edge)
                                  0.000000    0.000000   clock network delay (propagated)
                                  5.000000    5.000000 v input external delay
     1    0.002651    0.008287    0.004161    5.004161 v reset (in)
                                                         reset (net)
                      0.008287    0.000000    5.004161 v input2/A (sky130_fd_sc_hd__buf_1)
     3    0.010980    0.069851    0.108956    5.113116 v input2/X (sky130_fd_sc_hd__buf_1)
                                                         net2 (net)
                      0.069851    0.000069    5.113185 v fanout35/A (sky130_fd_sc_hd__clkbuf_4)
     9    0.043844    0.096618    0.208512    5.321698 v fanout35/X (sky130_fd_sc_hd__clkbuf_4)
                                                         net35 (net)
                      0.096618    0.000129    5.321827 v fanout34/A (sky130_fd_sc_hd__buf_4)
    10    0.049161    0.075849    0.207807    5.529634 v fanout34/X (sky130_fd_sc_hd__buf_4)
                                                         net34 (net)
                      0.075849    0.000060    5.529694 v _139_/A (sky130_fd_sc_hd__inv_2)
     1    0.004034    0.033756    0.056308    5.586002 ^ _139_/Y (sky130_fd_sc_hd__inv_2)
                                                         _026_ (net)
                      0.033756    0.000007    5.586009 ^ _175_/RESET_B (sky130_fd_sc_hd__dfrtp_1)
                                              5.586009   data arrival time

                                 25.000000   25.000000   clock clk (rise edge)
                                  0.000000   25.000000   clock source latency
     1    0.011477    0.058009    0.038812   25.038811 ^ clk (in)
                                                         clk (net)
                      0.058010    0.000000   25.038811 ^ clkbuf_0_clk/A (sky130_fd_sc_hd__clkbuf_16)
     4    0.037194    0.057328    0.144682   25.183493 ^ clkbuf_0_clk/X (sky130_fd_sc_hd__clkbuf_16)
                                                         clknet_0_clk (net)
                      0.057328    0.000156   25.183649 ^ clkbuf_2_0__f_clk/A (sky130_fd_sc_hd__clkbuf_16)
    10    0.024745    0.046038    0.134525   25.318174 ^ clkbuf_2_0__f_clk/X (sky130_fd_sc_hd__clkbuf_16)
                                                         clknet_2_0__leaf_clk (net)
                      0.046038    0.000020   25.318195 ^ _175_/CLK (sky130_fd_sc_hd__dfrtp_1)
                                 -0.250000   25.068195   clock uncertainty
                                  0.000000   25.068195   clock reconvergence pessimism
                                  0.233561   25.301756   library recovery time
                                             25.301756   data required time
---------------------------------------------------------------------------------------------
                                             25.301756   data required time
                                             -5.586009   data arrival time
---------------------------------------------------------------------------------------------
                                             19.715746   slack (MET)


Startpoint: reset (input port clocked by clk)
Endpoint: _161_ (recovery check against rising-edge clock clk)
Path Group: asynchronous
Path Type: max

Fanout         Cap        Slew       Delay        Time   Description
---------------------------------------------------------------------------------------------
                                  0.000000    0.000000   clock clk (rise edge)
                                  0.000000    0.000000   clock network delay (propagated)
                                  5.000000    5.000000 v input external delay
     1    0.002651    0.008287    0.004161    5.004161 v reset (in)
                                                         reset (net)
                      0.008287    0.000000    5.004161 v input2/A (sky130_fd_sc_hd__buf_1)
     3    0.010980    0.069851    0.108956    5.113116 v input2/X (sky130_fd_sc_hd__buf_1)
                                                         net2 (net)
                      0.069851    0.000069    5.113185 v fanout35/A (sky130_fd_sc_hd__clkbuf_4)
     9    0.043844    0.096618    0.208512    5.321698 v fanout35/X (sky130_fd_sc_hd__clkbuf_4)
                                                         net35 (net)
                      0.096618    0.000129    5.321827 v fanout34/A (sky130_fd_sc_hd__buf_4)
    10    0.049161    0.075849    0.207807    5.529634 v fanout34/X (sky130_fd_sc_hd__buf_4)
                                                         net34 (net)
                      0.075849    0.000114    5.529748 v _125_/A (sky130_fd_sc_hd__inv_2)
     1    0.003995    0.033620    0.056134    5.585882 ^ _125_/Y (sky130_fd_sc_hd__inv_2)
                                                         _012_ (net)
                      0.033620    0.000006    5.585888 ^ _161_/RESET_B (sky130_fd_sc_hd__dfrtp_1)
                                              5.585888   data arrival time

                                 25.000000   25.000000   clock clk (rise edge)
                                  0.000000   25.000000   clock source latency
     1    0.011477    0.058009    0.038812   25.038811 ^ clk (in)
                                                         clk (net)
                      0.058010    0.000000   25.038811 ^ clkbuf_0_clk/A (sky130_fd_sc_hd__clkbuf_16)
     4    0.037194    0.057328    0.144682   25.183493 ^ clkbuf_0_clk/X (sky130_fd_sc_hd__clkbuf_16)
                                                         clknet_0_clk (net)
                      0.057328    0.000156   25.183649 ^ clkbuf_2_0__f_clk/A (sky130_fd_sc_hd__clkbuf_16)
    10    0.024745    0.046038    0.134525   25.318174 ^ clkbuf_2_0__f_clk/X (sky130_fd_sc_hd__clkbuf_16)
                                                         clknet_2_0__leaf_clk (net)
                      0.046038    0.000044   25.318220 ^ _161_/CLK (sky130_fd_sc_hd__dfrtp_1)
                                 -0.250000   25.068220   clock uncertainty
                                  0.000000   25.068220   clock reconvergence pessimism
                                  0.233596   25.301817   library recovery time
                                             25.301817   data required time
---------------------------------------------------------------------------------------------
                                             25.301817   data required time
                                             -5.585888   data arrival time
---------------------------------------------------------------------------------------------
                                             19.715927   slack (MET)


Startpoint: reset (input port clocked by clk)
Endpoint: _164_ (recovery check against rising-edge clock clk)
Path Group: asynchronous
Path Type: max

Fanout         Cap        Slew       Delay        Time   Description
---------------------------------------------------------------------------------------------
                                  0.000000    0.000000   clock clk (rise edge)
                                  0.000000    0.000000   clock network delay (propagated)
                                  5.000000    5.000000 v input external delay
     1    0.002651    0.008287    0.004161    5.004161 v reset (in)
                                                         reset (net)
                      0.008287    0.000000    5.004161 v input2/A (sky130_fd_sc_hd__buf_1)
     3    0.010980    0.069851    0.108956    5.113116 v input2/X (sky130_fd_sc_hd__buf_1)
                                                         net2 (net)
                      0.069851    0.000069    5.113185 v fanout35/A (sky130_fd_sc_hd__clkbuf_4)
     9    0.043844    0.096618    0.208512    5.321698 v fanout35/X (sky130_fd_sc_hd__clkbuf_4)
                                                         net35 (net)
                      0.096618    0.000129    5.321827 v fanout34/A (sky130_fd_sc_hd__buf_4)
    10    0.049161    0.075849    0.207807    5.529634 v fanout34/X (sky130_fd_sc_hd__buf_4)
                                                         net34 (net)
                      0.075849    0.000196    5.529830 v _128_/A (sky130_fd_sc_hd__inv_2)
     1    0.003857    0.033146    0.055526    5.585356 ^ _128_/Y (sky130_fd_sc_hd__inv_2)
                                                         _015_ (net)
                      0.033146    0.000005    5.585361 ^ _164_/RESET_B (sky130_fd_sc_hd__dfrtp_1)
                                              5.585361   data arrival time

                                 25.000000   25.000000   clock clk (rise edge)
                                  0.000000   25.000000   clock source latency
     1    0.011477    0.058009    0.038812   25.038811 ^ clk (in)
                                                         clk (net)
                      0.058010    0.000000   25.038811 ^ clkbuf_0_clk/A (sky130_fd_sc_hd__clkbuf_16)
     4    0.037194    0.057328    0.144682   25.183493 ^ clkbuf_0_clk/X (sky130_fd_sc_hd__clkbuf_16)
                                                         clknet_0_clk (net)
                      0.057328    0.000156   25.183649 ^ clkbuf_2_0__f_clk/A (sky130_fd_sc_hd__clkbuf_16)
    10    0.024745    0.046038    0.134525   25.318174 ^ clkbuf_2_0__f_clk/X (sky130_fd_sc_hd__clkbuf_16)
                                                         clknet_2_0__leaf_clk (net)
                      0.046038    0.000110   25.318285 ^ _164_/CLK (sky130_fd_sc_hd__dfrtp_1)
                                 -0.250000   25.068285   clock uncertainty
                                  0.000000   25.068285   clock reconvergence pessimism
                                  0.233719   25.302004   library recovery time
                                             25.302004   data required time
---------------------------------------------------------------------------------------------
                                             25.302004   data required time
                                             -5.585361   data arrival time
---------------------------------------------------------------------------------------------
                                             19.716642   slack (MET)


Startpoint: btn (input port clocked by clk)
Endpoint: _184_ (rising edge-triggered flip-flop clocked by clk)
Path Group: clk
Path Type: max

Fanout         Cap        Slew       Delay        Time   Description
---------------------------------------------------------------------------------------------
                                  0.000000    0.000000   clock clk (rise edge)
                                  0.000000    0.000000   clock network delay (propagated)
                                  5.000000    5.000000 ^ input external delay
     1    0.002961    0.020423    0.010856    5.010856 ^ btn (in)
                                                         btn (net)
                      0.020423    0.000000    5.010856 ^ input1/A (sky130_fd_sc_hd__buf_1)
     6    0.013389    0.163098    0.155865    5.166721 ^ input1/X (sky130_fd_sc_hd__buf_1)
                                                         net1 (net)
                      0.163098    0.000128    5.166849 ^ _184_/D (sky130_fd_sc_hd__dfrtp_1)
                                              5.166849   data arrival time

                                 25.000000   25.000000   clock clk (rise edge)
                                  0.000000   25.000000   clock source latency
     1    0.011477    0.058009    0.038812   25.038811 ^ clk (in)
                                                         clk (net)
                      0.058010    0.000000   25.038811 ^ clkbuf_0_clk/A (sky130_fd_sc_hd__clkbuf_16)
     4    0.037194    0.057328    0.144682   25.183493 ^ clkbuf_0_clk/X (sky130_fd_sc_hd__clkbuf_16)
                                                         clknet_0_clk (net)
                      0.057328    0.000142   25.183636 ^ clkbuf_2_1__f_clk/A (sky130_fd_sc_hd__clkbuf_16)
    10    0.024363    0.045691    0.134165   25.317801 ^ clkbuf_2_1__f_clk/X (sky130_fd_sc_hd__clkbuf_16)
                                                         clknet_2_1__leaf_clk (net)
                      0.045691    0.000046   25.317846 ^ _184_/CLK (sky130_fd_sc_hd__dfrtp_1)
                                 -0.250000   25.067846   clock uncertainty
                                  0.000000   25.067846   clock reconvergence pessimism
                                 -0.086995   24.980852   library setup time
                                             24.980852   data required time
---------------------------------------------------------------------------------------------
                                             24.980852   data required time
                                             -5.166849   data arrival time
---------------------------------------------------------------------------------------------
                                             19.814003   slack (MET)


Startpoint: reset (input port clocked by clk)
Endpoint: _181_ (recovery check against rising-edge clock clk)
Path Group: asynchronous
Path Type: max

Fanout         Cap        Slew       Delay        Time   Description
---------------------------------------------------------------------------------------------
                                  0.000000    0.000000   clock clk (rise edge)
                                  0.000000    0.000000   clock network delay (propagated)
                                  5.000000    5.000000 v input external delay
     1    0.002651    0.008287    0.004161    5.004161 v reset (in)
                                                         reset (net)
                      0.008287    0.000000    5.004161 v input2/A (sky130_fd_sc_hd__buf_1)
     3    0.010980    0.069851    0.108956    5.113116 v input2/X (sky130_fd_sc_hd__buf_1)
                                                         net2 (net)
                      0.069851    0.000069    5.113185 v fanout35/A (sky130_fd_sc_hd__clkbuf_4)
     9    0.043844    0.096618    0.208512    5.321698 v fanout35/X (sky130_fd_sc_hd__clkbuf_4)
                                                         net35 (net)
                      0.096618    0.000051    5.321749 v _145_/A (sky130_fd_sc_hd__inv_2)
     1    0.003821    0.037507    0.062699    5.384448 ^ _145_/Y (sky130_fd_sc_hd__inv_2)
                                                         _032_ (net)
                      0.037507    0.000004    5.384452 ^ _181_/RESET_B (sky130_fd_sc_hd__dfrtp_4)
                                              5.384452   data arrival time

                                 25.000000   25.000000   clock clk (rise edge)
                                  0.000000   25.000000   clock source latency
     1    0.011477    0.058009    0.038812   25.038811 ^ clk (in)
                                                         clk (net)
                      0.058010    0.000000   25.038811 ^ clkbuf_0_clk/A (sky130_fd_sc_hd__clkbuf_16)
     4    0.037194    0.057328    0.144682   25.183493 ^ clkbuf_0_clk/X (sky130_fd_sc_hd__clkbuf_16)
                                                         clknet_0_clk (net)
                      0.057328    0.000156   25.183649 ^ clkbuf_2_0__f_clk/A (sky130_fd_sc_hd__clkbuf_16)
    10    0.024745    0.046038    0.134525   25.318174 ^ clkbuf_2_0__f_clk/X (sky130_fd_sc_hd__clkbuf_16)
                                                         clknet_2_0__leaf_clk (net)
                      0.046038    0.000075   25.318249 ^ _181_/CLK (sky130_fd_sc_hd__dfrtp_4)
                                 -0.250000   25.068251   clock uncertainty
                                  0.000000   25.068251   clock reconvergence pessimism
                                  0.219917   25.288166   library recovery time
                                             25.288166   data required time
---------------------------------------------------------------------------------------------
                                             25.288166   data required time
                                             -5.384452   data arrival time
---------------------------------------------------------------------------------------------
                                             19.903715   slack (MET)


Startpoint: reset (input port clocked by clk)
Endpoint: _177_ (recovery check against rising-edge clock clk)
Path Group: asynchronous
Path Type: max

Fanout         Cap        Slew       Delay        Time   Description
---------------------------------------------------------------------------------------------
                                  0.000000    0.000000   clock clk (rise edge)
                                  0.000000    0.000000   clock network delay (propagated)
                                  5.000000    5.000000 v input external delay
     1    0.002651    0.008287    0.004161    5.004161 v reset (in)
                                                         reset (net)
                      0.008287    0.000000    5.004161 v input2/A (sky130_fd_sc_hd__buf_1)
     3    0.010980    0.069851    0.108956    5.113116 v input2/X (sky130_fd_sc_hd__buf_1)
                                                         net2 (net)
                      0.069851    0.000097    5.113213 v fanout37/A (sky130_fd_sc_hd__clkbuf_4)
     8    0.041066    0.091481    0.204518    5.317731 v fanout37/X (sky130_fd_sc_hd__clkbuf_4)
                                                         net37 (net)
                      0.091481    0.000161    5.317893 v _141_/A (sky130_fd_sc_hd__inv_2)
     1    0.004376    0.037380    0.063601    5.381494 ^ _141_/Y (sky130_fd_sc_hd__inv_2)
                                                         _028_ (net)
                      0.037380    0.000014    5.381508 ^ _177_/RESET_B (sky130_fd_sc_hd__dfrtp_4)
                                              5.381508   data arrival time

                                 25.000000   25.000000   clock clk (rise edge)
                                  0.000000   25.000000   clock source latency
     1    0.011477    0.058009    0.038812   25.038811 ^ clk (in)
                                                         clk (net)
                      0.058010    0.000000   25.038811 ^ clkbuf_0_clk/A (sky130_fd_sc_hd__clkbuf_16)
     4    0.037194    0.057328    0.144682   25.183493 ^ clkbuf_0_clk/X (sky130_fd_sc_hd__clkbuf_16)
                                                         clknet_0_clk (net)
                      0.057328    0.000155   25.183647 ^ clkbuf_2_3__f_clk/A (sky130_fd_sc_hd__clkbuf_16)
    11    0.025712    0.046918    0.135465   25.319113 ^ clkbuf_2_3__f_clk/X (sky130_fd_sc_hd__clkbuf_16)
                                                         clknet_2_3__leaf_clk (net)
                      0.046918    0.000050   25.319162 ^ _177_/CLK (sky130_fd_sc_hd__dfrtp_4)
                                 -0.250000   25.069164   clock uncertainty
                                  0.000000   25.069164   clock reconvergence pessimism
                                  0.220230   25.289392   library recovery time
                                             25.289392   data required time
---------------------------------------------------------------------------------------------
                                             25.289392   data required time
                                             -5.381508   data arrival time
---------------------------------------------------------------------------------------------
                                             19.907885   slack (MET)


Startpoint: reset (input port clocked by clk)
Endpoint: _159_ (recovery check against rising-edge clock clk)
Path Group: asynchronous
Path Type: max

Fanout         Cap        Slew       Delay        Time   Description
---------------------------------------------------------------------------------------------
                                  0.000000    0.000000   clock clk (rise edge)
                                  0.000000    0.000000   clock network delay (propagated)
                                  5.000000    5.000000 v input external delay
     1    0.002651    0.008287    0.004161    5.004161 v reset (in)
                                                         reset (net)
                      0.008287    0.000000    5.004161 v input2/A (sky130_fd_sc_hd__buf_1)
     3    0.010980    0.069851    0.108956    5.113116 v input2/X (sky130_fd_sc_hd__buf_1)
                                                         net2 (net)
                      0.069851    0.000069    5.113185 v fanout35/A (sky130_fd_sc_hd__clkbuf_4)
     9    0.043844    0.096618    0.208512    5.321698 v fanout35/X (sky130_fd_sc_hd__clkbuf_4)
                                                         net35 (net)
                      0.096620    0.000630    5.322328 v _123_/A (sky130_fd_sc_hd__inv_2)
     1    0.004769    0.039775    0.066909    5.389237 ^ _123_/Y (sky130_fd_sc_hd__inv_2)
                                                         _010_ (net)
                      0.039775    0.000025    5.389262 ^ _159_/RESET_B (sky130_fd_sc_hd__dfrtp_1)
                                              5.389262   data arrival time

                                 25.000000   25.000000   clock clk (rise edge)
                                  0.000000   25.000000   clock source latency
     1    0.011477    0.058009    0.038812   25.038811 ^ clk (in)
                                                         clk (net)
                      0.058010    0.000000   25.038811 ^ clkbuf_0_clk/A (sky130_fd_sc_hd__clkbuf_16)
     4    0.037194    0.057328    0.144682   25.183493 ^ clkbuf_0_clk/X (sky130_fd_sc_hd__clkbuf_16)
                                                         clknet_0_clk (net)
                      0.057328    0.000155   25.183647 ^ clkbuf_2_2__f_clk/A (sky130_fd_sc_hd__clkbuf_16)
     8    0.022921    0.044389    0.132783   25.316431 ^ clkbuf_2_2__f_clk/X (sky130_fd_sc_hd__clkbuf_16)
                                                         clknet_2_2__leaf_clk (net)
                      0.044389    0.000073   25.316504 ^ _159_/CLK (sky130_fd_sc_hd__dfrtp_1)
                                 -0.250000   25.066504   clock uncertainty
                                  0.000000   25.066504   clock reconvergence pessimism
                                  0.231498   25.298002   library recovery time
                                             25.298002   data required time
---------------------------------------------------------------------------------------------
                                             25.298002   data required time
                                             -5.389262   data arrival time
---------------------------------------------------------------------------------------------
                                             19.908741   slack (MET)


Startpoint: reset (input port clocked by clk)
Endpoint: _178_ (recovery check against rising-edge clock clk)
Path Group: asynchronous
Path Type: max

Fanout         Cap        Slew       Delay        Time   Description
---------------------------------------------------------------------------------------------
                                  0.000000    0.000000   clock clk (rise edge)
                                  0.000000    0.000000   clock network delay (propagated)
                                  5.000000    5.000000 v input external delay
     1    0.002651    0.008287    0.004161    5.004161 v reset (in)
                                                         reset (net)
                      0.008287    0.000000    5.004161 v input2/A (sky130_fd_sc_hd__buf_1)
     3    0.010980    0.069851    0.108956    5.113116 v input2/X (sky130_fd_sc_hd__buf_1)
                                                         net2 (net)
                      0.069851    0.000097    5.113213 v fanout37/A (sky130_fd_sc_hd__clkbuf_4)
     8    0.041066    0.091481    0.204518    5.317731 v fanout37/X (sky130_fd_sc_hd__clkbuf_4)
                                                         net37 (net)
                      0.091481    0.000203    5.317934 v _142_/A (sky130_fd_sc_hd__inv_2)
     1    0.003950    0.036863    0.061522    5.379456 ^ _142_/Y (sky130_fd_sc_hd__inv_2)
                                                         _029_ (net)
                      0.036863    0.000008    5.379464 ^ _178_/RESET_B (sky130_fd_sc_hd__dfrtp_4)
                                              5.379464   data arrival time

                                 25.000000   25.000000   clock clk (rise edge)
                                  0.000000   25.000000   clock source latency
     1    0.011477    0.058009    0.038812   25.038811 ^ clk (in)
                                                         clk (net)
                      0.058010    0.000000   25.038811 ^ clkbuf_0_clk/A (sky130_fd_sc_hd__clkbuf_16)
     4    0.037194    0.057328    0.144682   25.183493 ^ clkbuf_0_clk/X (sky130_fd_sc_hd__clkbuf_16)
                                                         clknet_0_clk (net)
                      0.057328    0.000155   25.183647 ^ clkbuf_2_3__f_clk/A (sky130_fd_sc_hd__clkbuf_16)
    11    0.025712    0.046918    0.135465   25.319113 ^ clkbuf_2_3__f_clk/X (sky130_fd_sc_hd__clkbuf_16)
                                                         clknet_2_3__leaf_clk (net)
                      0.046918    0.000037   25.319151 ^ _178_/CLK (sky130_fd_sc_hd__dfrtp_4)
                                 -0.250000   25.069151   clock uncertainty
                                  0.000000   25.069151   clock reconvergence pessimism
                                  0.220397   25.289549   library recovery time
                                             25.289549   data required time
---------------------------------------------------------------------------------------------
                                             25.289549   data required time
                                             -5.379464   data arrival time
---------------------------------------------------------------------------------------------
                                             19.910086   slack (MET)


Startpoint: reset (input port clocked by clk)
Endpoint: _158_ (recovery check against rising-edge clock clk)
Path Group: asynchronous
Path Type: max

Fanout         Cap        Slew       Delay        Time   Description
---------------------------------------------------------------------------------------------
                                  0.000000    0.000000   clock clk (rise edge)
                                  0.000000    0.000000   clock network delay (propagated)
                                  5.000000    5.000000 v input external delay
     1    0.002651    0.008287    0.004161    5.004161 v reset (in)
                                                         reset (net)
                      0.008287    0.000000    5.004161 v input2/A (sky130_fd_sc_hd__buf_1)
     3    0.010980    0.069851    0.108956    5.113116 v input2/X (sky130_fd_sc_hd__buf_1)
                                                         net2 (net)
                      0.069851    0.000069    5.113185 v fanout35/A (sky130_fd_sc_hd__clkbuf_4)
     9    0.043844    0.096618    0.208512    5.321698 v fanout35/X (sky130_fd_sc_hd__clkbuf_4)
                                                         net35 (net)
                      0.096621    0.000683    5.322381 v _122_/A (sky130_fd_sc_hd__inv_2)
     1    0.004440    0.038722    0.065739    5.388120 ^ _122_/Y (sky130_fd_sc_hd__inv_2)
                                                         _009_ (net)
                      0.038722    0.000018    5.388138 ^ _158_/RESET_B (sky130_fd_sc_hd__dfrtp_1)
                                              5.388138   data arrival time

                                 25.000000   25.000000   clock clk (rise edge)
                                  0.000000   25.000000   clock source latency
     1    0.011477    0.058009    0.038812   25.038811 ^ clk (in)
                                                         clk (net)
                      0.058010    0.000000   25.038811 ^ clkbuf_0_clk/A (sky130_fd_sc_hd__clkbuf_16)
     4    0.037194    0.057328    0.144682   25.183493 ^ clkbuf_0_clk/X (sky130_fd_sc_hd__clkbuf_16)
                                                         clknet_0_clk (net)
                      0.057328    0.000155   25.183647 ^ clkbuf_2_2__f_clk/A (sky130_fd_sc_hd__clkbuf_16)
     8    0.022921    0.044389    0.132783   25.316431 ^ clkbuf_2_2__f_clk/X (sky130_fd_sc_hd__clkbuf_16)
                                                         clknet_2_2__leaf_clk (net)
                      0.044389    0.000076   25.316507 ^ _158_/CLK (sky130_fd_sc_hd__dfrtp_1)
                                 -0.250000   25.066507   clock uncertainty
                                  0.000000   25.066507   clock reconvergence pessimism
                                  0.231770   25.298279   library recovery time
                                             25.298279   data required time
---------------------------------------------------------------------------------------------
                                             25.298279   data required time
                                             -5.388138   data arrival time
---------------------------------------------------------------------------------------------
                                             19.910139   slack (MET)


Startpoint: reset (input port clocked by clk)
Endpoint: _155_ (recovery check against rising-edge clock clk)
Path Group: asynchronous
Path Type: max

Fanout         Cap        Slew       Delay        Time   Description
---------------------------------------------------------------------------------------------
                                  0.000000    0.000000   clock clk (rise edge)
                                  0.000000    0.000000   clock network delay (propagated)
                                  5.000000    5.000000 v input external delay
     1    0.002651    0.008287    0.004161    5.004161 v reset (in)
                                                         reset (net)
                      0.008287    0.000000    5.004161 v input2/A (sky130_fd_sc_hd__buf_1)
     3    0.010980    0.069851    0.108956    5.113116 v input2/X (sky130_fd_sc_hd__buf_1)
                                                         net2 (net)
                      0.069851    0.000069    5.113185 v fanout35/A (sky130_fd_sc_hd__clkbuf_4)
     9    0.043844    0.096618    0.208512    5.321698 v fanout35/X (sky130_fd_sc_hd__clkbuf_4)
                                                         net35 (net)
                      0.096621    0.000662    5.322360 v _119_/A (sky130_fd_sc_hd__inv_2)
     1    0.004251    0.038019    0.064897    5.387257 ^ _119_/Y (sky130_fd_sc_hd__inv_2)
                                                         _006_ (net)
                      0.038019    0.000012    5.387269 ^ _155_/RESET_B (sky130_fd_sc_hd__dfrtp_1)
                                              5.387269   data arrival time

                                 25.000000   25.000000   clock clk (rise edge)
                                  0.000000   25.000000   clock source latency
     1    0.011477    0.058009    0.038812   25.038811 ^ clk (in)
                                                         clk (net)
                      0.058010    0.000000   25.038811 ^ clkbuf_0_clk/A (sky130_fd_sc_hd__clkbuf_16)
     4    0.037194    0.057328    0.144682   25.183493 ^ clkbuf_0_clk/X (sky130_fd_sc_hd__clkbuf_16)
                                                         clknet_0_clk (net)
                      0.057328    0.000155   25.183647 ^ clkbuf_2_2__f_clk/A (sky130_fd_sc_hd__clkbuf_16)
     8    0.022921    0.044389    0.132783   25.316431 ^ clkbuf_2_2__f_clk/X (sky130_fd_sc_hd__clkbuf_16)
                                                         clknet_2_2__leaf_clk (net)
                      0.044389    0.000041   25.316471 ^ _155_/CLK (sky130_fd_sc_hd__dfrtp_1)
                                 -0.250000   25.066473   clock uncertainty
                                  0.000000   25.066473   clock reconvergence pessimism
                                  0.231952   25.298426   library recovery time
                                             25.298426   data required time
---------------------------------------------------------------------------------------------
                                             25.298426   data required time
                                             -5.387269   data arrival time
---------------------------------------------------------------------------------------------
                                             19.911156   slack (MET)


Startpoint: reset (input port clocked by clk)
Endpoint: _174_ (recovery check against rising-edge clock clk)
Path Group: asynchronous
Path Type: max

Fanout         Cap        Slew       Delay        Time   Description
---------------------------------------------------------------------------------------------
                                  0.000000    0.000000   clock clk (rise edge)
                                  0.000000    0.000000   clock network delay (propagated)
                                  5.000000    5.000000 v input external delay
     1    0.002651    0.008287    0.004161    5.004161 v reset (in)
                                                         reset (net)
                      0.008287    0.000000    5.004161 v input2/A (sky130_fd_sc_hd__buf_1)
     3    0.010980    0.069851    0.108956    5.113116 v input2/X (sky130_fd_sc_hd__buf_1)
                                                         net2 (net)
                      0.069851    0.000069    5.113185 v fanout35/A (sky130_fd_sc_hd__clkbuf_4)
     9    0.043844    0.096618    0.208512    5.321698 v fanout35/X (sky130_fd_sc_hd__clkbuf_4)
                                                         net35 (net)
                      0.096620    0.000597    5.322295 v _138_/A (sky130_fd_sc_hd__inv_2)
     1    0.004103    0.038541    0.064143    5.386438 ^ _138_/Y (sky130_fd_sc_hd__inv_2)
                                                         _025_ (net)
                      0.038541    0.000010    5.386449 ^ _174_/RESET_B (sky130_fd_sc_hd__dfrtp_1)
                                              5.386449   data arrival time

                                 25.000000   25.000000   clock clk (rise edge)
                                  0.000000   25.000000   clock source latency
     1    0.011477    0.058009    0.038812   25.038811 ^ clk (in)
                                                         clk (net)
                      0.058010    0.000000   25.038811 ^ clkbuf_0_clk/A (sky130_fd_sc_hd__clkbuf_16)
     4    0.037194    0.057328    0.144682   25.183493 ^ clkbuf_0_clk/X (sky130_fd_sc_hd__clkbuf_16)
                                                         clknet_0_clk (net)
                      0.057328    0.000155   25.183647 ^ clkbuf_2_2__f_clk/A (sky130_fd_sc_hd__clkbuf_16)
     8    0.022921    0.044389    0.132783   25.316431 ^ clkbuf_2_2__f_clk/X (sky130_fd_sc_hd__clkbuf_16)
                                                         clknet_2_2__leaf_clk (net)
                      0.044389    0.000025   25.316456 ^ _174_/CLK (sky130_fd_sc_hd__dfrtp_1)
                                 -0.250000   25.066456   clock uncertainty
                                  0.000000   25.066456   clock reconvergence pessimism
                                  0.231817   25.298273   library recovery time
                                             25.298273   data required time
---------------------------------------------------------------------------------------------
                                             25.298273   data required time
                                             -5.386449   data arrival time
---------------------------------------------------------------------------------------------
                                             19.911823   slack (MET)


Startpoint: reset (input port clocked by clk)
Endpoint: _157_ (recovery check against rising-edge clock clk)
Path Group: asynchronous
Path Type: max

Fanout         Cap        Slew       Delay        Time   Description
---------------------------------------------------------------------------------------------
                                  0.000000    0.000000   clock clk (rise edge)
                                  0.000000    0.000000   clock network delay (propagated)
                                  5.000000    5.000000 v input external delay
     1    0.002651    0.008287    0.004161    5.004161 v reset (in)
                                                         reset (net)
                      0.008287    0.000000    5.004161 v input2/A (sky130_fd_sc_hd__buf_1)
     3    0.010980    0.069851    0.108956    5.113116 v input2/X (sky130_fd_sc_hd__buf_1)
                                                         net2 (net)
                      0.069851    0.000069    5.113185 v fanout35/A (sky130_fd_sc_hd__clkbuf_4)
     9    0.043844    0.096618    0.208512    5.321698 v fanout35/X (sky130_fd_sc_hd__clkbuf_4)
                                                         net35 (net)
                      0.096621    0.000674    5.322371 v _121_/A (sky130_fd_sc_hd__inv_2)
     1    0.004062    0.038394    0.063937    5.386309 ^ _121_/Y (sky130_fd_sc_hd__inv_2)
                                                         _008_ (net)
                      0.038394    0.000009    5.386318 ^ _157_/RESET_B (sky130_fd_sc_hd__dfrtp_1)
                                              5.386318   data arrival time

                                 25.000000   25.000000   clock clk (rise edge)
                                  0.000000   25.000000   clock source latency
     1    0.011477    0.058009    0.038812   25.038811 ^ clk (in)
                                                         clk (net)
                      0.058010    0.000000   25.038811 ^ clkbuf_0_clk/A (sky130_fd_sc_hd__clkbuf_16)
     4    0.037194    0.057328    0.144682   25.183493 ^ clkbuf_0_clk/X (sky130_fd_sc_hd__clkbuf_16)
                                                         clknet_0_clk (net)
                      0.057328    0.000155   25.183647 ^ clkbuf_2_2__f_clk/A (sky130_fd_sc_hd__clkbuf_16)
     8    0.022921    0.044389    0.132783   25.316431 ^ clkbuf_2_2__f_clk/X (sky130_fd_sc_hd__clkbuf_16)
                                                         clknet_2_2__leaf_clk (net)
                      0.044389    0.000050   25.316481 ^ _157_/CLK (sky130_fd_sc_hd__dfrtp_1)
                                 -0.250000   25.066481   clock uncertainty
                                  0.000000   25.066481   clock reconvergence pessimism
                                  0.231855   25.298336   library recovery time
                                             25.298336   data required time
---------------------------------------------------------------------------------------------
                                             25.298336   data required time
                                             -5.386318   data arrival time
---------------------------------------------------------------------------------------------
                                             19.912020   slack (MET)


Startpoint: reset (input port clocked by clk)
Endpoint: _156_ (recovery check against rising-edge clock clk)
Path Group: asynchronous
Path Type: max

Fanout         Cap        Slew       Delay        Time   Description
---------------------------------------------------------------------------------------------
                                  0.000000    0.000000   clock clk (rise edge)
                                  0.000000    0.000000   clock network delay (propagated)
                                  5.000000    5.000000 v input external delay
     1    0.002651    0.008287    0.004161    5.004161 v reset (in)
                                                         reset (net)
                      0.008287    0.000000    5.004161 v input2/A (sky130_fd_sc_hd__buf_1)
     3    0.010980    0.069851    0.108956    5.113116 v input2/X (sky130_fd_sc_hd__buf_1)
                                                         net2 (net)
                      0.069851    0.000069    5.113185 v fanout35/A (sky130_fd_sc_hd__clkbuf_4)
     9    0.043844    0.096618    0.208512    5.321698 v fanout35/X (sky130_fd_sc_hd__clkbuf_4)
                                                         net35 (net)
                      0.096620    0.000607    5.322305 v _120_/A (sky130_fd_sc_hd__inv_2)
     1    0.003995    0.038145    0.063590    5.385895 ^ _120_/Y (sky130_fd_sc_hd__inv_2)
                                                         _007_ (net)
                      0.038145    0.000006    5.385901 ^ _156_/RESET_B (sky130_fd_sc_hd__dfrtp_1)
                                              5.385901   data arrival time

                                 25.000000   25.000000   clock clk (rise edge)
                                  0.000000   25.000000   clock source latency
     1    0.011477    0.058009    0.038812   25.038811 ^ clk (in)
                                                         clk (net)
                      0.058010    0.000000   25.038811 ^ clkbuf_0_clk/A (sky130_fd_sc_hd__clkbuf_16)
     4    0.037194    0.057328    0.144682   25.183493 ^ clkbuf_0_clk/X (sky130_fd_sc_hd__clkbuf_16)
                                                         clknet_0_clk (net)
                      0.057328    0.000155   25.183647 ^ clkbuf_2_2__f_clk/A (sky130_fd_sc_hd__clkbuf_16)
     8    0.022921    0.044389    0.132783   25.316431 ^ clkbuf_2_2__f_clk/X (sky130_fd_sc_hd__clkbuf_16)
                                                         clknet_2_2__leaf_clk (net)
                      0.044389    0.000025   25.316456 ^ _156_/CLK (sky130_fd_sc_hd__dfrtp_1)
                                 -0.250000   25.066456   clock uncertainty
                                  0.000000   25.066456   clock reconvergence pessimism
                                  0.231920   25.298376   library recovery time
                                             25.298376   data required time
---------------------------------------------------------------------------------------------
                                             25.298376   data required time
                                             -5.385901   data arrival time
---------------------------------------------------------------------------------------------
                                             19.912474   slack (MET)


Startpoint: reset (input port clocked by clk)
Endpoint: _160_ (recovery check against rising-edge clock clk)
Path Group: asynchronous
Path Type: max

Fanout         Cap        Slew       Delay        Time   Description
---------------------------------------------------------------------------------------------
                                  0.000000    0.000000   clock clk (rise edge)
                                  0.000000    0.000000   clock network delay (propagated)
                                  5.000000    5.000000 v input external delay
     1    0.002651    0.008287    0.004161    5.004161 v reset (in)
                                                         reset (net)
                      0.008287    0.000000    5.004161 v input2/A (sky130_fd_sc_hd__buf_1)
     3    0.010980    0.069851    0.108956    5.113116 v input2/X (sky130_fd_sc_hd__buf_1)
                                                         net2 (net)
                      0.069851    0.000069    5.113185 v fanout35/A (sky130_fd_sc_hd__clkbuf_4)
     9    0.043844    0.096618    0.208512    5.321698 v fanout35/X (sky130_fd_sc_hd__clkbuf_4)
                                                         net35 (net)
                      0.096619    0.000542    5.322240 v _124_/A (sky130_fd_sc_hd__inv_2)
     1    0.003995    0.038144    0.063589    5.385829 ^ _124_/Y (sky130_fd_sc_hd__inv_2)
                                                         _011_ (net)
                      0.038144    0.000006    5.385835 ^ _160_/RESET_B (sky130_fd_sc_hd__dfrtp_1)
                                              5.385835   data arrival time

                                 25.000000   25.000000   clock clk (rise edge)
                                  0.000000   25.000000   clock source latency
     1    0.011477    0.058009    0.038812   25.038811 ^ clk (in)
                                                         clk (net)
                      0.058010    0.000000   25.038811 ^ clkbuf_0_clk/A (sky130_fd_sc_hd__clkbuf_16)
     4    0.037194    0.057328    0.144682   25.183493 ^ clkbuf_0_clk/X (sky130_fd_sc_hd__clkbuf_16)
                                                         clknet_0_clk (net)
                      0.057328    0.000155   25.183647 ^ clkbuf_2_2__f_clk/A (sky130_fd_sc_hd__clkbuf_16)
     8    0.022921    0.044389    0.132783   25.316431 ^ clkbuf_2_2__f_clk/X (sky130_fd_sc_hd__clkbuf_16)
                                                         clknet_2_2__leaf_clk (net)
                      0.044389    0.000043   25.316473 ^ _160_/CLK (sky130_fd_sc_hd__dfrtp_1)
                                 -0.250000   25.066475   clock uncertainty
                                  0.000000   25.066475   clock reconvergence pessimism
                                  0.231920   25.298393   library recovery time
                                             25.298393   data required time
---------------------------------------------------------------------------------------------
                                             25.298393   data required time
                                             -5.385835   data arrival time
---------------------------------------------------------------------------------------------
                                             19.912560   slack (MET)


Startpoint: reset (input port clocked by clk)
Endpoint: _172_ (recovery check against rising-edge clock clk)
Path Group: asynchronous
Path Type: max

Fanout         Cap        Slew       Delay        Time   Description
---------------------------------------------------------------------------------------------
                                  0.000000    0.000000   clock clk (rise edge)
                                  0.000000    0.000000   clock network delay (propagated)
                                  5.000000    5.000000 v input external delay
     1    0.002651    0.008287    0.004161    5.004161 v reset (in)
                                                         reset (net)
                      0.008287    0.000000    5.004161 v input2/A (sky130_fd_sc_hd__buf_1)
     3    0.010980    0.069851    0.108956    5.113116 v input2/X (sky130_fd_sc_hd__buf_1)
                                                         net2 (net)
                      0.069851    0.000097    5.113213 v fanout37/A (sky130_fd_sc_hd__clkbuf_4)
     8    0.041066    0.091481    0.204518    5.317731 v fanout37/X (sky130_fd_sc_hd__clkbuf_4)
                                                         net37 (net)
                      0.091481    0.000132    5.317863 v _136_/A (sky130_fd_sc_hd__inv_2)
     1    0.004592    0.038090    0.064359    5.382222 ^ _136_/Y (sky130_fd_sc_hd__inv_2)
                                                         _023_ (net)
                      0.038090    0.000023    5.382245 ^ _172_/RESET_B (sky130_fd_sc_hd__dfrtp_1)
                                              5.382245   data arrival time

                                 25.000000   25.000000   clock clk (rise edge)
                                  0.000000   25.000000   clock source latency
     1    0.011477    0.058009    0.038812   25.038811 ^ clk (in)
                                                         clk (net)
                      0.058010    0.000000   25.038811 ^ clkbuf_0_clk/A (sky130_fd_sc_hd__clkbuf_16)
     4    0.037194    0.057328    0.144682   25.183493 ^ clkbuf_0_clk/X (sky130_fd_sc_hd__clkbuf_16)
                                                         clknet_0_clk (net)
                      0.057328    0.000155   25.183647 ^ clkbuf_2_3__f_clk/A (sky130_fd_sc_hd__clkbuf_16)
    11    0.025712    0.046918    0.135465   25.319113 ^ clkbuf_2_3__f_clk/X (sky130_fd_sc_hd__clkbuf_16)
                                                         clknet_2_3__leaf_clk (net)
                      0.046918    0.000039   25.319153 ^ _172_/CLK (sky130_fd_sc_hd__dfrtp_1)
                                 -0.250000   25.069153   clock uncertainty
                                  0.000000   25.069153   clock reconvergence pessimism
                                  0.232709   25.301861   library recovery time
                                             25.301861   data required time
---------------------------------------------------------------------------------------------
                                             25.301861   data required time
                                             -5.382245   data arrival time
---------------------------------------------------------------------------------------------
                                             19.919615   slack (MET)


Startpoint: reset (input port clocked by clk)
Endpoint: _183_ (recovery check against rising-edge clock clk)
Path Group: asynchronous
Path Type: max

Fanout         Cap        Slew       Delay        Time   Description
---------------------------------------------------------------------------------------------
                                  0.000000    0.000000   clock clk (rise edge)
                                  0.000000    0.000000   clock network delay (propagated)
                                  5.000000    5.000000 v input external delay
     1    0.002651    0.008287    0.004161    5.004161 v reset (in)
                                                         reset (net)
                      0.008287    0.000000    5.004161 v input2/A (sky130_fd_sc_hd__buf_1)
     3    0.010980    0.069851    0.108956    5.113116 v input2/X (sky130_fd_sc_hd__buf_1)
                                                         net2 (net)
                      0.069851    0.000097    5.113213 v fanout37/A (sky130_fd_sc_hd__clkbuf_4)
     8    0.041066    0.091481    0.204518    5.317731 v fanout37/X (sky130_fd_sc_hd__clkbuf_4)
                                                         net37 (net)
                      0.091481    0.000173    5.317904 v _147_/A (sky130_fd_sc_hd__inv_2)
     1    0.004257    0.036916    0.063034    5.380939 ^ _147_/Y (sky130_fd_sc_hd__inv_2)
                                                         _034_ (net)
                      0.036916    0.000015    5.380954 ^ _183_/RESET_B (sky130_fd_sc_hd__dfrtp_1)
                                              5.380954   data arrival time

                                 25.000000   25.000000   clock clk (rise edge)
                                  0.000000   25.000000   clock source latency
     1    0.011477    0.058009    0.038812   25.038811 ^ clk (in)
                                                         clk (net)
                      0.058010    0.000000   25.038811 ^ clkbuf_0_clk/A (sky130_fd_sc_hd__clkbuf_16)
     4    0.037194    0.057328    0.144682   25.183493 ^ clkbuf_0_clk/X (sky130_fd_sc_hd__clkbuf_16)
                                                         clknet_0_clk (net)
                      0.057328    0.000155   25.183647 ^ clkbuf_2_3__f_clk/A (sky130_fd_sc_hd__clkbuf_16)
    11    0.025712    0.046918    0.135465   25.319113 ^ clkbuf_2_3__f_clk/X (sky130_fd_sc_hd__clkbuf_16)
                                                         clknet_2_3__leaf_clk (net)
                      0.046918    0.000052   25.319164 ^ _183_/CLK (sky130_fd_sc_hd__dfrtp_1)
                                 -0.250000   25.069166   clock uncertainty
                                  0.000000   25.069166   clock reconvergence pessimism
                                  0.233013   25.302177   library recovery time
                                             25.302177   data required time
---------------------------------------------------------------------------------------------
                                             25.302177   data required time
                                             -5.380954   data arrival time
---------------------------------------------------------------------------------------------
                                             19.921225   slack (MET)


Startpoint: reset (input port clocked by clk)
Endpoint: _170_ (recovery check against rising-edge clock clk)
Path Group: asynchronous
Path Type: max

Fanout         Cap        Slew       Delay        Time   Description
---------------------------------------------------------------------------------------------
                                  0.000000    0.000000   clock clk (rise edge)
                                  0.000000    0.000000   clock network delay (propagated)
                                  5.000000    5.000000 v input external delay
     1    0.002651    0.008287    0.004161    5.004161 v reset (in)
                                                         reset (net)
                      0.008287    0.000000    5.004161 v input2/A (sky130_fd_sc_hd__buf_1)
     3    0.010980    0.069851    0.108956    5.113116 v input2/X (sky130_fd_sc_hd__buf_1)
                                                         net2 (net)
                      0.069851    0.000097    5.113213 v fanout37/A (sky130_fd_sc_hd__clkbuf_4)
     8    0.041066    0.091481    0.204518    5.317731 v fanout37/X (sky130_fd_sc_hd__clkbuf_4)
                                                         net37 (net)
                      0.091481    0.000035    5.317766 v _134_/A (sky130_fd_sc_hd__inv_2)
     1    0.004211    0.036736    0.062812    5.380578 ^ _134_/Y (sky130_fd_sc_hd__inv_2)
                                                         _021_ (net)
                      0.036736    0.000011    5.380589 ^ _170_/RESET_B (sky130_fd_sc_hd__dfrtp_1)
                                              5.380589   data arrival time

                                 25.000000   25.000000   clock clk (rise edge)
                                  0.000000   25.000000   clock source latency
     1    0.011477    0.058009    0.038812   25.038811 ^ clk (in)
                                                         clk (net)
                      0.058010    0.000000   25.038811 ^ clkbuf_0_clk/A (sky130_fd_sc_hd__clkbuf_16)
     4    0.037194    0.057328    0.144682   25.183493 ^ clkbuf_0_clk/X (sky130_fd_sc_hd__clkbuf_16)
                                                         clknet_0_clk (net)
                      0.057328    0.000155   25.183647 ^ clkbuf_2_3__f_clk/A (sky130_fd_sc_hd__clkbuf_16)
    11    0.025712    0.046918    0.135465   25.319113 ^ clkbuf_2_3__f_clk/X (sky130_fd_sc_hd__clkbuf_16)
                                                         clknet_2_3__leaf_clk (net)
                      0.046918    0.000044   25.319157 ^ _170_/CLK (sky130_fd_sc_hd__dfrtp_1)
                                 -0.250000   25.069159   clock uncertainty
                                  0.000000   25.069159   clock reconvergence pessimism
                                  0.233059   25.302217   library recovery time
                                             25.302217   data required time
---------------------------------------------------------------------------------------------
                                             25.302217   data required time
                                             -5.380589   data arrival time
---------------------------------------------------------------------------------------------
                                             19.921629   slack (MET)


Startpoint: reset (input port clocked by clk)
Endpoint: _182_ (recovery check against rising-edge clock clk)
Path Group: asynchronous
Path Type: max

Fanout         Cap        Slew       Delay        Time   Description
---------------------------------------------------------------------------------------------
                                  0.000000    0.000000   clock clk (rise edge)
                                  0.000000    0.000000   clock network delay (propagated)
                                  5.000000    5.000000 v input external delay
     1    0.002651    0.008287    0.004161    5.004161 v reset (in)
                                                         reset (net)
                      0.008287    0.000000    5.004161 v input2/A (sky130_fd_sc_hd__buf_1)
     3    0.010980    0.069851    0.108956    5.113116 v input2/X (sky130_fd_sc_hd__buf_1)
                                                         net2 (net)
                      0.069851    0.000097    5.113213 v fanout37/A (sky130_fd_sc_hd__clkbuf_4)
     8    0.041066    0.091481    0.204518    5.317731 v fanout37/X (sky130_fd_sc_hd__clkbuf_4)
                                                         net37 (net)
                      0.091481    0.000144    5.317876 v _146_/A (sky130_fd_sc_hd__inv_2)
     1    0.004024    0.037130    0.061888    5.379764 ^ _146_/Y (sky130_fd_sc_hd__inv_2)
                                                         _033_ (net)
                      0.037130    0.000009    5.379773 ^ _182_/RESET_B (sky130_fd_sc_hd__dfrtp_1)
                                              5.379773   data arrival time

                                 25.000000   25.000000   clock clk (rise edge)
                                  0.000000   25.000000   clock source latency
     1    0.011477    0.058009    0.038812   25.038811 ^ clk (in)
                                                         clk (net)
                      0.058010    0.000000   25.038811 ^ clkbuf_0_clk/A (sky130_fd_sc_hd__clkbuf_16)
     4    0.037194    0.057328    0.144682   25.183493 ^ clkbuf_0_clk/X (sky130_fd_sc_hd__clkbuf_16)
                                                         clknet_0_clk (net)
                      0.057328    0.000155   25.183647 ^ clkbuf_2_3__f_clk/A (sky130_fd_sc_hd__clkbuf_16)
    11    0.025712    0.046918    0.135465   25.319113 ^ clkbuf_2_3__f_clk/X (sky130_fd_sc_hd__clkbuf_16)
                                                         clknet_2_3__leaf_clk (net)
                      0.046918    0.000053   25.319166 ^ _182_/CLK (sky130_fd_sc_hd__dfrtp_1)
                                 -0.250000   25.069166   clock uncertainty
                                  0.000000   25.069166   clock reconvergence pessimism
                                  0.232957   25.302124   library recovery time
                                             25.302124   data required time
---------------------------------------------------------------------------------------------
                                             25.302124   data required time
                                             -5.379773   data arrival time
---------------------------------------------------------------------------------------------
                                             19.922350   slack (MET)


Startpoint: reset (input port clocked by clk)
Endpoint: _169_ (recovery check against rising-edge clock clk)
Path Group: asynchronous
Path Type: max

Fanout         Cap        Slew       Delay        Time   Description
---------------------------------------------------------------------------------------------
                                  0.000000    0.000000   clock clk (rise edge)
                                  0.000000    0.000000   clock network delay (propagated)
                                  5.000000    5.000000 v input external delay
     1    0.002651    0.008287    0.004161    5.004161 v reset (in)
                                                         reset (net)
                      0.008287    0.000000    5.004161 v input2/A (sky130_fd_sc_hd__buf_1)
     3    0.010980    0.069851    0.108956    5.113116 v input2/X (sky130_fd_sc_hd__buf_1)
                                                         net2 (net)
                      0.069851    0.000097    5.113213 v fanout37/A (sky130_fd_sc_hd__clkbuf_4)
     8    0.041066    0.091481    0.204518    5.317731 v fanout37/X (sky130_fd_sc_hd__clkbuf_4)
                                                         net37 (net)
                      0.091481    0.000194    5.317925 v _133_/A (sky130_fd_sc_hd__inv_2)
     1    0.003944    0.036844    0.061497    5.379422 ^ _133_/Y (sky130_fd_sc_hd__inv_2)
                                                         _020_ (net)
                      0.036844    0.000008    5.379430 ^ _169_/RESET_B (sky130_fd_sc_hd__dfrtp_1)
                                              5.379430   data arrival time

                                 25.000000   25.000000   clock clk (rise edge)
                                  0.000000   25.000000   clock source latency
     1    0.011477    0.058009    0.038812   25.038811 ^ clk (in)
                                                         clk (net)
                      0.058010    0.000000   25.038811 ^ clkbuf_0_clk/A (sky130_fd_sc_hd__clkbuf_16)
     4    0.037194    0.057328    0.144682   25.183493 ^ clkbuf_0_clk/X (sky130_fd_sc_hd__clkbuf_16)
                                                         clknet_0_clk (net)
                      0.057328    0.000155   25.183647 ^ clkbuf_2_3__f_clk/A (sky130_fd_sc_hd__clkbuf_16)
    11    0.025712    0.046918    0.135465   25.319113 ^ clkbuf_2_3__f_clk/X (sky130_fd_sc_hd__clkbuf_16)
                                                         clknet_2_3__leaf_clk (net)
                      0.046918    0.000055   25.319168 ^ _169_/CLK (sky130_fd_sc_hd__dfrtp_1)
                                 -0.250000   25.069168   clock uncertainty
                                  0.000000   25.069168   clock reconvergence pessimism
                                  0.233031   25.302200   library recovery time
                                             25.302200   data required time
---------------------------------------------------------------------------------------------
                                             25.302200   data required time
                                             -5.379430   data arrival time
---------------------------------------------------------------------------------------------
                                             19.922770   slack (MET)


Startpoint: reset (input port clocked by clk)
Endpoint: _171_ (recovery check against rising-edge clock clk)
Path Group: asynchronous
Path Type: max

Fanout         Cap        Slew       Delay        Time   Description
---------------------------------------------------------------------------------------------
                                  0.000000    0.000000   clock clk (rise edge)
                                  0.000000    0.000000   clock network delay (propagated)
                                  5.000000    5.000000 v input external delay
     1    0.002651    0.008287    0.004161    5.004161 v reset (in)
                                                         reset (net)
                      0.008287    0.000000    5.004161 v input2/A (sky130_fd_sc_hd__buf_1)
     3    0.010980    0.069851    0.108956    5.113116 v input2/X (sky130_fd_sc_hd__buf_1)
                                                         net2 (net)
                      0.069851    0.000097    5.113213 v fanout37/A (sky130_fd_sc_hd__clkbuf_4)
     8    0.041066    0.091481    0.204518    5.317731 v fanout37/X (sky130_fd_sc_hd__clkbuf_4)
                                                         net37 (net)
                      0.091481    0.000111    5.317842 v _135_/A (sky130_fd_sc_hd__inv_2)
     1    0.003904    0.036698    0.061297    5.379139 ^ _135_/Y (sky130_fd_sc_hd__inv_2)
                                                         _022_ (net)
                      0.036698    0.000007    5.379146 ^ _171_/RESET_B (sky130_fd_sc_hd__dfrtp_1)
                                              5.379146   data arrival time

                                 25.000000   25.000000   clock clk (rise edge)
                                  0.000000   25.000000   clock source latency
     1    0.011477    0.058009    0.038812   25.038811 ^ clk (in)
                                                         clk (net)
                      0.058010    0.000000   25.038811 ^ clkbuf_0_clk/A (sky130_fd_sc_hd__clkbuf_16)
     4    0.037194    0.057328    0.144682   25.183493 ^ clkbuf_0_clk/X (sky130_fd_sc_hd__clkbuf_16)
                                                         clknet_0_clk (net)
                      0.057328    0.000155   25.183647 ^ clkbuf_2_3__f_clk/A (sky130_fd_sc_hd__clkbuf_16)
    11    0.025712    0.046918    0.135465   25.319113 ^ clkbuf_2_3__f_clk/X (sky130_fd_sc_hd__clkbuf_16)
                                                         clknet_2_3__leaf_clk (net)
                      0.046918    0.000044   25.319157 ^ _171_/CLK (sky130_fd_sc_hd__dfrtp_1)
                                 -0.250000   25.069159   clock uncertainty
                                  0.000000   25.069159   clock reconvergence pessimism
                                  0.233069   25.302227   library recovery time
                                             25.302227   data required time
---------------------------------------------------------------------------------------------
                                             25.302227   data required time
                                             -5.379146   data arrival time
---------------------------------------------------------------------------------------------
                                             19.923080   slack (MET)


Startpoint: reset (input port clocked by clk)
Endpoint: _153_ (recovery check against rising-edge clock clk)
Path Group: asynchronous
Path Type: max

Fanout         Cap        Slew       Delay        Time   Description
---------------------------------------------------------------------------------------------
                                  0.000000    0.000000   clock clk (rise edge)
                                  0.000000    0.000000   clock network delay (propagated)
                                  5.000000    5.000000 v input external delay
     1    0.002651    0.008287    0.004161    5.004161 v reset (in)
                                                         reset (net)
                      0.008287    0.000000    5.004161 v input2/A (sky130_fd_sc_hd__buf_1)
     3    0.010980    0.069851    0.108956    5.113116 v input2/X (sky130_fd_sc_hd__buf_1)
                                                         net2 (net)
                      0.069851    0.000041    5.113157 v fanout36/A (sky130_fd_sc_hd__buf_4)
    10    0.050419    0.077263    0.197133    5.310290 v fanout36/X (sky130_fd_sc_hd__buf_4)
                                                         net36 (net)
                      0.077263    0.000016    5.310307 v _117_/A (sky130_fd_sc_hd__inv_2)
     1    0.004472    0.034572    0.058642    5.368949 ^ _117_/Y (sky130_fd_sc_hd__inv_2)
                                                         _004_ (net)
                      0.034572    0.000014    5.368963 ^ _153_/RESET_B (sky130_fd_sc_hd__dfrtp_1)
                                              5.368963   data arrival time

                                 25.000000   25.000000   clock clk (rise edge)
                                  0.000000   25.000000   clock source latency
     1    0.011477    0.058009    0.038812   25.038811 ^ clk (in)
                                                         clk (net)
                      0.058010    0.000000   25.038811 ^ clkbuf_0_clk/A (sky130_fd_sc_hd__clkbuf_16)
     4    0.037194    0.057328    0.144682   25.183493 ^ clkbuf_0_clk/X (sky130_fd_sc_hd__clkbuf_16)
                                                         clknet_0_clk (net)
                      0.057328    0.000142   25.183636 ^ clkbuf_2_1__f_clk/A (sky130_fd_sc_hd__clkbuf_16)
    10    0.024363    0.045691    0.134165   25.317801 ^ clkbuf_2_1__f_clk/X (sky130_fd_sc_hd__clkbuf_16)
                                                         clknet_2_1__leaf_clk (net)
                      0.045691    0.000068   25.317867 ^ _153_/CLK (sky130_fd_sc_hd__dfrtp_1)
                                 -0.250000   25.067869   clock uncertainty
                                  0.000000   25.067869   clock reconvergence pessimism
                                  0.233243   25.301111   library recovery time
                                             25.301111   data required time
---------------------------------------------------------------------------------------------
                                             25.301111   data required time
                                             -5.368963   data arrival time
---------------------------------------------------------------------------------------------
                                             19.932150   slack (MET)


Startpoint: reset (input port clocked by clk)
Endpoint: _184_ (recovery check against rising-edge clock clk)
Path Group: asynchronous
Path Type: max

Fanout         Cap        Slew       Delay        Time   Description
---------------------------------------------------------------------------------------------
                                  0.000000    0.000000   clock clk (rise edge)
                                  0.000000    0.000000   clock network delay (propagated)
                                  5.000000    5.000000 v input external delay
     1    0.002651    0.008287    0.004161    5.004161 v reset (in)
                                                         reset (net)
                      0.008287    0.000000    5.004161 v input2/A (sky130_fd_sc_hd__buf_1)
     3    0.010980    0.069851    0.108956    5.113116 v input2/X (sky130_fd_sc_hd__buf_1)
                                                         net2 (net)
                      0.069851    0.000041    5.113157 v fanout36/A (sky130_fd_sc_hd__buf_4)
    10    0.050419    0.077263    0.197133    5.310290 v fanout36/X (sky130_fd_sc_hd__buf_4)
                                                         net36 (net)
                      0.077263    0.000242    5.310532 v _148_/A (sky130_fd_sc_hd__inv_2)
     1    0.004370    0.034213    0.058298    5.368830 ^ _148_/Y (sky130_fd_sc_hd__inv_2)
                                                         _035_ (net)
                      0.034213    0.000014    5.368844 ^ _184_/RESET_B (sky130_fd_sc_hd__dfrtp_1)
                                              5.368844   data arrival time

                                 25.000000   25.000000   clock clk (rise edge)
                                  0.000000   25.000000   clock source latency
     1    0.011477    0.058009    0.038812   25.038811 ^ clk (in)
                                                         clk (net)
                      0.058010    0.000000   25.038811 ^ clkbuf_0_clk/A (sky130_fd_sc_hd__clkbuf_16)
     4    0.037194    0.057328    0.144682   25.183493 ^ clkbuf_0_clk/X (sky130_fd_sc_hd__clkbuf_16)
                                                         clknet_0_clk (net)
                      0.057328    0.000142   25.183636 ^ clkbuf_2_1__f_clk/A (sky130_fd_sc_hd__clkbuf_16)
    10    0.024363    0.045691    0.134165   25.317801 ^ clkbuf_2_1__f_clk/X (sky130_fd_sc_hd__clkbuf_16)
                                                         clknet_2_1__leaf_clk (net)
                      0.045691    0.000046   25.317846 ^ _184_/CLK (sky130_fd_sc_hd__dfrtp_1)
                                 -0.250000   25.067846   clock uncertainty
                                  0.000000   25.067846   clock reconvergence pessimism
                                  0.233336   25.301184   library recovery time
                                             25.301184   data required time
---------------------------------------------------------------------------------------------
                                             25.301184   data required time
                                             -5.368844   data arrival time
---------------------------------------------------------------------------------------------
                                             19.932341   slack (MET)


Startpoint: reset (input port clocked by clk)
Endpoint: _173_ (recovery check against rising-edge clock clk)
Path Group: asynchronous
Path Type: max

Fanout         Cap        Slew       Delay        Time   Description
---------------------------------------------------------------------------------------------
                                  0.000000    0.000000   clock clk (rise edge)
                                  0.000000    0.000000   clock network delay (propagated)
                                  5.000000    5.000000 v input external delay
     1    0.002651    0.008287    0.004161    5.004161 v reset (in)
                                                         reset (net)
                      0.008287    0.000000    5.004161 v input2/A (sky130_fd_sc_hd__buf_1)
     3    0.010980    0.069851    0.108956    5.113116 v input2/X (sky130_fd_sc_hd__buf_1)
                                                         net2 (net)
                      0.069851    0.000041    5.113157 v fanout36/A (sky130_fd_sc_hd__buf_4)
    10    0.050419    0.077263    0.197133    5.310290 v fanout36/X (sky130_fd_sc_hd__buf_4)
                                                         net36 (net)
                      0.077263    0.000138    5.310428 v _137_/A (sky130_fd_sc_hd__inv_2)
     1    0.004221    0.033669    0.057644    5.368072 ^ _137_/Y (sky130_fd_sc_hd__inv_2)
                                                         _024_ (net)
                      0.033669    0.000012    5.368084 ^ _173_/RESET_B (sky130_fd_sc_hd__dfrtp_1)
                                              5.368084   data arrival time

                                 25.000000   25.000000   clock clk (rise edge)
                                  0.000000   25.000000   clock source latency
     1    0.011477    0.058009    0.038812   25.038811 ^ clk (in)
                                                         clk (net)
                      0.058010    0.000000   25.038811 ^ clkbuf_0_clk/A (sky130_fd_sc_hd__clkbuf_16)
     4    0.037194    0.057328    0.144682   25.183493 ^ clkbuf_0_clk/X (sky130_fd_sc_hd__clkbuf_16)
                                                         clknet_0_clk (net)
                      0.057328    0.000142   25.183636 ^ clkbuf_2_1__f_clk/A (sky130_fd_sc_hd__clkbuf_16)
    10    0.024363    0.045691    0.134165   25.317801 ^ clkbuf_2_1__f_clk/X (sky130_fd_sc_hd__clkbuf_16)
                                                         clknet_2_1__leaf_clk (net)
                      0.045691    0.000027   25.317827 ^ _173_/CLK (sky130_fd_sc_hd__dfrtp_1)
                                 -0.250000   25.067827   clock uncertainty
                                  0.000000   25.067827   clock reconvergence pessimism
                                  0.233477   25.301306   library recovery time
                                             25.301306   data required time
---------------------------------------------------------------------------------------------
                                             25.301306   data required time
                                             -5.368084   data arrival time
---------------------------------------------------------------------------------------------
                                             19.933222   slack (MET)


Startpoint: reset (input port clocked by clk)
Endpoint: _149_ (recovery check against rising-edge clock clk)
Path Group: asynchronous
Path Type: max

Fanout         Cap        Slew       Delay        Time   Description
---------------------------------------------------------------------------------------------
                                  0.000000    0.000000   clock clk (rise edge)
                                  0.000000    0.000000   clock network delay (propagated)
                                  5.000000    5.000000 v input external delay
     1    0.002651    0.008287    0.004161    5.004161 v reset (in)
                                                         reset (net)
                      0.008287    0.000000    5.004161 v input2/A (sky130_fd_sc_hd__buf_1)
     3    0.010980    0.069851    0.108956    5.113116 v input2/X (sky130_fd_sc_hd__buf_1)
                                                         net2 (net)
                      0.069851    0.000041    5.113157 v fanout36/A (sky130_fd_sc_hd__buf_4)
    10    0.050419    0.077263    0.197133    5.310290 v fanout36/X (sky130_fd_sc_hd__buf_4)
                                                         net36 (net)
                      0.077263    0.000093    5.310383 v _051_/A (sky130_fd_sc_hd__inv_2)
     1    0.004132    0.033347    0.057251    5.367634 ^ _051_/Y (sky130_fd_sc_hd__inv_2)
                                                         _000_ (net)
                      0.033347    0.000010    5.367644 ^ _149_/RESET_B (sky130_fd_sc_hd__dfrtp_1)
                                              5.367644   data arrival time

                                 25.000000   25.000000   clock clk (rise edge)
                                  0.000000   25.000000   clock source latency
     1    0.011477    0.058009    0.038812   25.038811 ^ clk (in)
                                                         clk (net)
                      0.058010    0.000000   25.038811 ^ clkbuf_0_clk/A (sky130_fd_sc_hd__clkbuf_16)
     4    0.037194    0.057328    0.144682   25.183493 ^ clkbuf_0_clk/X (sky130_fd_sc_hd__clkbuf_16)
                                                         clknet_0_clk (net)
                      0.057328    0.000142   25.183636 ^ clkbuf_2_1__f_clk/A (sky130_fd_sc_hd__clkbuf_16)
    10    0.024363    0.045691    0.134165   25.317801 ^ clkbuf_2_1__f_clk/X (sky130_fd_sc_hd__clkbuf_16)
                                                         clknet_2_1__leaf_clk (net)
                      0.045691    0.000012   25.317812 ^ _149_/CLK (sky130_fd_sc_hd__dfrtp_1)
                                 -0.250000   25.067814   clock uncertainty
                                  0.000000   25.067814   clock reconvergence pessimism
                                  0.233560   25.301374   library recovery time
                                             25.301374   data required time
---------------------------------------------------------------------------------------------
                                             25.301374   data required time
                                             -5.367644   data arrival time
---------------------------------------------------------------------------------------------
                                             19.933729   slack (MET)


Startpoint: reset (input port clocked by clk)
Endpoint: _150_ (recovery check against rising-edge clock clk)
Path Group: asynchronous
Path Type: max

Fanout         Cap        Slew       Delay        Time   Description
---------------------------------------------------------------------------------------------
                                  0.000000    0.000000   clock clk (rise edge)
                                  0.000000    0.000000   clock network delay (propagated)
                                  5.000000    5.000000 v input external delay
     1    0.002651    0.008287    0.004161    5.004161 v reset (in)
                                                         reset (net)
                      0.008287    0.000000    5.004161 v input2/A (sky130_fd_sc_hd__buf_1)
     3    0.010980    0.069851    0.108956    5.113116 v input2/X (sky130_fd_sc_hd__buf_1)
                                                         net2 (net)
                      0.069851    0.000041    5.113157 v fanout36/A (sky130_fd_sc_hd__buf_4)
    10    0.050419    0.077263    0.197133    5.310290 v fanout36/X (sky130_fd_sc_hd__buf_4)
                                                         net36 (net)
                      0.077263    0.000224    5.310514 v _114_/A (sky130_fd_sc_hd__inv_2)
     1    0.004082    0.033166    0.057026    5.367540 ^ _114_/Y (sky130_fd_sc_hd__inv_2)
                                                         _001_ (net)
                      0.033166    0.000011    5.367551 ^ _150_/RESET_B (sky130_fd_sc_hd__dfrtp_1)
                                              5.367551   data arrival time

                                 25.000000   25.000000   clock clk (rise edge)
                                  0.000000   25.000000   clock source latency
     1    0.011477    0.058009    0.038812   25.038811 ^ clk (in)
                                                         clk (net)
                      0.058010    0.000000   25.038811 ^ clkbuf_0_clk/A (sky130_fd_sc_hd__clkbuf_16)
     4    0.037194    0.057328    0.144682   25.183493 ^ clkbuf_0_clk/X (sky130_fd_sc_hd__clkbuf_16)
                                                         clknet_0_clk (net)
                      0.057328    0.000142   25.183636 ^ clkbuf_2_1__f_clk/A (sky130_fd_sc_hd__clkbuf_16)
    10    0.024363    0.045691    0.134165   25.317801 ^ clkbuf_2_1__f_clk/X (sky130_fd_sc_hd__clkbuf_16)
                                                         clknet_2_1__leaf_clk (net)
                      0.045691    0.000025   25.317825 ^ _150_/CLK (sky130_fd_sc_hd__dfrtp_1)
                                 -0.250000   25.067825   clock uncertainty
                                  0.000000   25.067825   clock reconvergence pessimism
                                  0.233607   25.301434   library recovery time
                                             25.301434   data required time
---------------------------------------------------------------------------------------------
                                             25.301434   data required time
                                             -5.367551   data arrival time
---------------------------------------------------------------------------------------------
                                             19.933882   slack (MET)


Startpoint: reset (input port clocked by clk)
Endpoint: _167_ (recovery check against rising-edge clock clk)
Path Group: asynchronous
Path Type: max

Fanout         Cap        Slew       Delay        Time   Description
---------------------------------------------------------------------------------------------
                                  0.000000    0.000000   clock clk (rise edge)
                                  0.000000    0.000000   clock network delay (propagated)
                                  5.000000    5.000000 v input external delay
     1    0.002651    0.008287    0.004161    5.004161 v reset (in)
                                                         reset (net)
                      0.008287    0.000000    5.004161 v input2/A (sky130_fd_sc_hd__buf_1)
     3    0.010980    0.069851    0.108956    5.113116 v input2/X (sky130_fd_sc_hd__buf_1)
                                                         net2 (net)
                      0.069851    0.000041    5.113157 v fanout36/A (sky130_fd_sc_hd__buf_4)
    10    0.050419    0.077263    0.197133    5.310290 v fanout36/X (sky130_fd_sc_hd__buf_4)
                                                         net36 (net)
                      0.077263    0.000303    5.310594 v _131_/A (sky130_fd_sc_hd__inv_2)
     1    0.004340    0.034107    0.058176    5.368770 ^ _131_/Y (sky130_fd_sc_hd__inv_2)
                                                         _018_ (net)
                      0.034107    0.000014    5.368784 ^ _167_/RESET_B (sky130_fd_sc_hd__dfrtp_1)
                                              5.368784   data arrival time

                                 25.000000   25.000000   clock clk (rise edge)
                                  0.000000   25.000000   clock source latency
     1    0.011477    0.058009    0.038812   25.038811 ^ clk (in)
                                                         clk (net)
                      0.058010    0.000000   25.038811 ^ clkbuf_0_clk/A (sky130_fd_sc_hd__clkbuf_16)
     4    0.037194    0.057328    0.144682   25.183493 ^ clkbuf_0_clk/X (sky130_fd_sc_hd__clkbuf_16)
                                                         clknet_0_clk (net)
                      0.057328    0.000155   25.183647 ^ clkbuf_2_3__f_clk/A (sky130_fd_sc_hd__clkbuf_16)
    11    0.025712    0.046918    0.135465   25.319113 ^ clkbuf_2_3__f_clk/X (sky130_fd_sc_hd__clkbuf_16)
                                                         clknet_2_3__leaf_clk (net)
                      0.046918    0.000025   25.319138 ^ _167_/CLK (sky130_fd_sc_hd__dfrtp_1)
                                 -0.250000   25.069139   clock uncertainty
                                  0.000000   25.069139   clock reconvergence pessimism
                                  0.233740   25.302879   library recovery time
                                             25.302879   data required time
---------------------------------------------------------------------------------------------
                                             25.302879   data required time
                                             -5.368784   data arrival time
---------------------------------------------------------------------------------------------
                                             19.934095   slack (MET)


Startpoint: reset (input port clocked by clk)
Endpoint: _151_ (recovery check against rising-edge clock clk)
Path Group: asynchronous
Path Type: max

Fanout         Cap        Slew       Delay        Time   Description
---------------------------------------------------------------------------------------------
                                  0.000000    0.000000   clock clk (rise edge)
                                  0.000000    0.000000   clock network delay (propagated)
                                  5.000000    5.000000 v input external delay
     1    0.002651    0.008287    0.004161    5.004161 v reset (in)
                                                         reset (net)
                      0.008287    0.000000    5.004161 v input2/A (sky130_fd_sc_hd__buf_1)
     3    0.010980    0.069851    0.108956    5.113116 v input2/X (sky130_fd_sc_hd__buf_1)
                                                         net2 (net)
                      0.069851    0.000041    5.113157 v fanout36/A (sky130_fd_sc_hd__buf_4)
    10    0.050419    0.077263    0.197133    5.310290 v fanout36/X (sky130_fd_sc_hd__buf_4)
                                                         net36 (net)
                      0.077263    0.000169    5.310459 v _115_/A (sky130_fd_sc_hd__inv_2)
     1    0.003944    0.033752    0.056414    5.366873 ^ _115_/Y (sky130_fd_sc_hd__inv_2)
                                                         _002_ (net)
                      0.033752    0.000008    5.366881 ^ _151_/RESET_B (sky130_fd_sc_hd__dfrtp_1)
                                              5.366881   data arrival time

                                 25.000000   25.000000   clock clk (rise edge)
                                  0.000000   25.000000   clock source latency
     1    0.011477    0.058009    0.038812   25.038811 ^ clk (in)
                                                         clk (net)
                      0.058010    0.000000   25.038811 ^ clkbuf_0_clk/A (sky130_fd_sc_hd__clkbuf_16)
     4    0.037194    0.057328    0.144682   25.183493 ^ clkbuf_0_clk/X (sky130_fd_sc_hd__clkbuf_16)
                                                         clknet_0_clk (net)
                      0.057328    0.000142   25.183636 ^ clkbuf_2_1__f_clk/A (sky130_fd_sc_hd__clkbuf_16)
    10    0.024363    0.045691    0.134165   25.317801 ^ clkbuf_2_1__f_clk/X (sky130_fd_sc_hd__clkbuf_16)
                                                         clknet_2_1__leaf_clk (net)
                      0.045691    0.000075   25.317875 ^ _151_/CLK (sky130_fd_sc_hd__dfrtp_1)
                                 -0.250000   25.067875   clock uncertainty
                                  0.000000   25.067875   clock reconvergence pessimism
                                  0.233456   25.301332   library recovery time
                                             25.301332   data required time
---------------------------------------------------------------------------------------------
                                             25.301332   data required time
                                             -5.366881   data arrival time
---------------------------------------------------------------------------------------------
                                             19.934450   slack (MET)


Startpoint: reset (input port clocked by clk)
Endpoint: _154_ (recovery check against rising-edge clock clk)
Path Group: asynchronous
Path Type: max

Fanout         Cap        Slew       Delay        Time   Description
---------------------------------------------------------------------------------------------
                                  0.000000    0.000000   clock clk (rise edge)
                                  0.000000    0.000000   clock network delay (propagated)
                                  5.000000    5.000000 v input external delay
     1    0.002651    0.008287    0.004161    5.004161 v reset (in)
                                                         reset (net)
                      0.008287    0.000000    5.004161 v input2/A (sky130_fd_sc_hd__buf_1)
     3    0.010980    0.069851    0.108956    5.113116 v input2/X (sky130_fd_sc_hd__buf_1)
                                                         net2 (net)
                      0.069851    0.000041    5.113157 v fanout36/A (sky130_fd_sc_hd__buf_4)
    10    0.050419    0.077263    0.197133    5.310290 v fanout36/X (sky130_fd_sc_hd__buf_4)
                                                         net36 (net)
                      0.077263    0.000019    5.310309 v _118_/A (sky130_fd_sc_hd__inv_2)
     1    0.003974    0.033857    0.056549    5.366858 ^ _118_/Y (sky130_fd_sc_hd__inv_2)
                                                         _005_ (net)
                      0.033857    0.000007    5.366865 ^ _154_/RESET_B (sky130_fd_sc_hd__dfrtp_1)
                                              5.366865   data arrival time

                                 25.000000   25.000000   clock clk (rise edge)
                                  0.000000   25.000000   clock source latency
     1    0.011477    0.058009    0.038812   25.038811 ^ clk (in)
                                                         clk (net)
                      0.058010    0.000000   25.038811 ^ clkbuf_0_clk/A (sky130_fd_sc_hd__clkbuf_16)
     4    0.037194    0.057328    0.144682   25.183493 ^ clkbuf_0_clk/X (sky130_fd_sc_hd__clkbuf_16)
                                                         clknet_0_clk (net)
                      0.057328    0.000142   25.183636 ^ clkbuf_2_1__f_clk/A (sky130_fd_sc_hd__clkbuf_16)
    10    0.024363    0.045691    0.134165   25.317801 ^ clkbuf_2_1__f_clk/X (sky130_fd_sc_hd__clkbuf_16)
                                                         clknet_2_1__leaf_clk (net)
                      0.045691    0.000075   25.317875 ^ _154_/CLK (sky130_fd_sc_hd__dfrtp_1)
                                 -0.250000   25.067875   clock uncertainty
                                  0.000000   25.067875   clock reconvergence pessimism
                                  0.233429   25.301306   library recovery time
                                             25.301306   data required time
---------------------------------------------------------------------------------------------
                                             25.301306   data required time
                                             -5.366865   data arrival time
---------------------------------------------------------------------------------------------
                                             19.934441   slack (MET)


Startpoint: reset (input port clocked by clk)
Endpoint: _168_ (recovery check against rising-edge clock clk)
Path Group: asynchronous
Path Type: max

Fanout         Cap        Slew       Delay        Time   Description
---------------------------------------------------------------------------------------------
                                  0.000000    0.000000   clock clk (rise edge)
                                  0.000000    0.000000   clock network delay (propagated)
                                  5.000000    5.000000 v input external delay
     1    0.002651    0.008287    0.004161    5.004161 v reset (in)
                                                         reset (net)
                      0.008287    0.000000    5.004161 v input2/A (sky130_fd_sc_hd__buf_1)
     3    0.010980    0.069851    0.108956    5.113116 v input2/X (sky130_fd_sc_hd__buf_1)
                                                         net2 (net)
                      0.069851    0.000041    5.113157 v fanout36/A (sky130_fd_sc_hd__buf_4)
    10    0.050419    0.077263    0.197133    5.310290 v fanout36/X (sky130_fd_sc_hd__buf_4)
                                                         net36 (net)
                      0.077263    0.000306    5.310596 v _132_/A (sky130_fd_sc_hd__inv_2)
     1    0.004153    0.034475    0.057347    5.367943 ^ _132_/Y (sky130_fd_sc_hd__inv_2)
                                                         _019_ (net)
                      0.034475    0.000009    5.367952 ^ _168_/RESET_B (sky130_fd_sc_hd__dfrtp_1)
                                              5.367952   data arrival time

                                 25.000000   25.000000   clock clk (rise edge)
                                  0.000000   25.000000   clock source latency
     1    0.011477    0.058009    0.038812   25.038811 ^ clk (in)
                                                         clk (net)
                      0.058010    0.000000   25.038811 ^ clkbuf_0_clk/A (sky130_fd_sc_hd__clkbuf_16)
     4    0.037194    0.057328    0.144682   25.183493 ^ clkbuf_0_clk/X (sky130_fd_sc_hd__clkbuf_16)
                                                         clknet_0_clk (net)
                      0.057328    0.000155   25.183647 ^ clkbuf_2_3__f_clk/A (sky130_fd_sc_hd__clkbuf_16)
    11    0.025712    0.046918    0.135465   25.319113 ^ clkbuf_2_3__f_clk/X (sky130_fd_sc_hd__clkbuf_16)
                                                         clknet_2_3__leaf_clk (net)
                      0.046918    0.000020   25.319132 ^ _168_/CLK (sky130_fd_sc_hd__dfrtp_1)
                                 -0.250000   25.069134   clock uncertainty
                                  0.000000   25.069134   clock reconvergence pessimism
                                  0.233644   25.302778   library recovery time
                                             25.302778   data required time
---------------------------------------------------------------------------------------------
                                             25.302778   data required time
                                             -5.367952   data arrival time
---------------------------------------------------------------------------------------------
                                             19.934826   slack (MET)


Startpoint: reset (input port clocked by clk)
Endpoint: _152_ (recovery check against rising-edge clock clk)
Path Group: asynchronous
Path Type: max

Fanout         Cap        Slew       Delay        Time   Description
---------------------------------------------------------------------------------------------
                                  0.000000    0.000000   clock clk (rise edge)
                                  0.000000    0.000000   clock network delay (propagated)
                                  5.000000    5.000000 v input external delay
     1    0.002651    0.008287    0.004161    5.004161 v reset (in)
                                                         reset (net)
                      0.008287    0.000000    5.004161 v input2/A (sky130_fd_sc_hd__buf_1)
     3    0.010980    0.069851    0.108956    5.113116 v input2/X (sky130_fd_sc_hd__buf_1)
                                                         net2 (net)
                      0.069851    0.000041    5.113157 v fanout36/A (sky130_fd_sc_hd__buf_4)
    10    0.050419    0.077263    0.197133    5.310290 v fanout36/X (sky130_fd_sc_hd__buf_4)
                                                         net36 (net)
                      0.077263    0.000131    5.310421 v _116_/A (sky130_fd_sc_hd__inv_2)
     1    0.003815    0.033310    0.055843    5.366265 ^ _116_/Y (sky130_fd_sc_hd__inv_2)
                                                         _003_ (net)
                      0.033310    0.000004    5.366270 ^ _152_/RESET_B (sky130_fd_sc_hd__dfrtp_1)
                                              5.366270   data arrival time

                                 25.000000   25.000000   clock clk (rise edge)
                                  0.000000   25.000000   clock source latency
     1    0.011477    0.058009    0.038812   25.038811 ^ clk (in)
                                                         clk (net)
                      0.058010    0.000000   25.038811 ^ clkbuf_0_clk/A (sky130_fd_sc_hd__clkbuf_16)
     4    0.037194    0.057328    0.144682   25.183493 ^ clkbuf_0_clk/X (sky130_fd_sc_hd__clkbuf_16)
                                                         clknet_0_clk (net)
                      0.057328    0.000142   25.183636 ^ clkbuf_2_1__f_clk/A (sky130_fd_sc_hd__clkbuf_16)
    10    0.024363    0.045691    0.134165   25.317801 ^ clkbuf_2_1__f_clk/X (sky130_fd_sc_hd__clkbuf_16)
                                                         clknet_2_1__leaf_clk (net)
                      0.045691    0.000069   25.317869 ^ _152_/CLK (sky130_fd_sc_hd__dfrtp_1)
                                 -0.250000   25.067871   clock uncertainty
                                  0.000000   25.067871   clock reconvergence pessimism
                                  0.233570   25.301439   library recovery time
                                             25.301439   data required time
---------------------------------------------------------------------------------------------
                                             25.301439   data required time
                                             -5.366270   data arrival time
---------------------------------------------------------------------------------------------
                                             19.935171   slack (MET)


Startpoint: _176_ (rising edge-triggered flip-flop clocked by clk)
Endpoint: _177_ (rising edge-triggered flip-flop clocked by clk)
Path Group: clk
Path Type: max

Fanout         Cap        Slew       Delay        Time   Description
---------------------------------------------------------------------------------------------
                                  0.000000    0.000000   clock clk (rise edge)
                                  0.000000    0.000000   clock source latency
     1    0.011477    0.058009    0.038812    0.038812 ^ clk (in)
                                                         clk (net)
                      0.058010    0.000000    0.038812 ^ clkbuf_0_clk/A (sky130_fd_sc_hd__clkbuf_16)
     4    0.037194    0.057328    0.144682    0.183494 ^ clkbuf_0_clk/X (sky130_fd_sc_hd__clkbuf_16)
                                                         clknet_0_clk (net)
                      0.057328    0.000157    0.183651 ^ clkbuf_2_0__f_clk/A (sky130_fd_sc_hd__clkbuf_16)
    10    0.024745    0.046038    0.134525    0.318176 ^ clkbuf_2_0__f_clk/X (sky130_fd_sc_hd__clkbuf_16)
                                                         clknet_2_0__leaf_clk (net)
                      0.046038    0.000018    0.318194 ^ _176_/CLK (sky130_fd_sc_hd__dfstp_2)
     9    0.031989    0.162542    0.611713    0.929907 ^ _176_/Q (sky130_fd_sc_hd__dfstp_2)
                                                         cursor[0] (net)
                      0.162542    0.000141    0.930048 ^ hold25/A (sky130_fd_sc_hd__dlygate4sd3_1)
     1    0.003052    0.055110    0.568318    1.498366 ^ hold25/X (sky130_fd_sc_hd__dlygate4sd3_1)
                                                         net66 (net)
                      0.055110    0.000016    1.498382 ^ _177_/D (sky130_fd_sc_hd__dfrtp_4)
                                              1.498382   data arrival time

                                 25.000000   25.000000   clock clk (rise edge)
                                  0.000000   25.000000   clock source latency
     1    0.011477    0.058009    0.038812   25.038811 ^ clk (in)
                                                         clk (net)
                      0.058010    0.000000   25.038811 ^ clkbuf_0_clk/A (sky130_fd_sc_hd__clkbuf_16)
     4    0.037194    0.057328    0.144682   25.183493 ^ clkbuf_0_clk/X (sky130_fd_sc_hd__clkbuf_16)
                                                         clknet_0_clk (net)
                      0.057328    0.000155   25.183647 ^ clkbuf_2_3__f_clk/A (sky130_fd_sc_hd__clkbuf_16)
    11    0.025712    0.046918    0.135465   25.319113 ^ clkbuf_2_3__f_clk/X (sky130_fd_sc_hd__clkbuf_16)
                                                         clknet_2_3__leaf_clk (net)
                      0.046918    0.000050   25.319162 ^ _177_/CLK (sky130_fd_sc_hd__dfrtp_4)
                                 -0.250000   25.069164   clock uncertainty
                                  0.000000   25.069164   clock reconvergence pessimism
                                 -0.065564   25.003599   library setup time
                                             25.003599   data required time
---------------------------------------------------------------------------------------------
                                             25.003599   data required time
                                             -1.498382   data arrival time
---------------------------------------------------------------------------------------------
                                             23.505219   slack (MET)


Startpoint: _178_ (rising edge-triggered flip-flop clocked by clk)
Endpoint: _179_ (rising edge-triggered flip-flop clocked by clk)
Path Group: clk
Path Type: max

Fanout         Cap        Slew       Delay        Time   Description
---------------------------------------------------------------------------------------------
                                  0.000000    0.000000   clock clk (rise edge)
                                  0.000000    0.000000   clock source latency
     1    0.011477    0.058009    0.038812    0.038812 ^ clk (in)
                                                         clk (net)
                      0.058010    0.000000    0.038812 ^ clkbuf_0_clk/A (sky130_fd_sc_hd__clkbuf_16)
     4    0.037194    0.057328    0.144682    0.183494 ^ clkbuf_0_clk/X (sky130_fd_sc_hd__clkbuf_16)
                                                         clknet_0_clk (net)
                      0.057328    0.000155    0.183649 ^ clkbuf_2_3__f_clk/A (sky130_fd_sc_hd__clkbuf_16)
    11    0.025712    0.046918    0.135465    0.319114 ^ clkbuf_2_3__f_clk/X (sky130_fd_sc_hd__clkbuf_16)
                                                         clknet_2_3__leaf_clk (net)
                      0.046918    0.000037    0.319151 ^ _178_/CLK (sky130_fd_sc_hd__dfrtp_4)
     9    0.028542    0.090221    0.514067    0.833218 v _178_/Q (sky130_fd_sc_hd__dfrtp_4)
                                                         cursor[2] (net)
                      0.090221    0.000067    0.833285 v hold31/A (sky130_fd_sc_hd__dlygate4sd3_1)
     1    0.003430    0.057068    0.573819    1.407104 v hold31/X (sky130_fd_sc_hd__dlygate4sd3_1)
                                                         net72 (net)
                      0.057068    0.000026    1.407130 v _179_/D (sky130_fd_sc_hd__dfrtp_4)
                                              1.407130   data arrival time

                                 25.000000   25.000000   clock clk (rise edge)
                                  0.000000   25.000000   clock source latency
     1    0.011477    0.058009    0.038812   25.038811 ^ clk (in)
                                                         clk (net)
                      0.058010    0.000000   25.038811 ^ clkbuf_0_clk/A (sky130_fd_sc_hd__clkbuf_16)
     4    0.037194    0.057328    0.144682   25.183493 ^ clkbuf_0_clk/X (sky130_fd_sc_hd__clkbuf_16)
                                                         clknet_0_clk (net)
                      0.057328    0.000142   25.183636 ^ clkbuf_2_1__f_clk/A (sky130_fd_sc_hd__clkbuf_16)
    10    0.024363    0.045691    0.134165   25.317801 ^ clkbuf_2_1__f_clk/X (sky130_fd_sc_hd__clkbuf_16)
                                                         clknet_2_1__leaf_clk (net)
                      0.045691    0.000082   25.317883 ^ _179_/CLK (sky130_fd_sc_hd__dfrtp_4)
                                 -0.250000   25.067883   clock uncertainty
                                  0.000000   25.067883   clock reconvergence pessimism
                                 -0.119381   24.948503   library setup time
                                             24.948503   data required time
---------------------------------------------------------------------------------------------
                                             24.948503   data required time
                                             -1.407130   data arrival time
---------------------------------------------------------------------------------------------
                                             23.541372   slack (MET)


Startpoint: _177_ (rising edge-triggered flip-flop clocked by clk)
Endpoint: _178_ (rising edge-triggered flip-flop clocked by clk)
Path Group: clk
Path Type: max

Fanout         Cap        Slew       Delay        Time   Description
---------------------------------------------------------------------------------------------
                                  0.000000    0.000000   clock clk (rise edge)
                                  0.000000    0.000000   clock source latency
     1    0.011477    0.058009    0.038812    0.038812 ^ clk (in)
                                                         clk (net)
                      0.058010    0.000000    0.038812 ^ clkbuf_0_clk/A (sky130_fd_sc_hd__clkbuf_16)
     4    0.037194    0.057328    0.144682    0.183494 ^ clkbuf_0_clk/X (sky130_fd_sc_hd__clkbuf_16)
                                                         clknet_0_clk (net)
                      0.057328    0.000155    0.183649 ^ clkbuf_2_3__f_clk/A (sky130_fd_sc_hd__clkbuf_16)
    11    0.025712    0.046918    0.135465    0.319114 ^ clkbuf_2_3__f_clk/X (sky130_fd_sc_hd__clkbuf_16)
                                                         clknet_2_3__leaf_clk (net)
                      0.046918    0.000050    0.319164 ^ _177_/CLK (sky130_fd_sc_hd__dfrtp_4)
     9    0.028053    0.089610    0.513220    0.832384 v _177_/Q (sky130_fd_sc_hd__dfrtp_4)
                                                         cursor[1] (net)
                      0.089610    0.000013    0.832397 v hold28/A (sky130_fd_sc_hd__dlygate4sd3_1)
     1    0.002885    0.053535    0.568717    1.401114 v hold28/X (sky130_fd_sc_hd__dlygate4sd3_1)
                                                         net69 (net)
                      0.053535    0.000013    1.401128 v _178_/D (sky130_fd_sc_hd__dfrtp_4)
                                              1.401128   data arrival time

                                 25.000000   25.000000   clock clk (rise edge)
                                  0.000000   25.000000   clock source latency
     1    0.011477    0.058009    0.038812   25.038811 ^ clk (in)
                                                         clk (net)
                      0.058010    0.000000   25.038811 ^ clkbuf_0_clk/A (sky130_fd_sc_hd__clkbuf_16)
     4    0.037194    0.057328    0.144682   25.183493 ^ clkbuf_0_clk/X (sky130_fd_sc_hd__clkbuf_16)
                                                         clknet_0_clk (net)
                      0.057328    0.000155   25.183647 ^ clkbuf_2_3__f_clk/A (sky130_fd_sc_hd__clkbuf_16)
    11    0.025712    0.046918    0.135465   25.319113 ^ clkbuf_2_3__f_clk/X (sky130_fd_sc_hd__clkbuf_16)
                                                         clknet_2_3__leaf_clk (net)
                      0.046918    0.000037   25.319151 ^ _178_/CLK (sky130_fd_sc_hd__dfrtp_4)
                                 -0.250000   25.069151   clock uncertainty
                                  0.000000   25.069151   clock reconvergence pessimism
                                 -0.117558   24.951593   library setup time
                                             24.951593   data required time
---------------------------------------------------------------------------------------------
                                             24.951593   data required time
                                             -1.401128   data arrival time
---------------------------------------------------------------------------------------------
                                             23.550465   slack (MET)


Startpoint: _180_ (rising edge-triggered flip-flop clocked by clk)
Endpoint: _181_ (rising edge-triggered flip-flop clocked by clk)
Path Group: clk
Path Type: max

Fanout         Cap        Slew       Delay        Time   Description
---------------------------------------------------------------------------------------------
                                  0.000000    0.000000   clock clk (rise edge)
                                  0.000000    0.000000   clock source latency
     1    0.011477    0.058009    0.038812    0.038812 ^ clk (in)
                                                         clk (net)
                      0.058010    0.000000    0.038812 ^ clkbuf_0_clk/A (sky130_fd_sc_hd__clkbuf_16)
     4    0.037194    0.057328    0.144682    0.183494 ^ clkbuf_0_clk/X (sky130_fd_sc_hd__clkbuf_16)
                                                         clknet_0_clk (net)
                      0.057328    0.000157    0.183651 ^ clkbuf_2_0__f_clk/A (sky130_fd_sc_hd__clkbuf_16)
    10    0.024745    0.046038    0.134525    0.318176 ^ clkbuf_2_0__f_clk/X (sky130_fd_sc_hd__clkbuf_16)
                                                         clknet_2_0__leaf_clk (net)
                      0.046038    0.000050    0.318226 ^ _180_/CLK (sky130_fd_sc_hd__dfrtp_4)
     9    0.028856    0.090616    0.514301    0.832527 v _180_/Q (sky130_fd_sc_hd__dfrtp_4)
                                                         cursor[4] (net)
                      0.090616    0.000029    0.832557 v hold29/A (sky130_fd_sc_hd__dlygate4sd3_1)
     1    0.002472    0.052896    0.565425    1.397982 v hold29/X (sky130_fd_sc_hd__dlygate4sd3_1)
                                                         net70 (net)
                      0.052896    0.000006    1.397987 v _181_/D (sky130_fd_sc_hd__dfrtp_4)
                                              1.397987   data arrival time

                                 25.000000   25.000000   clock clk (rise edge)
                                  0.000000   25.000000   clock source latency
     1    0.011477    0.058009    0.038812   25.038811 ^ clk (in)
                                                         clk (net)
                      0.058010    0.000000   25.038811 ^ clkbuf_0_clk/A (sky130_fd_sc_hd__clkbuf_16)
     4    0.037194    0.057328    0.144682   25.183493 ^ clkbuf_0_clk/X (sky130_fd_sc_hd__clkbuf_16)
                                                         clknet_0_clk (net)
                      0.057328    0.000156   25.183649 ^ clkbuf_2_0__f_clk/A (sky130_fd_sc_hd__clkbuf_16)
    10    0.024745    0.046038    0.134525   25.318174 ^ clkbuf_2_0__f_clk/X (sky130_fd_sc_hd__clkbuf_16)
                                                         clknet_2_0__leaf_clk (net)
                      0.046038    0.000075   25.318249 ^ _181_/CLK (sky130_fd_sc_hd__dfrtp_4)
                                 -0.250000   25.068251   clock uncertainty
                                  0.000000   25.068251   clock reconvergence pessimism
                                 -0.117481   24.950769   library setup time
                                             24.950769   data required time
---------------------------------------------------------------------------------------------
                                             24.950769   data required time
                                             -1.397987   data arrival time
---------------------------------------------------------------------------------------------
                                             23.552782   slack (MET)


Startpoint: _179_ (rising edge-triggered flip-flop clocked by clk)
Endpoint: _180_ (rising edge-triggered flip-flop clocked by clk)
Path Group: clk
Path Type: max

Fanout         Cap        Slew       Delay        Time   Description
---------------------------------------------------------------------------------------------
                                  0.000000    0.000000   clock clk (rise edge)
                                  0.000000    0.000000   clock source latency
     1    0.011477    0.058009    0.038812    0.038812 ^ clk (in)
                                                         clk (net)
                      0.058010    0.000000    0.038812 ^ clkbuf_0_clk/A (sky130_fd_sc_hd__clkbuf_16)
     4    0.037194    0.057328    0.144682    0.183494 ^ clkbuf_0_clk/X (sky130_fd_sc_hd__clkbuf_16)
                                                         clknet_0_clk (net)
                      0.057328    0.000142    0.183637 ^ clkbuf_2_1__f_clk/A (sky130_fd_sc_hd__clkbuf_16)
    10    0.024363    0.045691    0.134164    0.317800 ^ clkbuf_2_1__f_clk/X (sky130_fd_sc_hd__clkbuf_16)
                                                         clknet_2_1__leaf_clk (net)
                      0.045691    0.000081    0.317882 ^ _179_/CLK (sky130_fd_sc_hd__dfrtp_4)
     9    0.028317    0.089939    0.513246    0.831128 v _179_/Q (sky130_fd_sc_hd__dfrtp_4)
                                                         cursor[3] (net)
                      0.089939    0.000054    0.831182 v hold27/A (sky130_fd_sc_hd__dlygate4sd3_1)
     1    0.002195    0.051259    0.562600    1.393782 v hold27/X (sky130_fd_sc_hd__dlygate4sd3_1)
                                                         net68 (net)
                      0.051259    0.000003    1.393785 v _180_/D (sky130_fd_sc_hd__dfrtp_4)
                                              1.393785   data arrival time

                                 25.000000   25.000000   clock clk (rise edge)
                                  0.000000   25.000000   clock source latency
     1    0.011477    0.058009    0.038812   25.038811 ^ clk (in)
                                                         clk (net)
                      0.058010    0.000000   25.038811 ^ clkbuf_0_clk/A (sky130_fd_sc_hd__clkbuf_16)
     4    0.037194    0.057328    0.144682   25.183493 ^ clkbuf_0_clk/X (sky130_fd_sc_hd__clkbuf_16)
                                                         clknet_0_clk (net)
                      0.057328    0.000156   25.183649 ^ clkbuf_2_0__f_clk/A (sky130_fd_sc_hd__clkbuf_16)
    10    0.024745    0.046038    0.134525   25.318174 ^ clkbuf_2_0__f_clk/X (sky130_fd_sc_hd__clkbuf_16)
                                                         clknet_2_0__leaf_clk (net)
                      0.046038    0.000050   25.318224 ^ _180_/CLK (sky130_fd_sc_hd__dfrtp_4)
                                 -0.250000   25.068226   clock uncertainty
                                  0.000000   25.068226   clock reconvergence pessimism
                                 -0.116767   24.951458   library setup time
                                             24.951458   data required time
---------------------------------------------------------------------------------------------
                                             24.951458   data required time
                                             -1.393785   data arrival time
---------------------------------------------------------------------------------------------
                                             23.557674   slack (MET)


Startpoint: _181_ (rising edge-triggered flip-flop clocked by clk)
Endpoint: _176_ (rising edge-triggered flip-flop clocked by clk)
Path Group: clk
Path Type: max

Fanout         Cap        Slew       Delay        Time   Description
---------------------------------------------------------------------------------------------
                                  0.000000    0.000000   clock clk (rise edge)
                                  0.000000    0.000000   clock source latency
     1    0.011477    0.058009    0.038812    0.038812 ^ clk (in)
                                                         clk (net)
                      0.058010    0.000000    0.038812 ^ clkbuf_0_clk/A (sky130_fd_sc_hd__clkbuf_16)
     4    0.037194    0.057328    0.144682    0.183494 ^ clkbuf_0_clk/X (sky130_fd_sc_hd__clkbuf_16)
                                                         clknet_0_clk (net)
                      0.057328    0.000157    0.183651 ^ clkbuf_2_0__f_clk/A (sky130_fd_sc_hd__clkbuf_16)
    10    0.024745    0.046038    0.134525    0.318176 ^ clkbuf_2_0__f_clk/X (sky130_fd_sc_hd__clkbuf_16)
                                                         clknet_2_0__leaf_clk (net)
                      0.046038    0.000074    0.318250 ^ _181_/CLK (sky130_fd_sc_hd__dfrtp_4)
     9    0.028729    0.090463    0.514067    0.832318 v _181_/Q (sky130_fd_sc_hd__dfrtp_4)
                                                         cursor[5] (net)
                      0.090463    0.000099    0.832416 v hold30/A (sky130_fd_sc_hd__dlygate4sd3_1)
     1    0.003065    0.056395    0.570740    1.403157 v hold30/X (sky130_fd_sc_hd__dlygate4sd3_1)
                                                         net71 (net)
                      0.056395    0.000012    1.403169 v _176_/D (sky130_fd_sc_hd__dfstp_2)
                                              1.403169   data arrival time

                                 25.000000   25.000000   clock clk (rise edge)
                                  0.000000   25.000000   clock source latency
     1    0.011477    0.058009    0.038812   25.038811 ^ clk (in)
                                                         clk (net)
                      0.058010    0.000000   25.038811 ^ clkbuf_0_clk/A (sky130_fd_sc_hd__clkbuf_16)
     4    0.037194    0.057328    0.144682   25.183493 ^ clkbuf_0_clk/X (sky130_fd_sc_hd__clkbuf_16)
                                                         clknet_0_clk (net)
                      0.057328    0.000156   25.183649 ^ clkbuf_2_0__f_clk/A (sky130_fd_sc_hd__clkbuf_16)
    10    0.024745    0.046038    0.134525   25.318174 ^ clkbuf_2_0__f_clk/X (sky130_fd_sc_hd__clkbuf_16)
                                                         clknet_2_0__leaf_clk (net)
                      0.046038    0.000018   25.318193 ^ _176_/CLK (sky130_fd_sc_hd__dfstp_2)
                                 -0.250000   25.068193   clock uncertainty
                                  0.000000   25.068193   clock reconvergence pessimism
                                 -0.075321   24.992872   library setup time
                                             24.992872   data required time
---------------------------------------------------------------------------------------------
                                             24.992872   data required time
                                             -1.403169   data arrival time
---------------------------------------------------------------------------------------------
                                             23.589703   slack (MET)



