
===========================================================================
report_checks -path_delay min (Hold)
============================================================================
======================= nom_tt_025C_1v80 Corner ===================================

Startpoint: _176_ (rising edge-triggered flip-flop clocked by clk)
Endpoint: _177_ (rising edge-triggered flip-flop clocked by clk)
Path Group: clk
Path Type: min

Fanout         Cap        Slew       Delay        Time   Description
---------------------------------------------------------------------------------------------
                                  0.000000    0.000000   clock clk (rise edge)
                                  0.000000    0.000000   clock source latency
    36    0.088116    0.398928    0.275747    0.275747 ^ clk (in)
                                                         clk (net)
                      0.398931    0.000000    0.275747 ^ _176_/CLK (sky130_fd_sc_hd__dfstp_2)
     9    0.028641    0.073974    0.504686    0.780433 v _176_/Q (sky130_fd_sc_hd__dfstp_2)
                                                         cursor[0] (net)
                      0.073974    0.000181    0.780614 v _177_/D (sky130_fd_sc_hd__dfrtp_2)
                                              0.780614   data arrival time

                                  0.000000    0.000000   clock clk (rise edge)
                                  0.000000    0.000000   clock source latency
    36    0.088116    0.398928    0.275128    0.275128 ^ clk (in)
                                                         clk (net)
                      0.398928    0.000000    0.275128 ^ _177_/CLK (sky130_fd_sc_hd__dfrtp_2)
                                  0.250000    0.525128   clock uncertainty
                                  0.000000    0.525128   clock reconvergence pessimism
                                  0.026877    0.552005   library hold time
                                              0.552005   data required time
---------------------------------------------------------------------------------------------
                                              0.552005   data required time
                                             -0.780614   data arrival time
---------------------------------------------------------------------------------------------
                                              0.228609   slack (MET)


Startpoint: _181_ (rising edge-triggered flip-flop clocked by clk)
Endpoint: _176_ (rising edge-triggered flip-flop clocked by clk)
Path Group: clk
Path Type: min

Fanout         Cap        Slew       Delay        Time   Description
---------------------------------------------------------------------------------------------
                                  0.000000    0.000000   clock clk (rise edge)
                                  0.000000    0.000000   clock source latency
    36    0.088116    0.398928    0.275860    0.275860 ^ clk (in)
                                                         clk (net)
                      0.398932    0.000000    0.275860 ^ _181_/CLK (sky130_fd_sc_hd__dfrtp_2)
     9    0.027512    0.096588    0.551300    0.827160 v _181_/Q (sky130_fd_sc_hd__dfrtp_2)
                                                         cursor[5] (net)
                      0.096588    0.000133    0.827293 v _176_/D (sky130_fd_sc_hd__dfstp_2)
                                              0.827293   data arrival time

                                  0.000000    0.000000   clock clk (rise edge)
                                  0.000000    0.000000   clock source latency
    36    0.088116    0.398928    0.275747    0.275747 ^ clk (in)
                                                         clk (net)
                      0.398931    0.000000    0.275747 ^ _176_/CLK (sky130_fd_sc_hd__dfstp_2)
                                  0.250000    0.525747   clock uncertainty
                                  0.000000    0.525747   clock reconvergence pessimism
                                  0.054577    0.580324   library hold time
                                              0.580324   data required time
---------------------------------------------------------------------------------------------
                                              0.580324   data required time
                                             -0.827293   data arrival time
---------------------------------------------------------------------------------------------
                                              0.246969   slack (MET)


Startpoint: _170_ (rising edge-triggered flip-flop clocked by clk)
Endpoint: _170_ (rising edge-triggered flip-flop clocked by clk)
Path Group: clk
Path Type: min

Fanout         Cap        Slew       Delay        Time   Description
---------------------------------------------------------------------------------------------
                                  0.000000    0.000000   clock clk (rise edge)
                                  0.000000    0.000000   clock source latency
    36    0.088116    0.398928    0.275523    0.275523 ^ clk (in)
                                                         clk (net)
                      0.398930    0.000000    0.275523 ^ _170_/CLK (sky130_fd_sc_hd__dfrtp_2)
     2    0.005509    0.051582    0.445260    0.720784 ^ _170_/Q (sky130_fd_sc_hd__dfrtp_2)
                                                         mem3[3] (net)
                      0.051582    0.000007    0.720791 ^ _109_/B1 (sky130_fd_sc_hd__a21o_2)
     1    0.002241    0.024286    0.079072    0.799863 ^ _109_/X (sky130_fd_sc_hd__a21o_2)
                                                         nxt3[3] (net)
                      0.024286    0.000003    0.799866 ^ _170_/D (sky130_fd_sc_hd__dfrtp_2)
                                              0.799866   data arrival time

                                  0.000000    0.000000   clock clk (rise edge)
                                  0.000000    0.000000   clock source latency
    36    0.088116    0.398928    0.275523    0.275523 ^ clk (in)
                                                         clk (net)
                      0.398930    0.000000    0.275523 ^ _170_/CLK (sky130_fd_sc_hd__dfrtp_2)
                                  0.250000    0.525523   clock uncertainty
                                  0.000000    0.525523   clock reconvergence pessimism
                                  0.017789    0.543313   library hold time
                                              0.543313   data required time
---------------------------------------------------------------------------------------------
                                              0.543313   data required time
                                             -0.799866   data arrival time
---------------------------------------------------------------------------------------------
                                              0.256553   slack (MET)


Startpoint: _168_ (rising edge-triggered flip-flop clocked by clk)
Endpoint: _168_ (rising edge-triggered flip-flop clocked by clk)
Path Group: clk
Path Type: min

Fanout         Cap        Slew       Delay        Time   Description
---------------------------------------------------------------------------------------------
                                  0.000000    0.000000   clock clk (rise edge)
                                  0.000000    0.000000   clock source latency
    36    0.088116    0.398928    0.275145    0.275145 ^ clk (in)
                                                         clk (net)
                      0.398928    0.000000    0.275145 ^ _168_/CLK (sky130_fd_sc_hd__dfrtp_2)
     2    0.005561    0.051804    0.445484    0.720629 ^ _168_/Q (sky130_fd_sc_hd__dfrtp_2)
                                                         mem3[1] (net)
                      0.051804    0.000008    0.720637 ^ _105_/B1 (sky130_fd_sc_hd__a21o_2)
     1    0.002184    0.024032    0.078916    0.799553 ^ _105_/X (sky130_fd_sc_hd__a21o_2)
                                                         nxt3[1] (net)
                      0.024032    0.000002    0.799555 ^ _168_/D (sky130_fd_sc_hd__dfrtp_2)
                                              0.799555   data arrival time

                                  0.000000    0.000000   clock clk (rise edge)
                                  0.000000    0.000000   clock source latency
    36    0.088116    0.398928    0.275145    0.275145 ^ clk (in)
                                                         clk (net)
                      0.398928    0.000000    0.275145 ^ _168_/CLK (sky130_fd_sc_hd__dfrtp_2)
                                  0.250000    0.525145   clock uncertainty
                                  0.000000    0.525145   clock reconvergence pessimism
                                  0.017839    0.542984   library hold time
                                              0.542984   data required time
---------------------------------------------------------------------------------------------
                                              0.542984   data required time
                                             -0.799555   data arrival time
---------------------------------------------------------------------------------------------
                                              0.256571   slack (MET)


Startpoint: _167_ (rising edge-triggered flip-flop clocked by clk)
Endpoint: _167_ (rising edge-triggered flip-flop clocked by clk)
Path Group: clk
Path Type: min

Fanout         Cap        Slew       Delay        Time   Description
---------------------------------------------------------------------------------------------
                                  0.000000    0.000000   clock clk (rise edge)
                                  0.000000    0.000000   clock source latency
    36    0.088116    0.398928    0.275141    0.275141 ^ clk (in)
                                                         clk (net)
                      0.398928    0.000000    0.275141 ^ _167_/CLK (sky130_fd_sc_hd__dfrtp_2)
     2    0.005460    0.051375    0.445050    0.720191 ^ _167_/Q (sky130_fd_sc_hd__dfrtp_2)
                                                         mem3[0] (net)
                      0.051375    0.000007    0.720198 ^ _103_/B1 (sky130_fd_sc_hd__a21o_2)
     1    0.002302    0.024557    0.079251    0.799449 ^ _103_/X (sky130_fd_sc_hd__a21o_2)
                                                         nxt3[0] (net)
                      0.024557    0.000003    0.799452 ^ _167_/D (sky130_fd_sc_hd__dfrtp_2)
                                              0.799452   data arrival time

                                  0.000000    0.000000   clock clk (rise edge)
                                  0.000000    0.000000   clock source latency
    36    0.088116    0.398928    0.275141    0.275141 ^ clk (in)
                                                         clk (net)
                      0.398928    0.000000    0.275141 ^ _167_/CLK (sky130_fd_sc_hd__dfrtp_2)
                                  0.250000    0.525141   clock uncertainty
                                  0.000000    0.525141   clock reconvergence pessimism
                                  0.017735    0.542876   library hold time
                                              0.542876   data required time
---------------------------------------------------------------------------------------------
                                              0.542876   data required time
                                             -0.799452   data arrival time
---------------------------------------------------------------------------------------------
                                              0.256576   slack (MET)


Startpoint: _169_ (rising edge-triggered flip-flop clocked by clk)
Endpoint: _169_ (rising edge-triggered flip-flop clocked by clk)
Path Group: clk
Path Type: min

Fanout         Cap        Slew       Delay        Time   Description
---------------------------------------------------------------------------------------------
                                  0.000000    0.000000   clock clk (rise edge)
                                  0.000000    0.000000   clock source latency
    36    0.088116    0.398928    0.275129    0.275129 ^ clk (in)
                                                         clk (net)
                      0.398928    0.000000    0.275129 ^ _169_/CLK (sky130_fd_sc_hd__dfrtp_2)
     2    0.005392    0.051085    0.444757    0.719885 ^ _169_/Q (sky130_fd_sc_hd__dfrtp_2)
                                                         mem3[2] (net)
                      0.051085    0.000007    0.719893 ^ _107_/B1 (sky130_fd_sc_hd__a21o_2)
     1    0.002404    0.025012    0.079571    0.799463 ^ _107_/X (sky130_fd_sc_hd__a21o_2)
                                                         nxt3[2] (net)
                      0.025012    0.000004    0.799468 ^ _169_/D (sky130_fd_sc_hd__dfrtp_2)
                                              0.799468   data arrival time

                                  0.000000    0.000000   clock clk (rise edge)
                                  0.000000    0.000000   clock source latency
    36    0.088116    0.398928    0.275129    0.275129 ^ clk (in)
                                                         clk (net)
                      0.398928    0.000000    0.275129 ^ _169_/CLK (sky130_fd_sc_hd__dfrtp_2)
                                  0.250000    0.525129   clock uncertainty
                                  0.000000    0.525129   clock reconvergence pessimism
                                  0.017645    0.542774   library hold time
                                              0.542774   data required time
---------------------------------------------------------------------------------------------
                                              0.542774   data required time
                                             -0.799468   data arrival time
---------------------------------------------------------------------------------------------
                                              0.256694   slack (MET)


Startpoint: _171_ (rising edge-triggered flip-flop clocked by clk)
Endpoint: _171_ (rising edge-triggered flip-flop clocked by clk)
Path Group: clk
Path Type: min

Fanout         Cap        Slew       Delay        Time   Description
---------------------------------------------------------------------------------------------
                                  0.000000    0.000000   clock clk (rise edge)
                                  0.000000    0.000000   clock source latency
    36    0.088116    0.398928    0.275537    0.275537 ^ clk (in)
                                                         clk (net)
                      0.398930    0.000000    0.275537 ^ _171_/CLK (sky130_fd_sc_hd__dfrtp_2)
     2    0.005717    0.052469    0.446158    0.721695 ^ _171_/Q (sky130_fd_sc_hd__dfrtp_2)
                                                         mem3[4] (net)
                      0.052469    0.000011    0.721706 ^ _111_/B1 (sky130_fd_sc_hd__a21o_2)
     1    0.002063    0.023496    0.078656    0.800362 ^ _111_/X (sky130_fd_sc_hd__a21o_2)
                                                         nxt3[4] (net)
                      0.023496    0.000000    0.800362 ^ _171_/D (sky130_fd_sc_hd__dfrtp_2)
                                              0.800362   data arrival time

                                  0.000000    0.000000   clock clk (rise edge)
                                  0.000000    0.000000   clock source latency
    36    0.088116    0.398928    0.275537    0.275537 ^ clk (in)
                                                         clk (net)
                      0.398930    0.000000    0.275537 ^ _171_/CLK (sky130_fd_sc_hd__dfrtp_2)
                                  0.250000    0.525537   clock uncertainty
                                  0.000000    0.525537   clock reconvergence pessimism
                                  0.017946    0.543483   library hold time
                                              0.543483   data required time
---------------------------------------------------------------------------------------------
                                              0.543483   data required time
                                             -0.800362   data arrival time
---------------------------------------------------------------------------------------------
                                              0.256880   slack (MET)


Startpoint: _172_ (rising edge-triggered flip-flop clocked by clk)
Endpoint: _172_ (rising edge-triggered flip-flop clocked by clk)
Path Group: clk
Path Type: min

Fanout         Cap        Slew       Delay        Time   Description
---------------------------------------------------------------------------------------------
                                  0.000000    0.000000   clock clk (rise edge)
                                  0.000000    0.000000   clock source latency
    36    0.088116    0.398928    0.275533    0.275533 ^ clk (in)
                                                         clk (net)
                      0.398930    0.000000    0.275533 ^ _172_/CLK (sky130_fd_sc_hd__dfrtp_2)
     2    0.005691    0.052357    0.446045    0.721578 ^ _172_/Q (sky130_fd_sc_hd__dfrtp_2)
                                                         mem3[5] (net)
                      0.052357    0.000011    0.721590 ^ _113_/B1 (sky130_fd_sc_hd__a21o_2)
     1    0.002105    0.023679    0.078786    0.800375 ^ _113_/X (sky130_fd_sc_hd__a21o_2)
                                                         nxt3[5] (net)
                      0.023679    0.000001    0.800377 ^ _172_/D (sky130_fd_sc_hd__dfrtp_2)
                                              0.800377   data arrival time

                                  0.000000    0.000000   clock clk (rise edge)
                                  0.000000    0.000000   clock source latency
    36    0.088116    0.398928    0.275533    0.275533 ^ clk (in)
                                                         clk (net)
                      0.398930    0.000000    0.275533 ^ _172_/CLK (sky130_fd_sc_hd__dfrtp_2)
                                  0.250000    0.525533   clock uncertainty
                                  0.000000    0.525533   clock reconvergence pessimism
                                  0.017910    0.543443   library hold time
                                              0.543443   data required time
---------------------------------------------------------------------------------------------
                                              0.543443   data required time
                                             -0.800377   data arrival time
---------------------------------------------------------------------------------------------
                                              0.256934   slack (MET)


Startpoint: _162_ (rising edge-triggered flip-flop clocked by clk)
Endpoint: _162_ (rising edge-triggered flip-flop clocked by clk)
Path Group: clk
Path Type: min

Fanout         Cap        Slew       Delay        Time   Description
---------------------------------------------------------------------------------------------
                                  0.000000    0.000000   clock clk (rise edge)
                                  0.000000    0.000000   clock source latency
    36    0.088116    0.398928    0.275674    0.275674 ^ clk (in)
                                                         clk (net)
                      0.398931    0.000000    0.275674 ^ _162_/CLK (sky130_fd_sc_hd__dfrtp_2)
     2    0.005556    0.051783    0.445464    0.721138 ^ _162_/Q (sky130_fd_sc_hd__dfrtp_2)
                                                         mem2[1] (net)
                      0.051783    0.000009    0.721146 ^ _090_/B1 (sky130_fd_sc_hd__a21o_2)
     2    0.003777    0.031133    0.085538    0.806685 ^ _090_/X (sky130_fd_sc_hd__a21o_2)
                                                         nxt2[1] (net)
                      0.031133    0.000003    0.806688 ^ _162_/D (sky130_fd_sc_hd__dfrtp_2)
                                              0.806688   data arrival time

                                  0.000000    0.000000   clock clk (rise edge)
                                  0.000000    0.000000   clock source latency
    36    0.088116    0.398928    0.275674    0.275674 ^ clk (in)
                                                         clk (net)
                      0.398931    0.000000    0.275674 ^ _162_/CLK (sky130_fd_sc_hd__dfrtp_2)
                                  0.250000    0.525674   clock uncertainty
                                  0.000000    0.525674   clock reconvergence pessimism
                                  0.016433    0.542107   library hold time
                                              0.542107   data required time
---------------------------------------------------------------------------------------------
                                              0.542107   data required time
                                             -0.806688   data arrival time
---------------------------------------------------------------------------------------------
                                              0.264581   slack (MET)


Startpoint: _157_ (rising edge-triggered flip-flop clocked by clk)
Endpoint: _157_ (rising edge-triggered flip-flop clocked by clk)
Path Group: clk
Path Type: min

Fanout         Cap        Slew       Delay        Time   Description
---------------------------------------------------------------------------------------------
                                  0.000000    0.000000   clock clk (rise edge)
                                  0.000000    0.000000   clock source latency
    36    0.088116    0.398928    0.275071    0.275071 ^ clk (in)
                                                         clk (net)
                      0.398928    0.000000    0.275071 ^ _157_/CLK (sky130_fd_sc_hd__dfrtp_2)
     2    0.005165    0.050120    0.443779    0.718851 ^ _157_/Q (sky130_fd_sc_hd__dfrtp_2)
                                                         mem1[2] (net)
                      0.050120    0.000001    0.718852 ^ _077_/B1 (sky130_fd_sc_hd__a21o_2)
     2    0.004342    0.033659    0.087238    0.806090 ^ _077_/X (sky130_fd_sc_hd__a21o_2)
                                                         nxt1[2] (net)
                      0.033659    0.000006    0.806095 ^ _157_/D (sky130_fd_sc_hd__dfrtp_2)
                                              0.806095   data arrival time

                                  0.000000    0.000000   clock clk (rise edge)
                                  0.000000    0.000000   clock source latency
    36    0.088116    0.398928    0.275071    0.275071 ^ clk (in)
                                                         clk (net)
                      0.398928    0.000000    0.275071 ^ _157_/CLK (sky130_fd_sc_hd__dfrtp_2)
                                  0.250000    0.525071   clock uncertainty
                                  0.000000    0.525071   clock reconvergence pessimism
                                  0.015932    0.541003   library hold time
                                              0.541003   data required time
---------------------------------------------------------------------------------------------
                                              0.541003   data required time
                                             -0.806095   data arrival time
---------------------------------------------------------------------------------------------
                                              0.265092   slack (MET)


Startpoint: _159_ (rising edge-triggered flip-flop clocked by clk)
Endpoint: _159_ (rising edge-triggered flip-flop clocked by clk)
Path Group: clk
Path Type: min

Fanout         Cap        Slew       Delay        Time   Description
---------------------------------------------------------------------------------------------
                                  0.000000    0.000000   clock clk (rise edge)
                                  0.000000    0.000000   clock source latency
    36    0.088116    0.398928    0.275338    0.275338 ^ clk (in)
                                                         clk (net)
                      0.398929    0.000000    0.275338 ^ _159_/CLK (sky130_fd_sc_hd__dfrtp_2)
     2    0.005223    0.050366    0.444029    0.719367 ^ _159_/Q (sky130_fd_sc_hd__dfrtp_2)
                                                         mem1[4] (net)
                      0.050366    0.000002    0.719368 ^ _081_/B1 (sky130_fd_sc_hd__a21o_2)
     2    0.004309    0.033505    0.087207    0.806576 ^ _081_/X (sky130_fd_sc_hd__a21o_2)
                                                         nxt1[4] (net)
                      0.033505    0.000006    0.806582 ^ _159_/D (sky130_fd_sc_hd__dfrtp_2)
                                              0.806582   data arrival time

                                  0.000000    0.000000   clock clk (rise edge)
                                  0.000000    0.000000   clock source latency
    36    0.088116    0.398928    0.275338    0.275338 ^ clk (in)
                                                         clk (net)
                      0.398929    0.000000    0.275338 ^ _159_/CLK (sky130_fd_sc_hd__dfrtp_2)
                                  0.250000    0.525338   clock uncertainty
                                  0.000000    0.525338   clock reconvergence pessimism
                                  0.015963    0.541301   library hold time
                                              0.541301   data required time
---------------------------------------------------------------------------------------------
                                              0.541301   data required time
                                             -0.806582   data arrival time
---------------------------------------------------------------------------------------------
                                              0.265281   slack (MET)


Startpoint: _149_ (rising edge-triggered flip-flop clocked by clk)
Endpoint: _149_ (rising edge-triggered flip-flop clocked by clk)
Path Group: clk
Path Type: min

Fanout         Cap        Slew       Delay        Time   Description
---------------------------------------------------------------------------------------------
                                  0.000000    0.000000   clock clk (rise edge)
                                  0.000000    0.000000   clock source latency
    36    0.088116    0.398928    0.275819    0.275819 ^ clk (in)
                                                         clk (net)
                      0.398932    0.000000    0.275819 ^ _149_/CLK (sky130_fd_sc_hd__dfrtp_2)
     2    0.005678    0.052301    0.445988    0.721808 ^ _149_/Q (sky130_fd_sc_hd__dfrtp_2)
                                                         mem0[0] (net)
                      0.052301    0.000012    0.721820 ^ _059_/B1 (sky130_fd_sc_hd__a21o_2)
     2    0.003795    0.031211    0.085799    0.807618 ^ _059_/X (sky130_fd_sc_hd__a21o_2)
                                                         nxt0[0] (net)
                      0.031211    0.000000    0.807618 ^ _149_/D (sky130_fd_sc_hd__dfrtp_2)
                                              0.807618   data arrival time

                                  0.000000    0.000000   clock clk (rise edge)
                                  0.000000    0.000000   clock source latency
    36    0.088116    0.398928    0.275819    0.275819 ^ clk (in)
                                                         clk (net)
                      0.398932    0.000000    0.275819 ^ _149_/CLK (sky130_fd_sc_hd__dfrtp_2)
                                  0.250000    0.525819   clock uncertainty
                                  0.000000    0.525819   clock reconvergence pessimism
                                  0.016418    0.542237   library hold time
                                              0.542237   data required time
---------------------------------------------------------------------------------------------
                                              0.542237   data required time
                                             -0.807618   data arrival time
---------------------------------------------------------------------------------------------
                                              0.265381   slack (MET)


Startpoint: _150_ (rising edge-triggered flip-flop clocked by clk)
Endpoint: _150_ (rising edge-triggered flip-flop clocked by clk)
Path Group: clk
Path Type: min

Fanout         Cap        Slew       Delay        Time   Description
---------------------------------------------------------------------------------------------
                                  0.000000    0.000000   clock clk (rise edge)
                                  0.000000    0.000000   clock source latency
    36    0.088116    0.398928    0.275819    0.275819 ^ clk (in)
                                                         clk (net)
                      0.398932    0.000000    0.275819 ^ _150_/CLK (sky130_fd_sc_hd__dfrtp_2)
     2    0.005689    0.052350    0.446038    0.721857 ^ _150_/Q (sky130_fd_sc_hd__dfrtp_2)
                                                         mem0[1] (net)
                      0.052350    0.000012    0.721870 ^ _061_/B1 (sky130_fd_sc_hd__a21o_2)
     2    0.003827    0.031355    0.085951    0.807821 ^ _061_/X (sky130_fd_sc_hd__a21o_2)
                                                         nxt0[1] (net)
                      0.031355    0.000000    0.807821 ^ _150_/D (sky130_fd_sc_hd__dfrtp_2)
                                              0.807821   data arrival time

                                  0.000000    0.000000   clock clk (rise edge)
                                  0.000000    0.000000   clock source latency
    36    0.088116    0.398928    0.275819    0.275819 ^ clk (in)
                                                         clk (net)
                      0.398932    0.000000    0.275819 ^ _150_/CLK (sky130_fd_sc_hd__dfrtp_2)
                                  0.250000    0.525820   clock uncertainty
                                  0.000000    0.525820   clock reconvergence pessimism
                                  0.016389    0.542209   library hold time
                                              0.542209   data required time
---------------------------------------------------------------------------------------------
                                              0.542209   data required time
                                             -0.807821   data arrival time
---------------------------------------------------------------------------------------------
                                              0.265612   slack (MET)


Startpoint: _153_ (rising edge-triggered flip-flop clocked by clk)
Endpoint: _153_ (rising edge-triggered flip-flop clocked by clk)
Path Group: clk
Path Type: min

Fanout         Cap        Slew       Delay        Time   Description
---------------------------------------------------------------------------------------------
                                  0.000000    0.000000   clock clk (rise edge)
                                  0.000000    0.000000   clock source latency
    36    0.088116    0.398928    0.275905    0.275905 ^ clk (in)
                                                         clk (net)
                      0.398932    0.000000    0.275905 ^ _153_/CLK (sky130_fd_sc_hd__dfrtp_2)
     2    0.005642    0.052147    0.445832    0.721738 ^ _153_/Q (sky130_fd_sc_hd__dfrtp_2)
                                                         mem0[4] (net)
                      0.052147    0.000009    0.721747 ^ _067_/B1 (sky130_fd_sc_hd__a21o_2)
     2    0.003927    0.031803    0.086296    0.808043 ^ _067_/X (sky130_fd_sc_hd__a21o_2)
                                                         nxt0[4] (net)
                      0.031803    0.000003    0.808046 ^ _153_/D (sky130_fd_sc_hd__dfrtp_2)
                                              0.808046   data arrival time

                                  0.000000    0.000000   clock clk (rise edge)
                                  0.000000    0.000000   clock source latency
    36    0.088116    0.398928    0.275905    0.275905 ^ clk (in)
                                                         clk (net)
                      0.398932    0.000000    0.275905 ^ _153_/CLK (sky130_fd_sc_hd__dfrtp_2)
                                  0.250000    0.525905   clock uncertainty
                                  0.000000    0.525905   clock reconvergence pessimism
                                  0.016301    0.542206   library hold time
                                              0.542206   data required time
---------------------------------------------------------------------------------------------
                                              0.542206   data required time
                                             -0.808046   data arrival time
---------------------------------------------------------------------------------------------
                                              0.265840   slack (MET)


Startpoint: _152_ (rising edge-triggered flip-flop clocked by clk)
Endpoint: _152_ (rising edge-triggered flip-flop clocked by clk)
Path Group: clk
Path Type: min

Fanout         Cap        Slew       Delay        Time   Description
---------------------------------------------------------------------------------------------
                                  0.000000    0.000000   clock clk (rise edge)
                                  0.000000    0.000000   clock source latency
    36    0.088116    0.398928    0.275892    0.275892 ^ clk (in)
                                                         clk (net)
                      0.398932    0.000000    0.275892 ^ _152_/CLK (sky130_fd_sc_hd__dfrtp_2)
     2    0.005431    0.051252    0.444927    0.720819 ^ _152_/Q (sky130_fd_sc_hd__dfrtp_2)
                                                         mem0[3] (net)
                      0.051252    0.000004    0.720823 ^ _065_/B1 (sky130_fd_sc_hd__a21o_2)
     2    0.004199    0.033011    0.087101    0.807924 ^ _065_/X (sky130_fd_sc_hd__a21o_2)
                                                         nxt0[3] (net)
                      0.033011    0.000004    0.807928 ^ _152_/D (sky130_fd_sc_hd__dfrtp_2)
                                              0.807928   data arrival time

                                  0.000000    0.000000   clock clk (rise edge)
                                  0.000000    0.000000   clock source latency
    36    0.088116    0.398928    0.275892    0.275892 ^ clk (in)
                                                         clk (net)
                      0.398932    0.000000    0.275892 ^ _152_/CLK (sky130_fd_sc_hd__dfrtp_2)
                                  0.250000    0.525892   clock uncertainty
                                  0.000000    0.525892   clock reconvergence pessimism
                                  0.016061    0.541954   library hold time
                                              0.541954   data required time
---------------------------------------------------------------------------------------------
                                              0.541954   data required time
                                             -0.807928   data arrival time
---------------------------------------------------------------------------------------------
                                              0.265974   slack (MET)


Startpoint: _161_ (rising edge-triggered flip-flop clocked by clk)
Endpoint: _161_ (rising edge-triggered flip-flop clocked by clk)
Path Group: clk
Path Type: min

Fanout         Cap        Slew       Delay        Time   Description
---------------------------------------------------------------------------------------------
                                  0.000000    0.000000   clock clk (rise edge)
                                  0.000000    0.000000   clock source latency
    36    0.088116    0.398928    0.275582    0.275582 ^ clk (in)
                                                         clk (net)
                      0.398930    0.000000    0.275582 ^ _161_/CLK (sky130_fd_sc_hd__dfrtp_2)
     2    0.005266    0.050549    0.444214    0.719796 ^ _161_/Q (sky130_fd_sc_hd__dfrtp_2)
                                                         mem2[0] (net)
                      0.050549    0.000000    0.719796 ^ _088_/B1 (sky130_fd_sc_hd__a21o_2)
     2    0.004457    0.034182    0.087796    0.807593 ^ _088_/X (sky130_fd_sc_hd__a21o_2)
                                                         nxt2[0] (net)
                      0.034182    0.000006    0.807599 ^ _161_/D (sky130_fd_sc_hd__dfrtp_2)
                                              0.807599   data arrival time

                                  0.000000    0.000000   clock clk (rise edge)
                                  0.000000    0.000000   clock source latency
    36    0.088116    0.398928    0.275582    0.275582 ^ clk (in)
                                                         clk (net)
                      0.398930    0.000000    0.275582 ^ _161_/CLK (sky130_fd_sc_hd__dfrtp_2)
                                  0.250000    0.525582   clock uncertainty
                                  0.000000    0.525582   clock reconvergence pessimism
                                  0.015829    0.541411   library hold time
                                              0.541411   data required time
---------------------------------------------------------------------------------------------
                                              0.541411   data required time
                                             -0.807599   data arrival time
---------------------------------------------------------------------------------------------
                                              0.266188   slack (MET)


Startpoint: _158_ (rising edge-triggered flip-flop clocked by clk)
Endpoint: _158_ (rising edge-triggered flip-flop clocked by clk)
Path Group: clk
Path Type: min

Fanout         Cap        Slew       Delay        Time   Description
---------------------------------------------------------------------------------------------
                                  0.000000    0.000000   clock clk (rise edge)
                                  0.000000    0.000000   clock source latency
    36    0.088116    0.398928    0.275341    0.275341 ^ clk (in)
                                                         clk (net)
                      0.398929    0.000000    0.275341 ^ _158_/CLK (sky130_fd_sc_hd__dfrtp_2)
     2    0.005271    0.050569    0.444234    0.719575 ^ _158_/Q (sky130_fd_sc_hd__dfrtp_2)
                                                         mem1[3] (net)
                      0.050569    0.000000    0.719576 ^ _079_/B1 (sky130_fd_sc_hd__a21o_2)
     2    0.004457    0.034183    0.087805    0.807381 ^ _079_/X (sky130_fd_sc_hd__a21o_2)
                                                         nxt1[3] (net)
                      0.034183    0.000006    0.807387 ^ _158_/D (sky130_fd_sc_hd__dfrtp_2)
                                              0.807387   data arrival time

                                  0.000000    0.000000   clock clk (rise edge)
                                  0.000000    0.000000   clock source latency
    36    0.088116    0.398928    0.275341    0.275341 ^ clk (in)
                                                         clk (net)
                      0.398929    0.000000    0.275341 ^ _158_/CLK (sky130_fd_sc_hd__dfrtp_2)
                                  0.250000    0.525341   clock uncertainty
                                  0.000000    0.525341   clock reconvergence pessimism
                                  0.015828    0.541170   library hold time
                                              0.541170   data required time
---------------------------------------------------------------------------------------------
                                              0.541170   data required time
                                             -0.807387   data arrival time
---------------------------------------------------------------------------------------------
                                              0.266217   slack (MET)


Startpoint: _156_ (rising edge-triggered flip-flop clocked by clk)
Endpoint: _156_ (rising edge-triggered flip-flop clocked by clk)
Path Group: clk
Path Type: min

Fanout         Cap        Slew       Delay        Time   Description
---------------------------------------------------------------------------------------------
                                  0.000000    0.000000   clock clk (rise edge)
                                  0.000000    0.000000   clock source latency
    36    0.088116    0.398928    0.275065    0.275065 ^ clk (in)
                                                         clk (net)
                      0.398928    0.000000    0.275065 ^ _156_/CLK (sky130_fd_sc_hd__dfrtp_2)
     2    0.005492    0.051512    0.445189    0.720254 ^ _156_/Q (sky130_fd_sc_hd__dfrtp_2)
                                                         mem1[1] (net)
                      0.051512    0.000007    0.720261 ^ _075_/B1 (sky130_fd_sc_hd__a21o_2)
     2    0.004217    0.033092    0.087270    0.807530 ^ _075_/X (sky130_fd_sc_hd__a21o_2)
                                                         nxt1[1] (net)
                      0.033092    0.000007    0.807537 ^ _156_/D (sky130_fd_sc_hd__dfrtp_2)
                                              0.807537   data arrival time

                                  0.000000    0.000000   clock clk (rise edge)
                                  0.000000    0.000000   clock source latency
    36    0.088116    0.398928    0.275065    0.275065 ^ clk (in)
                                                         clk (net)
                      0.398928    0.000000    0.275065 ^ _156_/CLK (sky130_fd_sc_hd__dfrtp_2)
                                  0.250000    0.525065   clock uncertainty
                                  0.000000    0.525065   clock reconvergence pessimism
                                  0.016045    0.541109   library hold time
                                              0.541109   data required time
---------------------------------------------------------------------------------------------
                                              0.541109   data required time
                                             -0.807537   data arrival time
---------------------------------------------------------------------------------------------
                                              0.266428   slack (MET)


Startpoint: _160_ (rising edge-triggered flip-flop clocked by clk)
Endpoint: _160_ (rising edge-triggered flip-flop clocked by clk)
Path Group: clk
Path Type: min

Fanout         Cap        Slew       Delay        Time   Description
---------------------------------------------------------------------------------------------
                                  0.000000    0.000000   clock clk (rise edge)
                                  0.000000    0.000000   clock source latency
    36    0.088116    0.398928    0.275413    0.275413 ^ clk (in)
                                                         clk (net)
                      0.398929    0.000000    0.275413 ^ _160_/CLK (sky130_fd_sc_hd__dfrtp_2)
     2    0.005389    0.051073    0.444745    0.720159 ^ _160_/Q (sky130_fd_sc_hd__dfrtp_2)
                                                         mem1[5] (net)
                      0.051073    0.000006    0.720165 ^ _083_/B1 (sky130_fd_sc_hd__a21o_2)
     2    0.004382    0.033840    0.087722    0.807886 ^ _083_/X (sky130_fd_sc_hd__a21o_2)
                                                         nxt1[5] (net)
                      0.033840    0.000006    0.807892 ^ _160_/D (sky130_fd_sc_hd__dfrtp_2)
                                              0.807892   data arrival time

                                  0.000000    0.000000   clock clk (rise edge)
                                  0.000000    0.000000   clock source latency
    36    0.088116    0.398928    0.275413    0.275413 ^ clk (in)
                                                         clk (net)
                      0.398929    0.000000    0.275413 ^ _160_/CLK (sky130_fd_sc_hd__dfrtp_2)
                                  0.250000    0.525414   clock uncertainty
                                  0.000000    0.525414   clock reconvergence pessimism
                                  0.015896    0.541310   library hold time
                                              0.541310   data required time
---------------------------------------------------------------------------------------------
                                              0.541310   data required time
                                             -0.807892   data arrival time
---------------------------------------------------------------------------------------------
                                              0.266582   slack (MET)


Startpoint: _164_ (rising edge-triggered flip-flop clocked by clk)
Endpoint: _164_ (rising edge-triggered flip-flop clocked by clk)
Path Group: clk
Path Type: min

Fanout         Cap        Slew       Delay        Time   Description
---------------------------------------------------------------------------------------------
                                  0.000000    0.000000   clock clk (rise edge)
                                  0.000000    0.000000   clock source latency
    36    0.088116    0.398928    0.275739    0.275739 ^ clk (in)
                                                         clk (net)
                      0.398931    0.000000    0.275739 ^ _164_/CLK (sky130_fd_sc_hd__dfrtp_2)
     2    0.005588    0.051919    0.445602    0.721341 ^ _164_/Q (sky130_fd_sc_hd__dfrtp_2)
                                                         mem2[3] (net)
                      0.051919    0.000005    0.721346 ^ _094_/B1 (sky130_fd_sc_hd__a21o_2)
     2    0.004165    0.032862    0.087202    0.808548 ^ _094_/X (sky130_fd_sc_hd__a21o_2)
                                                         nxt2[3] (net)
                      0.032862    0.000004    0.808552 ^ _164_/D (sky130_fd_sc_hd__dfrtp_2)
                                              0.808552   data arrival time

                                  0.000000    0.000000   clock clk (rise edge)
                                  0.000000    0.000000   clock source latency
    36    0.088116    0.398928    0.275739    0.275739 ^ clk (in)
                                                         clk (net)
                      0.398931    0.000000    0.275739 ^ _164_/CLK (sky130_fd_sc_hd__dfrtp_2)
                                  0.250000    0.525739   clock uncertainty
                                  0.000000    0.525739   clock reconvergence pessimism
                                  0.016091    0.541830   library hold time
                                              0.541830   data required time
---------------------------------------------------------------------------------------------
                                              0.541830   data required time
                                             -0.808552   data arrival time
---------------------------------------------------------------------------------------------
                                              0.266722   slack (MET)


Startpoint: _151_ (rising edge-triggered flip-flop clocked by clk)
Endpoint: _151_ (rising edge-triggered flip-flop clocked by clk)
Path Group: clk
Path Type: min

Fanout         Cap        Slew       Delay        Time   Description
---------------------------------------------------------------------------------------------
                                  0.000000    0.000000   clock clk (rise edge)
                                  0.000000    0.000000   clock source latency
    36    0.088116    0.398928    0.275885    0.275885 ^ clk (in)
                                                         clk (net)
                      0.398932    0.000000    0.275885 ^ _151_/CLK (sky130_fd_sc_hd__dfrtp_2)
     2    0.005434    0.051263    0.444938    0.720823 ^ _151_/Q (sky130_fd_sc_hd__dfrtp_2)
                                                         mem0[2] (net)
                      0.051263    0.000004    0.720827 ^ _063_/B1 (sky130_fd_sc_hd__a21o_2)
     2    0.004386    0.033860    0.087806    0.808633 ^ _063_/X (sky130_fd_sc_hd__a21o_2)
                                                         nxt0[2] (net)
                      0.033860    0.000004    0.808637 ^ _151_/D (sky130_fd_sc_hd__dfrtp_2)
                                              0.808637   data arrival time

                                  0.000000    0.000000   clock clk (rise edge)
                                  0.000000    0.000000   clock source latency
    36    0.088116    0.398928    0.275885    0.275885 ^ clk (in)
                                                         clk (net)
                      0.398932    0.000000    0.275885 ^ _151_/CLK (sky130_fd_sc_hd__dfrtp_2)
                                  0.250000    0.525885   clock uncertainty
                                  0.000000    0.525885   clock reconvergence pessimism
                                  0.015893    0.541778   library hold time
                                              0.541778   data required time
---------------------------------------------------------------------------------------------
                                              0.541778   data required time
                                             -0.808637   data arrival time
---------------------------------------------------------------------------------------------
                                              0.266859   slack (MET)


Startpoint: _163_ (rising edge-triggered flip-flop clocked by clk)
Endpoint: _163_ (rising edge-triggered flip-flop clocked by clk)
Path Group: clk
Path Type: min

Fanout         Cap        Slew       Delay        Time   Description
---------------------------------------------------------------------------------------------
                                  0.000000    0.000000   clock clk (rise edge)
                                  0.000000    0.000000   clock source latency
    36    0.088116    0.398928    0.275689    0.275689 ^ clk (in)
                                                         clk (net)
                      0.398931    0.000000    0.275689 ^ _163_/CLK (sky130_fd_sc_hd__dfrtp_2)
     2    0.005497    0.051531    0.445208    0.720897 ^ _163_/Q (sky130_fd_sc_hd__dfrtp_2)
                                                         mem2[2] (net)
                      0.051531    0.000002    0.720900 ^ _092_/B1 (sky130_fd_sc_hd__a21o_2)
     2    0.004350    0.033695    0.087774    0.808674 ^ _092_/X (sky130_fd_sc_hd__a21o_2)
                                                         nxt2[2] (net)
                      0.033695    0.000005    0.808679 ^ _163_/D (sky130_fd_sc_hd__dfrtp_2)
                                              0.808679   data arrival time

                                  0.000000    0.000000   clock clk (rise edge)
                                  0.000000    0.000000   clock source latency
    36    0.088116    0.398928    0.275689    0.275689 ^ clk (in)
                                                         clk (net)
                      0.398931    0.000000    0.275689 ^ _163_/CLK (sky130_fd_sc_hd__dfrtp_2)
                                  0.250000    0.525689   clock uncertainty
                                  0.000000    0.525689   clock reconvergence pessimism
                                  0.015926    0.541615   library hold time
                                              0.541615   data required time
---------------------------------------------------------------------------------------------
                                              0.541615   data required time
                                             -0.808679   data arrival time
---------------------------------------------------------------------------------------------
                                              0.267064   slack (MET)


Startpoint: _165_ (rising edge-triggered flip-flop clocked by clk)
Endpoint: _165_ (rising edge-triggered flip-flop clocked by clk)
Path Group: clk
Path Type: min

Fanout         Cap        Slew       Delay        Time   Description
---------------------------------------------------------------------------------------------
                                  0.000000    0.000000   clock clk (rise edge)
                                  0.000000    0.000000   clock source latency
    36    0.088116    0.398928    0.275806    0.275806 ^ clk (in)
                                                         clk (net)
                      0.398932    0.000000    0.275806 ^ _165_/CLK (sky130_fd_sc_hd__dfrtp_2)
     2    0.005589    0.051923    0.445606    0.721411 ^ _165_/Q (sky130_fd_sc_hd__dfrtp_2)
                                                         mem2[4] (net)
                      0.051923    0.000007    0.721418 ^ _096_/B1 (sky130_fd_sc_hd__a21o_2)
     2    0.004234    0.033168    0.087490    0.808908 ^ _096_/X (sky130_fd_sc_hd__a21o_2)
                                                         nxt2[4] (net)
                      0.033168    0.000005    0.808913 ^ _165_/D (sky130_fd_sc_hd__dfrtp_2)
                                              0.808913   data arrival time

                                  0.000000    0.000000   clock clk (rise edge)
                                  0.000000    0.000000   clock source latency
    36    0.088116    0.398928    0.275806    0.275806 ^ clk (in)
                                                         clk (net)
                      0.398932    0.000000    0.275806 ^ _165_/CLK (sky130_fd_sc_hd__dfrtp_2)
                                  0.250000    0.525806   clock uncertainty
                                  0.000000    0.525806   clock reconvergence pessimism
                                  0.016030    0.541835   library hold time
                                              0.541835   data required time
---------------------------------------------------------------------------------------------
                                              0.541835   data required time
                                             -0.808913   data arrival time
---------------------------------------------------------------------------------------------
                                              0.267077   slack (MET)


Startpoint: _155_ (rising edge-triggered flip-flop clocked by clk)
Endpoint: _155_ (rising edge-triggered flip-flop clocked by clk)
Path Group: clk
Path Type: min

Fanout         Cap        Slew       Delay        Time   Description
---------------------------------------------------------------------------------------------
                                  0.000000    0.000000   clock clk (rise edge)
                                  0.000000    0.000000   clock source latency
    36    0.088116    0.398928    0.275024    0.275024 ^ clk (in)
                                                         clk (net)
                      0.398928    0.000000    0.275024 ^ _155_/CLK (sky130_fd_sc_hd__dfrtp_2)
     2    0.005497    0.051533    0.445211    0.720235 ^ _155_/Q (sky130_fd_sc_hd__dfrtp_2)
                                                         mem1[0] (net)
                      0.051533    0.000008    0.720243 ^ _073_/B1 (sky130_fd_sc_hd__a21o_2)
     2    0.004406    0.033950    0.087972    0.808215 ^ _073_/X (sky130_fd_sc_hd__a21o_2)
                                                         nxt1[0] (net)
                      0.033950    0.000006    0.808221 ^ _155_/D (sky130_fd_sc_hd__dfrtp_2)
                                              0.808221   data arrival time

                                  0.000000    0.000000   clock clk (rise edge)
                                  0.000000    0.000000   clock source latency
    36    0.088116    0.398928    0.275024    0.275024 ^ clk (in)
                                                         clk (net)
                      0.398928    0.000000    0.275024 ^ _155_/CLK (sky130_fd_sc_hd__dfrtp_2)
                                  0.250000    0.525024   clock uncertainty
                                  0.000000    0.525024   clock reconvergence pessimism
                                  0.015875    0.540899   library hold time
                                              0.540899   data required time
---------------------------------------------------------------------------------------------
                                              0.540899   data required time
                                             -0.808221   data arrival time
---------------------------------------------------------------------------------------------
                                              0.267323   slack (MET)


Startpoint: _154_ (rising edge-triggered flip-flop clocked by clk)
Endpoint: _154_ (rising edge-triggered flip-flop clocked by clk)
Path Group: clk
Path Type: min

Fanout         Cap        Slew       Delay        Time   Description
---------------------------------------------------------------------------------------------
                                  0.000000    0.000000   clock clk (rise edge)
                                  0.000000    0.000000   clock source latency
    36    0.088116    0.398928    0.275908    0.275908 ^ clk (in)
                                                         clk (net)
                      0.398932    0.000000    0.275908 ^ _154_/CLK (sky130_fd_sc_hd__dfrtp_2)
     2    0.005800    0.052821    0.446515    0.722423 ^ _154_/Q (sky130_fd_sc_hd__dfrtp_2)
                                                         mem0[5] (net)
                      0.052821    0.000012    0.722434 ^ _069_/B1 (sky130_fd_sc_hd__a21o_2)
     2    0.004073    0.032452    0.087145    0.809579 ^ _069_/X (sky130_fd_sc_hd__a21o_2)
                                                         nxt0[5] (net)
                      0.032452    0.000001    0.809580 ^ _154_/D (sky130_fd_sc_hd__dfrtp_2)
                                              0.809580   data arrival time

                                  0.000000    0.000000   clock clk (rise edge)
                                  0.000000    0.000000   clock source latency
    36    0.088116    0.398928    0.275908    0.275908 ^ clk (in)
                                                         clk (net)
                      0.398932    0.000000    0.275908 ^ _154_/CLK (sky130_fd_sc_hd__dfrtp_2)
                                  0.250000    0.525908   clock uncertainty
                                  0.000000    0.525908   clock reconvergence pessimism
                                  0.016172    0.542080   library hold time
                                              0.542080   data required time
---------------------------------------------------------------------------------------------
                                              0.542080   data required time
                                             -0.809580   data arrival time
---------------------------------------------------------------------------------------------
                                              0.267500   slack (MET)


Startpoint: _166_ (rising edge-triggered flip-flop clocked by clk)
Endpoint: _166_ (rising edge-triggered flip-flop clocked by clk)
Path Group: clk
Path Type: min

Fanout         Cap        Slew       Delay        Time   Description
---------------------------------------------------------------------------------------------
                                  0.000000    0.000000   clock clk (rise edge)
                                  0.000000    0.000000   clock source latency
    36    0.088116    0.398928    0.275833    0.275833 ^ clk (in)
                                                         clk (net)
                      0.398932    0.000000    0.275833 ^ _166_/CLK (sky130_fd_sc_hd__dfrtp_2)
     2    0.005623    0.052069    0.445753    0.721586 ^ _166_/Q (sky130_fd_sc_hd__dfrtp_2)
                                                         mem2[5] (net)
                      0.052069    0.000005    0.721591 ^ _098_/B1 (sky130_fd_sc_hd__a21o_2)
     2    0.004524    0.034492    0.088585    0.810176 ^ _098_/X (sky130_fd_sc_hd__a21o_2)
                                                         nxt2[5] (net)
                      0.034492    0.000006    0.810182 ^ _166_/D (sky130_fd_sc_hd__dfrtp_2)
                                              0.810182   data arrival time

                                  0.000000    0.000000   clock clk (rise edge)
                                  0.000000    0.000000   clock source latency
    36    0.088116    0.398928    0.275833    0.275833 ^ clk (in)
                                                         clk (net)
                      0.398932    0.000000    0.275833 ^ _166_/CLK (sky130_fd_sc_hd__dfrtp_2)
                                  0.250000    0.525833   clock uncertainty
                                  0.000000    0.525833   clock reconvergence pessimism
                                  0.015768    0.541600   library hold time
                                              0.541600   data required time
---------------------------------------------------------------------------------------------
                                              0.541600   data required time
                                             -0.810182   data arrival time
---------------------------------------------------------------------------------------------
                                              0.268582   slack (MET)


Startpoint: _174_ (rising edge-triggered flip-flop clocked by clk)
Endpoint: _183_ (rising edge-triggered flip-flop clocked by clk)
Path Group: clk
Path Type: min

Fanout         Cap        Slew       Delay        Time   Description
---------------------------------------------------------------------------------------------
                                  0.000000    0.000000   clock clk (rise edge)
                                  0.000000    0.000000   clock source latency
    36    0.088116    0.398928    0.275451    0.275451 ^ clk (in)
                                                         clk (net)
                      0.398929    0.000000    0.275451 ^ _174_/CLK (sky130_fd_sc_hd__dfrtp_2)
     2    0.004711    0.048188    0.441824    0.717274 ^ _174_/Q (sky130_fd_sc_hd__dfrtp_2)
                                                         done_ff[1] (net)
                      0.048188    0.000007    0.717282 ^ _053_/A1 (sky130_fd_sc_hd__a21o_2)
     1    0.002133    0.027502    0.103119    0.820400 ^ _053_/X (sky130_fd_sc_hd__a21o_2)
                                                         _037_ (net)
                      0.027502    0.000001    0.820402 ^ _183_/D (sky130_fd_sc_hd__dfrtp_2)
                                              0.820402   data arrival time

                                  0.000000    0.000000   clock clk (rise edge)
                                  0.000000    0.000000   clock source latency
    36    0.088116    0.398928    0.275486    0.275486 ^ clk (in)
                                                         clk (net)
                      0.398930    0.000000    0.275486 ^ _183_/CLK (sky130_fd_sc_hd__dfrtp_2)
                                  0.250000    0.525486   clock uncertainty
                                  0.000000    0.525486   clock reconvergence pessimism
                                  0.017152    0.542638   library hold time
                                              0.542638   data required time
---------------------------------------------------------------------------------------------
                                              0.542638   data required time
                                             -0.820402   data arrival time
---------------------------------------------------------------------------------------------
                                              0.277764   slack (MET)


Startpoint: _177_ (rising edge-triggered flip-flop clocked by clk)
Endpoint: _178_ (rising edge-triggered flip-flop clocked by clk)
Path Group: clk
Path Type: min

Fanout         Cap        Slew       Delay        Time   Description
---------------------------------------------------------------------------------------------
                                  0.000000    0.000000   clock clk (rise edge)
                                  0.000000    0.000000   clock source latency
    36    0.088116    0.398928    0.275128    0.275128 ^ clk (in)
                                                         clk (net)
                      0.398928    0.000000    0.275128 ^ _177_/CLK (sky130_fd_sc_hd__dfrtp_2)
     9    0.027122    0.095649    0.550355    0.825483 v _177_/Q (sky130_fd_sc_hd__dfrtp_2)
                                                         cursor[1] (net)
                      0.095649    0.000070    0.825553 v _178_/D (sky130_fd_sc_hd__dfrtp_2)
                                              0.825553   data arrival time

                                  0.000000    0.000000   clock clk (rise edge)
                                  0.000000    0.000000   clock source latency
    36    0.088116    0.398928    0.275110    0.275110 ^ clk (in)
                                                         clk (net)
                      0.398928    0.000000    0.275110 ^ _178_/CLK (sky130_fd_sc_hd__dfrtp_2)
                                  0.250000    0.525110   clock uncertainty
                                  0.000000    0.525110   clock reconvergence pessimism
                                  0.018091    0.543202   library hold time
                                              0.543202   data required time
---------------------------------------------------------------------------------------------
                                              0.543202   data required time
                                             -0.825553   data arrival time
---------------------------------------------------------------------------------------------
                                              0.282351   slack (MET)


Startpoint: _179_ (rising edge-triggered flip-flop clocked by clk)
Endpoint: _180_ (rising edge-triggered flip-flop clocked by clk)
Path Group: clk
Path Type: min

Fanout         Cap        Slew       Delay        Time   Description
---------------------------------------------------------------------------------------------
                                  0.000000    0.000000   clock clk (rise edge)
                                  0.000000    0.000000   clock source latency
    36    0.088116    0.398928    0.275752    0.275752 ^ clk (in)
                                                         clk (net)
                      0.398931    0.000000    0.275752 ^ _179_/CLK (sky130_fd_sc_hd__dfrtp_2)
     9    0.027787    0.097244    0.551971    0.827723 v _179_/Q (sky130_fd_sc_hd__dfrtp_2)
                                                         cursor[3] (net)
                      0.097244    0.000071    0.827794 v _180_/D (sky130_fd_sc_hd__dfrtp_2)
                                              0.827794   data arrival time

                                  0.000000    0.000000   clock clk (rise edge)
                                  0.000000    0.000000   clock source latency
    36    0.088116    0.398928    0.275753    0.275753 ^ clk (in)
                                                         clk (net)
                      0.398931    0.000000    0.275753 ^ _180_/CLK (sky130_fd_sc_hd__dfrtp_2)
                                  0.250000    0.525753   clock uncertainty
                                  0.000000    0.525753   clock reconvergence pessimism
                                  0.017446    0.543199   library hold time
                                              0.543199   data required time
---------------------------------------------------------------------------------------------
                                              0.543199   data required time
                                             -0.827794   data arrival time
---------------------------------------------------------------------------------------------
                                              0.284595   slack (MET)


Startpoint: _180_ (rising edge-triggered flip-flop clocked by clk)
Endpoint: _181_ (rising edge-triggered flip-flop clocked by clk)
Path Group: clk
Path Type: min

Fanout         Cap        Slew       Delay        Time   Description
---------------------------------------------------------------------------------------------
                                  0.000000    0.000000   clock clk (rise edge)
                                  0.000000    0.000000   clock source latency
    36    0.088116    0.398928    0.275753    0.275753 ^ clk (in)
                                                         clk (net)
                      0.398931    0.000000    0.275753 ^ _180_/CLK (sky130_fd_sc_hd__dfrtp_2)
     9    0.028012    0.097833    0.552449    0.828202 v _180_/Q (sky130_fd_sc_hd__dfrtp_2)
                                                         cursor[4] (net)
                      0.097833    0.000132    0.828334 v _181_/D (sky130_fd_sc_hd__dfrtp_2)
                                              0.828334   data arrival time

                                  0.000000    0.000000   clock clk (rise edge)
                                  0.000000    0.000000   clock source latency
    36    0.088116    0.398928    0.275860    0.275860 ^ clk (in)
                                                         clk (net)
                      0.398932    0.000000    0.275860 ^ _181_/CLK (sky130_fd_sc_hd__dfrtp_2)
                                  0.250000    0.525860   clock uncertainty
                                  0.000000    0.525860   clock reconvergence pessimism
                                  0.017207    0.543067   library hold time
                                              0.543067   data required time
---------------------------------------------------------------------------------------------
                                              0.543067   data required time
                                             -0.828334   data arrival time
---------------------------------------------------------------------------------------------
                                              0.285267   slack (MET)


Startpoint: _178_ (rising edge-triggered flip-flop clocked by clk)
Endpoint: _179_ (rising edge-triggered flip-flop clocked by clk)
Path Group: clk
Path Type: min

Fanout         Cap        Slew       Delay        Time   Description
---------------------------------------------------------------------------------------------
                                  0.000000    0.000000   clock clk (rise edge)
                                  0.000000    0.000000   clock source latency
    36    0.088116    0.398928    0.275110    0.275110 ^ clk (in)
                                                         clk (net)
                      0.398928    0.000000    0.275110 ^ _178_/CLK (sky130_fd_sc_hd__dfrtp_2)
     9    0.029998    0.102618    0.557288    0.832398 v _178_/Q (sky130_fd_sc_hd__dfrtp_2)
                                                         cursor[2] (net)
                      0.102618    0.000328    0.832726 v _179_/D (sky130_fd_sc_hd__dfrtp_2)
                                              0.832726   data arrival time

                                  0.000000    0.000000   clock clk (rise edge)
                                  0.000000    0.000000   clock source latency
    36    0.088116    0.398928    0.275752    0.275752 ^ clk (in)
                                                         clk (net)
                      0.398931    0.000000    0.275752 ^ _179_/CLK (sky130_fd_sc_hd__dfrtp_2)
                                  0.250000    0.525752   clock uncertainty
                                  0.000000    0.525752   clock reconvergence pessimism
                                  0.015268    0.541020   library hold time
                                              0.541020   data required time
---------------------------------------------------------------------------------------------
                                              0.541020   data required time
                                             -0.832726   data arrival time
---------------------------------------------------------------------------------------------
                                              0.291706   slack (MET)


Startpoint: _174_ (rising edge-triggered flip-flop clocked by clk)
Endpoint: _182_ (rising edge-triggered flip-flop clocked by clk)
Path Group: clk
Path Type: min

Fanout         Cap        Slew       Delay        Time   Description
---------------------------------------------------------------------------------------------
                                  0.000000    0.000000   clock clk (rise edge)
                                  0.000000    0.000000   clock source latency
    36    0.088116    0.398928    0.275451    0.275451 ^ clk (in)
                                                         clk (net)
                      0.398929    0.000000    0.275451 ^ _174_/CLK (sky130_fd_sc_hd__dfrtp_2)
     2    0.004711    0.048188    0.441824    0.717274 ^ _174_/Q (sky130_fd_sc_hd__dfrtp_2)
                                                         done_ff[1] (net)
                      0.048188    0.000010    0.717284 ^ _057_/A1_N (sky130_fd_sc_hd__o2bb2a_2)
     1    0.002103    0.029035    0.197748    0.915032 v _057_/X (sky130_fd_sc_hd__o2bb2a_2)
                                                         _036_ (net)
                      0.029035    0.000002    0.915033 v _182_/D (sky130_fd_sc_hd__dfrtp_2)
                                              0.915033   data arrival time

                                  0.000000    0.000000   clock clk (rise edge)
                                  0.000000    0.000000   clock source latency
    36    0.088116    0.398928    0.275498    0.275498 ^ clk (in)
                                                         clk (net)
                      0.398930    0.000000    0.275498 ^ _182_/CLK (sky130_fd_sc_hd__dfrtp_2)
                                  0.250000    0.525498   clock uncertainty
                                  0.000000    0.525498   clock reconvergence pessimism
                                  0.045092    0.570590   library hold time
                                              0.570590   data required time
---------------------------------------------------------------------------------------------
                                              0.570590   data required time
                                             -0.915033   data arrival time
---------------------------------------------------------------------------------------------
                                              0.344443   slack (MET)


Startpoint: _161_ (rising edge-triggered flip-flop clocked by clk)
Endpoint: _175_ (rising edge-triggered flip-flop clocked by clk)
Path Group: clk
Path Type: min

Fanout         Cap        Slew       Delay        Time   Description
---------------------------------------------------------------------------------------------
                                  0.000000    0.000000   clock clk (rise edge)
                                  0.000000    0.000000   clock source latency
    36    0.088116    0.398928    0.275582    0.275582 ^ clk (in)
                                                         clk (net)
                      0.398930    0.000000    0.275582 ^ _161_/CLK (sky130_fd_sc_hd__dfrtp_2)
     2    0.005266    0.050549    0.444214    0.719796 ^ _161_/Q (sky130_fd_sc_hd__dfrtp_2)
                                                         mem2[0] (net)
                      0.050549    0.000000    0.719796 ^ _088_/B1 (sky130_fd_sc_hd__a21o_2)
     2    0.004457    0.034182    0.087796    0.807593 ^ _088_/X (sky130_fd_sc_hd__a21o_2)
                                                         nxt2[0] (net)
                      0.034182    0.000003    0.807596 ^ _100_/A (sky130_fd_sc_hd__and3_2)
     1    0.002580    0.041945    0.148029    0.955625 ^ _100_/X (sky130_fd_sc_hd__and3_2)
                                                         done_comb[2] (net)
                      0.041945    0.000006    0.955631 ^ _175_/D (sky130_fd_sc_hd__dfrtp_2)
                                              0.955631   data arrival time

                                  0.000000    0.000000   clock clk (rise edge)
                                  0.000000    0.000000   clock source latency
    36    0.088116    0.398928    0.275727    0.275727 ^ clk (in)
                                                         clk (net)
                      0.398931    0.000000    0.275727 ^ _175_/CLK (sky130_fd_sc_hd__dfrtp_2)
                                  0.250000    0.525727   clock uncertainty
                                  0.000000    0.525727   clock reconvergence pessimism
                                  0.014291    0.540018   library hold time
                                              0.540018   data required time
---------------------------------------------------------------------------------------------
                                              0.540018   data required time
                                             -0.955631   data arrival time
---------------------------------------------------------------------------------------------
                                              0.415613   slack (MET)


Startpoint: _155_ (rising edge-triggered flip-flop clocked by clk)
Endpoint: _174_ (rising edge-triggered flip-flop clocked by clk)
Path Group: clk
Path Type: min

Fanout         Cap        Slew       Delay        Time   Description
---------------------------------------------------------------------------------------------
                                  0.000000    0.000000   clock clk (rise edge)
                                  0.000000    0.000000   clock source latency
    36    0.088116    0.398928    0.275024    0.275024 ^ clk (in)
                                                         clk (net)
                      0.398928    0.000000    0.275024 ^ _155_/CLK (sky130_fd_sc_hd__dfrtp_2)
     2    0.005497    0.051533    0.445211    0.720235 ^ _155_/Q (sky130_fd_sc_hd__dfrtp_2)
                                                         mem1[0] (net)
                      0.051533    0.000008    0.720243 ^ _073_/B1 (sky130_fd_sc_hd__a21o_2)
     2    0.004406    0.033950    0.087972    0.808215 ^ _073_/X (sky130_fd_sc_hd__a21o_2)
                                                         nxt1[0] (net)
                      0.033950    0.000004    0.808219 ^ _085_/A (sky130_fd_sc_hd__and3_2)
     1    0.002574    0.041919    0.147916    0.956135 ^ _085_/X (sky130_fd_sc_hd__and3_2)
                                                         done_comb[1] (net)
                      0.041919    0.000007    0.956142 ^ _174_/D (sky130_fd_sc_hd__dfrtp_2)
                                              0.956142   data arrival time

                                  0.000000    0.000000   clock clk (rise edge)
                                  0.000000    0.000000   clock source latency
    36    0.088116    0.398928    0.275451    0.275451 ^ clk (in)
                                                         clk (net)
                      0.398929    0.000000    0.275451 ^ _174_/CLK (sky130_fd_sc_hd__dfrtp_2)
                                  0.250000    0.525451   clock uncertainty
                                  0.000000    0.525451   clock reconvergence pessimism
                                  0.014296    0.539747   library hold time
                                              0.539747   data required time
---------------------------------------------------------------------------------------------
                                              0.539747   data required time
                                             -0.956142   data arrival time
---------------------------------------------------------------------------------------------
                                              0.416396   slack (MET)


Startpoint: _149_ (rising edge-triggered flip-flop clocked by clk)
Endpoint: _173_ (rising edge-triggered flip-flop clocked by clk)
Path Group: clk
Path Type: min

Fanout         Cap        Slew       Delay        Time   Description
---------------------------------------------------------------------------------------------
                                  0.000000    0.000000   clock clk (rise edge)
                                  0.000000    0.000000   clock source latency
    36    0.088116    0.398928    0.275819    0.275819 ^ clk (in)
                                                         clk (net)
                      0.398932    0.000000    0.275819 ^ _149_/CLK (sky130_fd_sc_hd__dfrtp_2)
     2    0.005678    0.052301    0.445988    0.721808 ^ _149_/Q (sky130_fd_sc_hd__dfrtp_2)
                                                         mem0[0] (net)
                      0.052301    0.000012    0.721820 ^ _059_/B1 (sky130_fd_sc_hd__a21o_2)
     2    0.003795    0.031211    0.085799    0.807618 ^ _059_/X (sky130_fd_sc_hd__a21o_2)
                                                         nxt0[0] (net)
                      0.031211    0.000003    0.807621 ^ _071_/A (sky130_fd_sc_hd__and3_2)
     1    0.002964    0.043938    0.149475    0.957096 ^ _071_/X (sky130_fd_sc_hd__and3_2)
                                                         done_comb[0] (net)
                      0.043938    0.000011    0.957107 ^ _173_/D (sky130_fd_sc_hd__dfrtp_2)
                                              0.957107   data arrival time

                                  0.000000    0.000000   clock clk (rise edge)
                                  0.000000    0.000000   clock source latency
    36    0.088116    0.398928    0.275802    0.275802 ^ clk (in)
                                                         clk (net)
                      0.398931    0.000000    0.275802 ^ _173_/CLK (sky130_fd_sc_hd__dfrtp_2)
                                  0.250000    0.525803   clock uncertainty
                                  0.000000    0.525803   clock reconvergence pessimism
                                  0.013896    0.539699   library hold time
                                              0.539699   data required time
---------------------------------------------------------------------------------------------
                                              0.539699   data required time
                                             -0.957107   data arrival time
---------------------------------------------------------------------------------------------
                                              0.417408   slack (MET)


Startpoint: btn (input port clocked by clk)
Endpoint: _184_ (rising edge-triggered flip-flop clocked by clk)
Path Group: clk
Path Type: min

Fanout         Cap        Slew       Delay        Time   Description
---------------------------------------------------------------------------------------------
                                  0.000000    0.000000   clock clk (rise edge)
                                  0.000000    0.000000   clock network delay (propagated)
                                  5.000000    5.000000 v input external delay
     6    0.013140    0.031243    0.021281    5.021281 v btn (in)
                                                         btn (net)
                      0.031244    0.000000    5.021281 v _184_/D (sky130_fd_sc_hd__dfrtp_2)
                                              5.021281   data arrival time

                                  0.000000    0.000000   clock clk (rise edge)
                                  0.000000    0.000000   clock source latency
    36    0.088116    0.398928    0.275779    0.275779 ^ clk (in)
                                                         clk (net)
                      0.398931    0.000000    0.275779 ^ _184_/CLK (sky130_fd_sc_hd__dfrtp_2)
                                  0.250000    0.525779   clock uncertainty
                                  0.000000    0.525779   clock reconvergence pessimism
                                  0.044197    0.569976   library hold time
                                              0.569976   data required time
---------------------------------------------------------------------------------------------
                                              0.569976   data required time
                                             -5.021281   data arrival time
---------------------------------------------------------------------------------------------
                                              4.451305   slack (MET)


Startpoint: reset (input port clocked by clk)
Endpoint: _153_ (removal check against rising-edge clock clk)
Path Group: asynchronous
Path Type: min

Fanout         Cap        Slew       Delay        Time   Description
---------------------------------------------------------------------------------------------
                                  0.000000    0.000000   clock clk (rise edge)
                                  0.000000    0.000000   clock network delay (propagated)
                                  5.000000    5.000000 v input external delay
    36    0.175370    0.382074    0.282802    5.282802 v reset (in)
                                                         reset (net)
                      0.382077    0.000000    5.282802 v _117_/A (sky130_fd_sc_hd__inv_2)
     1    0.003641    0.081333    0.123328    5.406129 ^ _117_/Y (sky130_fd_sc_hd__inv_2)
                                                         _004_ (net)
                      0.081333    0.000000    5.406130 ^ _153_/RESET_B (sky130_fd_sc_hd__dfrtp_2)
                                              5.406130   data arrival time

                                  0.000000    0.000000   clock clk (rise edge)
                                  0.000000    0.000000   clock source latency
    36    0.088116    0.398928    0.275905    0.275905 ^ clk (in)
                                                         clk (net)
                      0.398932    0.000000    0.275905 ^ _153_/CLK (sky130_fd_sc_hd__dfrtp_2)
                                  0.250000    0.525905   clock uncertainty
                                  0.000000    0.525905   clock reconvergence pessimism
                                  0.427450    0.953356   library removal time
                                              0.953356   data required time
---------------------------------------------------------------------------------------------
                                              0.953356   data required time
                                             -5.406130   data arrival time
---------------------------------------------------------------------------------------------
                                              4.452774   slack (MET)


Startpoint: reset (input port clocked by clk)
Endpoint: _154_ (removal check against rising-edge clock clk)
Path Group: asynchronous
Path Type: min

Fanout         Cap        Slew       Delay        Time   Description
---------------------------------------------------------------------------------------------
                                  0.000000    0.000000   clock clk (rise edge)
                                  0.000000    0.000000   clock network delay (propagated)
                                  5.000000    5.000000 v input external delay
    36    0.175370    0.382074    0.282716    5.282716 v reset (in)
                                                         reset (net)
                      0.382076    0.000000    5.282716 v _118_/A (sky130_fd_sc_hd__inv_2)
     1    0.003664    0.081500    0.123573    5.406290 ^ _118_/Y (sky130_fd_sc_hd__inv_2)
                                                         _005_ (net)
                      0.081500    0.000000    5.406290 ^ _154_/RESET_B (sky130_fd_sc_hd__dfrtp_2)
                                              5.406290   data arrival time

                                  0.000000    0.000000   clock clk (rise edge)
                                  0.000000    0.000000   clock source latency
    36    0.088116    0.398928    0.275908    0.275908 ^ clk (in)
                                                         clk (net)
                      0.398932    0.000000    0.275908 ^ _154_/CLK (sky130_fd_sc_hd__dfrtp_2)
                                  0.250000    0.525908   clock uncertainty
                                  0.000000    0.525908   clock reconvergence pessimism
                                  0.427496    0.953404   library removal time
                                              0.953404   data required time
---------------------------------------------------------------------------------------------
                                              0.953404   data required time
                                             -5.406290   data arrival time
---------------------------------------------------------------------------------------------
                                              4.452886   slack (MET)


Startpoint: reset (input port clocked by clk)
Endpoint: _166_ (removal check against rising-edge clock clk)
Path Group: asynchronous
Path Type: min

Fanout         Cap        Slew       Delay        Time   Description
---------------------------------------------------------------------------------------------
                                  0.000000    0.000000   clock clk (rise edge)
                                  0.000000    0.000000   clock network delay (propagated)
                                  5.000000    5.000000 v input external delay
    36    0.175370    0.382074    0.283304    5.283304 v reset (in)
                                                         reset (net)
                      0.382081    0.000000    5.283304 v _130_/A (sky130_fd_sc_hd__inv_2)
     1    0.003625    0.081210    0.123148    5.406451 ^ _130_/Y (sky130_fd_sc_hd__inv_2)
                                                         _017_ (net)
                      0.081210    0.000000    5.406452 ^ _166_/RESET_B (sky130_fd_sc_hd__dfrtp_2)
                                              5.406452   data arrival time

                                  0.000000    0.000000   clock clk (rise edge)
                                  0.000000    0.000000   clock source latency
    36    0.088116    0.398928    0.275833    0.275833 ^ clk (in)
                                                         clk (net)
                      0.398932    0.000000    0.275833 ^ _166_/CLK (sky130_fd_sc_hd__dfrtp_2)
                                  0.250000    0.525833   clock uncertainty
                                  0.000000    0.525833   clock reconvergence pessimism
                                  0.427417    0.953250   library removal time
                                              0.953250   data required time
---------------------------------------------------------------------------------------------
                                              0.953250   data required time
                                             -5.406452   data arrival time
---------------------------------------------------------------------------------------------
                                              4.453202   slack (MET)


Startpoint: reset (input port clocked by clk)
Endpoint: _152_ (removal check against rising-edge clock clk)
Path Group: asynchronous
Path Type: min

Fanout         Cap        Slew       Delay        Time   Description
---------------------------------------------------------------------------------------------
                                  0.000000    0.000000   clock clk (rise edge)
                                  0.000000    0.000000   clock network delay (propagated)
                                  5.000000    5.000000 v input external delay
    36    0.175370    0.382074    0.283007    5.283008 v reset (in)
                                                         reset (net)
                      0.382078    0.000000    5.283008 v _116_/A (sky130_fd_sc_hd__inv_2)
     1    0.003669    0.081541    0.123632    5.406640 ^ _116_/Y (sky130_fd_sc_hd__inv_2)
                                                         _003_ (net)
                      0.081541    0.000000    5.406641 ^ _152_/RESET_B (sky130_fd_sc_hd__dfrtp_2)
                                              5.406641   data arrival time

                                  0.000000    0.000000   clock clk (rise edge)
                                  0.000000    0.000000   clock source latency
    36    0.088116    0.398928    0.275892    0.275892 ^ clk (in)
                                                         clk (net)
                      0.398932    0.000000    0.275892 ^ _152_/CLK (sky130_fd_sc_hd__dfrtp_2)
                                  0.250000    0.525892   clock uncertainty
                                  0.000000    0.525892   clock reconvergence pessimism
                                  0.427507    0.953399   library removal time
                                              0.953399   data required time
---------------------------------------------------------------------------------------------
                                              0.953399   data required time
                                             -5.406641   data arrival time
---------------------------------------------------------------------------------------------
                                              4.453241   slack (MET)


Startpoint: reset (input port clocked by clk)
Endpoint: _151_ (removal check against rising-edge clock clk)
Path Group: asynchronous
Path Type: min

Fanout         Cap        Slew       Delay        Time   Description
---------------------------------------------------------------------------------------------
                                  0.000000    0.000000   clock clk (rise edge)
                                  0.000000    0.000000   clock network delay (propagated)
                                  5.000000    5.000000 v input external delay
    36    0.175370    0.382074    0.283068    5.283068 v reset (in)
                                                         reset (net)
                      0.382078    0.000000    5.283068 v _115_/A (sky130_fd_sc_hd__inv_2)
     1    0.003667    0.081522    0.123605    5.406672 ^ _115_/Y (sky130_fd_sc_hd__inv_2)
                                                         _002_ (net)
                      0.081522    0.000000    5.406673 ^ _151_/RESET_B (sky130_fd_sc_hd__dfrtp_2)
                                              5.406673   data arrival time

                                  0.000000    0.000000   clock clk (rise edge)
                                  0.000000    0.000000   clock source latency
    36    0.088116    0.398928    0.275885    0.275885 ^ clk (in)
                                                         clk (net)
                      0.398932    0.000000    0.275885 ^ _151_/CLK (sky130_fd_sc_hd__dfrtp_2)
                                  0.250000    0.525885   clock uncertainty
                                  0.000000    0.525885   clock reconvergence pessimism
                                  0.427502    0.953387   library removal time
                                              0.953387   data required time
---------------------------------------------------------------------------------------------
                                              0.953387   data required time
                                             -5.406673   data arrival time
---------------------------------------------------------------------------------------------
                                              4.453287   slack (MET)


Startpoint: reset (input port clocked by clk)
Endpoint: _180_ (removal check against rising-edge clock clk)
Path Group: asynchronous
Path Type: min

Fanout         Cap        Slew       Delay        Time   Description
---------------------------------------------------------------------------------------------
                                  0.000000    0.000000   clock clk (rise edge)
                                  0.000000    0.000000   clock network delay (propagated)
                                  5.000000    5.000000 v input external delay
    36    0.175370    0.382074    0.283257    5.283257 v reset (in)
                                                         reset (net)
                      0.382080    0.000000    5.283257 v _144_/A (sky130_fd_sc_hd__inv_2)
     1    0.003639    0.081314    0.123301    5.406558 ^ _144_/Y (sky130_fd_sc_hd__inv_2)
                                                         _031_ (net)
                      0.081314    0.000000    5.406558 ^ _180_/RESET_B (sky130_fd_sc_hd__dfrtp_2)
                                              5.406558   data arrival time

                                  0.000000    0.000000   clock clk (rise edge)
                                  0.000000    0.000000   clock source latency
    36    0.088116    0.398928    0.275753    0.275753 ^ clk (in)
                                                         clk (net)
                      0.398931    0.000000    0.275753 ^ _180_/CLK (sky130_fd_sc_hd__dfrtp_2)
                                  0.250000    0.525753   clock uncertainty
                                  0.000000    0.525753   clock reconvergence pessimism
                                  0.427445    0.953199   library removal time
                                              0.953199   data required time
---------------------------------------------------------------------------------------------
                                              0.953199   data required time
                                             -5.406558   data arrival time
---------------------------------------------------------------------------------------------
                                              4.453360   slack (MET)


Startpoint: reset (input port clocked by clk)
Endpoint: _179_ (removal check against rising-edge clock clk)
Path Group: asynchronous
Path Type: min

Fanout         Cap        Slew       Delay        Time   Description
---------------------------------------------------------------------------------------------
                                  0.000000    0.000000   clock clk (rise edge)
                                  0.000000    0.000000   clock network delay (propagated)
                                  5.000000    5.000000 v input external delay
    36    0.175370    0.382074    0.283268    5.283268 v reset (in)
                                                         reset (net)
                      0.382080    0.000000    5.283268 v _143_/A (sky130_fd_sc_hd__inv_2)
     1    0.003638    0.081309    0.123292    5.406560 ^ _143_/Y (sky130_fd_sc_hd__inv_2)
                                                         _030_ (net)
                      0.081309    0.000000    5.406560 ^ _179_/RESET_B (sky130_fd_sc_hd__dfrtp_2)
                                              5.406560   data arrival time

                                  0.000000    0.000000   clock clk (rise edge)
                                  0.000000    0.000000   clock source latency
    36    0.088116    0.398928    0.275752    0.275752 ^ clk (in)
                                                         clk (net)
                      0.398931    0.000000    0.275752 ^ _179_/CLK (sky130_fd_sc_hd__dfrtp_2)
                                  0.250000    0.525752   clock uncertainty
                                  0.000000    0.525752   clock reconvergence pessimism
                                  0.427444    0.953196   library removal time
                                              0.953196   data required time
---------------------------------------------------------------------------------------------
                                              0.953196   data required time
                                             -5.406560   data arrival time
---------------------------------------------------------------------------------------------
                                              4.453364   slack (MET)


Startpoint: reset (input port clocked by clk)
Endpoint: _181_ (removal check against rising-edge clock clk)
Path Group: asynchronous
Path Type: min

Fanout         Cap        Slew       Delay        Time   Description
---------------------------------------------------------------------------------------------
                                  0.000000    0.000000   clock clk (rise edge)
                                  0.000000    0.000000   clock network delay (propagated)
                                  5.000000    5.000000 v input external delay
    36    0.175370    0.382074    0.283223    5.283223 v reset (in)
                                                         reset (net)
                      0.382080    0.000000    5.283223 v _145_/A (sky130_fd_sc_hd__inv_2)
     1    0.003665    0.081513    0.123590    5.406813 ^ _145_/Y (sky130_fd_sc_hd__inv_2)
                                                         _032_ (net)
                      0.081513    0.000000    5.406814 ^ _181_/RESET_B (sky130_fd_sc_hd__dfrtp_2)
                                              5.406814   data arrival time

                                  0.000000    0.000000   clock clk (rise edge)
                                  0.000000    0.000000   clock source latency
    36    0.088116    0.398928    0.275860    0.275860 ^ clk (in)
                                                         clk (net)
                      0.398932    0.000000    0.275860 ^ _181_/CLK (sky130_fd_sc_hd__dfrtp_2)
                                  0.250000    0.525860   clock uncertainty
                                  0.000000    0.525860   clock reconvergence pessimism
                                  0.427499    0.953359   library removal time
                                              0.953359   data required time
---------------------------------------------------------------------------------------------
                                              0.953359   data required time
                                             -5.406814   data arrival time
---------------------------------------------------------------------------------------------
                                              4.453455   slack (MET)


Startpoint: reset (input port clocked by clk)
Endpoint: _163_ (removal check against rising-edge clock clk)
Path Group: asynchronous
Path Type: min

Fanout         Cap        Slew       Delay        Time   Description
---------------------------------------------------------------------------------------------
                                  0.000000    0.000000   clock clk (rise edge)
                                  0.000000    0.000000   clock network delay (propagated)
                                  5.000000    5.000000 v input external delay
    36    0.175370    0.382074    0.283543    5.283543 v reset (in)
                                                         reset (net)
                      0.382083    0.000000    5.283543 v _127_/A (sky130_fd_sc_hd__inv_2)
     1    0.003617    0.081151    0.123062    5.406606 ^ _127_/Y (sky130_fd_sc_hd__inv_2)
                                                         _014_ (net)
                      0.081151    0.000000    5.406606 ^ _163_/RESET_B (sky130_fd_sc_hd__dfrtp_2)
                                              5.406606   data arrival time

                                  0.000000    0.000000   clock clk (rise edge)
                                  0.000000    0.000000   clock source latency
    36    0.088116    0.398928    0.275689    0.275689 ^ clk (in)
                                                         clk (net)
                      0.398931    0.000000    0.275689 ^ _163_/CLK (sky130_fd_sc_hd__dfrtp_2)
                                  0.250000    0.525689   clock uncertainty
                                  0.000000    0.525689   clock reconvergence pessimism
                                  0.427401    0.953090   library removal time
                                              0.953090   data required time
---------------------------------------------------------------------------------------------
                                              0.953090   data required time
                                             -5.406606   data arrival time
---------------------------------------------------------------------------------------------
                                              4.453516   slack (MET)


Startpoint: reset (input port clocked by clk)
Endpoint: _165_ (removal check against rising-edge clock clk)
Path Group: asynchronous
Path Type: min

Fanout         Cap        Slew       Delay        Time   Description
---------------------------------------------------------------------------------------------
                                  0.000000    0.000000   clock clk (rise edge)
                                  0.000000    0.000000   clock network delay (propagated)
                                  5.000000    5.000000 v input external delay
    36    0.175370    0.382074    0.283375    5.283375 v reset (in)
                                                         reset (net)
                      0.382081    0.000000    5.283375 v _129_/A (sky130_fd_sc_hd__inv_2)
     1    0.003649    0.081393    0.123415    5.406791 ^ _129_/Y (sky130_fd_sc_hd__inv_2)
                                                         _016_ (net)
                      0.081393    0.000000    5.406792 ^ _165_/RESET_B (sky130_fd_sc_hd__dfrtp_2)
                                              5.406792   data arrival time

                                  0.000000    0.000000   clock clk (rise edge)
                                  0.000000    0.000000   clock source latency
    36    0.088116    0.398928    0.275806    0.275806 ^ clk (in)
                                                         clk (net)
                      0.398932    0.000000    0.275806 ^ _165_/CLK (sky130_fd_sc_hd__dfrtp_2)
                                  0.250000    0.525806   clock uncertainty
                                  0.000000    0.525806   clock reconvergence pessimism
                                  0.427466    0.953272   library removal time
                                              0.953272   data required time
---------------------------------------------------------------------------------------------
                                              0.953272   data required time
                                             -5.406792   data arrival time
---------------------------------------------------------------------------------------------
                                              4.453519   slack (MET)


Startpoint: reset (input port clocked by clk)
Endpoint: _149_ (removal check against rising-edge clock clk)
Path Group: asynchronous
Path Type: min

Fanout         Cap        Slew       Delay        Time   Description
---------------------------------------------------------------------------------------------
                                  0.000000    0.000000   clock clk (rise edge)
                                  0.000000    0.000000   clock network delay (propagated)
                                  5.000000    5.000000 v input external delay
    36    0.175370    0.382074    0.283394    5.283394 v reset (in)
                                                         reset (net)
                      0.382082    0.000000    5.283394 v _051_/A (sky130_fd_sc_hd__inv_2)
     1    0.003655    0.081437    0.123481    5.406875 ^ _051_/Y (sky130_fd_sc_hd__inv_2)
                                                         _000_ (net)
                      0.081437    0.000000    5.406876 ^ _149_/RESET_B (sky130_fd_sc_hd__dfrtp_2)
                                              5.406876   data arrival time

                                  0.000000    0.000000   clock clk (rise edge)
                                  0.000000    0.000000   clock source latency
    36    0.088116    0.398928    0.275819    0.275819 ^ clk (in)
                                                         clk (net)
                      0.398932    0.000000    0.275819 ^ _149_/CLK (sky130_fd_sc_hd__dfrtp_2)
                                  0.250000    0.525819   clock uncertainty
                                  0.000000    0.525819   clock reconvergence pessimism
                                  0.427479    0.953298   library removal time
                                              0.953298   data required time
---------------------------------------------------------------------------------------------
                                              0.953298   data required time
                                             -5.406876   data arrival time
---------------------------------------------------------------------------------------------
                                              4.453578   slack (MET)


Startpoint: reset (input port clocked by clk)
Endpoint: _150_ (removal check against rising-edge clock clk)
Path Group: asynchronous
Path Type: min

Fanout         Cap        Slew       Delay        Time   Description
---------------------------------------------------------------------------------------------
                                  0.000000    0.000000   clock clk (rise edge)
                                  0.000000    0.000000   clock network delay (propagated)
                                  5.000000    5.000000 v input external delay
    36    0.175370    0.382074    0.283438    5.283438 v reset (in)
                                                         reset (net)
                      0.382082    0.000000    5.283438 v _114_/A (sky130_fd_sc_hd__inv_2)
     1    0.003654    0.081428    0.123467    5.406906 ^ _114_/Y (sky130_fd_sc_hd__inv_2)
                                                         _001_ (net)
                      0.081428    0.000000    5.406907 ^ _150_/RESET_B (sky130_fd_sc_hd__dfrtp_2)
                                              5.406907   data arrival time

                                  0.000000    0.000000   clock clk (rise edge)
                                  0.000000    0.000000   clock source latency
    36    0.088116    0.398928    0.275819    0.275819 ^ clk (in)
                                                         clk (net)
                      0.398932    0.000000    0.275819 ^ _150_/CLK (sky130_fd_sc_hd__dfrtp_2)
                                  0.250000    0.525820   clock uncertainty
                                  0.000000    0.525820   clock reconvergence pessimism
                                  0.427476    0.953296   library removal time
                                              0.953296   data required time
---------------------------------------------------------------------------------------------
                                              0.953296   data required time
                                             -5.406907   data arrival time
---------------------------------------------------------------------------------------------
                                              4.453611   slack (MET)


Startpoint: reset (input port clocked by clk)
Endpoint: _173_ (removal check against rising-edge clock clk)
Path Group: asynchronous
Path Type: min

Fanout         Cap        Slew       Delay        Time   Description
---------------------------------------------------------------------------------------------
                                  0.000000    0.000000   clock clk (rise edge)
                                  0.000000    0.000000   clock network delay (propagated)
                                  5.000000    5.000000 v input external delay
    36    0.175370    0.382074    0.283515    5.283514 v reset (in)
                                                         reset (net)
                      0.382083    0.000000    5.283514 v _137_/A (sky130_fd_sc_hd__inv_2)
     1    0.003647    0.081372    0.123384    5.406899 ^ _137_/Y (sky130_fd_sc_hd__inv_2)
                                                         _024_ (net)
                      0.081372    0.000000    5.406899 ^ _173_/RESET_B (sky130_fd_sc_hd__dfrtp_2)
                                              5.406899   data arrival time

                                  0.000000    0.000000   clock clk (rise edge)
                                  0.000000    0.000000   clock source latency
    36    0.088116    0.398928    0.275802    0.275802 ^ clk (in)
                                                         clk (net)
                      0.398931    0.000000    0.275802 ^ _173_/CLK (sky130_fd_sc_hd__dfrtp_2)
                                  0.250000    0.525803   clock uncertainty
                                  0.000000    0.525803   clock reconvergence pessimism
                                  0.427461    0.953263   library removal time
                                              0.953263   data required time
---------------------------------------------------------------------------------------------
                                              0.953263   data required time
                                             -5.406899   data arrival time
---------------------------------------------------------------------------------------------
                                              4.453636   slack (MET)


Startpoint: reset (input port clocked by clk)
Endpoint: _162_ (removal check against rising-edge clock clk)
Path Group: asynchronous
Path Type: min

Fanout         Cap        Slew       Delay        Time   Description
---------------------------------------------------------------------------------------------
                                  0.000000    0.000000   clock clk (rise edge)
                                  0.000000    0.000000   clock network delay (propagated)
                                  5.000000    5.000000 v input external delay
    36    0.175370    0.382074    0.283652    5.283652 v reset (in)
                                                         reset (net)
                      0.382084    0.000000    5.283652 v _126_/A (sky130_fd_sc_hd__inv_2)
     1    0.003622    0.081188    0.123116    5.406768 ^ _126_/Y (sky130_fd_sc_hd__inv_2)
                                                         _013_ (net)
                      0.081188    0.000000    5.406768 ^ _162_/RESET_B (sky130_fd_sc_hd__dfrtp_2)
                                              5.406768   data arrival time

                                  0.000000    0.000000   clock clk (rise edge)
                                  0.000000    0.000000   clock source latency
    36    0.088116    0.398928    0.275674    0.275674 ^ clk (in)
                                                         clk (net)
                      0.398931    0.000000    0.275674 ^ _162_/CLK (sky130_fd_sc_hd__dfrtp_2)
                                  0.250000    0.525674   clock uncertainty
                                  0.000000    0.525674   clock reconvergence pessimism
                                  0.427411    0.953085   library removal time
                                              0.953085   data required time
---------------------------------------------------------------------------------------------
                                              0.953085   data required time
                                             -5.406768   data arrival time
---------------------------------------------------------------------------------------------
                                              4.453683   slack (MET)


Startpoint: reset (input port clocked by clk)
Endpoint: _164_ (removal check against rising-edge clock clk)
Path Group: asynchronous
Path Type: min

Fanout         Cap        Slew       Delay        Time   Description
---------------------------------------------------------------------------------------------
                                  0.000000    0.000000   clock clk (rise edge)
                                  0.000000    0.000000   clock network delay (propagated)
                                  5.000000    5.000000 v input external delay
    36    0.175370    0.382074    0.283478    5.283478 v reset (in)
                                                         reset (net)
                      0.382082    0.000000    5.283478 v _128_/A (sky130_fd_sc_hd__inv_2)
     1    0.003651    0.081408    0.123438    5.406916 ^ _128_/Y (sky130_fd_sc_hd__inv_2)
                                                         _015_ (net)
                      0.081408    0.000000    5.406917 ^ _164_/RESET_B (sky130_fd_sc_hd__dfrtp_2)
                                              5.406917   data arrival time

                                  0.000000    0.000000   clock clk (rise edge)
                                  0.000000    0.000000   clock source latency
    36    0.088116    0.398928    0.275739    0.275739 ^ clk (in)
                                                         clk (net)
                      0.398931    0.000000    0.275739 ^ _164_/CLK (sky130_fd_sc_hd__dfrtp_2)
                                  0.250000    0.525739   clock uncertainty
                                  0.000000    0.525739   clock reconvergence pessimism
                                  0.427470    0.953210   library removal time
                                              0.953210   data required time
---------------------------------------------------------------------------------------------
                                              0.953210   data required time
                                             -5.406917   data arrival time
---------------------------------------------------------------------------------------------
                                              4.453707   slack (MET)


Startpoint: reset (input port clocked by clk)
Endpoint: _184_ (removal check against rising-edge clock clk)
Path Group: asynchronous
Path Type: min

Fanout         Cap        Slew       Delay        Time   Description
---------------------------------------------------------------------------------------------
                                  0.000000    0.000000   clock clk (rise edge)
                                  0.000000    0.000000   clock network delay (propagated)
                                  5.000000    5.000000 v input external delay
    36    0.175370    0.382074    0.283578    5.283578 v reset (in)
                                                         reset (net)
                      0.382084    0.000000    5.283578 v _148_/A (sky130_fd_sc_hd__inv_2)
     1    0.003646    0.081366    0.123376    5.406955 ^ _148_/Y (sky130_fd_sc_hd__inv_2)
                                                         _035_ (net)
                      0.081366    0.000000    5.406956 ^ _184_/RESET_B (sky130_fd_sc_hd__dfrtp_2)
                                              5.406956   data arrival time

                                  0.000000    0.000000   clock clk (rise edge)
                                  0.000000    0.000000   clock source latency
    36    0.088116    0.398928    0.275779    0.275779 ^ clk (in)
                                                         clk (net)
                      0.398931    0.000000    0.275779 ^ _184_/CLK (sky130_fd_sc_hd__dfrtp_2)
                                  0.250000    0.525779   clock uncertainty
                                  0.000000    0.525779   clock reconvergence pessimism
                                  0.427459    0.953238   library removal time
                                              0.953238   data required time
---------------------------------------------------------------------------------------------
                                              0.953238   data required time
                                             -5.406956   data arrival time
---------------------------------------------------------------------------------------------
                                              4.453718   slack (MET)


Startpoint: reset (input port clocked by clk)
Endpoint: _161_ (removal check against rising-edge clock clk)
Path Group: asynchronous
Path Type: min

Fanout         Cap        Slew       Delay        Time   Description
---------------------------------------------------------------------------------------------
                                  0.000000    0.000000   clock clk (rise edge)
                                  0.000000    0.000000   clock network delay (propagated)
                                  5.000000    5.000000 v input external delay
    36    0.175370    0.382074    0.283627    5.283627 v reset (in)
                                                         reset (net)
                      0.382084    0.000000    5.283627 v _125_/A (sky130_fd_sc_hd__inv_2)
     1    0.003622    0.081188    0.123117    5.406744 ^ _125_/Y (sky130_fd_sc_hd__inv_2)
                                                         _012_ (net)
                      0.081188    0.000000    5.406744 ^ _161_/RESET_B (sky130_fd_sc_hd__dfrtp_2)
                                              5.406744   data arrival time

                                  0.000000    0.000000   clock clk (rise edge)
                                  0.000000    0.000000   clock source latency
    36    0.088116    0.398928    0.275582    0.275582 ^ clk (in)
                                                         clk (net)
                      0.398930    0.000000    0.275582 ^ _161_/CLK (sky130_fd_sc_hd__dfrtp_2)
                                  0.250000    0.525582   clock uncertainty
                                  0.000000    0.525582   clock reconvergence pessimism
                                  0.427411    0.952993   library removal time
                                              0.952993   data required time
---------------------------------------------------------------------------------------------
                                              0.952993   data required time
                                             -5.406744   data arrival time
---------------------------------------------------------------------------------------------
                                              4.453751   slack (MET)


Startpoint: reset (input port clocked by clk)
Endpoint: _175_ (removal check against rising-edge clock clk)
Path Group: asynchronous
Path Type: min

Fanout         Cap        Slew       Delay        Time   Description
---------------------------------------------------------------------------------------------
                                  0.000000    0.000000   clock clk (rise edge)
                                  0.000000    0.000000   clock network delay (propagated)
                                  5.000000    5.000000 v input external delay
    36    0.175370    0.382074    0.283640    5.283640 v reset (in)
                                                         reset (net)
                      0.382084    0.000000    5.283640 v _139_/A (sky130_fd_sc_hd__inv_2)
     1    0.003641    0.081327    0.123320    5.406960 ^ _139_/Y (sky130_fd_sc_hd__inv_2)
                                                         _026_ (net)
                      0.081327    0.000000    5.406960 ^ _175_/RESET_B (sky130_fd_sc_hd__dfrtp_2)
                                              5.406960   data arrival time

                                  0.000000    0.000000   clock clk (rise edge)
                                  0.000000    0.000000   clock source latency
    36    0.088116    0.398928    0.275727    0.275727 ^ clk (in)
                                                         clk (net)
                      0.398931    0.000000    0.275727 ^ _175_/CLK (sky130_fd_sc_hd__dfrtp_2)
                                  0.250000    0.525727   clock uncertainty
                                  0.000000    0.525727   clock reconvergence pessimism
                                  0.427449    0.953175   library removal time
                                              0.953175   data required time
---------------------------------------------------------------------------------------------
                                              0.953175   data required time
                                             -5.406960   data arrival time
---------------------------------------------------------------------------------------------
                                              4.453784   slack (MET)


Startpoint: reset (input port clocked by clk)
Endpoint: _158_ (removal check against rising-edge clock clk)
Path Group: asynchronous
Path Type: min

Fanout         Cap        Slew       Delay        Time   Description
---------------------------------------------------------------------------------------------
                                  0.000000    0.000000   clock clk (rise edge)
                                  0.000000    0.000000   clock network delay (propagated)
                                  5.000000    5.000000 v input external delay
    36    0.175370    0.382074    0.283699    5.283699 v reset (in)
                                                         reset (net)
                      0.382085    0.000000    5.283699 v _122_/A (sky130_fd_sc_hd__inv_2)
     1    0.003622    0.081189    0.123117    5.406816 ^ _122_/Y (sky130_fd_sc_hd__inv_2)
                                                         _009_ (net)
                      0.081189    0.000000    5.406816 ^ _158_/RESET_B (sky130_fd_sc_hd__dfrtp_2)
                                              5.406816   data arrival time

                                  0.000000    0.000000   clock clk (rise edge)
                                  0.000000    0.000000   clock source latency
    36    0.088116    0.398928    0.275341    0.275341 ^ clk (in)
                                                         clk (net)
                      0.398929    0.000000    0.275341 ^ _158_/CLK (sky130_fd_sc_hd__dfrtp_2)
                                  0.250000    0.525341   clock uncertainty
                                  0.000000    0.525341   clock reconvergence pessimism
                                  0.427410    0.952752   library removal time
                                              0.952752   data required time
---------------------------------------------------------------------------------------------
                                              0.952752   data required time
                                             -5.406816   data arrival time
---------------------------------------------------------------------------------------------
                                              4.454064   slack (MET)


Startpoint: reset (input port clocked by clk)
Endpoint: _159_ (removal check against rising-edge clock clk)
Path Group: asynchronous
Path Type: min

Fanout         Cap        Slew       Delay        Time   Description
---------------------------------------------------------------------------------------------
                                  0.000000    0.000000   clock clk (rise edge)
                                  0.000000    0.000000   clock network delay (propagated)
                                  5.000000    5.000000 v input external delay
    36    0.175370    0.382074    0.283706    5.283706 v reset (in)
                                                         reset (net)
                      0.382085    0.000000    5.283706 v _123_/A (sky130_fd_sc_hd__inv_2)
     1    0.003651    0.081402    0.123429    5.407135 ^ _123_/Y (sky130_fd_sc_hd__inv_2)
                                                         _010_ (net)
                      0.081402    0.000000    5.407135 ^ _159_/RESET_B (sky130_fd_sc_hd__dfrtp_2)
                                              5.407135   data arrival time

                                  0.000000    0.000000   clock clk (rise edge)
                                  0.000000    0.000000   clock source latency
    36    0.088116    0.398928    0.275338    0.275338 ^ clk (in)
                                                         clk (net)
                      0.398929    0.000000    0.275338 ^ _159_/CLK (sky130_fd_sc_hd__dfrtp_2)
                                  0.250000    0.525338   clock uncertainty
                                  0.000000    0.525338   clock reconvergence pessimism
                                  0.427468    0.952807   library removal time
                                              0.952807   data required time
---------------------------------------------------------------------------------------------
                                              0.952807   data required time
                                             -5.407135   data arrival time
---------------------------------------------------------------------------------------------
                                              4.454329   slack (MET)


Startpoint: reset (input port clocked by clk)
Endpoint: _171_ (removal check against rising-edge clock clk)
Path Group: asynchronous
Path Type: min

Fanout         Cap        Slew       Delay        Time   Description
---------------------------------------------------------------------------------------------
                                  0.000000    0.000000   clock clk (rise edge)
                                  0.000000    0.000000   clock network delay (propagated)
                                  5.000000    5.000000 v input external delay
    36    0.175370    0.382074    0.283855    5.283855 v reset (in)
                                                         reset (net)
                      0.382087    0.000000    5.283855 v _135_/A (sky130_fd_sc_hd__inv_2)
     1    0.003657    0.081452    0.123502    5.407356 ^ _135_/Y (sky130_fd_sc_hd__inv_2)
                                                         _022_ (net)
                      0.081452    0.000000    5.407357 ^ _171_/RESET_B (sky130_fd_sc_hd__dfrtp_2)
                                              5.407357   data arrival time

                                  0.000000    0.000000   clock clk (rise edge)
                                  0.000000    0.000000   clock source latency
    36    0.088116    0.398928    0.275537    0.275537 ^ clk (in)
                                                         clk (net)
                      0.398930    0.000000    0.275537 ^ _171_/CLK (sky130_fd_sc_hd__dfrtp_2)
                                  0.250000    0.525537   clock uncertainty
                                  0.000000    0.525537   clock reconvergence pessimism
                                  0.427482    0.953019   library removal time
                                              0.953019   data required time
---------------------------------------------------------------------------------------------
                                              0.953019   data required time
                                             -5.407357   data arrival time
---------------------------------------------------------------------------------------------
                                              4.454339   slack (MET)


Startpoint: reset (input port clocked by clk)
Endpoint: _170_ (removal check against rising-edge clock clk)
Path Group: asynchronous
Path Type: min

Fanout         Cap        Slew       Delay        Time   Description
---------------------------------------------------------------------------------------------
                                  0.000000    0.000000   clock clk (rise edge)
                                  0.000000    0.000000   clock network delay (propagated)
                                  5.000000    5.000000 v input external delay
    36    0.175370    0.382074    0.284072    5.284072 v reset (in)
                                                         reset (net)
                      0.382090    0.000000    5.284072 v _134_/A (sky130_fd_sc_hd__inv_2)
     1    0.003634    0.081281    0.123252    5.407324 ^ _134_/Y (sky130_fd_sc_hd__inv_2)
                                                         _021_ (net)
                      0.081281    0.000000    5.407324 ^ _170_/RESET_B (sky130_fd_sc_hd__dfrtp_2)
                                              5.407324   data arrival time

                                  0.000000    0.000000   clock clk (rise edge)
                                  0.000000    0.000000   clock source latency
    36    0.088116    0.398928    0.275523    0.275523 ^ clk (in)
                                                         clk (net)
                      0.398930    0.000000    0.275523 ^ _170_/CLK (sky130_fd_sc_hd__dfrtp_2)
                                  0.250000    0.525523   clock uncertainty
                                  0.000000    0.525523   clock reconvergence pessimism
                                  0.427436    0.952959   library removal time
                                              0.952959   data required time
---------------------------------------------------------------------------------------------
                                              0.952959   data required time
                                             -5.407324   data arrival time
---------------------------------------------------------------------------------------------
                                              4.454365   slack (MET)


Startpoint: reset (input port clocked by clk)
Endpoint: _183_ (removal check against rising-edge clock clk)
Path Group: asynchronous
Path Type: min

Fanout         Cap        Slew       Delay        Time   Description
---------------------------------------------------------------------------------------------
                                  0.000000    0.000000   clock clk (rise edge)
                                  0.000000    0.000000   clock network delay (propagated)
                                  5.000000    5.000000 v input external delay
    36    0.175370    0.382074    0.284162    5.284162 v reset (in)
                                                         reset (net)
                      0.382092    0.000000    5.284162 v _147_/A (sky130_fd_sc_hd__inv_2)
     1    0.003626    0.081217    0.123159    5.407320 ^ _147_/Y (sky130_fd_sc_hd__inv_2)
                                                         _034_ (net)
                      0.081217    0.000000    5.407321 ^ _183_/RESET_B (sky130_fd_sc_hd__dfrtp_2)
                                              5.407321   data arrival time

                                  0.000000    0.000000   clock clk (rise edge)
                                  0.000000    0.000000   clock source latency
    36    0.088116    0.398928    0.275486    0.275486 ^ clk (in)
                                                         clk (net)
                      0.398930    0.000000    0.275486 ^ _183_/CLK (sky130_fd_sc_hd__dfrtp_2)
                                  0.250000    0.525486   clock uncertainty
                                  0.000000    0.525486   clock reconvergence pessimism
                                  0.427418    0.952904   library removal time
                                              0.952904   data required time
---------------------------------------------------------------------------------------------
                                              0.952904   data required time
                                             -5.407321   data arrival time
---------------------------------------------------------------------------------------------
                                              4.454417   slack (MET)


Startpoint: reset (input port clocked by clk)
Endpoint: _160_ (removal check against rising-edge clock clk)
Path Group: asynchronous
Path Type: min

Fanout         Cap        Slew       Delay        Time   Description
---------------------------------------------------------------------------------------------
                                  0.000000    0.000000   clock clk (rise edge)
                                  0.000000    0.000000   clock network delay (propagated)
                                  5.000000    5.000000 v input external delay
    36    0.175370    0.382074    0.284203    5.284203 v reset (in)
                                                         reset (net)
                      0.382092    0.000000    5.284203 v _124_/A (sky130_fd_sc_hd__inv_2)
     1    0.003614    0.081128    0.123028    5.407231 ^ _124_/Y (sky130_fd_sc_hd__inv_2)
                                                         _011_ (net)
                      0.081128    0.000000    5.407231 ^ _160_/RESET_B (sky130_fd_sc_hd__dfrtp_2)
                                              5.407231   data arrival time

                                  0.000000    0.000000   clock clk (rise edge)
                                  0.000000    0.000000   clock source latency
    36    0.088116    0.398928    0.275413    0.275413 ^ clk (in)
                                                         clk (net)
                      0.398929    0.000000    0.275413 ^ _160_/CLK (sky130_fd_sc_hd__dfrtp_2)
                                  0.250000    0.525414   clock uncertainty
                                  0.000000    0.525414   clock reconvergence pessimism
                                  0.427394    0.952808   library removal time
                                              0.952808   data required time
---------------------------------------------------------------------------------------------
                                              0.952808   data required time
                                             -5.407231   data arrival time
---------------------------------------------------------------------------------------------
                                              4.454423   slack (MET)


Startpoint: reset (input port clocked by clk)
Endpoint: _182_ (removal check against rising-edge clock clk)
Path Group: asynchronous
Path Type: min

Fanout         Cap        Slew       Delay        Time   Description
---------------------------------------------------------------------------------------------
                                  0.000000    0.000000   clock clk (rise edge)
                                  0.000000    0.000000   clock network delay (propagated)
                                  5.000000    5.000000 v input external delay
    36    0.175370    0.382074    0.284144    5.284144 v reset (in)
                                                         reset (net)
                      0.382091    0.000000    5.284144 v _146_/A (sky130_fd_sc_hd__inv_2)
     1    0.003639    0.081312    0.123298    5.407442 ^ _146_/Y (sky130_fd_sc_hd__inv_2)
                                                         _033_ (net)
                      0.081312    0.000000    5.407442 ^ _182_/RESET_B (sky130_fd_sc_hd__dfrtp_2)
                                              5.407442   data arrival time

                                  0.000000    0.000000   clock clk (rise edge)
                                  0.000000    0.000000   clock source latency
    36    0.088116    0.398928    0.275498    0.275498 ^ clk (in)
                                                         clk (net)
                      0.398930    0.000000    0.275498 ^ _182_/CLK (sky130_fd_sc_hd__dfrtp_2)
                                  0.250000    0.525498   clock uncertainty
                                  0.000000    0.525498   clock reconvergence pessimism
                                  0.427444    0.952942   library removal time
                                              0.952942   data required time
---------------------------------------------------------------------------------------------
                                              0.952942   data required time
                                             -5.407442   data arrival time
---------------------------------------------------------------------------------------------
                                              4.454500   slack (MET)


Startpoint: reset (input port clocked by clk)
Endpoint: _157_ (removal check against rising-edge clock clk)
Path Group: asynchronous
Path Type: min

Fanout         Cap        Slew       Delay        Time   Description
---------------------------------------------------------------------------------------------
                                  0.000000    0.000000   clock clk (rise edge)
                                  0.000000    0.000000   clock network delay (propagated)
                                  5.000000    5.000000 v input external delay
    36    0.175370    0.382074    0.283720    5.283720 v reset (in)
                                                         reset (net)
                      0.382085    0.000000    5.283720 v _121_/A (sky130_fd_sc_hd__inv_2)
     1    0.003640    0.081323    0.123314    5.407033 ^ _121_/Y (sky130_fd_sc_hd__inv_2)
                                                         _008_ (net)
                      0.081323    0.000000    5.407034 ^ _157_/RESET_B (sky130_fd_sc_hd__dfrtp_2)
                                              5.407034   data arrival time

                                  0.000000    0.000000   clock clk (rise edge)
                                  0.000000    0.000000   clock source latency
    36    0.088116    0.398928    0.275071    0.275071 ^ clk (in)
                                                         clk (net)
                      0.398928    0.000000    0.275071 ^ _157_/CLK (sky130_fd_sc_hd__dfrtp_2)
                                  0.250000    0.525071   clock uncertainty
                                  0.000000    0.525071   clock reconvergence pessimism
                                  0.427447    0.952518   library removal time
                                              0.952518   data required time
---------------------------------------------------------------------------------------------
                                              0.952518   data required time
                                             -5.407034   data arrival time
---------------------------------------------------------------------------------------------
                                              4.454516   slack (MET)


Startpoint: reset (input port clocked by clk)
Endpoint: _172_ (removal check against rising-edge clock clk)
Path Group: asynchronous
Path Type: min

Fanout         Cap        Slew       Delay        Time   Description
---------------------------------------------------------------------------------------------
                                  0.000000    0.000000   clock clk (rise edge)
                                  0.000000    0.000000   clock network delay (propagated)
                                  5.000000    5.000000 v input external delay
    36    0.175370    0.382074    0.283962    5.283962 v reset (in)
                                                         reset (net)
                      0.382089    0.000000    5.283962 v _136_/A (sky130_fd_sc_hd__inv_2)
     1    0.003664    0.081505    0.123579    5.407541 ^ _136_/Y (sky130_fd_sc_hd__inv_2)
                                                         _023_ (net)
                      0.081505    0.000000    5.407542 ^ _172_/RESET_B (sky130_fd_sc_hd__dfrtp_2)
                                              5.407542   data arrival time

                                  0.000000    0.000000   clock clk (rise edge)
                                  0.000000    0.000000   clock source latency
    36    0.088116    0.398928    0.275533    0.275533 ^ clk (in)
                                                         clk (net)
                      0.398930    0.000000    0.275533 ^ _172_/CLK (sky130_fd_sc_hd__dfrtp_2)
                                  0.250000    0.525533   clock uncertainty
                                  0.000000    0.525533   clock reconvergence pessimism
                                  0.427496    0.953030   library removal time
                                              0.953030   data required time
---------------------------------------------------------------------------------------------
                                              0.953030   data required time
                                             -5.407542   data arrival time
---------------------------------------------------------------------------------------------
                                              4.454513   slack (MET)


Startpoint: reset (input port clocked by clk)
Endpoint: _174_ (removal check against rising-edge clock clk)
Path Group: asynchronous
Path Type: min

Fanout         Cap        Slew       Delay        Time   Description
---------------------------------------------------------------------------------------------
                                  0.000000    0.000000   clock clk (rise edge)
                                  0.000000    0.000000   clock network delay (propagated)
                                  5.000000    5.000000 v input external delay
    36    0.175370    0.382074    0.284195    5.284195 v reset (in)
                                                         reset (net)
                      0.382092    0.000000    5.284195 v _138_/A (sky130_fd_sc_hd__inv_2)
     1    0.003633    0.081273    0.123240    5.407435 ^ _138_/Y (sky130_fd_sc_hd__inv_2)
                                                         _025_ (net)
                      0.081273    0.000000    5.407435 ^ _174_/RESET_B (sky130_fd_sc_hd__dfrtp_2)
                                              5.407435   data arrival time

                                  0.000000    0.000000   clock clk (rise edge)
                                  0.000000    0.000000   clock source latency
    36    0.088116    0.398928    0.275451    0.275451 ^ clk (in)
                                                         clk (net)
                      0.398929    0.000000    0.275451 ^ _174_/CLK (sky130_fd_sc_hd__dfrtp_2)
                                  0.250000    0.525451   clock uncertainty
                                  0.000000    0.525451   clock reconvergence pessimism
                                  0.427433    0.952884   library removal time
                                              0.952884   data required time
---------------------------------------------------------------------------------------------
                                              0.952884   data required time
                                             -5.407435   data arrival time
---------------------------------------------------------------------------------------------
                                              4.454552   slack (MET)


Startpoint: reset (input port clocked by clk)
Endpoint: _168_ (removal check against rising-edge clock clk)
Path Group: asynchronous
Path Type: min

Fanout         Cap        Slew       Delay        Time   Description
---------------------------------------------------------------------------------------------
                                  0.000000    0.000000   clock clk (rise edge)
                                  0.000000    0.000000   clock network delay (propagated)
                                  5.000000    5.000000 v input external delay
    36    0.175370    0.382074    0.284244    5.284244 v reset (in)
                                                         reset (net)
                      0.382093    0.000000    5.284244 v _132_/A (sky130_fd_sc_hd__inv_2)
     1    0.003638    0.081306    0.123288    5.407532 ^ _132_/Y (sky130_fd_sc_hd__inv_2)
                                                         _019_ (net)
                      0.081306    0.000000    5.407532 ^ _168_/RESET_B (sky130_fd_sc_hd__dfrtp_2)
                                              5.407532   data arrival time

                                  0.000000    0.000000   clock clk (rise edge)
                                  0.000000    0.000000   clock source latency
    36    0.088116    0.398928    0.275145    0.275145 ^ clk (in)
                                                         clk (net)
                      0.398928    0.000000    0.275145 ^ _168_/CLK (sky130_fd_sc_hd__dfrtp_2)
                                  0.250000    0.525145   clock uncertainty
                                  0.000000    0.525145   clock reconvergence pessimism
                                  0.427442    0.952586   library removal time
                                              0.952586   data required time
---------------------------------------------------------------------------------------------
                                              0.952586   data required time
                                             -5.407532   data arrival time
---------------------------------------------------------------------------------------------
                                              4.454946   slack (MET)


Startpoint: reset (input port clocked by clk)
Endpoint: _167_ (removal check against rising-edge clock clk)
Path Group: asynchronous
Path Type: min

Fanout         Cap        Slew       Delay        Time   Description
---------------------------------------------------------------------------------------------
                                  0.000000    0.000000   clock clk (rise edge)
                                  0.000000    0.000000   clock network delay (propagated)
                                  5.000000    5.000000 v input external delay
    36    0.175370    0.382074    0.284301    5.284302 v reset (in)
                                                         reset (net)
                      0.382094    0.000000    5.284302 v _131_/A (sky130_fd_sc_hd__inv_2)
     1    0.003652    0.081412    0.123443    5.407744 ^ _131_/Y (sky130_fd_sc_hd__inv_2)
                                                         _018_ (net)
                      0.081412    0.000000    5.407745 ^ _167_/RESET_B (sky130_fd_sc_hd__dfrtp_2)
                                              5.407745   data arrival time

                                  0.000000    0.000000   clock clk (rise edge)
                                  0.000000    0.000000   clock source latency
    36    0.088116    0.398928    0.275141    0.275141 ^ clk (in)
                                                         clk (net)
                      0.398928    0.000000    0.275141 ^ _167_/CLK (sky130_fd_sc_hd__dfrtp_2)
                                  0.250000    0.525141   clock uncertainty
                                  0.000000    0.525141   clock reconvergence pessimism
                                  0.427471    0.952612   library removal time
                                              0.952612   data required time
---------------------------------------------------------------------------------------------
                                              0.952612   data required time
                                             -5.407745   data arrival time
---------------------------------------------------------------------------------------------
                                              4.455134   slack (MET)


Startpoint: reset (input port clocked by clk)
Endpoint: _156_ (removal check against rising-edge clock clk)
Path Group: asynchronous
Path Type: min

Fanout         Cap        Slew       Delay        Time   Description
---------------------------------------------------------------------------------------------
                                  0.000000    0.000000   clock clk (rise edge)
                                  0.000000    0.000000   clock network delay (propagated)
                                  5.000000    5.000000 v input external delay
    36    0.175370    0.382074    0.284435    5.284435 v reset (in)
                                                         reset (net)
                      0.382096    0.000000    5.284435 v _120_/A (sky130_fd_sc_hd__inv_2)
     1    0.003632    0.081264    0.123227    5.407662 ^ _120_/Y (sky130_fd_sc_hd__inv_2)
                                                         _007_ (net)
                      0.081264    0.000000    5.407662 ^ _156_/RESET_B (sky130_fd_sc_hd__dfrtp_2)
                                              5.407662   data arrival time

                                  0.000000    0.000000   clock clk (rise edge)
                                  0.000000    0.000000   clock source latency
    36    0.088116    0.398928    0.275065    0.275065 ^ clk (in)
                                                         clk (net)
                      0.398928    0.000000    0.275065 ^ _156_/CLK (sky130_fd_sc_hd__dfrtp_2)
                                  0.250000    0.525065   clock uncertainty
                                  0.000000    0.525065   clock reconvergence pessimism
                                  0.427431    0.952495   library removal time
                                              0.952495   data required time
---------------------------------------------------------------------------------------------
                                              0.952495   data required time
                                             -5.407662   data arrival time
---------------------------------------------------------------------------------------------
                                              4.455167   slack (MET)


Startpoint: reset (input port clocked by clk)
Endpoint: _177_ (removal check against rising-edge clock clk)
Path Group: asynchronous
Path Type: min

Fanout         Cap        Slew       Delay        Time   Description
---------------------------------------------------------------------------------------------
                                  0.000000    0.000000   clock clk (rise edge)
                                  0.000000    0.000000   clock network delay (propagated)
                                  5.000000    5.000000 v input external delay
    36    0.175370    0.382074    0.284368    5.284368 v reset (in)
                                                         reset (net)
                      0.382095    0.000000    5.284368 v _141_/A (sky130_fd_sc_hd__inv_2)
     1    0.003647    0.081379    0.123396    5.407763 ^ _141_/Y (sky130_fd_sc_hd__inv_2)
                                                         _028_ (net)
                      0.081379    0.000000    5.407764 ^ _177_/RESET_B (sky130_fd_sc_hd__dfrtp_2)
                                              5.407764   data arrival time

                                  0.000000    0.000000   clock clk (rise edge)
                                  0.000000    0.000000   clock source latency
    36    0.088116    0.398928    0.275128    0.275128 ^ clk (in)
                                                         clk (net)
                      0.398928    0.000000    0.275128 ^ _177_/CLK (sky130_fd_sc_hd__dfrtp_2)
                                  0.250000    0.525128   clock uncertainty
                                  0.000000    0.525128   clock reconvergence pessimism
                                  0.427462    0.952590   library removal time
                                              0.952590   data required time
---------------------------------------------------------------------------------------------
                                              0.952590   data required time
                                             -5.407764   data arrival time
---------------------------------------------------------------------------------------------
                                              4.455173   slack (MET)


Startpoint: reset (input port clocked by clk)
Endpoint: _178_ (removal check against rising-edge clock clk)
Path Group: asynchronous
Path Type: min

Fanout         Cap        Slew       Delay        Time   Description
---------------------------------------------------------------------------------------------
                                  0.000000    0.000000   clock clk (rise edge)
                                  0.000000    0.000000   clock network delay (propagated)
                                  5.000000    5.000000 v input external delay
    36    0.175370    0.382074    0.284399    5.284399 v reset (in)
                                                         reset (net)
                      0.382096    0.000000    5.284399 v _142_/A (sky130_fd_sc_hd__inv_2)
     1    0.003645    0.081358    0.123365    5.407764 ^ _142_/Y (sky130_fd_sc_hd__inv_2)
                                                         _029_ (net)
                      0.081358    0.000000    5.407764 ^ _178_/RESET_B (sky130_fd_sc_hd__dfrtp_2)
                                              5.407764   data arrival time

                                  0.000000    0.000000   clock clk (rise edge)
                                  0.000000    0.000000   clock source latency
    36    0.088116    0.398928    0.275110    0.275110 ^ clk (in)
                                                         clk (net)
                      0.398928    0.000000    0.275110 ^ _178_/CLK (sky130_fd_sc_hd__dfrtp_2)
                                  0.250000    0.525110   clock uncertainty
                                  0.000000    0.525110   clock reconvergence pessimism
                                  0.427456    0.952566   library removal time
                                              0.952566   data required time
---------------------------------------------------------------------------------------------
                                              0.952566   data required time
                                             -5.407764   data arrival time
---------------------------------------------------------------------------------------------
                                              4.455198   slack (MET)


Startpoint: reset (input port clocked by clk)
Endpoint: _169_ (removal check against rising-edge clock clk)
Path Group: asynchronous
Path Type: min

Fanout         Cap        Slew       Delay        Time   Description
---------------------------------------------------------------------------------------------
                                  0.000000    0.000000   clock clk (rise edge)
                                  0.000000    0.000000   clock network delay (propagated)
                                  5.000000    5.000000 v input external delay
    36    0.175370    0.382074    0.284371    5.284371 v reset (in)
                                                         reset (net)
                      0.382095    0.000000    5.284371 v _133_/A (sky130_fd_sc_hd__inv_2)
     1    0.003667    0.081523    0.123606    5.407977 ^ _133_/Y (sky130_fd_sc_hd__inv_2)
                                                         _020_ (net)
                      0.081523    0.000000    5.407978 ^ _169_/RESET_B (sky130_fd_sc_hd__dfrtp_2)
                                              5.407978   data arrival time

                                  0.000000    0.000000   clock clk (rise edge)
                                  0.000000    0.000000   clock source latency
    36    0.088116    0.398928    0.275129    0.275129 ^ clk (in)
                                                         clk (net)
                      0.398928    0.000000    0.275129 ^ _169_/CLK (sky130_fd_sc_hd__dfrtp_2)
                                  0.250000    0.525129   clock uncertainty
                                  0.000000    0.525129   clock reconvergence pessimism
                                  0.427501    0.952629   library removal time
                                              0.952629   data required time
---------------------------------------------------------------------------------------------
                                              0.952629   data required time
                                             -5.407978   data arrival time
---------------------------------------------------------------------------------------------
                                              4.455348   slack (MET)


Startpoint: reset (input port clocked by clk)
Endpoint: _155_ (removal check against rising-edge clock clk)
Path Group: asynchronous
Path Type: min

Fanout         Cap        Slew       Delay        Time   Description
---------------------------------------------------------------------------------------------
                                  0.000000    0.000000   clock clk (rise edge)
                                  0.000000    0.000000   clock network delay (propagated)
                                  5.000000    5.000000 v input external delay
    36    0.175370    0.382074    0.284449    5.284449 v reset (in)
                                                         reset (net)
                      0.382097    0.000000    5.284449 v _119_/A (sky130_fd_sc_hd__inv_2)
     1    0.003659    0.081468    0.123525    5.407974 ^ _119_/Y (sky130_fd_sc_hd__inv_2)
                                                         _006_ (net)
                      0.081468    0.000000    5.407975 ^ _155_/RESET_B (sky130_fd_sc_hd__dfrtp_2)
                                              5.407975   data arrival time

                                  0.000000    0.000000   clock clk (rise edge)
                                  0.000000    0.000000   clock source latency
    36    0.088116    0.398928    0.275024    0.275024 ^ clk (in)
                                                         clk (net)
                      0.398928    0.000000    0.275024 ^ _155_/CLK (sky130_fd_sc_hd__dfrtp_2)
                                  0.250000    0.525024   clock uncertainty
                                  0.000000    0.525024   clock reconvergence pessimism
                                  0.427486    0.952510   library removal time
                                              0.952510   data required time
---------------------------------------------------------------------------------------------
                                              0.952510   data required time
                                             -5.407975   data arrival time
---------------------------------------------------------------------------------------------
                                              4.455465   slack (MET)


Startpoint: reset (input port clocked by clk)
Endpoint: _176_ (removal check against rising-edge clock clk)
Path Group: asynchronous
Path Type: min

Fanout         Cap        Slew       Delay        Time   Description
---------------------------------------------------------------------------------------------
                                  0.000000    0.000000   clock clk (rise edge)
                                  0.000000    0.000000   clock network delay (propagated)
                                  5.000000    5.000000 v input external delay
    36    0.175370    0.382074    0.283628    5.283628 v reset (in)
                                                         reset (net)
                      0.382084    0.000000    5.283628 v _140_/A (sky130_fd_sc_hd__inv_2)
     1    0.003433    0.079776    0.121050    5.404678 ^ _140_/Y (sky130_fd_sc_hd__inv_2)
                                                         _027_ (net)
                      0.079776    0.000000    5.404678 ^ _176_/SET_B (sky130_fd_sc_hd__dfstp_2)
                                              5.404678   data arrival time

                                  0.000000    0.000000   clock clk (rise edge)
                                  0.000000    0.000000   clock source latency
    36    0.088116    0.398928    0.275747    0.275747 ^ clk (in)
                                                         clk (net)
                      0.398931    0.000000    0.275747 ^ _176_/CLK (sky130_fd_sc_hd__dfstp_2)
                                  0.250000    0.525747   clock uncertainty
                                  0.000000    0.525747   clock reconvergence pessimism
                                  0.250318    0.776065   library removal time
                                              0.776065   data required time
---------------------------------------------------------------------------------------------
                                              0.776065   data required time
                                             -5.404678   data arrival time
---------------------------------------------------------------------------------------------
                                              4.628613   slack (MET)


Startpoint: _157_ (rising edge-triggered flip-flop clocked by clk)
Endpoint: seg1[2] (output port clocked by clk)
Path Group: clk
Path Type: min

Fanout         Cap        Slew       Delay        Time   Description
---------------------------------------------------------------------------------------------
                                  0.000000    0.000000   clock clk (rise edge)
                                  0.000000    0.000000   clock source latency
    36    0.088116    0.398928    0.275071    0.275071 ^ clk (in)
                                                         clk (net)
                      0.398928    0.000000    0.275071 ^ _157_/CLK (sky130_fd_sc_hd__dfrtp_2)
     2    0.005165    0.050120    0.443779    0.718851 ^ _157_/Q (sky130_fd_sc_hd__dfrtp_2)
                                                         mem1[2] (net)
                      0.050120    0.000000    0.718851 ^ _076_/B1 (sky130_fd_sc_hd__a31o_2)
     1    0.034548    0.196997    0.214605    0.933456 ^ _076_/X (sky130_fd_sc_hd__a31o_2)
                                                         seg1[2] (net)
                      0.196997    0.000161    0.933617 ^ seg1[2] (out)
                                              0.933617   data arrival time

                                  0.000000    0.000000   clock clk (rise edge)
                                  0.000000    0.000000   clock network delay (propagated)
                                  0.250000    0.250000   clock uncertainty
                                  0.000000    0.250000   clock reconvergence pessimism
                                 -5.000000   -4.750000   output external delay
                                             -4.750000   data required time
---------------------------------------------------------------------------------------------
                                             -4.750000   data required time
                                             -0.933617   data arrival time
---------------------------------------------------------------------------------------------
                                              5.683617   slack (MET)


Startpoint: _161_ (rising edge-triggered flip-flop clocked by clk)
Endpoint: seg2[0] (output port clocked by clk)
Path Group: clk
Path Type: min

Fanout         Cap        Slew       Delay        Time   Description
---------------------------------------------------------------------------------------------
                                  0.000000    0.000000   clock clk (rise edge)
                                  0.000000    0.000000   clock source latency
    36    0.088116    0.398928    0.275582    0.275582 ^ clk (in)
                                                         clk (net)
                      0.398930    0.000000    0.275582 ^ _161_/CLK (sky130_fd_sc_hd__dfrtp_2)
     2    0.005266    0.050549    0.444214    0.719796 ^ _161_/Q (sky130_fd_sc_hd__dfrtp_2)
                                                         mem2[0] (net)
                      0.050549    0.000003    0.719799 ^ _086_/B1 (sky130_fd_sc_hd__a31o_2)
     1    0.034513    0.196811    0.214630    0.934428 ^ _086_/X (sky130_fd_sc_hd__a31o_2)
                                                         seg2[0] (net)
                      0.196811    0.000165    0.934594 ^ seg2[0] (out)
                                              0.934594   data arrival time

                                  0.000000    0.000000   clock clk (rise edge)
                                  0.000000    0.000000   clock network delay (propagated)
                                  0.250000    0.250000   clock uncertainty
                                  0.000000    0.250000   clock reconvergence pessimism
                                 -5.000000   -4.750000   output external delay
                                             -4.750000   data required time
---------------------------------------------------------------------------------------------
                                             -4.750000   data required time
                                             -0.934594   data arrival time
---------------------------------------------------------------------------------------------
                                              5.684594   slack (MET)


Startpoint: _158_ (rising edge-triggered flip-flop clocked by clk)
Endpoint: seg1[3] (output port clocked by clk)
Path Group: clk
Path Type: min

Fanout         Cap        Slew       Delay        Time   Description
---------------------------------------------------------------------------------------------
                                  0.000000    0.000000   clock clk (rise edge)
                                  0.000000    0.000000   clock source latency
    36    0.088116    0.398928    0.275341    0.275341 ^ clk (in)
                                                         clk (net)
                      0.398929    0.000000    0.275341 ^ _158_/CLK (sky130_fd_sc_hd__dfrtp_2)
     2    0.005271    0.050569    0.444234    0.719575 ^ _158_/Q (sky130_fd_sc_hd__dfrtp_2)
                                                         mem1[3] (net)
                      0.050569    0.000003    0.719578 ^ _078_/B1 (sky130_fd_sc_hd__a31o_2)
     1    0.034610    0.197392    0.214991    0.934569 ^ _078_/X (sky130_fd_sc_hd__a31o_2)
                                                         seg1[3] (net)
                      0.197392    0.000175    0.934744 ^ seg1[3] (out)
                                              0.934744   data arrival time

                                  0.000000    0.000000   clock clk (rise edge)
                                  0.000000    0.000000   clock network delay (propagated)
                                  0.250000    0.250000   clock uncertainty
                                  0.000000    0.250000   clock reconvergence pessimism
                                 -5.000000   -4.750000   output external delay
                                             -4.750000   data required time
---------------------------------------------------------------------------------------------
                                             -4.750000   data required time
                                             -0.934744   data arrival time
---------------------------------------------------------------------------------------------
                                              5.684744   slack (MET)


Startpoint: _159_ (rising edge-triggered flip-flop clocked by clk)
Endpoint: seg1[4] (output port clocked by clk)
Path Group: clk
Path Type: min

Fanout         Cap        Slew       Delay        Time   Description
---------------------------------------------------------------------------------------------
                                  0.000000    0.000000   clock clk (rise edge)
                                  0.000000    0.000000   clock source latency
    36    0.088116    0.398928    0.275338    0.275338 ^ clk (in)
                                                         clk (net)
                      0.398929    0.000000    0.275338 ^ _159_/CLK (sky130_fd_sc_hd__dfrtp_2)
     2    0.005223    0.050366    0.444029    0.719367 ^ _159_/Q (sky130_fd_sc_hd__dfrtp_2)
                                                         mem1[4] (net)
                      0.050366    0.000002    0.719369 ^ _080_/B1 (sky130_fd_sc_hd__a31o_2)
     1    0.034689    0.197821    0.215210    0.934579 ^ _080_/X (sky130_fd_sc_hd__a31o_2)
                                                         seg1[4] (net)
                      0.197821    0.000178    0.934757 ^ seg1[4] (out)
                                              0.934757   data arrival time

                                  0.000000    0.000000   clock clk (rise edge)
                                  0.000000    0.000000   clock network delay (propagated)
                                  0.250000    0.250000   clock uncertainty
                                  0.000000    0.250000   clock reconvergence pessimism
                                 -5.000000   -4.750000   output external delay
                                             -4.750000   data required time
---------------------------------------------------------------------------------------------
                                             -4.750000   data required time
                                             -0.934757   data arrival time
---------------------------------------------------------------------------------------------
                                              5.684758   slack (MET)


Startpoint: _163_ (rising edge-triggered flip-flop clocked by clk)
Endpoint: seg2[2] (output port clocked by clk)
Path Group: clk
Path Type: min

Fanout         Cap        Slew       Delay        Time   Description
---------------------------------------------------------------------------------------------
                                  0.000000    0.000000   clock clk (rise edge)
                                  0.000000    0.000000   clock source latency
    36    0.088116    0.398928    0.275689    0.275689 ^ clk (in)
                                                         clk (net)
                      0.398931    0.000000    0.275689 ^ _163_/CLK (sky130_fd_sc_hd__dfrtp_2)
     2    0.005497    0.051531    0.445208    0.720897 ^ _163_/Q (sky130_fd_sc_hd__dfrtp_2)
                                                         mem2[2] (net)
                      0.051531    0.000008    0.720905 ^ _091_/B1 (sky130_fd_sc_hd__a31o_2)
     1    0.034437    0.196400    0.214718    0.935623 ^ _091_/X (sky130_fd_sc_hd__a31o_2)
                                                         seg2[2] (net)
                      0.196400    0.000147    0.935771 ^ seg2[2] (out)
                                              0.935771   data arrival time

                                  0.000000    0.000000   clock clk (rise edge)
                                  0.000000    0.000000   clock network delay (propagated)
                                  0.250000    0.250000   clock uncertainty
                                  0.000000    0.250000   clock reconvergence pessimism
                                 -5.000000   -4.750000   output external delay
                                             -4.750000   data required time
---------------------------------------------------------------------------------------------
                                             -4.750000   data required time
                                             -0.935771   data arrival time
---------------------------------------------------------------------------------------------
                                              5.685771   slack (MET)


Startpoint: _155_ (rising edge-triggered flip-flop clocked by clk)
Endpoint: seg1[0] (output port clocked by clk)
Path Group: clk
Path Type: min

Fanout         Cap        Slew       Delay        Time   Description
---------------------------------------------------------------------------------------------
                                  0.000000    0.000000   clock clk (rise edge)
                                  0.000000    0.000000   clock source latency
    36    0.088116    0.398928    0.275024    0.275024 ^ clk (in)
                                                         clk (net)
                      0.398928    0.000000    0.275024 ^ _155_/CLK (sky130_fd_sc_hd__dfrtp_2)
     2    0.005497    0.051533    0.445211    0.720235 ^ _155_/Q (sky130_fd_sc_hd__dfrtp_2)
                                                         mem1[0] (net)
                      0.051533    0.000008    0.720243 ^ _072_/B1 (sky130_fd_sc_hd__a31o_2)
     1    0.034637    0.197494    0.215454    0.935697 ^ _072_/X (sky130_fd_sc_hd__a31o_2)
                                                         seg1[0] (net)
                      0.197494    0.000171    0.935868 ^ seg1[0] (out)
                                              0.935868   data arrival time

                                  0.000000    0.000000   clock clk (rise edge)
                                  0.000000    0.000000   clock network delay (propagated)
                                  0.250000    0.250000   clock uncertainty
                                  0.000000    0.250000   clock reconvergence pessimism
                                 -5.000000   -4.750000   output external delay
                                             -4.750000   data required time
---------------------------------------------------------------------------------------------
                                             -4.750000   data required time
                                             -0.935868   data arrival time
---------------------------------------------------------------------------------------------
                                              5.685868   slack (MET)


Startpoint: _151_ (rising edge-triggered flip-flop clocked by clk)
Endpoint: seg0[2] (output port clocked by clk)
Path Group: clk
Path Type: min

Fanout         Cap        Slew       Delay        Time   Description
---------------------------------------------------------------------------------------------
                                  0.000000    0.000000   clock clk (rise edge)
                                  0.000000    0.000000   clock source latency
    36    0.088116    0.398928    0.275885    0.275885 ^ clk (in)
                                                         clk (net)
                      0.398932    0.000000    0.275885 ^ _151_/CLK (sky130_fd_sc_hd__dfrtp_2)
     2    0.005434    0.051263    0.444938    0.720823 ^ _151_/Q (sky130_fd_sc_hd__dfrtp_2)
                                                         mem0[2] (net)
                      0.051263    0.000006    0.720829 ^ _062_/B1 (sky130_fd_sc_hd__a31o_2)
     1    0.034594    0.197327    0.215126    0.935955 ^ _062_/X (sky130_fd_sc_hd__a31o_2)
                                                         seg0[2] (net)
                      0.197327    0.000267    0.936221 ^ seg0[2] (out)
                                              0.936221   data arrival time

                                  0.000000    0.000000   clock clk (rise edge)
                                  0.000000    0.000000   clock network delay (propagated)
                                  0.250000    0.250000   clock uncertainty
                                  0.000000    0.250000   clock reconvergence pessimism
                                 -5.000000   -4.750000   output external delay
                                             -4.750000   data required time
---------------------------------------------------------------------------------------------
                                             -4.750000   data required time
                                             -0.936221   data arrival time
---------------------------------------------------------------------------------------------
                                              5.686222   slack (MET)


Startpoint: _152_ (rising edge-triggered flip-flop clocked by clk)
Endpoint: seg0[3] (output port clocked by clk)
Path Group: clk
Path Type: min

Fanout         Cap        Slew       Delay        Time   Description
---------------------------------------------------------------------------------------------
                                  0.000000    0.000000   clock clk (rise edge)
                                  0.000000    0.000000   clock source latency
    36    0.088116    0.398928    0.275892    0.275892 ^ clk (in)
                                                         clk (net)
                      0.398932    0.000000    0.275892 ^ _152_/CLK (sky130_fd_sc_hd__dfrtp_2)
     2    0.005431    0.051252    0.444927    0.720819 ^ _152_/Q (sky130_fd_sc_hd__dfrtp_2)
                                                         mem0[3] (net)
                      0.051252    0.000006    0.720825 ^ _064_/B1 (sky130_fd_sc_hd__a31o_2)
     1    0.034608    0.197406    0.215174    0.935999 ^ _064_/X (sky130_fd_sc_hd__a31o_2)
                                                         seg0[3] (net)
                      0.197407    0.000270    0.936269 ^ seg0[3] (out)
                                              0.936269   data arrival time

                                  0.000000    0.000000   clock clk (rise edge)
                                  0.000000    0.000000   clock network delay (propagated)
                                  0.250000    0.250000   clock uncertainty
                                  0.000000    0.250000   clock reconvergence pessimism
                                 -5.000000   -4.750000   output external delay
                                             -4.750000   data required time
---------------------------------------------------------------------------------------------
                                             -4.750000   data required time
                                             -0.936269   data arrival time
---------------------------------------------------------------------------------------------
                                              5.686268   slack (MET)


Startpoint: _169_ (rising edge-triggered flip-flop clocked by clk)
Endpoint: seg3[2] (output port clocked by clk)
Path Group: clk
Path Type: min

Fanout         Cap        Slew       Delay        Time   Description
---------------------------------------------------------------------------------------------
                                  0.000000    0.000000   clock clk (rise edge)
                                  0.000000    0.000000   clock source latency
    36    0.088116    0.398928    0.275129    0.275129 ^ clk (in)
                                                         clk (net)
                      0.398928    0.000000    0.275129 ^ _169_/CLK (sky130_fd_sc_hd__dfrtp_2)
     2    0.005392    0.051085    0.444757    0.719885 ^ _169_/Q (sky130_fd_sc_hd__dfrtp_2)
                                                         mem3[2] (net)
                      0.051085    0.000007    0.719892 ^ _106_/B1 (sky130_fd_sc_hd__a31o_2)
     1    0.034870    0.198840    0.216055    0.935947 ^ _106_/X (sky130_fd_sc_hd__a31o_2)
                                                         seg3[2] (net)
                      0.198840    0.000327    0.936274 ^ seg3[2] (out)
                                              0.936274   data arrival time

                                  0.000000    0.000000   clock clk (rise edge)
                                  0.000000    0.000000   clock network delay (propagated)
                                  0.250000    0.250000   clock uncertainty
                                  0.000000    0.250000   clock reconvergence pessimism
                                 -5.000000   -4.750000   output external delay
                                             -4.750000   data required time
---------------------------------------------------------------------------------------------
                                             -4.750000   data required time
                                             -0.936274   data arrival time
---------------------------------------------------------------------------------------------
                                              5.686274   slack (MET)


Startpoint: _167_ (rising edge-triggered flip-flop clocked by clk)
Endpoint: seg3[0] (output port clocked by clk)
Path Group: clk
Path Type: min

Fanout         Cap        Slew       Delay        Time   Description
---------------------------------------------------------------------------------------------
                                  0.000000    0.000000   clock clk (rise edge)
                                  0.000000    0.000000   clock source latency
    36    0.088116    0.398928    0.275141    0.275141 ^ clk (in)
                                                         clk (net)
                      0.398928    0.000000    0.275141 ^ _167_/CLK (sky130_fd_sc_hd__dfrtp_2)
     2    0.005460    0.051375    0.445050    0.720191 ^ _167_/Q (sky130_fd_sc_hd__dfrtp_2)
                                                         mem3[0] (net)
                      0.051375    0.000004    0.720196 ^ _101_/B1 (sky130_fd_sc_hd__a31o_2)
     1    0.034817    0.198552    0.215967    0.936163 ^ _101_/X (sky130_fd_sc_hd__a31o_2)
                                                         seg3[0] (net)
                      0.198553    0.000320    0.936484 ^ seg3[0] (out)
                                              0.936484   data arrival time

                                  0.000000    0.000000   clock clk (rise edge)
                                  0.000000    0.000000   clock network delay (propagated)
                                  0.250000    0.250000   clock uncertainty
                                  0.000000    0.250000   clock reconvergence pessimism
                                 -5.000000   -4.750000   output external delay
                                             -4.750000   data required time
---------------------------------------------------------------------------------------------
                                             -4.750000   data required time
                                             -0.936484   data arrival time
---------------------------------------------------------------------------------------------
                                              5.686483   slack (MET)


Startpoint: _164_ (rising edge-triggered flip-flop clocked by clk)
Endpoint: seg2[3] (output port clocked by clk)
Path Group: clk
Path Type: min

Fanout         Cap        Slew       Delay        Time   Description
---------------------------------------------------------------------------------------------
                                  0.000000    0.000000   clock clk (rise edge)
                                  0.000000    0.000000   clock source latency
    36    0.088116    0.398928    0.275739    0.275739 ^ clk (in)
                                                         clk (net)
                      0.398931    0.000000    0.275739 ^ _164_/CLK (sky130_fd_sc_hd__dfrtp_2)
     2    0.005588    0.051919    0.445602    0.721341 ^ _164_/Q (sky130_fd_sc_hd__dfrtp_2)
                                                         mem2[3] (net)
                      0.051919    0.000011    0.721352 ^ _093_/B1 (sky130_fd_sc_hd__a31o_2)
     1    0.034485    0.196667    0.215036    0.936387 ^ _093_/X (sky130_fd_sc_hd__a31o_2)
                                                         seg2[3] (net)
                      0.196667    0.000157    0.936545 ^ seg2[3] (out)
                                              0.936545   data arrival time

                                  0.000000    0.000000   clock clk (rise edge)
                                  0.000000    0.000000   clock network delay (propagated)
                                  0.250000    0.250000   clock uncertainty
                                  0.000000    0.250000   clock reconvergence pessimism
                                 -5.000000   -4.750000   output external delay
                                             -4.750000   data required time
---------------------------------------------------------------------------------------------
                                             -4.750000   data required time
                                             -0.936545   data arrival time
---------------------------------------------------------------------------------------------
                                              5.686545   slack (MET)


Startpoint: _165_ (rising edge-triggered flip-flop clocked by clk)
Endpoint: seg2[4] (output port clocked by clk)
Path Group: clk
Path Type: min

Fanout         Cap        Slew       Delay        Time   Description
---------------------------------------------------------------------------------------------
                                  0.000000    0.000000   clock clk (rise edge)
                                  0.000000    0.000000   clock source latency
    36    0.088116    0.398928    0.275806    0.275806 ^ clk (in)
                                                         clk (net)
                      0.398932    0.000000    0.275806 ^ _165_/CLK (sky130_fd_sc_hd__dfrtp_2)
     2    0.005589    0.051923    0.445606    0.721411 ^ _165_/Q (sky130_fd_sc_hd__dfrtp_2)
                                                         mem2[4] (net)
                      0.051923    0.000005    0.721417 ^ _095_/B1 (sky130_fd_sc_hd__a31o_2)
     1    0.034519    0.196921    0.215101    0.936517 ^ _095_/X (sky130_fd_sc_hd__a31o_2)
                                                         seg2[4] (net)
                      0.196921    0.000249    0.936767 ^ seg2[4] (out)
                                              0.936767   data arrival time

                                  0.000000    0.000000   clock clk (rise edge)
                                  0.000000    0.000000   clock network delay (propagated)
                                  0.250000    0.250000   clock uncertainty
                                  0.000000    0.250000   clock reconvergence pessimism
                                 -5.000000   -4.750000   output external delay
                                             -4.750000   data required time
---------------------------------------------------------------------------------------------
                                             -4.750000   data required time
                                             -0.936767   data arrival time
---------------------------------------------------------------------------------------------
                                              5.686767   slack (MET)


Startpoint: _156_ (rising edge-triggered flip-flop clocked by clk)
Endpoint: seg1[1] (output port clocked by clk)
Path Group: clk
Path Type: min

Fanout         Cap        Slew       Delay        Time   Description
---------------------------------------------------------------------------------------------
                                  0.000000    0.000000   clock clk (rise edge)
                                  0.000000    0.000000   clock source latency
    36    0.088116    0.398928    0.275065    0.275065 ^ clk (in)
                                                         clk (net)
                      0.398928    0.000000    0.275065 ^ _156_/CLK (sky130_fd_sc_hd__dfrtp_2)
     2    0.005492    0.051512    0.445189    0.720254 ^ _156_/Q (sky130_fd_sc_hd__dfrtp_2)
                                                         mem1[1] (net)
                      0.051512    0.000003    0.720256 ^ _074_/B1 (sky130_fd_sc_hd__a31o_2)
     1    0.034909    0.199053    0.216347    0.936603 ^ _074_/X (sky130_fd_sc_hd__a31o_2)
                                                         seg1[1] (net)
                      0.199054    0.000340    0.936943 ^ seg1[1] (out)
                                              0.936943   data arrival time

                                  0.000000    0.000000   clock clk (rise edge)
                                  0.000000    0.000000   clock network delay (propagated)
                                  0.250000    0.250000   clock uncertainty
                                  0.000000    0.250000   clock reconvergence pessimism
                                 -5.000000   -4.750000   output external delay
                                             -4.750000   data required time
---------------------------------------------------------------------------------------------
                                             -4.750000   data required time
                                             -0.936943   data arrival time
---------------------------------------------------------------------------------------------
                                              5.686943   slack (MET)


Startpoint: _166_ (rising edge-triggered flip-flop clocked by clk)
Endpoint: seg2[5] (output port clocked by clk)
Path Group: clk
Path Type: min

Fanout         Cap        Slew       Delay        Time   Description
---------------------------------------------------------------------------------------------
                                  0.000000    0.000000   clock clk (rise edge)
                                  0.000000    0.000000   clock source latency
    36    0.088116    0.398928    0.275833    0.275833 ^ clk (in)
                                                         clk (net)
                      0.398932    0.000000    0.275833 ^ _166_/CLK (sky130_fd_sc_hd__dfrtp_2)
     2    0.005623    0.052069    0.445753    0.721586 ^ _166_/Q (sky130_fd_sc_hd__dfrtp_2)
                                                         mem2[5] (net)
                      0.052069    0.000005    0.721591 ^ _097_/B1 (sky130_fd_sc_hd__a31o_2)
     1    0.034521    0.196933    0.215162    0.936753 ^ _097_/X (sky130_fd_sc_hd__a31o_2)
                                                         seg2[5] (net)
                      0.196933    0.000250    0.937003 ^ seg2[5] (out)
                                              0.937003   data arrival time

                                  0.000000    0.000000   clock clk (rise edge)
                                  0.000000    0.000000   clock network delay (propagated)
                                  0.250000    0.250000   clock uncertainty
                                  0.000000    0.250000   clock reconvergence pessimism
                                 -5.000000   -4.750000   output external delay
                                             -4.750000   data required time
---------------------------------------------------------------------------------------------
                                             -4.750000   data required time
                                             -0.937003   data arrival time
---------------------------------------------------------------------------------------------
                                              5.687003   slack (MET)


Startpoint: _168_ (rising edge-triggered flip-flop clocked by clk)
Endpoint: seg3[1] (output port clocked by clk)
Path Group: clk
Path Type: min

Fanout         Cap        Slew       Delay        Time   Description
---------------------------------------------------------------------------------------------
                                  0.000000    0.000000   clock clk (rise edge)
                                  0.000000    0.000000   clock source latency
    36    0.088116    0.398928    0.275145    0.275145 ^ clk (in)
                                                         clk (net)
                      0.398928    0.000000    0.275145 ^ _168_/CLK (sky130_fd_sc_hd__dfrtp_2)
     2    0.005561    0.051804    0.445484    0.720629 ^ _168_/Q (sky130_fd_sc_hd__dfrtp_2)
                                                         mem3[1] (net)
                      0.051804    0.000007    0.720636 ^ _104_/B1 (sky130_fd_sc_hd__a31o_2)
     1    0.034898    0.198999    0.216420    0.937057 ^ _104_/X (sky130_fd_sc_hd__a31o_2)
                                                         seg3[1] (net)
                      0.199000    0.000334    0.937391 ^ seg3[1] (out)
                                              0.937391   data arrival time

                                  0.000000    0.000000   clock clk (rise edge)
                                  0.000000    0.000000   clock network delay (propagated)
                                  0.250000    0.250000   clock uncertainty
                                  0.000000    0.250000   clock reconvergence pessimism
                                 -5.000000   -4.750000   output external delay
                                             -4.750000   data required time
---------------------------------------------------------------------------------------------
                                             -4.750000   data required time
                                             -0.937391   data arrival time
---------------------------------------------------------------------------------------------
                                              5.687391   slack (MET)


Startpoint: _162_ (rising edge-triggered flip-flop clocked by clk)
Endpoint: seg2[1] (output port clocked by clk)
Path Group: clk
Path Type: min

Fanout         Cap        Slew       Delay        Time   Description
---------------------------------------------------------------------------------------------
                                  0.000000    0.000000   clock clk (rise edge)
                                  0.000000    0.000000   clock source latency
    36    0.088116    0.398928    0.275674    0.275674 ^ clk (in)
                                                         clk (net)
                      0.398931    0.000000    0.275674 ^ _162_/CLK (sky130_fd_sc_hd__dfrtp_2)
     2    0.005556    0.051783    0.445464    0.721138 ^ _162_/Q (sky130_fd_sc_hd__dfrtp_2)
                                                         mem2[1] (net)
                      0.051783    0.000010    0.721148 ^ _089_/B1 (sky130_fd_sc_hd__a31o_2)
     1    0.034822    0.198560    0.216220    0.937367 ^ _089_/X (sky130_fd_sc_hd__a31o_2)
                                                         seg2[1] (net)
                      0.198560    0.000197    0.937564 ^ seg2[1] (out)
                                              0.937564   data arrival time

                                  0.000000    0.000000   clock clk (rise edge)
                                  0.000000    0.000000   clock network delay (propagated)
                                  0.250000    0.250000   clock uncertainty
                                  0.000000    0.250000   clock reconvergence pessimism
                                 -5.000000   -4.750000   output external delay
                                             -4.750000   data required time
---------------------------------------------------------------------------------------------
                                             -4.750000   data required time
                                             -0.937564   data arrival time
---------------------------------------------------------------------------------------------
                                              5.687564   slack (MET)


Startpoint: _170_ (rising edge-triggered flip-flop clocked by clk)
Endpoint: seg3[3] (output port clocked by clk)
Path Group: clk
Path Type: min

Fanout         Cap        Slew       Delay        Time   Description
---------------------------------------------------------------------------------------------
                                  0.000000    0.000000   clock clk (rise edge)
                                  0.000000    0.000000   clock source latency
    36    0.088116    0.398928    0.275523    0.275523 ^ clk (in)
                                                         clk (net)
                      0.398930    0.000000    0.275523 ^ _170_/CLK (sky130_fd_sc_hd__dfrtp_2)
     2    0.005509    0.051582    0.445260    0.720784 ^ _170_/Q (sky130_fd_sc_hd__dfrtp_2)
                                                         mem3[3] (net)
                      0.051582    0.000004    0.720788 ^ _108_/B1 (sky130_fd_sc_hd__a31o_2)
     1    0.034953    0.199275    0.216620    0.937407 ^ _108_/X (sky130_fd_sc_hd__a31o_2)
                                                         seg3[3] (net)
                      0.199276    0.000221    0.937628 ^ seg3[3] (out)
                                              0.937628   data arrival time

                                  0.000000    0.000000   clock clk (rise edge)
                                  0.000000    0.000000   clock network delay (propagated)
                                  0.250000    0.250000   clock uncertainty
                                  0.000000    0.250000   clock reconvergence pessimism
                                 -5.000000   -4.750000   output external delay
                                             -4.750000   data required time
---------------------------------------------------------------------------------------------
                                             -4.750000   data required time
                                             -0.937628   data arrival time
---------------------------------------------------------------------------------------------
                                              5.687628   slack (MET)


Startpoint: _172_ (rising edge-triggered flip-flop clocked by clk)
Endpoint: seg3[5] (output port clocked by clk)
Path Group: clk
Path Type: min

Fanout         Cap        Slew       Delay        Time   Description
---------------------------------------------------------------------------------------------
                                  0.000000    0.000000   clock clk (rise edge)
                                  0.000000    0.000000   clock source latency
    36    0.088116    0.398928    0.275533    0.275533 ^ clk (in)
                                                         clk (net)
                      0.398930    0.000000    0.275533 ^ _172_/CLK (sky130_fd_sc_hd__dfrtp_2)
     2    0.005691    0.052357    0.446045    0.721578 ^ _172_/Q (sky130_fd_sc_hd__dfrtp_2)
                                                         mem3[5] (net)
                      0.052357    0.000011    0.721589 ^ _112_/B1 (sky130_fd_sc_hd__a31o_2)
     1    0.034720    0.197955    0.216059    0.937648 ^ _112_/X (sky130_fd_sc_hd__a31o_2)
                                                         seg3[5] (net)
                      0.197955    0.000186    0.937834 ^ seg3[5] (out)
                                              0.937834   data arrival time

                                  0.000000    0.000000   clock clk (rise edge)
                                  0.000000    0.000000   clock network delay (propagated)
                                  0.250000    0.250000   clock uncertainty
                                  0.000000    0.250000   clock reconvergence pessimism
                                 -5.000000   -4.750000   output external delay
                                             -4.750000   data required time
---------------------------------------------------------------------------------------------
                                             -4.750000   data required time
                                             -0.937834   data arrival time
---------------------------------------------------------------------------------------------
                                              5.687834   slack (MET)


Startpoint: _171_ (rising edge-triggered flip-flop clocked by clk)
Endpoint: seg3[4] (output port clocked by clk)
Path Group: clk
Path Type: min

Fanout         Cap        Slew       Delay        Time   Description
---------------------------------------------------------------------------------------------
                                  0.000000    0.000000   clock clk (rise edge)
                                  0.000000    0.000000   clock source latency
    36    0.088116    0.398928    0.275537    0.275537 ^ clk (in)
                                                         clk (net)
                      0.398930    0.000000    0.275537 ^ _171_/CLK (sky130_fd_sc_hd__dfrtp_2)
     2    0.005717    0.052469    0.446158    0.721695 ^ _171_/Q (sky130_fd_sc_hd__dfrtp_2)
                                                         mem3[4] (net)
                      0.052469    0.000010    0.721706 ^ _110_/B1 (sky130_fd_sc_hd__a31o_2)
     1    0.034734    0.198032    0.216151    0.937856 ^ _110_/X (sky130_fd_sc_hd__a31o_2)
                                                         seg3[4] (net)
                      0.198032    0.000189    0.938045 ^ seg3[4] (out)
                                              0.938045   data arrival time

                                  0.000000    0.000000   clock clk (rise edge)
                                  0.000000    0.000000   clock network delay (propagated)
                                  0.250000    0.250000   clock uncertainty
                                  0.000000    0.250000   clock reconvergence pessimism
                                 -5.000000   -4.750000   output external delay
                                             -4.750000   data required time
---------------------------------------------------------------------------------------------
                                             -4.750000   data required time
                                             -0.938045   data arrival time
---------------------------------------------------------------------------------------------
                                              5.688046   slack (MET)


Startpoint: _153_ (rising edge-triggered flip-flop clocked by clk)
Endpoint: seg0[4] (output port clocked by clk)
Path Group: clk
Path Type: min

Fanout         Cap        Slew       Delay        Time   Description
---------------------------------------------------------------------------------------------
                                  0.000000    0.000000   clock clk (rise edge)
                                  0.000000    0.000000   clock source latency
    36    0.088116    0.398928    0.275905    0.275905 ^ clk (in)
                                                         clk (net)
                      0.398932    0.000000    0.275905 ^ _153_/CLK (sky130_fd_sc_hd__dfrtp_2)
     2    0.005642    0.052147    0.445832    0.721738 ^ _153_/Q (sky130_fd_sc_hd__dfrtp_2)
                                                         mem0[4] (net)
                      0.052147    0.000011    0.721749 ^ _066_/B1 (sky130_fd_sc_hd__a31o_2)
     1    0.034811    0.198523    0.216244    0.937993 ^ _066_/X (sky130_fd_sc_hd__a31o_2)
                                                         seg0[4] (net)
                      0.198524    0.000302    0.938294 ^ seg0[4] (out)
                                              0.938294   data arrival time

                                  0.000000    0.000000   clock clk (rise edge)
                                  0.000000    0.000000   clock network delay (propagated)
                                  0.250000    0.250000   clock uncertainty
                                  0.000000    0.250000   clock reconvergence pessimism
                                 -5.000000   -4.750000   output external delay
                                             -4.750000   data required time
---------------------------------------------------------------------------------------------
                                             -4.750000   data required time
                                             -0.938294   data arrival time
---------------------------------------------------------------------------------------------
                                              5.688294   slack (MET)


Startpoint: _154_ (rising edge-triggered flip-flop clocked by clk)
Endpoint: seg0[5] (output port clocked by clk)
Path Group: clk
Path Type: min

Fanout         Cap        Slew       Delay        Time   Description
---------------------------------------------------------------------------------------------
                                  0.000000    0.000000   clock clk (rise edge)
                                  0.000000    0.000000   clock source latency
    36    0.088116    0.398928    0.275908    0.275908 ^ clk (in)
                                                         clk (net)
                      0.398932    0.000000    0.275908 ^ _154_/CLK (sky130_fd_sc_hd__dfrtp_2)
     2    0.005800    0.052821    0.446515    0.722423 ^ _154_/Q (sky130_fd_sc_hd__dfrtp_2)
                                                         mem0[5] (net)
                      0.052821    0.000014    0.722436 ^ _068_/B1 (sky130_fd_sc_hd__a31o_2)
     1    0.034574    0.197228    0.215633    0.938069 ^ _068_/X (sky130_fd_sc_hd__a31o_2)
                                                         seg0[5] (net)
                      0.197229    0.000257    0.938326 ^ seg0[5] (out)
                                              0.938326   data arrival time

                                  0.000000    0.000000   clock clk (rise edge)
                                  0.000000    0.000000   clock network delay (propagated)
                                  0.250000    0.250000   clock uncertainty
                                  0.000000    0.250000   clock reconvergence pessimism
                                 -5.000000   -4.750000   output external delay
                                             -4.750000   data required time
---------------------------------------------------------------------------------------------
                                             -4.750000   data required time
                                             -0.938326   data arrival time
---------------------------------------------------------------------------------------------
                                              5.688326   slack (MET)


Startpoint: _150_ (rising edge-triggered flip-flop clocked by clk)
Endpoint: seg0[1] (output port clocked by clk)
Path Group: clk
Path Type: min

Fanout         Cap        Slew       Delay        Time   Description
---------------------------------------------------------------------------------------------
                                  0.000000    0.000000   clock clk (rise edge)
                                  0.000000    0.000000   clock source latency
    36    0.088116    0.398928    0.275819    0.275819 ^ clk (in)
                                                         clk (net)
                      0.398932    0.000000    0.275819 ^ _150_/CLK (sky130_fd_sc_hd__dfrtp_2)
     2    0.005689    0.052350    0.446038    0.721857 ^ _150_/Q (sky130_fd_sc_hd__dfrtp_2)
                                                         mem0[1] (net)
                      0.052350    0.000011    0.721869 ^ _060_/B1 (sky130_fd_sc_hd__a31o_2)
     1    0.034831    0.198614    0.216460    0.938329 ^ _060_/X (sky130_fd_sc_hd__a31o_2)
                                                         seg0[1] (net)
                      0.198615    0.000202    0.938530 ^ seg0[1] (out)
                                              0.938530   data arrival time

                                  0.000000    0.000000   clock clk (rise edge)
                                  0.000000    0.000000   clock network delay (propagated)
                                  0.250000    0.250000   clock uncertainty
                                  0.000000    0.250000   clock reconvergence pessimism
                                 -5.000000   -4.750000   output external delay
                                             -4.750000   data required time
---------------------------------------------------------------------------------------------
                                             -4.750000   data required time
                                             -0.938530   data arrival time
---------------------------------------------------------------------------------------------
                                              5.688530   slack (MET)


Startpoint: _149_ (rising edge-triggered flip-flop clocked by clk)
Endpoint: seg0[0] (output port clocked by clk)
Path Group: clk
Path Type: min

Fanout         Cap        Slew       Delay        Time   Description
---------------------------------------------------------------------------------------------
                                  0.000000    0.000000   clock clk (rise edge)
                                  0.000000    0.000000   clock source latency
    36    0.088116    0.398928    0.275819    0.275819 ^ clk (in)
                                                         clk (net)
                      0.398932    0.000000    0.275819 ^ _149_/CLK (sky130_fd_sc_hd__dfrtp_2)
     2    0.005678    0.052301    0.445988    0.721808 ^ _149_/Q (sky130_fd_sc_hd__dfrtp_2)
                                                         mem0[0] (net)
                      0.052301    0.000010    0.721817 ^ _058_/B1 (sky130_fd_sc_hd__a31o_2)
     1    0.034886    0.198917    0.216642    0.938459 ^ _058_/X (sky130_fd_sc_hd__a31o_2)
                                                         seg0[0] (net)
                      0.198917    0.000212    0.938671 ^ seg0[0] (out)
                                              0.938671   data arrival time

                                  0.000000    0.000000   clock clk (rise edge)
                                  0.000000    0.000000   clock network delay (propagated)
                                  0.250000    0.250000   clock uncertainty
                                  0.000000    0.250000   clock reconvergence pessimism
                                 -5.000000   -4.750000   output external delay
                                             -4.750000   data required time
---------------------------------------------------------------------------------------------
                                             -4.750000   data required time
                                             -0.938671   data arrival time
---------------------------------------------------------------------------------------------
                                              5.688672   slack (MET)


Startpoint: _160_ (rising edge-triggered flip-flop clocked by clk)
Endpoint: seg1[5] (output port clocked by clk)
Path Group: clk
Path Type: min

Fanout         Cap        Slew       Delay        Time   Description
---------------------------------------------------------------------------------------------
                                  0.000000    0.000000   clock clk (rise edge)
                                  0.000000    0.000000   clock source latency
    36    0.088116    0.398928    0.275413    0.275413 ^ clk (in)
                                                         clk (net)
                      0.398929    0.000000    0.275413 ^ _160_/CLK (sky130_fd_sc_hd__dfrtp_2)
     2    0.005389    0.051073    0.444745    0.720159 ^ _160_/Q (sky130_fd_sc_hd__dfrtp_2)
                                                         mem1[5] (net)
                      0.051073    0.000005    0.720164 ^ _082_/B1 (sky130_fd_sc_hd__a31o_2)
     1    0.035448    0.201979    0.218236    0.938401 ^ _082_/X (sky130_fd_sc_hd__a31o_2)
                                                         seg1[5] (net)
                      0.201979    0.000295    0.938695 ^ seg1[5] (out)
                                              0.938695   data arrival time

                                  0.000000    0.000000   clock clk (rise edge)
                                  0.000000    0.000000   clock network delay (propagated)
                                  0.250000    0.250000   clock uncertainty
                                  0.000000    0.250000   clock reconvergence pessimism
                                 -5.000000   -4.750000   output external delay
                                             -4.750000   data required time
---------------------------------------------------------------------------------------------
                                             -4.750000   data required time
                                             -0.938695   data arrival time
---------------------------------------------------------------------------------------------
                                              5.688695   slack (MET)



